STRUCTURE,STRUCTURE_ID,STRUCTURE_NAME,ACTION,UNIT_MEASURE,Unit of measure,MEASURE,Measure,FREQ,Frequency,QUANTILE,Quantile,ACTIVITY,Economic activity (NACE Rev.2),SEX,Sex,ISCO08,Occupation (ISCO-08),EDUC_LEVEL,Educational level,RESIDENCE,Place of residence,CPAYAGR,Collective labour agreement,TIME_PERIOD,Time period,OBS_VALUE,Observation value,UNIT_MULT,Unit multiplier,OBS_STATUS,Observation status,DECIMALS,Decimals,COMMENT_DSET,Comments on the dataset levels
DATAFLOW,LU1:DSD_ESS_2@DF_C1335(1.1),Employment: percentage by economic activity and education level,I,PC_EMP_EDUC_LEVEL,Percentage of of total employment by education level,SAL_INT,Domestic payroll employment,A4,Quadrennial,_Z,Not applicable,D,"Electricity, gas, steam and air conditionning supply",_Z,Not applicable,_Z,Not applicable,ED5-8,Tertiary education (levels 5-8),_Z,Not applicable,_Z,Not applicable,2010,,0.4,,0,Units,,,1,One,N05,"<b>Coverage:</b><p>Branches B-S;</p><p>Companies with 10 or more employees,</p><p><b>Note:</b></p><p>Public administration: covers only central government administration (CGPO)</p>"
DATAFLOW,LU1:DSD_ESS_2@DF_C1335(1.1),Employment: percentage by economic activity and education level,I,PC_EMP_EDUC_LEVEL,Percentage of of total employment by education level,SAL_INT,Domestic payroll employment,A4,Quadrennial,_Z,Not applicable,D,"Electricity, gas, steam and air conditionning supply",_Z,Not applicable,_Z,Not applicable,ED5-8,Tertiary education (levels 5-8),_Z,Not applicable,_Z,Not applicable,2014,,0.2,,0,Units,,,1,One,N05,"<b>Coverage:</b><p>Branches B-S;</p><p>Companies with 10 or more employees,</p><p><b>Note:</b></p><p>Public administration: covers only central government administration (CGPO)</p>"
DATAFLOW,LU1:DSD_ESS_2@DF_C1335(1.1),Employment: percentage by economic activity and education level,I,PC_EMP_EDUC_LEVEL,Percentage of of total employment by education level,SAL_INT,Domestic payroll employment,A4,Quadrennial,_Z,Not applicable,D,"Electricity, gas, steam and air conditionning supply",_Z,Not applicable,_Z,Not applicable,ED5-8,Tertiary education (levels 5-8),_Z,Not applicable,_Z,Not applicable,2018,,0.3,,0,Units,,,1,One,N05,"<b>Coverage:</b><p>Branches B-S;</p><p>Companies with 10 or more employees,</p><p><b>Note:</b></p><p>Public administration: covers only central government administration (CGPO)</p>"
DATAFLOW,LU1:DSD_ESS_2@DF_C1335(1.1),Employment: percentage by economic activity and education level,I,PC_EMP_EDUC_LEVEL,Percentage of of total employment by education level,SAL_INT,Domestic payroll employment,A4,Quadrennial,_Z,Not applicable,D,"Electricity, gas, steam and air conditionning supply",_Z,Not applicable,_Z,Not applicable,ED5-8,Tertiary education (levels 5-8),_Z,Not applicable,_Z,Not applicable,2022,,0.5,,0,Units,,,1,One,N05,"<b>Coverage:</b><p>Branches B-S;</p><p>Companies with 10 or more employees,</p><p><b>Note:</b></p><p>Public administration: covers only central government administration (CGPO)</p>"
DATAFLOW,LU1:DSD_ESS_2@DF_C1335(1.1),Employment: percentage by economic activity and education level,I,PC_EMP_EDUC_LEVEL,Percentage of of total employment by education level,SAL_INT,Domestic payroll employment,A4,Quadrennial,_Z,Not applicable,Q,Human health and social work activities,_Z,Not applicable,_Z,Not applicable,ED0-2,"Less than primary, primary and lower secondary education (levels 0-2)",_Z,Not applicable,_Z,Not applicable,2010,,9,,0,Units,,,1,One,N05,"<b>Coverage:</b><p>Branches B-S;</p><p>Companies with 10 or more employees,</p><p><b>Note:</b></p><p>Public administration: covers only central government administration (CGPO)</p>"
DATAFLOW,LU1:DSD_ESS_2@DF_C1335(1.1),Employment: percentage by economic activity and education level,I,PC_EMP_EDUC_LEVEL,Percentage of of total employment by education level,SAL_INT,Domestic payroll employment,A4,Quadrennial,_Z,Not applicable,Q,Human health and social work activities,_Z,Not applicable,_Z,Not applicable,ED0-2,"Less than primary, primary and lower secondary education (levels 0-2)",_Z,Not applicable,_Z,Not applicable,2014,,9.7,,0,Units,,,1,One,N05,"<b>Coverage:</b><p>Branches B-S;</p><p>Companies with 10 or more employees,</p><p><b>Note:</b></p><p>Public administration: covers only central government administration (CGPO)</p>"
DATAFLOW,LU1:DSD_ESS_2@DF_C1335(1.1),Employment: percentage by economic activity and education level,I,PC_EMP_EDUC_LEVEL,Percentage of of total employment by education level,SAL_INT,Domestic payroll employment,A4,Quadrennial,_Z,Not applicable,Q,Human health and social work activities,_Z,Not applicable,_Z,Not applicable,ED0-2,"Less than primary, primary and lower secondary education (levels 0-2)",_Z,Not applicable,_Z,Not applicable,2018,,9.8,,0,Units,,,1,One,N05,"<b>Coverage:</b><p>Branches B-S;</p><p>Companies with 10 or more employees,</p><p><b>Note:</b></p><p>Public administration: covers only central government administration (CGPO)</p>"
DATAFLOW,LU1:DSD_ESS_2@DF_C1335(1.1),Employment: percentage by economic activity and education level,I,PC_EMP_EDUC_LEVEL,Percentage of of total employment by education level,SAL_INT,Domestic payroll employment,A4,Quadrennial,_Z,Not applicable,Q,Human health and social work activities,_Z,Not applicable,_Z,Not applicable,ED0-2,"Less than primary, primary and lower secondary education (levels 0-2)",_Z,Not applicable,_Z,Not applicable,2022,,10.4,,0,Units,,,1,One,N05,"<b>Coverage:</b><p>Branches B-S;</p><p>Companies with 10 or more employees,</p><p><b>Note:</b></p><p>Public administration: covers only central government administration (CGPO)</p>"
DATAFLOW,LU1:DSD_ESS_2@DF_C1335(1.1),Employment: percentage by economic activity and education level,I,PC_EMP_EDUC_LEVEL,Percentage of of total employment by education level,SAL_INT,Domestic payroll employment,A4,Quadrennial,_Z,Not applicable,K,Financial and insurance activities,_Z,Not applicable,_Z,Not applicable,_T,All ISCED 2011 levels,_Z,Not applicable,_Z,Not applicable,2010,,13.9,,0,Units,,,1,One,N05,"<b>Coverage:</b><p>Branches B-S;</p><p>Companies with 10 or more employees,</p><p><b>Note:</b></p><p>Public administration: covers only central government administration (CGPO)</p>"
DATAFLOW,LU1:DSD_ESS_2@DF_C1335(1.1),Employment: percentage by economic activity and education level,I,PC_EMP_EDUC_LEVEL,Percentage of of total employment by education level,SAL_INT,Domestic payroll employment,A4,Quadrennial,_Z,Not applicable,K,Financial and insurance activities,_Z,Not applicable,_Z,Not applicable,_T,All ISCED 2011 levels,_Z,Not applicable,_Z,Not applicable,2014,,12.1,,0,Units,,,1,One,N05,"<b>Coverage:</b><p>Branches B-S;</p><p>Companies with 10 or more employees,</p><p><b>Note:</b></p><p>Public administration: covers only central government administration (CGPO)</p>"
DATAFLOW,LU1:DSD_ESS_2@DF_C1335(1.1),Employment: percentage by economic activity and education level,I,PC_EMP_EDUC_LEVEL,Percentage of of total employment by education level,SAL_INT,Domestic payroll employment,A4,Quadrennial,_Z,Not applicable,K,Financial and insurance activities,_Z,Not applicable,_Z,Not applicable,_T,All ISCED 2011 levels,_Z,Not applicable,_Z,Not applicable,2018,,12.3,,0,Units,,,1,One,N05,"<b>Coverage:</b><p>Branches B-S;</p><p>Companies with 10 or more employees,</p><p><b>Note:</b></p><p>Public administration: covers only central government administration (CGPO)</p>"
DATAFLOW,LU1:DSD_ESS_2@DF_C1335(1.1),Employment: percentage by economic activity and education level,I,PC_EMP_EDUC_LEVEL,Percentage of of total employment by education level,SAL_INT,Domestic payroll employment,A4,Quadrennial,_Z,Not applicable,K,Financial and insurance activities,_Z,Not applicable,_Z,Not applicable,_T,All ISCED 2011 levels,_Z,Not applicable,_Z,Not applicable,2022,,11.5,,0,Units,,,1,One,N05,"<b>Coverage:</b><p>Branches B-S;</p><p>Companies with 10 or more employees,</p><p><b>Note:</b></p><p>Public administration: covers only central government administration (CGPO)</p>"
DATAFLOW,LU1:DSD_ESS_2@DF_C1335(1.1),Employment: percentage by economic activity and education level,I,PC_EMP_EDUC_LEVEL,Percentage of of total employment by education level,SAL_INT,Domestic payroll employment,A4,Quadrennial,_Z,Not applicable,B,Mining and quarrying,_Z,Not applicable,_Z,Not applicable,ED0-2,"Less than primary, primary and lower secondary education (levels 0-2)",_Z,Not applicable,_Z,Not applicable,2010,,0.3,,0,Units,,,1,One,N05,"<b>Coverage:</b><p>Branches B-S;</p><p>Companies with 10 or more employees,</p><p><b>Note:</b></p><p>Public administration: covers only central government administration (CGPO)</p>"
DATAFLOW,LU1:DSD_ESS_2@DF_C1335(1.1),Employment: percentage by economic activity and education level,I,PC_EMP_EDUC_LEVEL,Percentage of of total employment by education level,SAL_INT,Domestic payroll employment,A4,Quadrennial,_Z,Not applicable,B,Mining and quarrying,_Z,Not applicable,_Z,Not applicable,ED0-2,"Less than primary, primary and lower secondary education (levels 0-2)",_Z,Not applicable,_Z,Not applicable,2014,,0.1,,0,Units,,,1,One,N05,"<b>Coverage:</b><p>Branches B-S;</p><p>Companies with 10 or more employees,</p><p><b>Note:</b></p><p>Public administration: covers only central government administration (CGPO)</p>"
DATAFLOW,LU1:DSD_ESS_2@DF_C1335(1.1),Employment: percentage by economic activity and education level,I,PC_EMP_EDUC_LEVEL,Percentage of of total employment by education level,SAL_INT,Domestic payroll employment,A4,Quadrennial,_Z,Not applicable,B,Mining and quarrying,_Z,Not applicable,_Z,Not applicable,ED0-2,"Less than primary, primary and lower secondary education (levels 0-2)",_Z,Not applicable,_Z,Not applicable,2018,,0.1,,0,Units,,,1,One,N05,"<b>Coverage:</b><p>Branches B-S;</p><p>Companies with 10 or more employees,</p><p><b>Note:</b></p><p>Public administration: covers only central government administration (CGPO)</p>"
DATAFLOW,LU1:DSD_ESS_2@DF_C1335(1.1),Employment: percentage by economic activity and education level,I,PC_EMP_EDUC_LEVEL,Percentage of of total employment by education level,SAL_INT,Domestic payroll employment,A4,Quadrennial,_Z,Not applicable,B,Mining and quarrying,_Z,Not applicable,_Z,Not applicable,ED0-2,"Less than primary, primary and lower secondary education (levels 0-2)",_Z,Not applicable,_Z,Not applicable,2022,,0.2,,0,Units,,,1,One,N05,"<b>Coverage:</b><p>Branches B-S;</p><p>Companies with 10 or more employees,</p><p><b>Note:</b></p><p>Public administration: covers only central government administration (CGPO)</p>"
DATAFLOW,LU1:DSD_ESS_2@DF_C1335(1.1),Employment: percentage by economic activity and education level,I,PC_EMP_EDUC_LEVEL,Percentage of of total employment by education level,SAL_INT,Domestic payroll employment,A4,Quadrennial,_Z,Not applicable,R,"Arts, entertainment, and recreational activities",_Z,Not applicable,_Z,Not applicable,ED5-8,Tertiary education (levels 5-8),_Z,Not applicable,_Z,Not applicable,2010,,0.5,,0,Units,,,1,One,N05,"<b>Coverage:</b><p>Branches B-S;</p><p>Companies with 10 or more employees,</p><p><b>Note:</b></p><p>Public administration: covers only central government administration (CGPO)</p>"
DATAFLOW,LU1:DSD_ESS_2@DF_C1335(1.1),Employment: percentage by economic activity and education level,I,PC_EMP_EDUC_LEVEL,Percentage of of total employment by education level,SAL_INT,Domestic payroll employment,A4,Quadrennial,_Z,Not applicable,R,"Arts, entertainment, and recreational activities",_Z,Not applicable,_Z,Not applicable,ED5-8,Tertiary education (levels 5-8),_Z,Not applicable,_Z,Not applicable,2014,,0.7,,0,Units,,,1,One,N05,"<b>Coverage:</b><p>Branches B-S;</p><p>Companies with 10 or more employees,</p><p><b>Note:</b></p><p>Public administration: covers only central government administration (CGPO)</p>"
DATAFLOW,LU1:DSD_ESS_2@DF_C1335(1.1),Employment: percentage by economic activity and education level,I,PC_EMP_EDUC_LEVEL,Percentage of of total employment by education level,SAL_INT,Domestic payroll employment,A4,Quadrennial,_Z,Not applicable,R,"Arts, entertainment, and recreational activities",_Z,Not applicable,_Z,Not applicable,ED5-8,Tertiary education (levels 5-8),_Z,Not applicable,_Z,Not applicable,2018,,0.6,,0,Units,,,1,One,N05,"<b>Coverage:</b><p>Branches B-S;</p><p>Companies with 10 or more employees,</p><p><b>Note:</b></p><p>Public administration: covers only central government administration (CGPO)</p>"
DATAFLOW,LU1:DSD_ESS_2@DF_C1335(1.1),Employment: percentage by economic activity and education level,I,PC_EMP_EDUC_LEVEL,Percentage of of total employment by education level,SAL_INT,Domestic payroll employment,A4,Quadrennial,_Z,Not applicable,R,"Arts, entertainment, and recreational activities",_Z,Not applicable,_Z,Not applicable,ED5-8,Tertiary education (levels 5-8),_Z,Not applicable,_Z,Not applicable,2022,,1,,0,Units,,,1,One,N05,"<b>Coverage:</b><p>Branches B-S;</p><p>Companies with 10 or more employees,</p><p><b>Note:</b></p><p>Public administration: covers only central government administration (CGPO)</p>"
DATAFLOW,LU1:DSD_ESS_2@DF_C1335(1.1),Employment: percentage by economic activity and education level,I,PC_EMP_NACE,Percentage of total branch employment,SAL_INT,Domestic payroll employment,A4,Quadrennial,_Z,Not applicable,J,Information and communication,_Z,Not applicable,_Z,Not applicable,ED5-8,Tertiary education (levels 5-8),_Z,Not applicable,_Z,Not applicable,2010,,61.7,,0,Units,,,1,One,N05,"<b>Coverage:</b><p>Branches B-S;</p><p>Companies with 10 or more employees,</p><p><b>Note:</b></p><p>Public administration: covers only central government administration (CGPO)</p>"
DATAFLOW,LU1:DSD_ESS_2@DF_C1335(1.1),Employment: percentage by economic activity and education level,I,PC_EMP_NACE,Percentage of total branch employment,SAL_INT,Domestic payroll employment,A4,Quadrennial,_Z,Not applicable,J,Information and communication,_Z,Not applicable,_Z,Not applicable,ED5-8,Tertiary education (levels 5-8),_Z,Not applicable,_Z,Not applicable,2014,,63.5,,0,Units,,,1,One,N05,"<b>Coverage:</b><p>Branches B-S;</p><p>Companies with 10 or more employees,</p><p><b>Note:</b></p><p>Public administration: covers only central government administration (CGPO)</p>"
DATAFLOW,LU1:DSD_ESS_2@DF_C1335(1.1),Employment: percentage by economic activity and education level,I,PC_EMP_NACE,Percentage of total branch employment,SAL_INT,Domestic payroll employment,A4,Quadrennial,_Z,Not applicable,J,Information and communication,_Z,Not applicable,_Z,Not applicable,ED5-8,Tertiary education (levels 5-8),_Z,Not applicable,_Z,Not applicable,2018,,71.9,,0,Units,,,1,One,N05,"<b>Coverage:</b><p>Branches B-S;</p><p>Companies with 10 or more employees,</p><p><b>Note:</b></p><p>Public administration: covers only central government administration (CGPO)</p>"
DATAFLOW,LU1:DSD_ESS_2@DF_C1335(1.1),Employment: percentage by economic activity and education level,I,PC_EMP_NACE,Percentage of total branch employment,SAL_INT,Domestic payroll employment,A4,Quadrennial,_Z,Not applicable,J,Information and communication,_Z,Not applicable,_Z,Not applicable,ED5-8,Tertiary education (levels 5-8),_Z,Not applicable,_Z,Not applicable,2022,,73.4,,0,Units,,,1,One,N05,"<b>Coverage:</b><p>Branches B-S;</p><p>Companies with 10 or more employees,</p><p><b>Note:</b></p><p>Public administration: covers only central government administration (CGPO)</p>"
DATAFLOW,LU1:DSD_ESS_2@DF_C1335(1.1),Employment: percentage by economic activity and education level,I,PC_EMP_EDUC_LEVEL,Percentage of of total employment by education level,SAL_INT,Domestic payroll employment,A4,Quadrennial,_Z,Not applicable,J,Information and communication,_Z,Not applicable,_Z,Not applicable,_T,All ISCED 2011 levels,_Z,Not applicable,_Z,Not applicable,2010,,4.7,,0,Units,,,1,One,N05,"<b>Coverage:</b><p>Branches B-S;</p><p>Companies with 10 or more employees,</p><p><b>Note:</b></p><p>Public administration: covers only central government administration (CGPO)</p>"
DATAFLOW,LU1:DSD_ESS_2@DF_C1335(1.1),Employment: percentage by economic activity and education level,I,PC_EMP_EDUC_LEVEL,Percentage of of total employment by education level,SAL_INT,Domestic payroll employment,A4,Quadrennial,_Z,Not applicable,J,Information and communication,_Z,Not applicable,_Z,Not applicable,_T,All ISCED 2011 levels,_Z,Not applicable,_Z,Not applicable,2014,,4.9,,0,Units,,,1,One,N05,"<b>Coverage:</b><p>Branches B-S;</p><p>Companies with 10 or more employees,</p><p><b>Note:</b></p><p>Public administration: covers only central government administration (CGPO)</p>"
DATAFLOW,LU1:DSD_ESS_2@DF_C1335(1.1),Employment: percentage by economic activity and education level,I,PC_EMP_EDUC_LEVEL,Percentage of of total employment by education level,SAL_INT,Domestic payroll employment,A4,Quadrennial,_Z,Not applicable,J,Information and communication,_Z,Not applicable,_Z,Not applicable,_T,All ISCED 2011 levels,_Z,Not applicable,_Z,Not applicable,2018,,5.2,,0,Units,,,1,One,N05,"<b>Coverage:</b><p>Branches B-S;</p><p>Companies with 10 or more employees,</p><p><b>Note:</b></p><p>Public administration: covers only central government administration (CGPO)</p>"
DATAFLOW,LU1:DSD_ESS_2@DF_C1335(1.1),Employment: percentage by economic activity and education level,I,PC_EMP_EDUC_LEVEL,Percentage of of total employment by education level,SAL_INT,Domestic payroll employment,A4,Quadrennial,_Z,Not applicable,J,Information and communication,_Z,Not applicable,_Z,Not applicable,_T,All ISCED 2011 levels,_Z,Not applicable,_Z,Not applicable,2022,,4.9,,0,Units,,,1,One,N05,"<b>Coverage:</b><p>Branches B-S;</p><p>Companies with 10 or more employees,</p><p><b>Note:</b></p><p>Public administration: covers only central government administration (CGPO)</p>"
DATAFLOW,LU1:DSD_ESS_2@DF_C1335(1.1),Employment: percentage by economic activity and education level,I,PC_EMP_NACE,Percentage of total branch employment,SAL_INT,Domestic payroll employment,A4,Quadrennial,_Z,Not applicable,Q,Human health and social work activities,_Z,Not applicable,_Z,Not applicable,_T,All ISCED 2011 levels,_Z,Not applicable,_Z,Not applicable,2010,,100,,0,Units,,,1,One,N05,"<b>Coverage:</b><p>Branches B-S;</p><p>Companies with 10 or more employees,</p><p><b>Note:</b></p><p>Public administration: covers only central government administration (CGPO)</p>"
DATAFLOW,LU1:DSD_ESS_2@DF_C1335(1.1),Employment: percentage by economic activity and education level,I,PC_EMP_NACE,Percentage of total branch employment,SAL_INT,Domestic payroll employment,A4,Quadrennial,_Z,Not applicable,Q,Human health and social work activities,_Z,Not applicable,_Z,Not applicable,_T,All ISCED 2011 levels,_Z,Not applicable,_Z,Not applicable,2014,,100,,0,Units,,,1,One,N05,"<b>Coverage:</b><p>Branches B-S;</p><p>Companies with 10 or more employees,</p><p><b>Note:</b></p><p>Public administration: covers only central government administration (CGPO)</p>"
DATAFLOW,LU1:DSD_ESS_2@DF_C1335(1.1),Employment: percentage by economic activity and education level,I,PC_EMP_NACE,Percentage of total branch employment,SAL_INT,Domestic payroll employment,A4,Quadrennial,_Z,Not applicable,Q,Human health and social work activities,_Z,Not applicable,_Z,Not applicable,_T,All ISCED 2011 levels,_Z,Not applicable,_Z,Not applicable,2018,,100,,0,Units,,,1,One,N05,"<b>Coverage:</b><p>Branches B-S;</p><p>Companies with 10 or more employees,</p><p><b>Note:</b></p><p>Public administration: covers only central government administration (CGPO)</p>"
DATAFLOW,LU1:DSD_ESS_2@DF_C1335(1.1),Employment: percentage by economic activity and education level,I,PC_EMP_NACE,Percentage of total branch employment,SAL_INT,Domestic payroll employment,A4,Quadrennial,_Z,Not applicable,Q,Human health and social work activities,_Z,Not applicable,_Z,Not applicable,_T,All ISCED 2011 levels,_Z,Not applicable,_Z,Not applicable,2022,,100,,0,Units,,,1,One,N05,"<b>Coverage:</b><p>Branches B-S;</p><p>Companies with 10 or more employees,</p><p><b>Note:</b></p><p>Public administration: covers only central government administration (CGPO)</p>"
DATAFLOW,LU1:DSD_ESS_2@DF_C1335(1.1),Employment: percentage by economic activity and education level,I,PC_EMP_EDUC_LEVEL,Percentage of of total employment by education level,SAL_INT,Domestic payroll employment,A4,Quadrennial,_Z,Not applicable,I,Accommodation and food service activities,_Z,Not applicable,_Z,Not applicable,_T,All ISCED 2011 levels,_Z,Not applicable,_Z,Not applicable,2010,,3.4,,0,Units,,,1,One,N05,"<b>Coverage:</b><p>Branches B-S;</p><p>Companies with 10 or more employees,</p><p><b>Note:</b></p><p>Public administration: covers only central government administration (CGPO)</p>"
DATAFLOW,LU1:DSD_ESS_2@DF_C1335(1.1),Employment: percentage by economic activity and education level,I,PC_EMP_EDUC_LEVEL,Percentage of of total employment by education level,SAL_INT,Domestic payroll employment,A4,Quadrennial,_Z,Not applicable,I,Accommodation and food service activities,_Z,Not applicable,_Z,Not applicable,_T,All ISCED 2011 levels,_Z,Not applicable,_Z,Not applicable,2014,,3.8,,0,Units,,,1,One,N05,"<b>Coverage:</b><p>Branches B-S;</p><p>Companies with 10 or more employees,</p><p><b>Note:</b></p><p>Public administration: covers only central government administration (CGPO)</p>"
DATAFLOW,LU1:DSD_ESS_2@DF_C1335(1.1),Employment: percentage by economic activity and education level,I,PC_EMP_EDUC_LEVEL,Percentage of of total employment by education level,SAL_INT,Domestic payroll employment,A4,Quadrennial,_Z,Not applicable,I,Accommodation and food service activities,_Z,Not applicable,_Z,Not applicable,_T,All ISCED 2011 levels,_Z,Not applicable,_Z,Not applicable,2018,,3.9,,0,Units,,,1,One,N05,"<b>Coverage:</b><p>Branches B-S;</p><p>Companies with 10 or more employees,</p><p><b>Note:</b></p><p>Public administration: covers only central government administration (CGPO)</p>"
DATAFLOW,LU1:DSD_ESS_2@DF_C1335(1.1),Employment: percentage by economic activity and education level,I,PC_EMP_EDUC_LEVEL,Percentage of of total employment by education level,SAL_INT,Domestic payroll employment,A4,Quadrennial,_Z,Not applicable,I,Accommodation and food service activities,_Z,Not applicable,_Z,Not applicable,_T,All ISCED 2011 levels,_Z,Not applicable,_Z,Not applicable,2022,,3.6,,0,Units,,,1,One,N05,"<b>Coverage:</b><p>Branches B-S;</p><p>Companies with 10 or more employees,</p><p><b>Note:</b></p><p>Public administration: covers only central government administration (CGPO)</p>"
DATAFLOW,LU1:DSD_ESS_2@DF_C1335(1.1),Employment: percentage by economic activity and education level,I,PC_EMP_NACE,Percentage of total branch employment,SAL_INT,Domestic payroll employment,A4,Quadrennial,_Z,Not applicable,E,"Water supply; sewerage,waste management and remediation activities",_Z,Not applicable,_Z,Not applicable,ED3_4,Upper secondary and post-secondary non-tertiary education (levels 3 and 4),_Z,Not applicable,_Z,Not applicable,2010,,50.1,,0,Units,,,1,One,N05,"<b>Coverage:</b><p>Branches B-S;</p><p>Companies with 10 or more employees,</p><p><b>Note:</b></p><p>Public administration: covers only central government administration (CGPO)</p>"
DATAFLOW,LU1:DSD_ESS_2@DF_C1335(1.1),Employment: percentage by economic activity and education level,I,PC_EMP_NACE,Percentage of total branch employment,SAL_INT,Domestic payroll employment,A4,Quadrennial,_Z,Not applicable,E,"Water supply; sewerage,waste management and remediation activities",_Z,Not applicable,_Z,Not applicable,ED3_4,Upper secondary and post-secondary non-tertiary education (levels 3 and 4),_Z,Not applicable,_Z,Not applicable,2014,,51.5,,0,Units,,,1,One,N05,"<b>Coverage:</b><p>Branches B-S;</p><p>Companies with 10 or more employees,</p><p><b>Note:</b></p><p>Public administration: covers only central government administration (CGPO)</p>"
DATAFLOW,LU1:DSD_ESS_2@DF_C1335(1.1),Employment: percentage by economic activity and education level,I,PC_EMP_NACE,Percentage of total branch employment,SAL_INT,Domestic payroll employment,A4,Quadrennial,_Z,Not applicable,E,"Water supply; sewerage,waste management and remediation activities",_Z,Not applicable,_Z,Not applicable,ED3_4,Upper secondary and post-secondary non-tertiary education (levels 3 and 4),_Z,Not applicable,_Z,Not applicable,2018,,55.5,,0,Units,,,1,One,N05,"<b>Coverage:</b><p>Branches B-S;</p><p>Companies with 10 or more employees,</p><p><b>Note:</b></p><p>Public administration: covers only central government administration (CGPO)</p>"
DATAFLOW,LU1:DSD_ESS_2@DF_C1335(1.1),Employment: percentage by economic activity and education level,I,PC_EMP_NACE,Percentage of total branch employment,SAL_INT,Domestic payroll employment,A4,Quadrennial,_Z,Not applicable,E,"Water supply; sewerage,waste management and remediation activities",_Z,Not applicable,_Z,Not applicable,ED3_4,Upper secondary and post-secondary non-tertiary education (levels 3 and 4),_Z,Not applicable,_Z,Not applicable,2022,,52.3,,0,Units,,,1,One,N05,"<b>Coverage:</b><p>Branches B-S;</p><p>Companies with 10 or more employees,</p><p><b>Note:</b></p><p>Public administration: covers only central government administration (CGPO)</p>"
DATAFLOW,LU1:DSD_ESS_2@DF_C1335(1.1),Employment: percentage by economic activity and education level,I,PC_EMP_NACE,Percentage of total branch employment,SAL_INT,Domestic payroll employment,A4,Quadrennial,_Z,Not applicable,P,Education,_Z,Not applicable,_Z,Not applicable,ED0-2,"Less than primary, primary and lower secondary education (levels 0-2)",_Z,Not applicable,_Z,Not applicable,2010,,8.5,,0,Units,,,1,One,N05,"<b>Coverage:</b><p>Branches B-S;</p><p>Companies with 10 or more employees,</p><p><b>Note:</b></p><p>Public administration: covers only central government administration (CGPO)</p>"
DATAFLOW,LU1:DSD_ESS_2@DF_C1335(1.1),Employment: percentage by economic activity and education level,I,PC_EMP_NACE,Percentage of total branch employment,SAL_INT,Domestic payroll employment,A4,Quadrennial,_Z,Not applicable,P,Education,_Z,Not applicable,_Z,Not applicable,ED0-2,"Less than primary, primary and lower secondary education (levels 0-2)",_Z,Not applicable,_Z,Not applicable,2014,,7.6,,0,Units,,,1,One,N05,"<b>Coverage:</b><p>Branches B-S;</p><p>Companies with 10 or more employees,</p><p><b>Note:</b></p><p>Public administration: covers only central government administration (CGPO)</p>"
DATAFLOW,LU1:DSD_ESS_2@DF_C1335(1.1),Employment: percentage by economic activity and education level,I,PC_EMP_NACE,Percentage of total branch employment,SAL_INT,Domestic payroll employment,A4,Quadrennial,_Z,Not applicable,P,Education,_Z,Not applicable,_Z,Not applicable,ED0-2,"Less than primary, primary and lower secondary education (levels 0-2)",_Z,Not applicable,_Z,Not applicable,2018,,7.9,,0,Units,,,1,One,N05,"<b>Coverage:</b><p>Branches B-S;</p><p>Companies with 10 or more employees,</p><p><b>Note:</b></p><p>Public administration: covers only central government administration (CGPO)</p>"
DATAFLOW,LU1:DSD_ESS_2@DF_C1335(1.1),Employment: percentage by economic activity and education level,I,PC_EMP_NACE,Percentage of total branch employment,SAL_INT,Domestic payroll employment,A4,Quadrennial,_Z,Not applicable,P,Education,_Z,Not applicable,_Z,Not applicable,ED0-2,"Less than primary, primary and lower secondary education (levels 0-2)",_Z,Not applicable,_Z,Not applicable,2022,,5.4,,0,Units,,,1,One,N05,"<b>Coverage:</b><p>Branches B-S;</p><p>Companies with 10 or more employees,</p><p><b>Note:</b></p><p>Public administration: covers only central government administration (CGPO)</p>"
DATAFLOW,LU1:DSD_ESS_2@DF_C1335(1.1),Employment: percentage by economic activity and education level,I,PC_EMP_NACE,Percentage of total branch employment,SAL_INT,Domestic payroll employment,A4,Quadrennial,_Z,Not applicable,K,Financial and insurance activities,_Z,Not applicable,_Z,Not applicable,ED5-8,Tertiary education (levels 5-8),_Z,Not applicable,_Z,Not applicable,2010,,64.5,,0,Units,,,1,One,N05,"<b>Coverage:</b><p>Branches B-S;</p><p>Companies with 10 or more employees,</p><p><b>Note:</b></p><p>Public administration: covers only central government administration (CGPO)</p>"
DATAFLOW,LU1:DSD_ESS_2@DF_C1335(1.1),Employment: percentage by economic activity and education level,I,PC_EMP_NACE,Percentage of total branch employment,SAL_INT,Domestic payroll employment,A4,Quadrennial,_Z,Not applicable,K,Financial and insurance activities,_Z,Not applicable,_Z,Not applicable,ED5-8,Tertiary education (levels 5-8),_Z,Not applicable,_Z,Not applicable,2014,,66.8,,0,Units,,,1,One,N05,"<b>Coverage:</b><p>Branches B-S;</p><p>Companies with 10 or more employees,</p><p><b>Note:</b></p><p>Public administration: covers only central government administration (CGPO)</p>"
DATAFLOW,LU1:DSD_ESS_2@DF_C1335(1.1),Employment: percentage by economic activity and education level,I,PC_EMP_NACE,Percentage of total branch employment,SAL_INT,Domestic payroll employment,A4,Quadrennial,_Z,Not applicable,K,Financial and insurance activities,_Z,Not applicable,_Z,Not applicable,ED5-8,Tertiary education (levels 5-8),_Z,Not applicable,_Z,Not applicable,2018,,74.3,,0,Units,,,1,One,N05,"<b>Coverage:</b><p>Branches B-S;</p><p>Companies with 10 or more employees,</p><p><b>Note:</b></p><p>Public administration: covers only central government administration (CGPO)</p>"
DATAFLOW,LU1:DSD_ESS_2@DF_C1335(1.1),Employment: percentage by economic activity and education level,I,PC_EMP_NACE,Percentage of total branch employment,SAL_INT,Domestic payroll employment,A4,Quadrennial,_Z,Not applicable,K,Financial and insurance activities,_Z,Not applicable,_Z,Not applicable,ED5-8,Tertiary education (levels 5-8),_Z,Not applicable,_Z,Not applicable,2022,,80.6,,0,Units,,,1,One,N05,"<b>Coverage:</b><p>Branches B-S;</p><p>Companies with 10 or more employees,</p><p><b>Note:</b></p><p>Public administration: covers only central government administration (CGPO)</p>"
DATAFLOW,LU1:DSD_ESS_2@DF_C1335(1.1),Employment: percentage by economic activity and education level,I,PC_EMP_EDUC_LEVEL,Percentage of of total employment by education level,SAL_INT,Domestic payroll employment,A4,Quadrennial,_Z,Not applicable,O,Public administration and defence; compulsory social security public,_Z,Not applicable,_Z,Not applicable,ED3_4,Upper secondary and post-secondary non-tertiary education (levels 3 and 4),_Z,Not applicable,_Z,Not applicable,2010,,6,,0,Units,,,1,One,N05,"<b>Coverage:</b><p>Branches B-S;</p><p>Companies with 10 or more employees,</p><p><b>Note:</b></p><p>Public administration: covers only central government administration (CGPO)</p>"
DATAFLOW,LU1:DSD_ESS_2@DF_C1335(1.1),Employment: percentage by economic activity and education level,I,PC_EMP_EDUC_LEVEL,Percentage of of total employment by education level,SAL_INT,Domestic payroll employment,A4,Quadrennial,_Z,Not applicable,O,Public administration and defence; compulsory social security public,_Z,Not applicable,_Z,Not applicable,ED3_4,Upper secondary and post-secondary non-tertiary education (levels 3 and 4),_Z,Not applicable,_Z,Not applicable,2014,,5.8,,0,Units,,,1,One,N05,"<b>Coverage:</b><p>Branches B-S;</p><p>Companies with 10 or more employees,</p><p><b>Note:</b></p><p>Public administration: covers only central government administration (CGPO)</p>"
DATAFLOW,LU1:DSD_ESS_2@DF_C1335(1.1),Employment: percentage by economic activity and education level,I,PC_EMP_EDUC_LEVEL,Percentage of of total employment by education level,SAL_INT,Domestic payroll employment,A4,Quadrennial,_Z,Not applicable,O,Public administration and defence; compulsory social security public,_Z,Not applicable,_Z,Not applicable,ED3_4,Upper secondary and post-secondary non-tertiary education (levels 3 and 4),_Z,Not applicable,_Z,Not applicable,2018,,5.7,,0,Units,,,1,One,N05,"<b>Coverage:</b><p>Branches B-S;</p><p>Companies with 10 or more employees,</p><p><b>Note:</b></p><p>Public administration: covers only central government administration (CGPO)</p>"
DATAFLOW,LU1:DSD_ESS_2@DF_C1335(1.1),Employment: percentage by economic activity and education level,I,PC_EMP_EDUC_LEVEL,Percentage of of total employment by education level,SAL_INT,Domestic payroll employment,A4,Quadrennial,_Z,Not applicable,O,Public administration and defence; compulsory social security public,_Z,Not applicable,_Z,Not applicable,ED3_4,Upper secondary and post-secondary non-tertiary education (levels 3 and 4),_Z,Not applicable,_Z,Not applicable,2022,,7,,0,Units,,,1,One,N05,"<b>Coverage:</b><p>Branches B-S;</p><p>Companies with 10 or more employees,</p><p><b>Note:</b></p><p>Public administration: covers only central government administration (CGPO)</p>"
DATAFLOW,LU1:DSD_ESS_2@DF_C1335(1.1),Employment: percentage by economic activity and education level,I,PC_EMP_EDUC_LEVEL,Percentage of of total employment by education level,SAL_INT,Domestic payroll employment,A4,Quadrennial,_Z,Not applicable,L,Real estate activities,_Z,Not applicable,_Z,Not applicable,ED3_4,Upper secondary and post-secondary non-tertiary education (levels 3 and 4),_Z,Not applicable,_Z,Not applicable,2010,,0.3,,0,Units,,,1,One,N05,"<b>Coverage:</b><p>Branches B-S;</p><p>Companies with 10 or more employees,</p><p><b>Note:</b></p><p>Public administration: covers only central government administration (CGPO)</p>"
DATAFLOW,LU1:DSD_ESS_2@DF_C1335(1.1),Employment: percentage by economic activity and education level,I,PC_EMP_EDUC_LEVEL,Percentage of of total employment by education level,SAL_INT,Domestic payroll employment,A4,Quadrennial,_Z,Not applicable,L,Real estate activities,_Z,Not applicable,_Z,Not applicable,ED3_4,Upper secondary and post-secondary non-tertiary education (levels 3 and 4),_Z,Not applicable,_Z,Not applicable,2014,,0.2,,0,Units,,,1,One,N05,"<b>Coverage:</b><p>Branches B-S;</p><p>Companies with 10 or more employees,</p><p><b>Note:</b></p><p>Public administration: covers only central government administration (CGPO)</p>"
DATAFLOW,LU1:DSD_ESS_2@DF_C1335(1.1),Employment: percentage by economic activity and education level,I,PC_EMP_EDUC_LEVEL,Percentage of of total employment by education level,SAL_INT,Domestic payroll employment,A4,Quadrennial,_Z,Not applicable,L,Real estate activities,_Z,Not applicable,_Z,Not applicable,ED3_4,Upper secondary and post-secondary non-tertiary education (levels 3 and 4),_Z,Not applicable,_Z,Not applicable,2018,,0.4,,0,Units,,,1,One,N05,"<b>Coverage:</b><p>Branches B-S;</p><p>Companies with 10 or more employees,</p><p><b>Note:</b></p><p>Public administration: covers only central government administration (CGPO)</p>"
DATAFLOW,LU1:DSD_ESS_2@DF_C1335(1.1),Employment: percentage by economic activity and education level,I,PC_EMP_EDUC_LEVEL,Percentage of of total employment by education level,SAL_INT,Domestic payroll employment,A4,Quadrennial,_Z,Not applicable,L,Real estate activities,_Z,Not applicable,_Z,Not applicable,ED3_4,Upper secondary and post-secondary non-tertiary education (levels 3 and 4),_Z,Not applicable,_Z,Not applicable,2022,,0.7,,0,Units,,,1,One,N05,"<b>Coverage:</b><p>Branches B-S;</p><p>Companies with 10 or more employees,</p><p><b>Note:</b></p><p>Public administration: covers only central government administration (CGPO)</p>"
DATAFLOW,LU1:DSD_ESS_2@DF_C1335(1.1),Employment: percentage by economic activity and education level,I,PC_EMP_NACE,Percentage of total branch employment,SAL_INT,Domestic payroll employment,A4,Quadrennial,_Z,Not applicable,G,Wholesale and retail trade; repair of motor and motorcycles,_Z,Not applicable,_Z,Not applicable,ED0-2,"Less than primary, primary and lower secondary education (levels 0-2)",_Z,Not applicable,_Z,Not applicable,2010,,28.3,,0,Units,,,1,One,N05,"<b>Coverage:</b><p>Branches B-S;</p><p>Companies with 10 or more employees,</p><p><b>Note:</b></p><p>Public administration: covers only central government administration (CGPO)</p>"
DATAFLOW,LU1:DSD_ESS_2@DF_C1335(1.1),Employment: percentage by economic activity and education level,I,PC_EMP_NACE,Percentage of total branch employment,SAL_INT,Domestic payroll employment,A4,Quadrennial,_Z,Not applicable,G,Wholesale and retail trade; repair of motor and motorcycles,_Z,Not applicable,_Z,Not applicable,ED0-2,"Less than primary, primary and lower secondary education (levels 0-2)",_Z,Not applicable,_Z,Not applicable,2014,,30.4,,0,Units,,,1,One,N05,"<b>Coverage:</b><p>Branches B-S;</p><p>Companies with 10 or more employees,</p><p><b>Note:</b></p><p>Public administration: covers only central government administration (CGPO)</p>"
DATAFLOW,LU1:DSD_ESS_2@DF_C1335(1.1),Employment: percentage by economic activity and education level,I,PC_EMP_NACE,Percentage of total branch employment,SAL_INT,Domestic payroll employment,A4,Quadrennial,_Z,Not applicable,G,Wholesale and retail trade; repair of motor and motorcycles,_Z,Not applicable,_Z,Not applicable,ED0-2,"Less than primary, primary and lower secondary education (levels 0-2)",_Z,Not applicable,_Z,Not applicable,2018,,30.1,,0,Units,,,1,One,N05,"<b>Coverage:</b><p>Branches B-S;</p><p>Companies with 10 or more employees,</p><p><b>Note:</b></p><p>Public administration: covers only central government administration (CGPO)</p>"
DATAFLOW,LU1:DSD_ESS_2@DF_C1335(1.1),Employment: percentage by economic activity and education level,I,PC_EMP_NACE,Percentage of total branch employment,SAL_INT,Domestic payroll employment,A4,Quadrennial,_Z,Not applicable,G,Wholesale and retail trade; repair of motor and motorcycles,_Z,Not applicable,_Z,Not applicable,ED0-2,"Less than primary, primary and lower secondary education (levels 0-2)",_Z,Not applicable,_Z,Not applicable,2022,,25.9,,0,Units,,,1,One,N05,"<b>Coverage:</b><p>Branches B-S;</p><p>Companies with 10 or more employees,</p><p><b>Note:</b></p><p>Public administration: covers only central government administration (CGPO)</p>"
DATAFLOW,LU1:DSD_ESS_2@DF_C1335(1.1),Employment: percentage by economic activity and education level,I,PC_EMP_EDUC_LEVEL,Percentage of of total employment by education level,SAL_INT,Domestic payroll employment,A4,Quadrennial,_Z,Not applicable,F,Construction,_Z,Not applicable,_Z,Not applicable,_T,All ISCED 2011 levels,_Z,Not applicable,_Z,Not applicable,2010,,11.3,,0,Units,,,1,One,N05,"<b>Coverage:</b><p>Branches B-S;</p><p>Companies with 10 or more employees,</p><p><b>Note:</b></p><p>Public administration: covers only central government administration (CGPO)</p>"
DATAFLOW,LU1:DSD_ESS_2@DF_C1335(1.1),Employment: percentage by economic activity and education level,I,PC_EMP_EDUC_LEVEL,Percentage of of total employment by education level,SAL_INT,Domestic payroll employment,A4,Quadrennial,_Z,Not applicable,F,Construction,_Z,Not applicable,_Z,Not applicable,_T,All ISCED 2011 levels,_Z,Not applicable,_Z,Not applicable,2014,,11.1,,0,Units,,,1,One,N05,"<b>Coverage:</b><p>Branches B-S;</p><p>Companies with 10 or more employees,</p><p><b>Note:</b></p><p>Public administration: covers only central government administration (CGPO)</p>"
DATAFLOW,LU1:DSD_ESS_2@DF_C1335(1.1),Employment: percentage by economic activity and education level,I,PC_EMP_EDUC_LEVEL,Percentage of of total employment by education level,SAL_INT,Domestic payroll employment,A4,Quadrennial,_Z,Not applicable,F,Construction,_Z,Not applicable,_Z,Not applicable,_T,All ISCED 2011 levels,_Z,Not applicable,_Z,Not applicable,2018,,10.9,,0,Units,,,1,One,N05,"<b>Coverage:</b><p>Branches B-S;</p><p>Companies with 10 or more employees,</p><p><b>Note:</b></p><p>Public administration: covers only central government administration (CGPO)</p>"
DATAFLOW,LU1:DSD_ESS_2@DF_C1335(1.1),Employment: percentage by economic activity and education level,I,PC_EMP_EDUC_LEVEL,Percentage of of total employment by education level,SAL_INT,Domestic payroll employment,A4,Quadrennial,_Z,Not applicable,F,Construction,_Z,Not applicable,_Z,Not applicable,_T,All ISCED 2011 levels,_Z,Not applicable,_Z,Not applicable,2022,,10.5,,0,Units,,,1,One,N05,"<b>Coverage:</b><p>Branches B-S;</p><p>Companies with 10 or more employees,</p><p><b>Note:</b></p><p>Public administration: covers only central government administration (CGPO)</p>"
DATAFLOW,LU1:DSD_ESS_2@DF_C1335(1.1),Employment: percentage by economic activity and education level,I,PC_EMP_NACE,Percentage of total branch employment,SAL_INT,Domestic payroll employment,A4,Quadrennial,_Z,Not applicable,M,"Professional, scientific and technical activities",_Z,Not applicable,_Z,Not applicable,ED0-2,"Less than primary, primary and lower secondary education (levels 0-2)",_Z,Not applicable,_Z,Not applicable,2010,,3.1,,0,Units,,,1,One,N05,"<b>Coverage:</b><p>Branches B-S;</p><p>Companies with 10 or more employees,</p><p><b>Note:</b></p><p>Public administration: covers only central government administration (CGPO)</p>"
DATAFLOW,LU1:DSD_ESS_2@DF_C1335(1.1),Employment: percentage by economic activity and education level,I,PC_EMP_NACE,Percentage of total branch employment,SAL_INT,Domestic payroll employment,A4,Quadrennial,_Z,Not applicable,M,"Professional, scientific and technical activities",_Z,Not applicable,_Z,Not applicable,ED0-2,"Less than primary, primary and lower secondary education (levels 0-2)",_Z,Not applicable,_Z,Not applicable,2014,,6.2,,0,Units,,,1,One,N05,"<b>Coverage:</b><p>Branches B-S;</p><p>Companies with 10 or more employees,</p><p><b>Note:</b></p><p>Public administration: covers only central government administration (CGPO)</p>"
DATAFLOW,LU1:DSD_ESS_2@DF_C1335(1.1),Employment: percentage by economic activity and education level,I,PC_EMP_NACE,Percentage of total branch employment,SAL_INT,Domestic payroll employment,A4,Quadrennial,_Z,Not applicable,M,"Professional, scientific and technical activities",_Z,Not applicable,_Z,Not applicable,ED0-2,"Less than primary, primary and lower secondary education (levels 0-2)",_Z,Not applicable,_Z,Not applicable,2018,,4.3,,0,Units,,,1,One,N05,"<b>Coverage:</b><p>Branches B-S;</p><p>Companies with 10 or more employees,</p><p><b>Note:</b></p><p>Public administration: covers only central government administration (CGPO)</p>"
DATAFLOW,LU1:DSD_ESS_2@DF_C1335(1.1),Employment: percentage by economic activity and education level,I,PC_EMP_NACE,Percentage of total branch employment,SAL_INT,Domestic payroll employment,A4,Quadrennial,_Z,Not applicable,M,"Professional, scientific and technical activities",_Z,Not applicable,_Z,Not applicable,ED0-2,"Less than primary, primary and lower secondary education (levels 0-2)",_Z,Not applicable,_Z,Not applicable,2022,,2.8,,0,Units,,,1,One,N05,"<b>Coverage:</b><p>Branches B-S;</p><p>Companies with 10 or more employees,</p><p><b>Note:</b></p><p>Public administration: covers only central government administration (CGPO)</p>"
DATAFLOW,LU1:DSD_ESS_2@DF_C1335(1.1),Employment: percentage by economic activity and education level,I,PC_EMP_EDUC_LEVEL,Percentage of of total employment by education level,SAL_INT,Domestic payroll employment,A4,Quadrennial,_Z,Not applicable,B-S,"Industry, construction and services (except activities of households as employers and extra-territorial organisations and bodies)",_Z,Not applicable,_Z,Not applicable,ED0-2,"Less than primary, primary and lower secondary education (levels 0-2)",_Z,Not applicable,_Z,Not applicable,2010,,100,,0,Units,,,1,One,N05,"<b>Coverage:</b><p>Branches B-S;</p><p>Companies with 10 or more employees,</p><p><b>Note:</b></p><p>Public administration: covers only central government administration (CGPO)</p>"
DATAFLOW,LU1:DSD_ESS_2@DF_C1335(1.1),Employment: percentage by economic activity and education level,I,PC_EMP_EDUC_LEVEL,Percentage of of total employment by education level,SAL_INT,Domestic payroll employment,A4,Quadrennial,_Z,Not applicable,B-S,"Industry, construction and services (except activities of households as employers and extra-territorial organisations and bodies)",_Z,Not applicable,_Z,Not applicable,ED0-2,"Less than primary, primary and lower secondary education (levels 0-2)",_Z,Not applicable,_Z,Not applicable,2014,,100,,0,Units,,,1,One,N05,"<b>Coverage:</b><p>Branches B-S;</p><p>Companies with 10 or more employees,</p><p><b>Note:</b></p><p>Public administration: covers only central government administration (CGPO)</p>"
DATAFLOW,LU1:DSD_ESS_2@DF_C1335(1.1),Employment: percentage by economic activity and education level,I,PC_EMP_EDUC_LEVEL,Percentage of of total employment by education level,SAL_INT,Domestic payroll employment,A4,Quadrennial,_Z,Not applicable,B-S,"Industry, construction and services (except activities of households as employers and extra-territorial organisations and bodies)",_Z,Not applicable,_Z,Not applicable,ED0-2,"Less than primary, primary and lower secondary education (levels 0-2)",_Z,Not applicable,_Z,Not applicable,2018,,100,,0,Units,,,1,One,N05,"<b>Coverage:</b><p>Branches B-S;</p><p>Companies with 10 or more employees,</p><p><b>Note:</b></p><p>Public administration: covers only central government administration (CGPO)</p>"
DATAFLOW,LU1:DSD_ESS_2@DF_C1335(1.1),Employment: percentage by economic activity and education level,I,PC_EMP_EDUC_LEVEL,Percentage of of total employment by education level,SAL_INT,Domestic payroll employment,A4,Quadrennial,_Z,Not applicable,B-S,"Industry, construction and services (except activities of households as employers and extra-territorial organisations and bodies)",_Z,Not applicable,_Z,Not applicable,ED0-2,"Less than primary, primary and lower secondary education (levels 0-2)",_Z,Not applicable,_Z,Not applicable,2022,,100,,0,Units,,,1,One,N05,"<b>Coverage:</b><p>Branches B-S;</p><p>Companies with 10 or more employees,</p><p><b>Note:</b></p><p>Public administration: covers only central government administration (CGPO)</p>"
DATAFLOW,LU1:DSD_ESS_2@DF_C1335(1.1),Employment: percentage by economic activity and education level,I,PC_EMP_NACE,Percentage of total branch employment,SAL_INT,Domestic payroll employment,A4,Quadrennial,_Z,Not applicable,K,Financial and insurance activities,_Z,Not applicable,_Z,Not applicable,_T,All ISCED 2011 levels,_Z,Not applicable,_Z,Not applicable,2010,,100,,0,Units,,,1,One,N05,"<b>Coverage:</b><p>Branches B-S;</p><p>Companies with 10 or more employees,</p><p><b>Note:</b></p><p>Public administration: covers only central government administration (CGPO)</p>"
DATAFLOW,LU1:DSD_ESS_2@DF_C1335(1.1),Employment: percentage by economic activity and education level,I,PC_EMP_NACE,Percentage of total branch employment,SAL_INT,Domestic payroll employment,A4,Quadrennial,_Z,Not applicable,K,Financial and insurance activities,_Z,Not applicable,_Z,Not applicable,_T,All ISCED 2011 levels,_Z,Not applicable,_Z,Not applicable,2014,,100,,0,Units,,,1,One,N05,"<b>Coverage:</b><p>Branches B-S;</p><p>Companies with 10 or more employees,</p><p><b>Note:</b></p><p>Public administration: covers only central government administration (CGPO)</p>"
DATAFLOW,LU1:DSD_ESS_2@DF_C1335(1.1),Employment: percentage by economic activity and education level,I,PC_EMP_NACE,Percentage of total branch employment,SAL_INT,Domestic payroll employment,A4,Quadrennial,_Z,Not applicable,K,Financial and insurance activities,_Z,Not applicable,_Z,Not applicable,_T,All ISCED 2011 levels,_Z,Not applicable,_Z,Not applicable,2018,,100,,0,Units,,,1,One,N05,"<b>Coverage:</b><p>Branches B-S;</p><p>Companies with 10 or more employees,</p><p><b>Note:</b></p><p>Public administration: covers only central government administration (CGPO)</p>"
DATAFLOW,LU1:DSD_ESS_2@DF_C1335(1.1),Employment: percentage by economic activity and education level,I,PC_EMP_NACE,Percentage of total branch employment,SAL_INT,Domestic payroll employment,A4,Quadrennial,_Z,Not applicable,K,Financial and insurance activities,_Z,Not applicable,_Z,Not applicable,_T,All ISCED 2011 levels,_Z,Not applicable,_Z,Not applicable,2022,,100,,0,Units,,,1,One,N05,"<b>Coverage:</b><p>Branches B-S;</p><p>Companies with 10 or more employees,</p><p><b>Note:</b></p><p>Public administration: covers only central government administration (CGPO)</p>"
DATAFLOW,LU1:DSD_ESS_2@DF_C1335(1.1),Employment: percentage by economic activity and education level,I,PC_EMP_EDUC_LEVEL,Percentage of of total employment by education level,SAL_INT,Domestic payroll employment,A4,Quadrennial,_Z,Not applicable,S,Other service activities,_Z,Not applicable,_Z,Not applicable,ED5-8,Tertiary education (levels 5-8),_Z,Not applicable,_Z,Not applicable,2010,,0.6,,0,Units,,,1,One,N05,"<b>Coverage:</b><p>Branches B-S;</p><p>Companies with 10 or more employees,</p><p><b>Note:</b></p><p>Public administration: covers only central government administration (CGPO)</p>"
DATAFLOW,LU1:DSD_ESS_2@DF_C1335(1.1),Employment: percentage by economic activity and education level,I,PC_EMP_EDUC_LEVEL,Percentage of of total employment by education level,SAL_INT,Domestic payroll employment,A4,Quadrennial,_Z,Not applicable,S,Other service activities,_Z,Not applicable,_Z,Not applicable,ED5-8,Tertiary education (levels 5-8),_Z,Not applicable,_Z,Not applicable,2014,,1,,0,Units,,,1,One,N05,"<b>Coverage:</b><p>Branches B-S;</p><p>Companies with 10 or more employees,</p><p><b>Note:</b></p><p>Public administration: covers only central government administration (CGPO)</p>"
DATAFLOW,LU1:DSD_ESS_2@DF_C1335(1.1),Employment: percentage by economic activity and education level,I,PC_EMP_EDUC_LEVEL,Percentage of of total employment by education level,SAL_INT,Domestic payroll employment,A4,Quadrennial,_Z,Not applicable,S,Other service activities,_Z,Not applicable,_Z,Not applicable,ED5-8,Tertiary education (levels 5-8),_Z,Not applicable,_Z,Not applicable,2018,,0.8,,0,Units,,,1,One,N05,"<b>Coverage:</b><p>Branches B-S;</p><p>Companies with 10 or more employees,</p><p><b>Note:</b></p><p>Public administration: covers only central government administration (CGPO)</p>"
DATAFLOW,LU1:DSD_ESS_2@DF_C1335(1.1),Employment: percentage by economic activity and education level,I,PC_EMP_EDUC_LEVEL,Percentage of of total employment by education level,SAL_INT,Domestic payroll employment,A4,Quadrennial,_Z,Not applicable,S,Other service activities,_Z,Not applicable,_Z,Not applicable,ED5-8,Tertiary education (levels 5-8),_Z,Not applicable,_Z,Not applicable,2022,,0.9,,0,Units,,,1,One,N05,"<b>Coverage:</b><p>Branches B-S;</p><p>Companies with 10 or more employees,</p><p><b>Note:</b></p><p>Public administration: covers only central government administration (CGPO)</p>"
DATAFLOW,LU1:DSD_ESS_2@DF_C1335(1.1),Employment: percentage by economic activity and education level,I,PC_EMP_EDUC_LEVEL,Percentage of of total employment by education level,SAL_INT,Domestic payroll employment,A4,Quadrennial,_Z,Not applicable,B,Mining and quarrying,_Z,Not applicable,_Z,Not applicable,ED3_4,Upper secondary and post-secondary non-tertiary education (levels 3 and 4),_Z,Not applicable,_Z,Not applicable,2010,,0.1,,0,Units,,,1,One,N05,"<b>Coverage:</b><p>Branches B-S;</p><p>Companies with 10 or more employees,</p><p><b>Note:</b></p><p>Public administration: covers only central government administration (CGPO)</p>"
DATAFLOW,LU1:DSD_ESS_2@DF_C1335(1.1),Employment: percentage by economic activity and education level,I,PC_EMP_EDUC_LEVEL,Percentage of of total employment by education level,SAL_INT,Domestic payroll employment,A4,Quadrennial,_Z,Not applicable,B,Mining and quarrying,_Z,Not applicable,_Z,Not applicable,ED3_4,Upper secondary and post-secondary non-tertiary education (levels 3 and 4),_Z,Not applicable,_Z,Not applicable,2014,,0,,0,Units,,,1,One,N05,"<b>Coverage:</b><p>Branches B-S;</p><p>Companies with 10 or more employees,</p><p><b>Note:</b></p><p>Public administration: covers only central government administration (CGPO)</p>"
DATAFLOW,LU1:DSD_ESS_2@DF_C1335(1.1),Employment: percentage by economic activity and education level,I,PC_EMP_EDUC_LEVEL,Percentage of of total employment by education level,SAL_INT,Domestic payroll employment,A4,Quadrennial,_Z,Not applicable,B,Mining and quarrying,_Z,Not applicable,_Z,Not applicable,ED3_4,Upper secondary and post-secondary non-tertiary education (levels 3 and 4),_Z,Not applicable,_Z,Not applicable,2018,,0.1,,0,Units,,,1,One,N05,"<b>Coverage:</b><p>Branches B-S;</p><p>Companies with 10 or more employees,</p><p><b>Note:</b></p><p>Public administration: covers only central government administration (CGPO)</p>"
DATAFLOW,LU1:DSD_ESS_2@DF_C1335(1.1),Employment: percentage by economic activity and education level,I,PC_EMP_EDUC_LEVEL,Percentage of of total employment by education level,SAL_INT,Domestic payroll employment,A4,Quadrennial,_Z,Not applicable,B,Mining and quarrying,_Z,Not applicable,_Z,Not applicable,ED3_4,Upper secondary and post-secondary non-tertiary education (levels 3 and 4),_Z,Not applicable,_Z,Not applicable,2022,,0.2,,0,Units,,,1,One,N05,"<b>Coverage:</b><p>Branches B-S;</p><p>Companies with 10 or more employees,</p><p><b>Note:</b></p><p>Public administration: covers only central government administration (CGPO)</p>"
DATAFLOW,LU1:DSD_ESS_2@DF_C1335(1.1),Employment: percentage by economic activity and education level,I,PC_EMP_NACE,Percentage of total branch employment,SAL_INT,Domestic payroll employment,A4,Quadrennial,_Z,Not applicable,I,Accommodation and food service activities,_Z,Not applicable,_Z,Not applicable,_T,All ISCED 2011 levels,_Z,Not applicable,_Z,Not applicable,2010,,100,,0,Units,,,1,One,N05,"<b>Coverage:</b><p>Branches B-S;</p><p>Companies with 10 or more employees,</p><p><b>Note:</b></p><p>Public administration: covers only central government administration (CGPO)</p>"
DATAFLOW,LU1:DSD_ESS_2@DF_C1335(1.1),Employment: percentage by economic activity and education level,I,PC_EMP_NACE,Percentage of total branch employment,SAL_INT,Domestic payroll employment,A4,Quadrennial,_Z,Not applicable,I,Accommodation and food service activities,_Z,Not applicable,_Z,Not applicable,_T,All ISCED 2011 levels,_Z,Not applicable,_Z,Not applicable,2014,,100,,0,Units,,,1,One,N05,"<b>Coverage:</b><p>Branches B-S;</p><p>Companies with 10 or more employees,</p><p><b>Note:</b></p><p>Public administration: covers only central government administration (CGPO)</p>"
DATAFLOW,LU1:DSD_ESS_2@DF_C1335(1.1),Employment: percentage by economic activity and education level,I,PC_EMP_NACE,Percentage of total branch employment,SAL_INT,Domestic payroll employment,A4,Quadrennial,_Z,Not applicable,I,Accommodation and food service activities,_Z,Not applicable,_Z,Not applicable,_T,All ISCED 2011 levels,_Z,Not applicable,_Z,Not applicable,2018,,100,,0,Units,,,1,One,N05,"<b>Coverage:</b><p>Branches B-S;</p><p>Companies with 10 or more employees,</p><p><b>Note:</b></p><p>Public administration: covers only central government administration (CGPO)</p>"
DATAFLOW,LU1:DSD_ESS_2@DF_C1335(1.1),Employment: percentage by economic activity and education level,I,PC_EMP_NACE,Percentage of total branch employment,SAL_INT,Domestic payroll employment,A4,Quadrennial,_Z,Not applicable,I,Accommodation and food service activities,_Z,Not applicable,_Z,Not applicable,_T,All ISCED 2011 levels,_Z,Not applicable,_Z,Not applicable,2022,,100,,0,Units,,,1,One,N05,"<b>Coverage:</b><p>Branches B-S;</p><p>Companies with 10 or more employees,</p><p><b>Note:</b></p><p>Public administration: covers only central government administration (CGPO)</p>"
DATAFLOW,LU1:DSD_ESS_2@DF_C1335(1.1),Employment: percentage by economic activity and education level,I,PC_EMP_EDUC_LEVEL,Percentage of of total employment by education level,SAL_INT,Domestic payroll employment,A4,Quadrennial,_Z,Not applicable,O,Public administration and defence; compulsory social security public,_Z,Not applicable,_Z,Not applicable,ED5-8,Tertiary education (levels 5-8),_Z,Not applicable,_Z,Not applicable,2010,,3.3,,0,Units,,,1,One,N05,"<b>Coverage:</b><p>Branches B-S;</p><p>Companies with 10 or more employees,</p><p><b>Note:</b></p><p>Public administration: covers only central government administration (CGPO)</p>"
DATAFLOW,LU1:DSD_ESS_2@DF_C1335(1.1),Employment: percentage by economic activity and education level,I,PC_EMP_EDUC_LEVEL,Percentage of of total employment by education level,SAL_INT,Domestic payroll employment,A4,Quadrennial,_Z,Not applicable,O,Public administration and defence; compulsory social security public,_Z,Not applicable,_Z,Not applicable,ED5-8,Tertiary education (levels 5-8),_Z,Not applicable,_Z,Not applicable,2014,,2.2,,0,Units,,,1,One,N05,"<b>Coverage:</b><p>Branches B-S;</p><p>Companies with 10 or more employees,</p><p><b>Note:</b></p><p>Public administration: covers only central government administration (CGPO)</p>"
DATAFLOW,LU1:DSD_ESS_2@DF_C1335(1.1),Employment: percentage by economic activity and education level,I,PC_EMP_EDUC_LEVEL,Percentage of of total employment by education level,SAL_INT,Domestic payroll employment,A4,Quadrennial,_Z,Not applicable,O,Public administration and defence; compulsory social security public,_Z,Not applicable,_Z,Not applicable,ED5-8,Tertiary education (levels 5-8),_Z,Not applicable,_Z,Not applicable,2018,,2.3,,0,Units,,,1,One,N05,"<b>Coverage:</b><p>Branches B-S;</p><p>Companies with 10 or more employees,</p><p><b>Note:</b></p><p>Public administration: covers only central government administration (CGPO)</p>"
DATAFLOW,LU1:DSD_ESS_2@DF_C1335(1.1),Employment: percentage by economic activity and education level,I,PC_EMP_EDUC_LEVEL,Percentage of of total employment by education level,SAL_INT,Domestic payroll employment,A4,Quadrennial,_Z,Not applicable,O,Public administration and defence; compulsory social security public,_Z,Not applicable,_Z,Not applicable,ED5-8,Tertiary education (levels 5-8),_Z,Not applicable,_Z,Not applicable,2022,,3.7,,0,Units,,,1,One,N05,"<b>Coverage:</b><p>Branches B-S;</p><p>Companies with 10 or more employees,</p><p><b>Note:</b></p><p>Public administration: covers only central government administration (CGPO)</p>"
DATAFLOW,LU1:DSD_ESS_2@DF_C1335(1.1),Employment: percentage by economic activity and education level,I,PC_EMP_EDUC_LEVEL,Percentage of of total employment by education level,SAL_INT,Domestic payroll employment,A4,Quadrennial,_Z,Not applicable,P,Education,_Z,Not applicable,_Z,Not applicable,ED5-8,Tertiary education (levels 5-8),_Z,Not applicable,_Z,Not applicable,2010,,12.7,,0,Units,,,1,One,N05,"<b>Coverage:</b><p>Branches B-S;</p><p>Companies with 10 or more employees,</p><p><b>Note:</b></p><p>Public administration: covers only central government administration (CGPO)</p>"
DATAFLOW,LU1:DSD_ESS_2@DF_C1335(1.1),Employment: percentage by economic activity and education level,I,PC_EMP_EDUC_LEVEL,Percentage of of total employment by education level,SAL_INT,Domestic payroll employment,A4,Quadrennial,_Z,Not applicable,P,Education,_Z,Not applicable,_Z,Not applicable,ED5-8,Tertiary education (levels 5-8),_Z,Not applicable,_Z,Not applicable,2014,,12.5,,0,Units,,,1,One,N05,"<b>Coverage:</b><p>Branches B-S;</p><p>Companies with 10 or more employees,</p><p><b>Note:</b></p><p>Public administration: covers only central government administration (CGPO)</p>"
DATAFLOW,LU1:DSD_ESS_2@DF_C1335(1.1),Employment: percentage by economic activity and education level,I,PC_EMP_EDUC_LEVEL,Percentage of of total employment by education level,SAL_INT,Domestic payroll employment,A4,Quadrennial,_Z,Not applicable,P,Education,_Z,Not applicable,_Z,Not applicable,ED5-8,Tertiary education (levels 5-8),_Z,Not applicable,_Z,Not applicable,2018,,10.7,,0,Units,,,1,One,N05,"<b>Coverage:</b><p>Branches B-S;</p><p>Companies with 10 or more employees,</p><p><b>Note:</b></p><p>Public administration: covers only central government administration (CGPO)</p>"
DATAFLOW,LU1:DSD_ESS_2@DF_C1335(1.1),Employment: percentage by economic activity and education level,I,PC_EMP_EDUC_LEVEL,Percentage of of total employment by education level,SAL_INT,Domestic payroll employment,A4,Quadrennial,_Z,Not applicable,P,Education,_Z,Not applicable,_Z,Not applicable,ED5-8,Tertiary education (levels 5-8),_Z,Not applicable,_Z,Not applicable,2022,,10.7,,0,Units,,,1,One,N05,"<b>Coverage:</b><p>Branches B-S;</p><p>Companies with 10 or more employees,</p><p><b>Note:</b></p><p>Public administration: covers only central government administration (CGPO)</p>"
DATAFLOW,LU1:DSD_ESS_2@DF_C1335(1.1),Employment: percentage by economic activity and education level,I,PC_EMP_EDUC_LEVEL,Percentage of of total employment by education level,SAL_INT,Domestic payroll employment,A4,Quadrennial,_Z,Not applicable,M,"Professional, scientific and technical activities",_Z,Not applicable,_Z,Not applicable,_T,All ISCED 2011 levels,_Z,Not applicable,_Z,Not applicable,2010,,7.1,,0,Units,,,1,One,N05,"<b>Coverage:</b><p>Branches B-S;</p><p>Companies with 10 or more employees,</p><p><b>Note:</b></p><p>Public administration: covers only central government administration (CGPO)</p>"
DATAFLOW,LU1:DSD_ESS_2@DF_C1335(1.1),Employment: percentage by economic activity and education level,I,PC_EMP_EDUC_LEVEL,Percentage of of total employment by education level,SAL_INT,Domestic payroll employment,A4,Quadrennial,_Z,Not applicable,M,"Professional, scientific and technical activities",_Z,Not applicable,_Z,Not applicable,_T,All ISCED 2011 levels,_Z,Not applicable,_Z,Not applicable,2014,,8,,0,Units,,,1,One,N05,"<b>Coverage:</b><p>Branches B-S;</p><p>Companies with 10 or more employees,</p><p><b>Note:</b></p><p>Public administration: covers only central government administration (CGPO)</p>"
DATAFLOW,LU1:DSD_ESS_2@DF_C1335(1.1),Employment: percentage by economic activity and education level,I,PC_EMP_EDUC_LEVEL,Percentage of of total employment by education level,SAL_INT,Domestic payroll employment,A4,Quadrennial,_Z,Not applicable,M,"Professional, scientific and technical activities",_Z,Not applicable,_Z,Not applicable,_T,All ISCED 2011 levels,_Z,Not applicable,_Z,Not applicable,2018,,9,,0,Units,,,1,One,N05,"<b>Coverage:</b><p>Branches B-S;</p><p>Companies with 10 or more employees,</p><p><b>Note:</b></p><p>Public administration: covers only central government administration (CGPO)</p>"
DATAFLOW,LU1:DSD_ESS_2@DF_C1335(1.1),Employment: percentage by economic activity and education level,I,PC_EMP_EDUC_LEVEL,Percentage of of total employment by education level,SAL_INT,Domestic payroll employment,A4,Quadrennial,_Z,Not applicable,M,"Professional, scientific and technical activities",_Z,Not applicable,_Z,Not applicable,_T,All ISCED 2011 levels,_Z,Not applicable,_Z,Not applicable,2022,,10.1,,0,Units,,,1,One,N05,"<b>Coverage:</b><p>Branches B-S;</p><p>Companies with 10 or more employees,</p><p><b>Note:</b></p><p>Public administration: covers only central government administration (CGPO)</p>"
DATAFLOW,LU1:DSD_ESS_2@DF_C1335(1.1),Employment: percentage by economic activity and education level,I,PC_EMP_NACE,Percentage of total branch employment,SAL_INT,Domestic payroll employment,A4,Quadrennial,_Z,Not applicable,B,Mining and quarrying,_Z,Not applicable,_Z,Not applicable,ED3_4,Upper secondary and post-secondary non-tertiary education (levels 3 and 4),_Z,Not applicable,_Z,Not applicable,2010,,42.5,,0,Units,,,1,One,N05,"<b>Coverage:</b><p>Branches B-S;</p><p>Companies with 10 or more employees,</p><p><b>Note:</b></p><p>Public administration: covers only central government administration (CGPO)</p>"
DATAFLOW,LU1:DSD_ESS_2@DF_C1335(1.1),Employment: percentage by economic activity and education level,I,PC_EMP_NACE,Percentage of total branch employment,SAL_INT,Domestic payroll employment,A4,Quadrennial,_Z,Not applicable,B,Mining and quarrying,_Z,Not applicable,_Z,Not applicable,ED3_4,Upper secondary and post-secondary non-tertiary education (levels 3 and 4),_Z,Not applicable,_Z,Not applicable,2014,,39.7,,0,Units,,,1,One,N05,"<b>Coverage:</b><p>Branches B-S;</p><p>Companies with 10 or more employees,</p><p><b>Note:</b></p><p>Public administration: covers only central government administration (CGPO)</p>"
DATAFLOW,LU1:DSD_ESS_2@DF_C1335(1.1),Employment: percentage by economic activity and education level,I,PC_EMP_NACE,Percentage of total branch employment,SAL_INT,Domestic payroll employment,A4,Quadrennial,_Z,Not applicable,B,Mining and quarrying,_Z,Not applicable,_Z,Not applicable,ED3_4,Upper secondary and post-secondary non-tertiary education (levels 3 and 4),_Z,Not applicable,_Z,Not applicable,2018,,47.5,,0,Units,,,1,One,N05,"<b>Coverage:</b><p>Branches B-S;</p><p>Companies with 10 or more employees,</p><p><b>Note:</b></p><p>Public administration: covers only central government administration (CGPO)</p>"
DATAFLOW,LU1:DSD_ESS_2@DF_C1335(1.1),Employment: percentage by economic activity and education level,I,PC_EMP_NACE,Percentage of total branch employment,SAL_INT,Domestic payroll employment,A4,Quadrennial,_Z,Not applicable,B,Mining and quarrying,_Z,Not applicable,_Z,Not applicable,ED3_4,Upper secondary and post-secondary non-tertiary education (levels 3 and 4),_Z,Not applicable,_Z,Not applicable,2022,,50.7,,0,Units,,,1,One,N05,"<b>Coverage:</b><p>Branches B-S;</p><p>Companies with 10 or more employees,</p><p><b>Note:</b></p><p>Public administration: covers only central government administration (CGPO)</p>"
DATAFLOW,LU1:DSD_ESS_2@DF_C1335(1.1),Employment: percentage by economic activity and education level,I,PC_EMP_EDUC_LEVEL,Percentage of of total employment by education level,SAL_INT,Domestic payroll employment,A4,Quadrennial,_Z,Not applicable,C,Manufacturing,_Z,Not applicable,_Z,Not applicable,ED0-2,"Less than primary, primary and lower secondary education (levels 0-2)",_Z,Not applicable,_Z,Not applicable,2010,,11.3,,0,Units,,,1,One,N05,"<b>Coverage:</b><p>Branches B-S;</p><p>Companies with 10 or more employees,</p><p><b>Note:</b></p><p>Public administration: covers only central government administration (CGPO)</p>"
DATAFLOW,LU1:DSD_ESS_2@DF_C1335(1.1),Employment: percentage by economic activity and education level,I,PC_EMP_EDUC_LEVEL,Percentage of of total employment by education level,SAL_INT,Domestic payroll employment,A4,Quadrennial,_Z,Not applicable,C,Manufacturing,_Z,Not applicable,_Z,Not applicable,ED0-2,"Less than primary, primary and lower secondary education (levels 0-2)",_Z,Not applicable,_Z,Not applicable,2014,,8.9,,0,Units,,,1,One,N05,"<b>Coverage:</b><p>Branches B-S;</p><p>Companies with 10 or more employees,</p><p><b>Note:</b></p><p>Public administration: covers only central government administration (CGPO)</p>"
DATAFLOW,LU1:DSD_ESS_2@DF_C1335(1.1),Employment: percentage by economic activity and education level,I,PC_EMP_EDUC_LEVEL,Percentage of of total employment by education level,SAL_INT,Domestic payroll employment,A4,Quadrennial,_Z,Not applicable,C,Manufacturing,_Z,Not applicable,_Z,Not applicable,ED0-2,"Less than primary, primary and lower secondary education (levels 0-2)",_Z,Not applicable,_Z,Not applicable,2018,,10.6,,0,Units,,,1,One,N05,"<b>Coverage:</b><p>Branches B-S;</p><p>Companies with 10 or more employees,</p><p><b>Note:</b></p><p>Public administration: covers only central government administration (CGPO)</p>"
DATAFLOW,LU1:DSD_ESS_2@DF_C1335(1.1),Employment: percentage by economic activity and education level,I,PC_EMP_EDUC_LEVEL,Percentage of of total employment by education level,SAL_INT,Domestic payroll employment,A4,Quadrennial,_Z,Not applicable,C,Manufacturing,_Z,Not applicable,_Z,Not applicable,ED0-2,"Less than primary, primary and lower secondary education (levels 0-2)",_Z,Not applicable,_Z,Not applicable,2022,,9,,0,Units,,,1,One,N05,"<b>Coverage:</b><p>Branches B-S;</p><p>Companies with 10 or more employees,</p><p><b>Note:</b></p><p>Public administration: covers only central government administration (CGPO)</p>"
DATAFLOW,LU1:DSD_ESS_2@DF_C1335(1.1),Employment: percentage by economic activity and education level,I,PC_EMP_NACE,Percentage of total branch employment,SAL_INT,Domestic payroll employment,A4,Quadrennial,_Z,Not applicable,H,Transportation and storage,_Z,Not applicable,_Z,Not applicable,ED3_4,Upper secondary and post-secondary non-tertiary education (levels 3 and 4),_Z,Not applicable,_Z,Not applicable,2010,,62.8,,0,Units,,,1,One,N05,"<b>Coverage:</b><p>Branches B-S;</p><p>Companies with 10 or more employees,</p><p><b>Note:</b></p><p>Public administration: covers only central government administration (CGPO)</p>"
DATAFLOW,LU1:DSD_ESS_2@DF_C1335(1.1),Employment: percentage by economic activity and education level,I,PC_EMP_NACE,Percentage of total branch employment,SAL_INT,Domestic payroll employment,A4,Quadrennial,_Z,Not applicable,H,Transportation and storage,_Z,Not applicable,_Z,Not applicable,ED3_4,Upper secondary and post-secondary non-tertiary education (levels 3 and 4),_Z,Not applicable,_Z,Not applicable,2014,,44.9,,0,Units,,,1,One,N05,"<b>Coverage:</b><p>Branches B-S;</p><p>Companies with 10 or more employees,</p><p><b>Note:</b></p><p>Public administration: covers only central government administration (CGPO)</p>"
DATAFLOW,LU1:DSD_ESS_2@DF_C1335(1.1),Employment: percentage by economic activity and education level,I,PC_EMP_NACE,Percentage of total branch employment,SAL_INT,Domestic payroll employment,A4,Quadrennial,_Z,Not applicable,H,Transportation and storage,_Z,Not applicable,_Z,Not applicable,ED3_4,Upper secondary and post-secondary non-tertiary education (levels 3 and 4),_Z,Not applicable,_Z,Not applicable,2018,,47.3,,0,Units,,,1,One,N05,"<b>Coverage:</b><p>Branches B-S;</p><p>Companies with 10 or more employees,</p><p><b>Note:</b></p><p>Public administration: covers only central government administration (CGPO)</p>"
DATAFLOW,LU1:DSD_ESS_2@DF_C1335(1.1),Employment: percentage by economic activity and education level,I,PC_EMP_NACE,Percentage of total branch employment,SAL_INT,Domestic payroll employment,A4,Quadrennial,_Z,Not applicable,H,Transportation and storage,_Z,Not applicable,_Z,Not applicable,ED3_4,Upper secondary and post-secondary non-tertiary education (levels 3 and 4),_Z,Not applicable,_Z,Not applicable,2022,,46.5,,0,Units,,,1,One,N05,"<b>Coverage:</b><p>Branches B-S;</p><p>Companies with 10 or more employees,</p><p><b>Note:</b></p><p>Public administration: covers only central government administration (CGPO)</p>"
DATAFLOW,LU1:DSD_ESS_2@DF_C1335(1.1),Employment: percentage by economic activity and education level,I,PC_EMP_NACE,Percentage of total branch employment,SAL_INT,Domestic payroll employment,A4,Quadrennial,_Z,Not applicable,H,Transportation and storage,_Z,Not applicable,_Z,Not applicable,ED5-8,Tertiary education (levels 5-8),_Z,Not applicable,_Z,Not applicable,2010,,12.8,,0,Units,,,1,One,N05,"<b>Coverage:</b><p>Branches B-S;</p><p>Companies with 10 or more employees,</p><p><b>Note:</b></p><p>Public administration: covers only central government administration (CGPO)</p>"
DATAFLOW,LU1:DSD_ESS_2@DF_C1335(1.1),Employment: percentage by economic activity and education level,I,PC_EMP_NACE,Percentage of total branch employment,SAL_INT,Domestic payroll employment,A4,Quadrennial,_Z,Not applicable,H,Transportation and storage,_Z,Not applicable,_Z,Not applicable,ED5-8,Tertiary education (levels 5-8),_Z,Not applicable,_Z,Not applicable,2014,,10.5,,0,Units,,,1,One,N05,"<b>Coverage:</b><p>Branches B-S;</p><p>Companies with 10 or more employees,</p><p><b>Note:</b></p><p>Public administration: covers only central government administration (CGPO)</p>"
DATAFLOW,LU1:DSD_ESS_2@DF_C1335(1.1),Employment: percentage by economic activity and education level,I,PC_EMP_NACE,Percentage of total branch employment,SAL_INT,Domestic payroll employment,A4,Quadrennial,_Z,Not applicable,H,Transportation and storage,_Z,Not applicable,_Z,Not applicable,ED5-8,Tertiary education (levels 5-8),_Z,Not applicable,_Z,Not applicable,2018,,12.4,,0,Units,,,1,One,N05,"<b>Coverage:</b><p>Branches B-S;</p><p>Companies with 10 or more employees,</p><p><b>Note:</b></p><p>Public administration: covers only central government administration (CGPO)</p>"
DATAFLOW,LU1:DSD_ESS_2@DF_C1335(1.1),Employment: percentage by economic activity and education level,I,PC_EMP_NACE,Percentage of total branch employment,SAL_INT,Domestic payroll employment,A4,Quadrennial,_Z,Not applicable,H,Transportation and storage,_Z,Not applicable,_Z,Not applicable,ED5-8,Tertiary education (levels 5-8),_Z,Not applicable,_Z,Not applicable,2022,,17.5,,0,Units,,,1,One,N05,"<b>Coverage:</b><p>Branches B-S;</p><p>Companies with 10 or more employees,</p><p><b>Note:</b></p><p>Public administration: covers only central government administration (CGPO)</p>"
DATAFLOW,LU1:DSD_ESS_2@DF_C1335(1.1),Employment: percentage by economic activity and education level,I,PC_EMP_EDUC_LEVEL,Percentage of of total employment by education level,SAL_INT,Domestic payroll employment,A4,Quadrennial,_Z,Not applicable,J,Information and communication,_Z,Not applicable,_Z,Not applicable,ED3_4,Upper secondary and post-secondary non-tertiary education (levels 3 and 4),_Z,Not applicable,_Z,Not applicable,2010,,2.4,,0,Units,,,1,One,N05,"<b>Coverage:</b><p>Branches B-S;</p><p>Companies with 10 or more employees,</p><p><b>Note:</b></p><p>Public administration: covers only central government administration (CGPO)</p>"
DATAFLOW,LU1:DSD_ESS_2@DF_C1335(1.1),Employment: percentage by economic activity and education level,I,PC_EMP_EDUC_LEVEL,Percentage of of total employment by education level,SAL_INT,Domestic payroll employment,A4,Quadrennial,_Z,Not applicable,J,Information and communication,_Z,Not applicable,_Z,Not applicable,ED3_4,Upper secondary and post-secondary non-tertiary education (levels 3 and 4),_Z,Not applicable,_Z,Not applicable,2014,,2.6,,0,Units,,,1,One,N05,"<b>Coverage:</b><p>Branches B-S;</p><p>Companies with 10 or more employees,</p><p><b>Note:</b></p><p>Public administration: covers only central government administration (CGPO)</p>"
DATAFLOW,LU1:DSD_ESS_2@DF_C1335(1.1),Employment: percentage by economic activity and education level,I,PC_EMP_EDUC_LEVEL,Percentage of of total employment by education level,SAL_INT,Domestic payroll employment,A4,Quadrennial,_Z,Not applicable,J,Information and communication,_Z,Not applicable,_Z,Not applicable,ED3_4,Upper secondary and post-secondary non-tertiary education (levels 3 and 4),_Z,Not applicable,_Z,Not applicable,2018,,2.6,,0,Units,,,1,One,N05,"<b>Coverage:</b><p>Branches B-S;</p><p>Companies with 10 or more employees,</p><p><b>Note:</b></p><p>Public administration: covers only central government administration (CGPO)</p>"
DATAFLOW,LU1:DSD_ESS_2@DF_C1335(1.1),Employment: percentage by economic activity and education level,I,PC_EMP_EDUC_LEVEL,Percentage of of total employment by education level,SAL_INT,Domestic payroll employment,A4,Quadrennial,_Z,Not applicable,J,Information and communication,_Z,Not applicable,_Z,Not applicable,ED3_4,Upper secondary and post-secondary non-tertiary education (levels 3 and 4),_Z,Not applicable,_Z,Not applicable,2022,,2.5,,0,Units,,,1,One,N05,"<b>Coverage:</b><p>Branches B-S;</p><p>Companies with 10 or more employees,</p><p><b>Note:</b></p><p>Public administration: covers only central government administration (CGPO)</p>"
DATAFLOW,LU1:DSD_ESS_2@DF_C1335(1.1),Employment: percentage by economic activity and education level,I,PC_EMP_EDUC_LEVEL,Percentage of of total employment by education level,SAL_INT,Domestic payroll employment,A4,Quadrennial,_Z,Not applicable,Q,Human health and social work activities,_Z,Not applicable,_Z,Not applicable,_T,All ISCED 2011 levels,_Z,Not applicable,_Z,Not applicable,2010,,8.8,,0,Units,,,1,One,N05,"<b>Coverage:</b><p>Branches B-S;</p><p>Companies with 10 or more employees,</p><p><b>Note:</b></p><p>Public administration: covers only central government administration (CGPO)</p>"
DATAFLOW,LU1:DSD_ESS_2@DF_C1335(1.1),Employment: percentage by economic activity and education level,I,PC_EMP_EDUC_LEVEL,Percentage of of total employment by education level,SAL_INT,Domestic payroll employment,A4,Quadrennial,_Z,Not applicable,Q,Human health and social work activities,_Z,Not applicable,_Z,Not applicable,_T,All ISCED 2011 levels,_Z,Not applicable,_Z,Not applicable,2014,,10.6,,0,Units,,,1,One,N05,"<b>Coverage:</b><p>Branches B-S;</p><p>Companies with 10 or more employees,</p><p><b>Note:</b></p><p>Public administration: covers only central government administration (CGPO)</p>"
DATAFLOW,LU1:DSD_ESS_2@DF_C1335(1.1),Employment: percentage by economic activity and education level,I,PC_EMP_EDUC_LEVEL,Percentage of of total employment by education level,SAL_INT,Domestic payroll employment,A4,Quadrennial,_Z,Not applicable,Q,Human health and social work activities,_Z,Not applicable,_Z,Not applicable,_T,All ISCED 2011 levels,_Z,Not applicable,_Z,Not applicable,2018,,10.1,,0,Units,,,1,One,N05,"<b>Coverage:</b><p>Branches B-S;</p><p>Companies with 10 or more employees,</p><p><b>Note:</b></p><p>Public administration: covers only central government administration (CGPO)</p>"
DATAFLOW,LU1:DSD_ESS_2@DF_C1335(1.1),Employment: percentage by economic activity and education level,I,PC_EMP_EDUC_LEVEL,Percentage of of total employment by education level,SAL_INT,Domestic payroll employment,A4,Quadrennial,_Z,Not applicable,Q,Human health and social work activities,_Z,Not applicable,_Z,Not applicable,_T,All ISCED 2011 levels,_Z,Not applicable,_Z,Not applicable,2022,,10.6,,0,Units,,,1,One,N05,"<b>Coverage:</b><p>Branches B-S;</p><p>Companies with 10 or more employees,</p><p><b>Note:</b></p><p>Public administration: covers only central government administration (CGPO)</p>"
DATAFLOW,LU1:DSD_ESS_2@DF_C1335(1.1),Employment: percentage by economic activity and education level,I,PC_EMP_EDUC_LEVEL,Percentage of of total employment by education level,SAL_INT,Domestic payroll employment,A4,Quadrennial,_Z,Not applicable,H,Transportation and storage,_Z,Not applicable,_Z,Not applicable,ED0-2,"Less than primary, primary and lower secondary education (levels 0-2)",_Z,Not applicable,_Z,Not applicable,2010,,9.6,,0,Units,,,1,One,N05,"<b>Coverage:</b><p>Branches B-S;</p><p>Companies with 10 or more employees,</p><p><b>Note:</b></p><p>Public administration: covers only central government administration (CGPO)</p>"
DATAFLOW,LU1:DSD_ESS_2@DF_C1335(1.1),Employment: percentage by economic activity and education level,I,PC_EMP_EDUC_LEVEL,Percentage of of total employment by education level,SAL_INT,Domestic payroll employment,A4,Quadrennial,_Z,Not applicable,H,Transportation and storage,_Z,Not applicable,_Z,Not applicable,ED0-2,"Less than primary, primary and lower secondary education (levels 0-2)",_Z,Not applicable,_Z,Not applicable,2014,,12,,0,Units,,,1,One,N05,"<b>Coverage:</b><p>Branches B-S;</p><p>Companies with 10 or more employees,</p><p><b>Note:</b></p><p>Public administration: covers only central government administration (CGPO)</p>"
DATAFLOW,LU1:DSD_ESS_2@DF_C1335(1.1),Employment: percentage by economic activity and education level,I,PC_EMP_EDUC_LEVEL,Percentage of of total employment by education level,SAL_INT,Domestic payroll employment,A4,Quadrennial,_Z,Not applicable,H,Transportation and storage,_Z,Not applicable,_Z,Not applicable,ED0-2,"Less than primary, primary and lower secondary education (levels 0-2)",_Z,Not applicable,_Z,Not applicable,2018,,12,,0,Units,,,1,One,N05,"<b>Coverage:</b><p>Branches B-S;</p><p>Companies with 10 or more employees,</p><p><b>Note:</b></p><p>Public administration: covers only central government administration (CGPO)</p>"
DATAFLOW,LU1:DSD_ESS_2@DF_C1335(1.1),Employment: percentage by economic activity and education level,I,PC_EMP_EDUC_LEVEL,Percentage of of total employment by education level,SAL_INT,Domestic payroll employment,A4,Quadrennial,_Z,Not applicable,H,Transportation and storage,_Z,Not applicable,_Z,Not applicable,ED0-2,"Less than primary, primary and lower secondary education (levels 0-2)",_Z,Not applicable,_Z,Not applicable,2022,,12.2,,0,Units,,,1,One,N05,"<b>Coverage:</b><p>Branches B-S;</p><p>Companies with 10 or more employees,</p><p><b>Note:</b></p><p>Public administration: covers only central government administration (CGPO)</p>"
DATAFLOW,LU1:DSD_ESS_2@DF_C1335(1.1),Employment: percentage by economic activity and education level,I,PC_EMP_EDUC_LEVEL,Percentage of of total employment by education level,SAL_INT,Domestic payroll employment,A4,Quadrennial,_Z,Not applicable,R,"Arts, entertainment, and recreational activities",_Z,Not applicable,_Z,Not applicable,_T,All ISCED 2011 levels,_Z,Not applicable,_Z,Not applicable,2010,,0.4,,0,Units,,,1,One,N05,"<b>Coverage:</b><p>Branches B-S;</p><p>Companies with 10 or more employees,</p><p><b>Note:</b></p><p>Public administration: covers only central government administration (CGPO)</p>"
DATAFLOW,LU1:DSD_ESS_2@DF_C1335(1.1),Employment: percentage by economic activity and education level,I,PC_EMP_EDUC_LEVEL,Percentage of of total employment by education level,SAL_INT,Domestic payroll employment,A4,Quadrennial,_Z,Not applicable,R,"Arts, entertainment, and recreational activities",_Z,Not applicable,_Z,Not applicable,_T,All ISCED 2011 levels,_Z,Not applicable,_Z,Not applicable,2014,,0.6,,0,Units,,,1,One,N05,"<b>Coverage:</b><p>Branches B-S;</p><p>Companies with 10 or more employees,</p><p><b>Note:</b></p><p>Public administration: covers only central government administration (CGPO)</p>"
DATAFLOW,LU1:DSD_ESS_2@DF_C1335(1.1),Employment: percentage by economic activity and education level,I,PC_EMP_EDUC_LEVEL,Percentage of of total employment by education level,SAL_INT,Domestic payroll employment,A4,Quadrennial,_Z,Not applicable,R,"Arts, entertainment, and recreational activities",_Z,Not applicable,_Z,Not applicable,_T,All ISCED 2011 levels,_Z,Not applicable,_Z,Not applicable,2018,,0.6,,0,Units,,,1,One,N05,"<b>Coverage:</b><p>Branches B-S;</p><p>Companies with 10 or more employees,</p><p><b>Note:</b></p><p>Public administration: covers only central government administration (CGPO)</p>"
DATAFLOW,LU1:DSD_ESS_2@DF_C1335(1.1),Employment: percentage by economic activity and education level,I,PC_EMP_EDUC_LEVEL,Percentage of of total employment by education level,SAL_INT,Domestic payroll employment,A4,Quadrennial,_Z,Not applicable,R,"Arts, entertainment, and recreational activities",_Z,Not applicable,_Z,Not applicable,_T,All ISCED 2011 levels,_Z,Not applicable,_Z,Not applicable,2022,,1,,0,Units,,,1,One,N05,"<b>Coverage:</b><p>Branches B-S;</p><p>Companies with 10 or more employees,</p><p><b>Note:</b></p><p>Public administration: covers only central government administration (CGPO)</p>"
DATAFLOW,LU1:DSD_ESS_2@DF_C1335(1.1),Employment: percentage by economic activity and education level,I,PC_EMP_EDUC_LEVEL,Percentage of of total employment by education level,SAL_INT,Domestic payroll employment,A4,Quadrennial,_Z,Not applicable,E,"Water supply; sewerage,waste management and remediation activities",_Z,Not applicable,_Z,Not applicable,ED0-2,"Less than primary, primary and lower secondary education (levels 0-2)",_Z,Not applicable,_Z,Not applicable,2010,,0.7,,0,Units,,,1,One,N05,"<b>Coverage:</b><p>Branches B-S;</p><p>Companies with 10 or more employees,</p><p><b>Note:</b></p><p>Public administration: covers only central government administration (CGPO)</p>"
DATAFLOW,LU1:DSD_ESS_2@DF_C1335(1.1),Employment: percentage by economic activity and education level,I,PC_EMP_EDUC_LEVEL,Percentage of of total employment by education level,SAL_INT,Domestic payroll employment,A4,Quadrennial,_Z,Not applicable,E,"Water supply; sewerage,waste management and remediation activities",_Z,Not applicable,_Z,Not applicable,ED0-2,"Less than primary, primary and lower secondary education (levels 0-2)",_Z,Not applicable,_Z,Not applicable,2014,,0.5,,0,Units,,,1,One,N05,"<b>Coverage:</b><p>Branches B-S;</p><p>Companies with 10 or more employees,</p><p><b>Note:</b></p><p>Public administration: covers only central government administration (CGPO)</p>"
DATAFLOW,LU1:DSD_ESS_2@DF_C1335(1.1),Employment: percentage by economic activity and education level,I,PC_EMP_EDUC_LEVEL,Percentage of of total employment by education level,SAL_INT,Domestic payroll employment,A4,Quadrennial,_Z,Not applicable,E,"Water supply; sewerage,waste management and remediation activities",_Z,Not applicable,_Z,Not applicable,ED0-2,"Less than primary, primary and lower secondary education (levels 0-2)",_Z,Not applicable,_Z,Not applicable,2018,,0.5,,0,Units,,,1,One,N05,"<b>Coverage:</b><p>Branches B-S;</p><p>Companies with 10 or more employees,</p><p><b>Note:</b></p><p>Public administration: covers only central government administration (CGPO)</p>"
DATAFLOW,LU1:DSD_ESS_2@DF_C1335(1.1),Employment: percentage by economic activity and education level,I,PC_EMP_EDUC_LEVEL,Percentage of of total employment by education level,SAL_INT,Domestic payroll employment,A4,Quadrennial,_Z,Not applicable,E,"Water supply; sewerage,waste management and remediation activities",_Z,Not applicable,_Z,Not applicable,ED0-2,"Less than primary, primary and lower secondary education (levels 0-2)",_Z,Not applicable,_Z,Not applicable,2022,,1.1,,0,Units,,,1,One,N05,"<b>Coverage:</b><p>Branches B-S;</p><p>Companies with 10 or more employees,</p><p><b>Note:</b></p><p>Public administration: covers only central government administration (CGPO)</p>"
DATAFLOW,LU1:DSD_ESS_2@DF_C1335(1.1),Employment: percentage by economic activity and education level,I,PC_EMP_EDUC_LEVEL,Percentage of of total employment by education level,SAL_INT,Domestic payroll employment,A4,Quadrennial,_Z,Not applicable,N,Administrative and support service activities,_Z,Not applicable,_Z,Not applicable,ED5-8,Tertiary education (levels 5-8),_Z,Not applicable,_Z,Not applicable,2010,,1.7,,0,Units,,,1,One,N05,"<b>Coverage:</b><p>Branches B-S;</p><p>Companies with 10 or more employees,</p><p><b>Note:</b></p><p>Public administration: covers only central government administration (CGPO)</p>"
DATAFLOW,LU1:DSD_ESS_2@DF_C1335(1.1),Employment: percentage by economic activity and education level,I,PC_EMP_EDUC_LEVEL,Percentage of of total employment by education level,SAL_INT,Domestic payroll employment,A4,Quadrennial,_Z,Not applicable,N,Administrative and support service activities,_Z,Not applicable,_Z,Not applicable,ED5-8,Tertiary education (levels 5-8),_Z,Not applicable,_Z,Not applicable,2014,,3.1,,0,Units,,,1,One,N05,"<b>Coverage:</b><p>Branches B-S;</p><p>Companies with 10 or more employees,</p><p><b>Note:</b></p><p>Public administration: covers only central government administration (CGPO)</p>"
DATAFLOW,LU1:DSD_ESS_2@DF_C1335(1.1),Employment: percentage by economic activity and education level,I,PC_EMP_EDUC_LEVEL,Percentage of of total employment by education level,SAL_INT,Domestic payroll employment,A4,Quadrennial,_Z,Not applicable,N,Administrative and support service activities,_Z,Not applicable,_Z,Not applicable,ED5-8,Tertiary education (levels 5-8),_Z,Not applicable,_Z,Not applicable,2018,,3.4,,0,Units,,,1,One,N05,"<b>Coverage:</b><p>Branches B-S;</p><p>Companies with 10 or more employees,</p><p><b>Note:</b></p><p>Public administration: covers only central government administration (CGPO)</p>"
DATAFLOW,LU1:DSD_ESS_2@DF_C1335(1.1),Employment: percentage by economic activity and education level,I,PC_EMP_EDUC_LEVEL,Percentage of of total employment by education level,SAL_INT,Domestic payroll employment,A4,Quadrennial,_Z,Not applicable,N,Administrative and support service activities,_Z,Not applicable,_Z,Not applicable,ED5-8,Tertiary education (levels 5-8),_Z,Not applicable,_Z,Not applicable,2022,,4.1,,0,Units,,,1,One,N05,"<b>Coverage:</b><p>Branches B-S;</p><p>Companies with 10 or more employees,</p><p><b>Note:</b></p><p>Public administration: covers only central government administration (CGPO)</p>"
DATAFLOW,LU1:DSD_ESS_2@DF_C1335(1.1),Employment: percentage by economic activity and education level,I,PC_EMP_NACE,Percentage of total branch employment,SAL_INT,Domestic payroll employment,A4,Quadrennial,_Z,Not applicable,C,Manufacturing,_Z,Not applicable,_Z,Not applicable,ED0-2,"Less than primary, primary and lower secondary education (levels 0-2)",_Z,Not applicable,_Z,Not applicable,2010,,26,,0,Units,,,1,One,N05,"<b>Coverage:</b><p>Branches B-S;</p><p>Companies with 10 or more employees,</p><p><b>Note:</b></p><p>Public administration: covers only central government administration (CGPO)</p>"
DATAFLOW,LU1:DSD_ESS_2@DF_C1335(1.1),Employment: percentage by economic activity and education level,I,PC_EMP_NACE,Percentage of total branch employment,SAL_INT,Domestic payroll employment,A4,Quadrennial,_Z,Not applicable,C,Manufacturing,_Z,Not applicable,_Z,Not applicable,ED0-2,"Less than primary, primary and lower secondary education (levels 0-2)",_Z,Not applicable,_Z,Not applicable,2014,,26.3,,0,Units,,,1,One,N05,"<b>Coverage:</b><p>Branches B-S;</p><p>Companies with 10 or more employees,</p><p><b>Note:</b></p><p>Public administration: covers only central government administration (CGPO)</p>"
DATAFLOW,LU1:DSD_ESS_2@DF_C1335(1.1),Employment: percentage by economic activity and education level,I,PC_EMP_NACE,Percentage of total branch employment,SAL_INT,Domestic payroll employment,A4,Quadrennial,_Z,Not applicable,C,Manufacturing,_Z,Not applicable,_Z,Not applicable,ED0-2,"Less than primary, primary and lower secondary education (levels 0-2)",_Z,Not applicable,_Z,Not applicable,2018,,32.4,,0,Units,,,1,One,N05,"<b>Coverage:</b><p>Branches B-S;</p><p>Companies with 10 or more employees,</p><p><b>Note:</b></p><p>Public administration: covers only central government administration (CGPO)</p>"
DATAFLOW,LU1:DSD_ESS_2@DF_C1335(1.1),Employment: percentage by economic activity and education level,I,PC_EMP_NACE,Percentage of total branch employment,SAL_INT,Domestic payroll employment,A4,Quadrennial,_Z,Not applicable,C,Manufacturing,_Z,Not applicable,_Z,Not applicable,ED0-2,"Less than primary, primary and lower secondary education (levels 0-2)",_Z,Not applicable,_Z,Not applicable,2022,,26.3,,0,Units,,,1,One,N05,"<b>Coverage:</b><p>Branches B-S;</p><p>Companies with 10 or more employees,</p><p><b>Note:</b></p><p>Public administration: covers only central government administration (CGPO)</p>"
DATAFLOW,LU1:DSD_ESS_2@DF_C1335(1.1),Employment: percentage by economic activity and education level,I,PC_EMP_NACE,Percentage of total branch employment,SAL_INT,Domestic payroll employment,A4,Quadrennial,_Z,Not applicable,D,"Electricity, gas, steam and air conditionning supply",_Z,Not applicable,_Z,Not applicable,ED0-2,"Less than primary, primary and lower secondary education (levels 0-2)",_Z,Not applicable,_Z,Not applicable,2010,,3.8,,0,Units,,,1,One,N05,"<b>Coverage:</b><p>Branches B-S;</p><p>Companies with 10 or more employees,</p><p><b>Note:</b></p><p>Public administration: covers only central government administration (CGPO)</p>"
DATAFLOW,LU1:DSD_ESS_2@DF_C1335(1.1),Employment: percentage by economic activity and education level,I,PC_EMP_NACE,Percentage of total branch employment,SAL_INT,Domestic payroll employment,A4,Quadrennial,_Z,Not applicable,D,"Electricity, gas, steam and air conditionning supply",_Z,Not applicable,_Z,Not applicable,ED0-2,"Less than primary, primary and lower secondary education (levels 0-2)",_Z,Not applicable,_Z,Not applicable,2014,,5.7,,0,Units,,,1,One,N05,"<b>Coverage:</b><p>Branches B-S;</p><p>Companies with 10 or more employees,</p><p><b>Note:</b></p><p>Public administration: covers only central government administration (CGPO)</p>"
DATAFLOW,LU1:DSD_ESS_2@DF_C1335(1.1),Employment: percentage by economic activity and education level,I,PC_EMP_NACE,Percentage of total branch employment,SAL_INT,Domestic payroll employment,A4,Quadrennial,_Z,Not applicable,D,"Electricity, gas, steam and air conditionning supply",_Z,Not applicable,_Z,Not applicable,ED0-2,"Less than primary, primary and lower secondary education (levels 0-2)",_Z,Not applicable,_Z,Not applicable,2018,,4.9,,0,Units,,,1,One,N05,"<b>Coverage:</b><p>Branches B-S;</p><p>Companies with 10 or more employees,</p><p><b>Note:</b></p><p>Public administration: covers only central government administration (CGPO)</p>"
DATAFLOW,LU1:DSD_ESS_2@DF_C1335(1.1),Employment: percentage by economic activity and education level,I,PC_EMP_NACE,Percentage of total branch employment,SAL_INT,Domestic payroll employment,A4,Quadrennial,_Z,Not applicable,D,"Electricity, gas, steam and air conditionning supply",_Z,Not applicable,_Z,Not applicable,ED0-2,"Less than primary, primary and lower secondary education (levels 0-2)",_Z,Not applicable,_Z,Not applicable,2022,,9.7,,0,Units,,,1,One,N05,"<b>Coverage:</b><p>Branches B-S;</p><p>Companies with 10 or more employees,</p><p><b>Note:</b></p><p>Public administration: covers only central government administration (CGPO)</p>"
DATAFLOW,LU1:DSD_ESS_2@DF_C1335(1.1),Employment: percentage by economic activity and education level,I,PC_EMP_EDUC_LEVEL,Percentage of of total employment by education level,SAL_INT,Domestic payroll employment,A4,Quadrennial,_Z,Not applicable,B-S,"Industry, construction and services (except activities of households as employers and extra-territorial organisations and bodies)",_Z,Not applicable,_Z,Not applicable,ED5-8,Tertiary education (levels 5-8),_Z,Not applicable,_Z,Not applicable,2010,,100,,0,Units,,,1,One,N05,"<b>Coverage:</b><p>Branches B-S;</p><p>Companies with 10 or more employees,</p><p><b>Note:</b></p><p>Public administration: covers only central government administration (CGPO)</p>"
DATAFLOW,LU1:DSD_ESS_2@DF_C1335(1.1),Employment: percentage by economic activity and education level,I,PC_EMP_EDUC_LEVEL,Percentage of of total employment by education level,SAL_INT,Domestic payroll employment,A4,Quadrennial,_Z,Not applicable,B-S,"Industry, construction and services (except activities of households as employers and extra-territorial organisations and bodies)",_Z,Not applicable,_Z,Not applicable,ED5-8,Tertiary education (levels 5-8),_Z,Not applicable,_Z,Not applicable,2014,,100,,0,Units,,,1,One,N05,"<b>Coverage:</b><p>Branches B-S;</p><p>Companies with 10 or more employees,</p><p><b>Note:</b></p><p>Public administration: covers only central government administration (CGPO)</p>"
DATAFLOW,LU1:DSD_ESS_2@DF_C1335(1.1),Employment: percentage by economic activity and education level,I,PC_EMP_EDUC_LEVEL,Percentage of of total employment by education level,SAL_INT,Domestic payroll employment,A4,Quadrennial,_Z,Not applicable,B-S,"Industry, construction and services (except activities of households as employers and extra-territorial organisations and bodies)",_Z,Not applicable,_Z,Not applicable,ED5-8,Tertiary education (levels 5-8),_Z,Not applicable,_Z,Not applicable,2018,,100,,0,Units,,,1,One,N05,"<b>Coverage:</b><p>Branches B-S;</p><p>Companies with 10 or more employees,</p><p><b>Note:</b></p><p>Public administration: covers only central government administration (CGPO)</p>"
DATAFLOW,LU1:DSD_ESS_2@DF_C1335(1.1),Employment: percentage by economic activity and education level,I,PC_EMP_EDUC_LEVEL,Percentage of of total employment by education level,SAL_INT,Domestic payroll employment,A4,Quadrennial,_Z,Not applicable,B-S,"Industry, construction and services (except activities of households as employers and extra-territorial organisations and bodies)",_Z,Not applicable,_Z,Not applicable,ED5-8,Tertiary education (levels 5-8),_Z,Not applicable,_Z,Not applicable,2022,,100,,0,Units,,,1,One,N05,"<b>Coverage:</b><p>Branches B-S;</p><p>Companies with 10 or more employees,</p><p><b>Note:</b></p><p>Public administration: covers only central government administration (CGPO)</p>"
DATAFLOW,LU1:DSD_ESS_2@DF_C1335(1.1),Employment: percentage by economic activity and education level,I,PC_EMP_EDUC_LEVEL,Percentage of of total employment by education level,SAL_INT,Domestic payroll employment,A4,Quadrennial,_Z,Not applicable,G,Wholesale and retail trade; repair of motor and motorcycles,_Z,Not applicable,_Z,Not applicable,ED3_4,Upper secondary and post-secondary non-tertiary education (levels 3 and 4),_Z,Not applicable,_Z,Not applicable,2010,,13.5,,0,Units,,,1,One,N05,"<b>Coverage:</b><p>Branches B-S;</p><p>Companies with 10 or more employees,</p><p><b>Note:</b></p><p>Public administration: covers only central government administration (CGPO)</p>"
DATAFLOW,LU1:DSD_ESS_2@DF_C1335(1.1),Employment: percentage by economic activity and education level,I,PC_EMP_EDUC_LEVEL,Percentage of of total employment by education level,SAL_INT,Domestic payroll employment,A4,Quadrennial,_Z,Not applicable,G,Wholesale and retail trade; repair of motor and motorcycles,_Z,Not applicable,_Z,Not applicable,ED3_4,Upper secondary and post-secondary non-tertiary education (levels 3 and 4),_Z,Not applicable,_Z,Not applicable,2014,,15.2,,0,Units,,,1,One,N05,"<b>Coverage:</b><p>Branches B-S;</p><p>Companies with 10 or more employees,</p><p><b>Note:</b></p><p>Public administration: covers only central government administration (CGPO)</p>"
DATAFLOW,LU1:DSD_ESS_2@DF_C1335(1.1),Employment: percentage by economic activity and education level,I,PC_EMP_EDUC_LEVEL,Percentage of of total employment by education level,SAL_INT,Domestic payroll employment,A4,Quadrennial,_Z,Not applicable,G,Wholesale and retail trade; repair of motor and motorcycles,_Z,Not applicable,_Z,Not applicable,ED3_4,Upper secondary and post-secondary non-tertiary education (levels 3 and 4),_Z,Not applicable,_Z,Not applicable,2018,,14.9,,0,Units,,,1,One,N05,"<b>Coverage:</b><p>Branches B-S;</p><p>Companies with 10 or more employees,</p><p><b>Note:</b></p><p>Public administration: covers only central government administration (CGPO)</p>"
DATAFLOW,LU1:DSD_ESS_2@DF_C1335(1.1),Employment: percentage by economic activity and education level,I,PC_EMP_EDUC_LEVEL,Percentage of of total employment by education level,SAL_INT,Domestic payroll employment,A4,Quadrennial,_Z,Not applicable,G,Wholesale and retail trade; repair of motor and motorcycles,_Z,Not applicable,_Z,Not applicable,ED3_4,Upper secondary and post-secondary non-tertiary education (levels 3 and 4),_Z,Not applicable,_Z,Not applicable,2022,,14.7,,0,Units,,,1,One,N05,"<b>Coverage:</b><p>Branches B-S;</p><p>Companies with 10 or more employees,</p><p><b>Note:</b></p><p>Public administration: covers only central government administration (CGPO)</p>"
DATAFLOW,LU1:DSD_ESS_2@DF_C1335(1.1),Employment: percentage by economic activity and education level,I,PC_EMP_NACE,Percentage of total branch employment,SAL_INT,Domestic payroll employment,A4,Quadrennial,_Z,Not applicable,P,Education,_Z,Not applicable,_Z,Not applicable,ED5-8,Tertiary education (levels 5-8),_Z,Not applicable,_Z,Not applicable,2010,,71.7,,0,Units,,,1,One,N05,"<b>Coverage:</b><p>Branches B-S;</p><p>Companies with 10 or more employees,</p><p><b>Note:</b></p><p>Public administration: covers only central government administration (CGPO)</p>"
DATAFLOW,LU1:DSD_ESS_2@DF_C1335(1.1),Employment: percentage by economic activity and education level,I,PC_EMP_NACE,Percentage of total branch employment,SAL_INT,Domestic payroll employment,A4,Quadrennial,_Z,Not applicable,P,Education,_Z,Not applicable,_Z,Not applicable,ED5-8,Tertiary education (levels 5-8),_Z,Not applicable,_Z,Not applicable,2014,,75.1,,0,Units,,,1,One,N05,"<b>Coverage:</b><p>Branches B-S;</p><p>Companies with 10 or more employees,</p><p><b>Note:</b></p><p>Public administration: covers only central government administration (CGPO)</p>"
DATAFLOW,LU1:DSD_ESS_2@DF_C1335(1.1),Employment: percentage by economic activity and education level,I,PC_EMP_NACE,Percentage of total branch employment,SAL_INT,Domestic payroll employment,A4,Quadrennial,_Z,Not applicable,P,Education,_Z,Not applicable,_Z,Not applicable,ED5-8,Tertiary education (levels 5-8),_Z,Not applicable,_Z,Not applicable,2018,,76.5,,0,Units,,,1,One,N05,"<b>Coverage:</b><p>Branches B-S;</p><p>Companies with 10 or more employees,</p><p><b>Note:</b></p><p>Public administration: covers only central government administration (CGPO)</p>"
DATAFLOW,LU1:DSD_ESS_2@DF_C1335(1.1),Employment: percentage by economic activity and education level,I,PC_EMP_NACE,Percentage of total branch employment,SAL_INT,Domestic payroll employment,A4,Quadrennial,_Z,Not applicable,P,Education,_Z,Not applicable,_Z,Not applicable,ED5-8,Tertiary education (levels 5-8),_Z,Not applicable,_Z,Not applicable,2022,,80.2,,0,Units,,,1,One,N05,"<b>Coverage:</b><p>Branches B-S;</p><p>Companies with 10 or more employees,</p><p><b>Note:</b></p><p>Public administration: covers only central government administration (CGPO)</p>"
DATAFLOW,LU1:DSD_ESS_2@DF_C1335(1.1),Employment: percentage by economic activity and education level,I,PC_EMP_NACE,Percentage of total branch employment,SAL_INT,Domestic payroll employment,A4,Quadrennial,_Z,Not applicable,M,"Professional, scientific and technical activities",_Z,Not applicable,_Z,Not applicable,ED3_4,Upper secondary and post-secondary non-tertiary education (levels 3 and 4),_Z,Not applicable,_Z,Not applicable,2010,,25.6,,0,Units,,,1,One,N05,"<b>Coverage:</b><p>Branches B-S;</p><p>Companies with 10 or more employees,</p><p><b>Note:</b></p><p>Public administration: covers only central government administration (CGPO)</p>"
DATAFLOW,LU1:DSD_ESS_2@DF_C1335(1.1),Employment: percentage by economic activity and education level,I,PC_EMP_NACE,Percentage of total branch employment,SAL_INT,Domestic payroll employment,A4,Quadrennial,_Z,Not applicable,M,"Professional, scientific and technical activities",_Z,Not applicable,_Z,Not applicable,ED3_4,Upper secondary and post-secondary non-tertiary education (levels 3 and 4),_Z,Not applicable,_Z,Not applicable,2014,,15.5,,0,Units,,,1,One,N05,"<b>Coverage:</b><p>Branches B-S;</p><p>Companies with 10 or more employees,</p><p><b>Note:</b></p><p>Public administration: covers only central government administration (CGPO)</p>"
DATAFLOW,LU1:DSD_ESS_2@DF_C1335(1.1),Employment: percentage by economic activity and education level,I,PC_EMP_NACE,Percentage of total branch employment,SAL_INT,Domestic payroll employment,A4,Quadrennial,_Z,Not applicable,M,"Professional, scientific and technical activities",_Z,Not applicable,_Z,Not applicable,ED3_4,Upper secondary and post-secondary non-tertiary education (levels 3 and 4),_Z,Not applicable,_Z,Not applicable,2018,,14.8,,0,Units,,,1,One,N05,"<b>Coverage:</b><p>Branches B-S;</p><p>Companies with 10 or more employees,</p><p><b>Note:</b></p><p>Public administration: covers only central government administration (CGPO)</p>"
DATAFLOW,LU1:DSD_ESS_2@DF_C1335(1.1),Employment: percentage by economic activity and education level,I,PC_EMP_NACE,Percentage of total branch employment,SAL_INT,Domestic payroll employment,A4,Quadrennial,_Z,Not applicable,M,"Professional, scientific and technical activities",_Z,Not applicable,_Z,Not applicable,ED3_4,Upper secondary and post-secondary non-tertiary education (levels 3 and 4),_Z,Not applicable,_Z,Not applicable,2022,,13.6,,0,Units,,,1,One,N05,"<b>Coverage:</b><p>Branches B-S;</p><p>Companies with 10 or more employees,</p><p><b>Note:</b></p><p>Public administration: covers only central government administration (CGPO)</p>"
DATAFLOW,LU1:DSD_ESS_2@DF_C1335(1.1),Employment: percentage by economic activity and education level,I,PC_EMP_EDUC_LEVEL,Percentage of of total employment by education level,SAL_INT,Domestic payroll employment,A4,Quadrennial,_Z,Not applicable,P,Education,_Z,Not applicable,_Z,Not applicable,ED3_4,Upper secondary and post-secondary non-tertiary education (levels 3 and 4),_Z,Not applicable,_Z,Not applicable,2010,,2.2,,0,Units,,,1,One,N05,"<b>Coverage:</b><p>Branches B-S;</p><p>Companies with 10 or more employees,</p><p><b>Note:</b></p><p>Public administration: covers only central government administration (CGPO)</p>"
DATAFLOW,LU1:DSD_ESS_2@DF_C1335(1.1),Employment: percentage by economic activity and education level,I,PC_EMP_EDUC_LEVEL,Percentage of of total employment by education level,SAL_INT,Domestic payroll employment,A4,Quadrennial,_Z,Not applicable,P,Education,_Z,Not applicable,_Z,Not applicable,ED3_4,Upper secondary and post-secondary non-tertiary education (levels 3 and 4),_Z,Not applicable,_Z,Not applicable,2014,,2.5,,0,Units,,,1,One,N05,"<b>Coverage:</b><p>Branches B-S;</p><p>Companies with 10 or more employees,</p><p><b>Note:</b></p><p>Public administration: covers only central government administration (CGPO)</p>"
DATAFLOW,LU1:DSD_ESS_2@DF_C1335(1.1),Employment: percentage by economic activity and education level,I,PC_EMP_EDUC_LEVEL,Percentage of of total employment by education level,SAL_INT,Domestic payroll employment,A4,Quadrennial,_Z,Not applicable,P,Education,_Z,Not applicable,_Z,Not applicable,ED3_4,Upper secondary and post-secondary non-tertiary education (levels 3 and 4),_Z,Not applicable,_Z,Not applicable,2018,,2.3,,0,Units,,,1,One,N05,"<b>Coverage:</b><p>Branches B-S;</p><p>Companies with 10 or more employees,</p><p><b>Note:</b></p><p>Public administration: covers only central government administration (CGPO)</p>"
DATAFLOW,LU1:DSD_ESS_2@DF_C1335(1.1),Employment: percentage by economic activity and education level,I,PC_EMP_EDUC_LEVEL,Percentage of of total employment by education level,SAL_INT,Domestic payroll employment,A4,Quadrennial,_Z,Not applicable,P,Education,_Z,Not applicable,_Z,Not applicable,ED3_4,Upper secondary and post-secondary non-tertiary education (levels 3 and 4),_Z,Not applicable,_Z,Not applicable,2022,,2.2,,0,Units,,,1,One,N05,"<b>Coverage:</b><p>Branches B-S;</p><p>Companies with 10 or more employees,</p><p><b>Note:</b></p><p>Public administration: covers only central government administration (CGPO)</p>"
DATAFLOW,LU1:DSD_ESS_2@DF_C1335(1.1),Employment: percentage by economic activity and education level,I,PC_EMP_NACE,Percentage of total branch employment,SAL_INT,Domestic payroll employment,A4,Quadrennial,_Z,Not applicable,B-S,"Industry, construction and services (except activities of households as employers and extra-territorial organisations and bodies)",_Z,Not applicable,_Z,Not applicable,ED5-8,Tertiary education (levels 5-8),_Z,Not applicable,_Z,Not applicable,2010,,29.7,,0,Units,,,1,One,N05,"<b>Coverage:</b><p>Branches B-S;</p><p>Companies with 10 or more employees,</p><p><b>Note:</b></p><p>Public administration: covers only central government administration (CGPO)</p>"
DATAFLOW,LU1:DSD_ESS_2@DF_C1335(1.1),Employment: percentage by economic activity and education level,I,PC_EMP_NACE,Percentage of total branch employment,SAL_INT,Domestic payroll employment,A4,Quadrennial,_Z,Not applicable,B-S,"Industry, construction and services (except activities of households as employers and extra-territorial organisations and bodies)",_Z,Not applicable,_Z,Not applicable,ED5-8,Tertiary education (levels 5-8),_Z,Not applicable,_Z,Not applicable,2014,,34,,0,Units,,,1,One,N05,"<b>Coverage:</b><p>Branches B-S;</p><p>Companies with 10 or more employees,</p><p><b>Note:</b></p><p>Public administration: covers only central government administration (CGPO)</p>"
DATAFLOW,LU1:DSD_ESS_2@DF_C1335(1.1),Employment: percentage by economic activity and education level,I,PC_EMP_NACE,Percentage of total branch employment,SAL_INT,Domestic payroll employment,A4,Quadrennial,_Z,Not applicable,B-S,"Industry, construction and services (except activities of households as employers and extra-territorial organisations and bodies)",_Z,Not applicable,_Z,Not applicable,ED5-8,Tertiary education (levels 5-8),_Z,Not applicable,_Z,Not applicable,2018,,38.3,,0,Units,,,1,One,N05,"<b>Coverage:</b><p>Branches B-S;</p><p>Companies with 10 or more employees,</p><p><b>Note:</b></p><p>Public administration: covers only central government administration (CGPO)</p>"
DATAFLOW,LU1:DSD_ESS_2@DF_C1335(1.1),Employment: percentage by economic activity and education level,I,PC_EMP_NACE,Percentage of total branch employment,SAL_INT,Domestic payroll employment,A4,Quadrennial,_Z,Not applicable,B-S,"Industry, construction and services (except activities of households as employers and extra-territorial organisations and bodies)",_Z,Not applicable,_Z,Not applicable,ED5-8,Tertiary education (levels 5-8),_Z,Not applicable,_Z,Not applicable,2022,,41.3,,0,Units,,,1,One,N05,"<b>Coverage:</b><p>Branches B-S;</p><p>Companies with 10 or more employees,</p><p><b>Note:</b></p><p>Public administration: covers only central government administration (CGPO)</p>"
DATAFLOW,LU1:DSD_ESS_2@DF_C1335(1.1),Employment: percentage by economic activity and education level,I,PC_EMP_NACE,Percentage of total branch employment,SAL_INT,Domestic payroll employment,A4,Quadrennial,_Z,Not applicable,J,Information and communication,_Z,Not applicable,_Z,Not applicable,ED3_4,Upper secondary and post-secondary non-tertiary education (levels 3 and 4),_Z,Not applicable,_Z,Not applicable,2010,,23.7,,0,Units,,,1,One,N05,"<b>Coverage:</b><p>Branches B-S;</p><p>Companies with 10 or more employees,</p><p><b>Note:</b></p><p>Public administration: covers only central government administration (CGPO)</p>"
DATAFLOW,LU1:DSD_ESS_2@DF_C1335(1.1),Employment: percentage by economic activity and education level,I,PC_EMP_NACE,Percentage of total branch employment,SAL_INT,Domestic payroll employment,A4,Quadrennial,_Z,Not applicable,J,Information and communication,_Z,Not applicable,_Z,Not applicable,ED3_4,Upper secondary and post-secondary non-tertiary education (levels 3 and 4),_Z,Not applicable,_Z,Not applicable,2014,,20.4,,0,Units,,,1,One,N05,"<b>Coverage:</b><p>Branches B-S;</p><p>Companies with 10 or more employees,</p><p><b>Note:</b></p><p>Public administration: covers only central government administration (CGPO)</p>"
DATAFLOW,LU1:DSD_ESS_2@DF_C1335(1.1),Employment: percentage by economic activity and education level,I,PC_EMP_NACE,Percentage of total branch employment,SAL_INT,Domestic payroll employment,A4,Quadrennial,_Z,Not applicable,J,Information and communication,_Z,Not applicable,_Z,Not applicable,ED3_4,Upper secondary and post-secondary non-tertiary education (levels 3 and 4),_Z,Not applicable,_Z,Not applicable,2018,,18,,0,Units,,,1,One,N05,"<b>Coverage:</b><p>Branches B-S;</p><p>Companies with 10 or more employees,</p><p><b>Note:</b></p><p>Public administration: covers only central government administration (CGPO)</p>"
DATAFLOW,LU1:DSD_ESS_2@DF_C1335(1.1),Employment: percentage by economic activity and education level,I,PC_EMP_NACE,Percentage of total branch employment,SAL_INT,Domestic payroll employment,A4,Quadrennial,_Z,Not applicable,J,Information and communication,_Z,Not applicable,_Z,Not applicable,ED3_4,Upper secondary and post-secondary non-tertiary education (levels 3 and 4),_Z,Not applicable,_Z,Not applicable,2022,,18.9,,0,Units,,,1,One,N05,"<b>Coverage:</b><p>Branches B-S;</p><p>Companies with 10 or more employees,</p><p><b>Note:</b></p><p>Public administration: covers only central government administration (CGPO)</p>"
DATAFLOW,LU1:DSD_ESS_2@DF_C1335(1.1),Employment: percentage by economic activity and education level,I,PC_EMP_NACE,Percentage of total branch employment,SAL_INT,Domestic payroll employment,A4,Quadrennial,_Z,Not applicable,L,Real estate activities,_Z,Not applicable,_Z,Not applicable,ED0-2,"Less than primary, primary and lower secondary education (levels 0-2)",_Z,Not applicable,_Z,Not applicable,2010,,13.8,,0,Units,,,1,One,N05,"<b>Coverage:</b><p>Branches B-S;</p><p>Companies with 10 or more employees,</p><p><b>Note:</b></p><p>Public administration: covers only central government administration (CGPO)</p>"
DATAFLOW,LU1:DSD_ESS_2@DF_C1335(1.1),Employment: percentage by economic activity and education level,I,PC_EMP_NACE,Percentage of total branch employment,SAL_INT,Domestic payroll employment,A4,Quadrennial,_Z,Not applicable,L,Real estate activities,_Z,Not applicable,_Z,Not applicable,ED0-2,"Less than primary, primary and lower secondary education (levels 0-2)",_Z,Not applicable,_Z,Not applicable,2014,,21,,0,Units,,,1,One,N05,"<b>Coverage:</b><p>Branches B-S;</p><p>Companies with 10 or more employees,</p><p><b>Note:</b></p><p>Public administration: covers only central government administration (CGPO)</p>"
DATAFLOW,LU1:DSD_ESS_2@DF_C1335(1.1),Employment: percentage by economic activity and education level,I,PC_EMP_NACE,Percentage of total branch employment,SAL_INT,Domestic payroll employment,A4,Quadrennial,_Z,Not applicable,L,Real estate activities,_Z,Not applicable,_Z,Not applicable,ED0-2,"Less than primary, primary and lower secondary education (levels 0-2)",_Z,Not applicable,_Z,Not applicable,2018,,27.8,,0,Units,,,1,One,N05,"<b>Coverage:</b><p>Branches B-S;</p><p>Companies with 10 or more employees,</p><p><b>Note:</b></p><p>Public administration: covers only central government administration (CGPO)</p>"
DATAFLOW,LU1:DSD_ESS_2@DF_C1335(1.1),Employment: percentage by economic activity and education level,I,PC_EMP_NACE,Percentage of total branch employment,SAL_INT,Domestic payroll employment,A4,Quadrennial,_Z,Not applicable,L,Real estate activities,_Z,Not applicable,_Z,Not applicable,ED0-2,"Less than primary, primary and lower secondary education (levels 0-2)",_Z,Not applicable,_Z,Not applicable,2022,,13.5,,0,Units,,,1,One,N05,"<b>Coverage:</b><p>Branches B-S;</p><p>Companies with 10 or more employees,</p><p><b>Note:</b></p><p>Public administration: covers only central government administration (CGPO)</p>"
DATAFLOW,LU1:DSD_ESS_2@DF_C1335(1.1),Employment: percentage by economic activity and education level,I,PC_EMP_EDUC_LEVEL,Percentage of of total employment by education level,SAL_INT,Domestic payroll employment,A4,Quadrennial,_Z,Not applicable,D,"Electricity, gas, steam and air conditionning supply",_Z,Not applicable,_Z,Not applicable,_T,All ISCED 2011 levels,_Z,Not applicable,_Z,Not applicable,2010,,0.4,,0,Units,,,1,One,N05,"<b>Coverage:</b><p>Branches B-S;</p><p>Companies with 10 or more employees,</p><p><b>Note:</b></p><p>Public administration: covers only central government administration (CGPO)</p>"
DATAFLOW,LU1:DSD_ESS_2@DF_C1335(1.1),Employment: percentage by economic activity and education level,I,PC_EMP_EDUC_LEVEL,Percentage of of total employment by education level,SAL_INT,Domestic payroll employment,A4,Quadrennial,_Z,Not applicable,D,"Electricity, gas, steam and air conditionning supply",_Z,Not applicable,_Z,Not applicable,_T,All ISCED 2011 levels,_Z,Not applicable,_Z,Not applicable,2014,,0.4,,0,Units,,,1,One,N05,"<b>Coverage:</b><p>Branches B-S;</p><p>Companies with 10 or more employees,</p><p><b>Note:</b></p><p>Public administration: covers only central government administration (CGPO)</p>"
DATAFLOW,LU1:DSD_ESS_2@DF_C1335(1.1),Employment: percentage by economic activity and education level,I,PC_EMP_EDUC_LEVEL,Percentage of of total employment by education level,SAL_INT,Domestic payroll employment,A4,Quadrennial,_Z,Not applicable,D,"Electricity, gas, steam and air conditionning supply",_Z,Not applicable,_Z,Not applicable,_T,All ISCED 2011 levels,_Z,Not applicable,_Z,Not applicable,2018,,0.4,,0,Units,,,1,One,N05,"<b>Coverage:</b><p>Branches B-S;</p><p>Companies with 10 or more employees,</p><p><b>Note:</b></p><p>Public administration: covers only central government administration (CGPO)</p>"
DATAFLOW,LU1:DSD_ESS_2@DF_C1335(1.1),Employment: percentage by economic activity and education level,I,PC_EMP_EDUC_LEVEL,Percentage of of total employment by education level,SAL_INT,Domestic payroll employment,A4,Quadrennial,_Z,Not applicable,D,"Electricity, gas, steam and air conditionning supply",_Z,Not applicable,_Z,Not applicable,_T,All ISCED 2011 levels,_Z,Not applicable,_Z,Not applicable,2022,,0.5,,0,Units,,,1,One,N05,"<b>Coverage:</b><p>Branches B-S;</p><p>Companies with 10 or more employees,</p><p><b>Note:</b></p><p>Public administration: covers only central government administration (CGPO)</p>"
DATAFLOW,LU1:DSD_ESS_2@DF_C1335(1.1),Employment: percentage by economic activity and education level,I,PC_EMP_EDUC_LEVEL,Percentage of of total employment by education level,SAL_INT,Domestic payroll employment,A4,Quadrennial,_Z,Not applicable,O,Public administration and defence; compulsory social security public,_Z,Not applicable,_Z,Not applicable,ED0-2,"Less than primary, primary and lower secondary education (levels 0-2)",_Z,Not applicable,_Z,Not applicable,2010,,5,,0,Units,,,1,One,N05,"<b>Coverage:</b><p>Branches B-S;</p><p>Companies with 10 or more employees,</p><p><b>Note:</b></p><p>Public administration: covers only central government administration (CGPO)</p>"
DATAFLOW,LU1:DSD_ESS_2@DF_C1335(1.1),Employment: percentage by economic activity and education level,I,PC_EMP_EDUC_LEVEL,Percentage of of total employment by education level,SAL_INT,Domestic payroll employment,A4,Quadrennial,_Z,Not applicable,O,Public administration and defence; compulsory social security public,_Z,Not applicable,_Z,Not applicable,ED0-2,"Less than primary, primary and lower secondary education (levels 0-2)",_Z,Not applicable,_Z,Not applicable,2014,,3.4,,0,Units,,,1,One,N05,"<b>Coverage:</b><p>Branches B-S;</p><p>Companies with 10 or more employees,</p><p><b>Note:</b></p><p>Public administration: covers only central government administration (CGPO)</p>"
DATAFLOW,LU1:DSD_ESS_2@DF_C1335(1.1),Employment: percentage by economic activity and education level,I,PC_EMP_EDUC_LEVEL,Percentage of of total employment by education level,SAL_INT,Domestic payroll employment,A4,Quadrennial,_Z,Not applicable,O,Public administration and defence; compulsory social security public,_Z,Not applicable,_Z,Not applicable,ED0-2,"Less than primary, primary and lower secondary education (levels 0-2)",_Z,Not applicable,_Z,Not applicable,2018,,2.9,,0,Units,,,1,One,N05,"<b>Coverage:</b><p>Branches B-S;</p><p>Companies with 10 or more employees,</p><p><b>Note:</b></p><p>Public administration: covers only central government administration (CGPO)</p>"
DATAFLOW,LU1:DSD_ESS_2@DF_C1335(1.1),Employment: percentage by economic activity and education level,I,PC_EMP_EDUC_LEVEL,Percentage of of total employment by education level,SAL_INT,Domestic payroll employment,A4,Quadrennial,_Z,Not applicable,O,Public administration and defence; compulsory social security public,_Z,Not applicable,_Z,Not applicable,ED0-2,"Less than primary, primary and lower secondary education (levels 0-2)",_Z,Not applicable,_Z,Not applicable,2022,,3.3,,0,Units,,,1,One,N05,"<b>Coverage:</b><p>Branches B-S;</p><p>Companies with 10 or more employees,</p><p><b>Note:</b></p><p>Public administration: covers only central government administration (CGPO)</p>"
DATAFLOW,LU1:DSD_ESS_2@DF_C1335(1.1),Employment: percentage by economic activity and education level,I,PC_EMP_NACE,Percentage of total branch employment,SAL_INT,Domestic payroll employment,A4,Quadrennial,_Z,Not applicable,B,Mining and quarrying,_Z,Not applicable,_Z,Not applicable,ED0-2,"Less than primary, primary and lower secondary education (levels 0-2)",_Z,Not applicable,_Z,Not applicable,2010,,52.9,,0,Units,,,1,One,N05,"<b>Coverage:</b><p>Branches B-S;</p><p>Companies with 10 or more employees,</p><p><b>Note:</b></p><p>Public administration: covers only central government administration (CGPO)</p>"
DATAFLOW,LU1:DSD_ESS_2@DF_C1335(1.1),Employment: percentage by economic activity and education level,I,PC_EMP_NACE,Percentage of total branch employment,SAL_INT,Domestic payroll employment,A4,Quadrennial,_Z,Not applicable,B,Mining and quarrying,_Z,Not applicable,_Z,Not applicable,ED0-2,"Less than primary, primary and lower secondary education (levels 0-2)",_Z,Not applicable,_Z,Not applicable,2014,,50.9,,0,Units,,,1,One,N05,"<b>Coverage:</b><p>Branches B-S;</p><p>Companies with 10 or more employees,</p><p><b>Note:</b></p><p>Public administration: covers only central government administration (CGPO)</p>"
DATAFLOW,LU1:DSD_ESS_2@DF_C1335(1.1),Employment: percentage by economic activity and education level,I,PC_EMP_NACE,Percentage of total branch employment,SAL_INT,Domestic payroll employment,A4,Quadrennial,_Z,Not applicable,B,Mining and quarrying,_Z,Not applicable,_Z,Not applicable,ED0-2,"Less than primary, primary and lower secondary education (levels 0-2)",_Z,Not applicable,_Z,Not applicable,2018,,25.1,,0,Units,,,1,One,N05,"<b>Coverage:</b><p>Branches B-S;</p><p>Companies with 10 or more employees,</p><p><b>Note:</b></p><p>Public administration: covers only central government administration (CGPO)</p>"
DATAFLOW,LU1:DSD_ESS_2@DF_C1335(1.1),Employment: percentage by economic activity and education level,I,PC_EMP_NACE,Percentage of total branch employment,SAL_INT,Domestic payroll employment,A4,Quadrennial,_Z,Not applicable,B,Mining and quarrying,_Z,Not applicable,_Z,Not applicable,ED0-2,"Less than primary, primary and lower secondary education (levels 0-2)",_Z,Not applicable,_Z,Not applicable,2022,,42.7,,0,Units,,,1,One,N05,"<b>Coverage:</b><p>Branches B-S;</p><p>Companies with 10 or more employees,</p><p><b>Note:</b></p><p>Public administration: covers only central government administration (CGPO)</p>"
DATAFLOW,LU1:DSD_ESS_2@DF_C1335(1.1),Employment: percentage by economic activity and education level,I,PC_EMP_NACE,Percentage of total branch employment,SAL_INT,Domestic payroll employment,A4,Quadrennial,_Z,Not applicable,B-S,"Industry, construction and services (except activities of households as employers and extra-territorial organisations and bodies)",_Z,Not applicable,_Z,Not applicable,ED3_4,Upper secondary and post-secondary non-tertiary education (levels 3 and 4),_Z,Not applicable,_Z,Not applicable,2010,,46.8,,0,Units,,,1,One,N05,"<b>Coverage:</b><p>Branches B-S;</p><p>Companies with 10 or more employees,</p><p><b>Note:</b></p><p>Public administration: covers only central government administration (CGPO)</p>"
DATAFLOW,LU1:DSD_ESS_2@DF_C1335(1.1),Employment: percentage by economic activity and education level,I,PC_EMP_NACE,Percentage of total branch employment,SAL_INT,Domestic payroll employment,A4,Quadrennial,_Z,Not applicable,B-S,"Industry, construction and services (except activities of households as employers and extra-territorial organisations and bodies)",_Z,Not applicable,_Z,Not applicable,ED3_4,Upper secondary and post-secondary non-tertiary education (levels 3 and 4),_Z,Not applicable,_Z,Not applicable,2014,,38.7,,0,Units,,,1,One,N05,"<b>Coverage:</b><p>Branches B-S;</p><p>Companies with 10 or more employees,</p><p><b>Note:</b></p><p>Public administration: covers only central government administration (CGPO)</p>"
DATAFLOW,LU1:DSD_ESS_2@DF_C1335(1.1),Employment: percentage by economic activity and education level,I,PC_EMP_NACE,Percentage of total branch employment,SAL_INT,Domestic payroll employment,A4,Quadrennial,_Z,Not applicable,B-S,"Industry, construction and services (except activities of households as employers and extra-territorial organisations and bodies)",_Z,Not applicable,_Z,Not applicable,ED3_4,Upper secondary and post-secondary non-tertiary education (levels 3 and 4),_Z,Not applicable,_Z,Not applicable,2018,,35.7,,0,Units,,,1,One,N05,"<b>Coverage:</b><p>Branches B-S;</p><p>Companies with 10 or more employees,</p><p><b>Note:</b></p><p>Public administration: covers only central government administration (CGPO)</p>"
DATAFLOW,LU1:DSD_ESS_2@DF_C1335(1.1),Employment: percentage by economic activity and education level,I,PC_EMP_NACE,Percentage of total branch employment,SAL_INT,Domestic payroll employment,A4,Quadrennial,_Z,Not applicable,B-S,"Industry, construction and services (except activities of households as employers and extra-territorial organisations and bodies)",_Z,Not applicable,_Z,Not applicable,ED3_4,Upper secondary and post-secondary non-tertiary education (levels 3 and 4),_Z,Not applicable,_Z,Not applicable,2022,,36.8,,0,Units,,,1,One,N05,"<b>Coverage:</b><p>Branches B-S;</p><p>Companies with 10 or more employees,</p><p><b>Note:</b></p><p>Public administration: covers only central government administration (CGPO)</p>"
DATAFLOW,LU1:DSD_ESS_2@DF_C1335(1.1),Employment: percentage by economic activity and education level,I,PC_EMP_EDUC_LEVEL,Percentage of of total employment by education level,SAL_INT,Domestic payroll employment,A4,Quadrennial,_Z,Not applicable,N,Administrative and support service activities,_Z,Not applicable,_Z,Not applicable,ED0-2,"Less than primary, primary and lower secondary education (levels 0-2)",_Z,Not applicable,_Z,Not applicable,2010,,15.1,,0,Units,,,1,One,N05,"<b>Coverage:</b><p>Branches B-S;</p><p>Companies with 10 or more employees,</p><p><b>Note:</b></p><p>Public administration: covers only central government administration (CGPO)</p>"
DATAFLOW,LU1:DSD_ESS_2@DF_C1335(1.1),Employment: percentage by economic activity and education level,I,PC_EMP_EDUC_LEVEL,Percentage of of total employment by education level,SAL_INT,Domestic payroll employment,A4,Quadrennial,_Z,Not applicable,N,Administrative and support service activities,_Z,Not applicable,_Z,Not applicable,ED0-2,"Less than primary, primary and lower secondary education (levels 0-2)",_Z,Not applicable,_Z,Not applicable,2014,,15.9,,0,Units,,,1,One,N05,"<b>Coverage:</b><p>Branches B-S;</p><p>Companies with 10 or more employees,</p><p><b>Note:</b></p><p>Public administration: covers only central government administration (CGPO)</p>"
DATAFLOW,LU1:DSD_ESS_2@DF_C1335(1.1),Employment: percentage by economic activity and education level,I,PC_EMP_EDUC_LEVEL,Percentage of of total employment by education level,SAL_INT,Domestic payroll employment,A4,Quadrennial,_Z,Not applicable,N,Administrative and support service activities,_Z,Not applicable,_Z,Not applicable,ED0-2,"Less than primary, primary and lower secondary education (levels 0-2)",_Z,Not applicable,_Z,Not applicable,2018,,15.3,,0,Units,,,1,One,N05,"<b>Coverage:</b><p>Branches B-S;</p><p>Companies with 10 or more employees,</p><p><b>Note:</b></p><p>Public administration: covers only central government administration (CGPO)</p>"
DATAFLOW,LU1:DSD_ESS_2@DF_C1335(1.1),Employment: percentage by economic activity and education level,I,PC_EMP_EDUC_LEVEL,Percentage of of total employment by education level,SAL_INT,Domestic payroll employment,A4,Quadrennial,_Z,Not applicable,N,Administrative and support service activities,_Z,Not applicable,_Z,Not applicable,ED0-2,"Less than primary, primary and lower secondary education (levels 0-2)",_Z,Not applicable,_Z,Not applicable,2022,,16.7,,0,Units,,,1,One,N05,"<b>Coverage:</b><p>Branches B-S;</p><p>Companies with 10 or more employees,</p><p><b>Note:</b></p><p>Public administration: covers only central government administration (CGPO)</p>"
DATAFLOW,LU1:DSD_ESS_2@DF_C1335(1.1),Employment: percentage by economic activity and education level,I,PC_EMP_EDUC_LEVEL,Percentage of of total employment by education level,SAL_INT,Domestic payroll employment,A4,Quadrennial,_Z,Not applicable,B-S,"Industry, construction and services (except activities of households as employers and extra-territorial organisations and bodies)",_Z,Not applicable,_Z,Not applicable,ED3_4,Upper secondary and post-secondary non-tertiary education (levels 3 and 4),_Z,Not applicable,_Z,Not applicable,2010,,100,,0,Units,,,1,One,N05,"<b>Coverage:</b><p>Branches B-S;</p><p>Companies with 10 or more employees,</p><p><b>Note:</b></p><p>Public administration: covers only central government administration (CGPO)</p>"
DATAFLOW,LU1:DSD_ESS_2@DF_C1335(1.1),Employment: percentage by economic activity and education level,I,PC_EMP_EDUC_LEVEL,Percentage of of total employment by education level,SAL_INT,Domestic payroll employment,A4,Quadrennial,_Z,Not applicable,B-S,"Industry, construction and services (except activities of households as employers and extra-territorial organisations and bodies)",_Z,Not applicable,_Z,Not applicable,ED3_4,Upper secondary and post-secondary non-tertiary education (levels 3 and 4),_Z,Not applicable,_Z,Not applicable,2014,,100,,0,Units,,,1,One,N05,"<b>Coverage:</b><p>Branches B-S;</p><p>Companies with 10 or more employees,</p><p><b>Note:</b></p><p>Public administration: covers only central government administration (CGPO)</p>"
DATAFLOW,LU1:DSD_ESS_2@DF_C1335(1.1),Employment: percentage by economic activity and education level,I,PC_EMP_EDUC_LEVEL,Percentage of of total employment by education level,SAL_INT,Domestic payroll employment,A4,Quadrennial,_Z,Not applicable,B-S,"Industry, construction and services (except activities of households as employers and extra-territorial organisations and bodies)",_Z,Not applicable,_Z,Not applicable,ED3_4,Upper secondary and post-secondary non-tertiary education (levels 3 and 4),_Z,Not applicable,_Z,Not applicable,2018,,100,,0,Units,,,1,One,N05,"<b>Coverage:</b><p>Branches B-S;</p><p>Companies with 10 or more employees,</p><p><b>Note:</b></p><p>Public administration: covers only central government administration (CGPO)</p>"
DATAFLOW,LU1:DSD_ESS_2@DF_C1335(1.1),Employment: percentage by economic activity and education level,I,PC_EMP_EDUC_LEVEL,Percentage of of total employment by education level,SAL_INT,Domestic payroll employment,A4,Quadrennial,_Z,Not applicable,B-S,"Industry, construction and services (except activities of households as employers and extra-territorial organisations and bodies)",_Z,Not applicable,_Z,Not applicable,ED3_4,Upper secondary and post-secondary non-tertiary education (levels 3 and 4),_Z,Not applicable,_Z,Not applicable,2022,,100,,0,Units,,,1,One,N05,"<b>Coverage:</b><p>Branches B-S;</p><p>Companies with 10 or more employees,</p><p><b>Note:</b></p><p>Public administration: covers only central government administration (CGPO)</p>"
DATAFLOW,LU1:DSD_ESS_2@DF_C1335(1.1),Employment: percentage by economic activity and education level,I,PC_EMP_NACE,Percentage of total branch employment,SAL_INT,Domestic payroll employment,A4,Quadrennial,_Z,Not applicable,D,"Electricity, gas, steam and air conditionning supply",_Z,Not applicable,_Z,Not applicable,ED3_4,Upper secondary and post-secondary non-tertiary education (levels 3 and 4),_Z,Not applicable,_Z,Not applicable,2010,,68.7,,0,Units,,,1,One,N05,"<b>Coverage:</b><p>Branches B-S;</p><p>Companies with 10 or more employees,</p><p><b>Note:</b></p><p>Public administration: covers only central government administration (CGPO)</p>"
DATAFLOW,LU1:DSD_ESS_2@DF_C1335(1.1),Employment: percentage by economic activity and education level,I,PC_EMP_NACE,Percentage of total branch employment,SAL_INT,Domestic payroll employment,A4,Quadrennial,_Z,Not applicable,D,"Electricity, gas, steam and air conditionning supply",_Z,Not applicable,_Z,Not applicable,ED3_4,Upper secondary and post-secondary non-tertiary education (levels 3 and 4),_Z,Not applicable,_Z,Not applicable,2014,,75.9,,0,Units,,,1,One,N05,"<b>Coverage:</b><p>Branches B-S;</p><p>Companies with 10 or more employees,</p><p><b>Note:</b></p><p>Public administration: covers only central government administration (CGPO)</p>"
DATAFLOW,LU1:DSD_ESS_2@DF_C1335(1.1),Employment: percentage by economic activity and education level,I,PC_EMP_NACE,Percentage of total branch employment,SAL_INT,Domestic payroll employment,A4,Quadrennial,_Z,Not applicable,D,"Electricity, gas, steam and air conditionning supply",_Z,Not applicable,_Z,Not applicable,ED3_4,Upper secondary and post-secondary non-tertiary education (levels 3 and 4),_Z,Not applicable,_Z,Not applicable,2018,,68.2,,0,Units,,,1,One,N05,"<b>Coverage:</b><p>Branches B-S;</p><p>Companies with 10 or more employees,</p><p><b>Note:</b></p><p>Public administration: covers only central government administration (CGPO)</p>"
DATAFLOW,LU1:DSD_ESS_2@DF_C1335(1.1),Employment: percentage by economic activity and education level,I,PC_EMP_NACE,Percentage of total branch employment,SAL_INT,Domestic payroll employment,A4,Quadrennial,_Z,Not applicable,D,"Electricity, gas, steam and air conditionning supply",_Z,Not applicable,_Z,Not applicable,ED3_4,Upper secondary and post-secondary non-tertiary education (levels 3 and 4),_Z,Not applicable,_Z,Not applicable,2022,,54.4,,0,Units,,,1,One,N05,"<b>Coverage:</b><p>Branches B-S;</p><p>Companies with 10 or more employees,</p><p><b>Note:</b></p><p>Public administration: covers only central government administration (CGPO)</p>"
DATAFLOW,LU1:DSD_ESS_2@DF_C1335(1.1),Employment: percentage by economic activity and education level,I,PC_EMP_NACE,Percentage of total branch employment,SAL_INT,Domestic payroll employment,A4,Quadrennial,_Z,Not applicable,O,Public administration and defence; compulsory social security public,_Z,Not applicable,_Z,Not applicable,ED0-2,"Less than primary, primary and lower secondary education (levels 0-2)",_Z,Not applicable,_Z,Not applicable,2010,,23.9,,0,Units,,,1,One,N05,"<b>Coverage:</b><p>Branches B-S;</p><p>Companies with 10 or more employees,</p><p><b>Note:</b></p><p>Public administration: covers only central government administration (CGPO)</p>"
DATAFLOW,LU1:DSD_ESS_2@DF_C1335(1.1),Employment: percentage by economic activity and education level,I,PC_EMP_NACE,Percentage of total branch employment,SAL_INT,Domestic payroll employment,A4,Quadrennial,_Z,Not applicable,O,Public administration and defence; compulsory social security public,_Z,Not applicable,_Z,Not applicable,ED0-2,"Less than primary, primary and lower secondary education (levels 0-2)",_Z,Not applicable,_Z,Not applicable,2014,,23.8,,0,Units,,,1,One,N05,"<b>Coverage:</b><p>Branches B-S;</p><p>Companies with 10 or more employees,</p><p><b>Note:</b></p><p>Public administration: covers only central government administration (CGPO)</p>"
DATAFLOW,LU1:DSD_ESS_2@DF_C1335(1.1),Employment: percentage by economic activity and education level,I,PC_EMP_NACE,Percentage of total branch employment,SAL_INT,Domestic payroll employment,A4,Quadrennial,_Z,Not applicable,O,Public administration and defence; compulsory social security public,_Z,Not applicable,_Z,Not applicable,ED0-2,"Less than primary, primary and lower secondary education (levels 0-2)",_Z,Not applicable,_Z,Not applicable,2018,,20.8,,0,Units,,,1,One,N05,"<b>Coverage:</b><p>Branches B-S;</p><p>Companies with 10 or more employees,</p><p><b>Note:</b></p><p>Public administration: covers only central government administration (CGPO)</p>"
DATAFLOW,LU1:DSD_ESS_2@DF_C1335(1.1),Employment: percentage by economic activity and education level,I,PC_EMP_NACE,Percentage of total branch employment,SAL_INT,Domestic payroll employment,A4,Quadrennial,_Z,Not applicable,O,Public administration and defence; compulsory social security public,_Z,Not applicable,_Z,Not applicable,ED0-2,"Less than primary, primary and lower secondary education (levels 0-2)",_Z,Not applicable,_Z,Not applicable,2022,,15.2,,0,Units,,,1,One,N05,"<b>Coverage:</b><p>Branches B-S;</p><p>Companies with 10 or more employees,</p><p><b>Note:</b></p><p>Public administration: covers only central government administration (CGPO)</p>"
DATAFLOW,LU1:DSD_ESS_2@DF_C1335(1.1),Employment: percentage by economic activity and education level,I,PC_EMP_NACE,Percentage of total branch employment,SAL_INT,Domestic payroll employment,A4,Quadrennial,_Z,Not applicable,M,"Professional, scientific and technical activities",_Z,Not applicable,_Z,Not applicable,ED5-8,Tertiary education (levels 5-8),_Z,Not applicable,_Z,Not applicable,2010,,71.3,,0,Units,,,1,One,N05,"<b>Coverage:</b><p>Branches B-S;</p><p>Companies with 10 or more employees,</p><p><b>Note:</b></p><p>Public administration: covers only central government administration (CGPO)</p>"
DATAFLOW,LU1:DSD_ESS_2@DF_C1335(1.1),Employment: percentage by economic activity and education level,I,PC_EMP_NACE,Percentage of total branch employment,SAL_INT,Domestic payroll employment,A4,Quadrennial,_Z,Not applicable,M,"Professional, scientific and technical activities",_Z,Not applicable,_Z,Not applicable,ED5-8,Tertiary education (levels 5-8),_Z,Not applicable,_Z,Not applicable,2014,,78.3,,0,Units,,,1,One,N05,"<b>Coverage:</b><p>Branches B-S;</p><p>Companies with 10 or more employees,</p><p><b>Note:</b></p><p>Public administration: covers only central government administration (CGPO)</p>"
DATAFLOW,LU1:DSD_ESS_2@DF_C1335(1.1),Employment: percentage by economic activity and education level,I,PC_EMP_NACE,Percentage of total branch employment,SAL_INT,Domestic payroll employment,A4,Quadrennial,_Z,Not applicable,M,"Professional, scientific and technical activities",_Z,Not applicable,_Z,Not applicable,ED5-8,Tertiary education (levels 5-8),_Z,Not applicable,_Z,Not applicable,2018,,80.9,,0,Units,,,1,One,N05,"<b>Coverage:</b><p>Branches B-S;</p><p>Companies with 10 or more employees,</p><p><b>Note:</b></p><p>Public administration: covers only central government administration (CGPO)</p>"
DATAFLOW,LU1:DSD_ESS_2@DF_C1335(1.1),Employment: percentage by economic activity and education level,I,PC_EMP_NACE,Percentage of total branch employment,SAL_INT,Domestic payroll employment,A4,Quadrennial,_Z,Not applicable,M,"Professional, scientific and technical activities",_Z,Not applicable,_Z,Not applicable,ED5-8,Tertiary education (levels 5-8),_Z,Not applicable,_Z,Not applicable,2022,,83.6,,0,Units,,,1,One,N05,"<b>Coverage:</b><p>Branches B-S;</p><p>Companies with 10 or more employees,</p><p><b>Note:</b></p><p>Public administration: covers only central government administration (CGPO)</p>"
DATAFLOW,LU1:DSD_ESS_2@DF_C1335(1.1),Employment: percentage by economic activity and education level,I,PC_EMP_NACE,Percentage of total branch employment,SAL_INT,Domestic payroll employment,A4,Quadrennial,_Z,Not applicable,L,Real estate activities,_Z,Not applicable,_Z,Not applicable,ED3_4,Upper secondary and post-secondary non-tertiary education (levels 3 and 4),_Z,Not applicable,_Z,Not applicable,2010,,42.7,,0,Units,,,1,One,N05,"<b>Coverage:</b><p>Branches B-S;</p><p>Companies with 10 or more employees,</p><p><b>Note:</b></p><p>Public administration: covers only central government administration (CGPO)</p>"
DATAFLOW,LU1:DSD_ESS_2@DF_C1335(1.1),Employment: percentage by economic activity and education level,I,PC_EMP_NACE,Percentage of total branch employment,SAL_INT,Domestic payroll employment,A4,Quadrennial,_Z,Not applicable,L,Real estate activities,_Z,Not applicable,_Z,Not applicable,ED3_4,Upper secondary and post-secondary non-tertiary education (levels 3 and 4),_Z,Not applicable,_Z,Not applicable,2014,,28.4,,0,Units,,,1,One,N05,"<b>Coverage:</b><p>Branches B-S;</p><p>Companies with 10 or more employees,</p><p><b>Note:</b></p><p>Public administration: covers only central government administration (CGPO)</p>"
DATAFLOW,LU1:DSD_ESS_2@DF_C1335(1.1),Employment: percentage by economic activity and education level,I,PC_EMP_NACE,Percentage of total branch employment,SAL_INT,Domestic payroll employment,A4,Quadrennial,_Z,Not applicable,L,Real estate activities,_Z,Not applicable,_Z,Not applicable,ED3_4,Upper secondary and post-secondary non-tertiary education (levels 3 and 4),_Z,Not applicable,_Z,Not applicable,2018,,39.1,,0,Units,,,1,One,N05,"<b>Coverage:</b><p>Branches B-S;</p><p>Companies with 10 or more employees,</p><p><b>Note:</b></p><p>Public administration: covers only central government administration (CGPO)</p>"
DATAFLOW,LU1:DSD_ESS_2@DF_C1335(1.1),Employment: percentage by economic activity and education level,I,PC_EMP_NACE,Percentage of total branch employment,SAL_INT,Domestic payroll employment,A4,Quadrennial,_Z,Not applicable,L,Real estate activities,_Z,Not applicable,_Z,Not applicable,ED3_4,Upper secondary and post-secondary non-tertiary education (levels 3 and 4),_Z,Not applicable,_Z,Not applicable,2022,,40.3,,0,Units,,,1,One,N05,"<b>Coverage:</b><p>Branches B-S;</p><p>Companies with 10 or more employees,</p><p><b>Note:</b></p><p>Public administration: covers only central government administration (CGPO)</p>"
DATAFLOW,LU1:DSD_ESS_2@DF_C1335(1.1),Employment: percentage by economic activity and education level,I,PC_EMP_EDUC_LEVEL,Percentage of of total employment by education level,SAL_INT,Domestic payroll employment,A4,Quadrennial,_Z,Not applicable,K,Financial and insurance activities,_Z,Not applicable,_Z,Not applicable,ED0-2,"Less than primary, primary and lower secondary education (levels 0-2)",_Z,Not applicable,_Z,Not applicable,2010,,3,,0,Units,,,1,One,N05,"<b>Coverage:</b><p>Branches B-S;</p><p>Companies with 10 or more employees,</p><p><b>Note:</b></p><p>Public administration: covers only central government administration (CGPO)</p>"
DATAFLOW,LU1:DSD_ESS_2@DF_C1335(1.1),Employment: percentage by economic activity and education level,I,PC_EMP_EDUC_LEVEL,Percentage of of total employment by education level,SAL_INT,Domestic payroll employment,A4,Quadrennial,_Z,Not applicable,K,Financial and insurance activities,_Z,Not applicable,_Z,Not applicable,ED0-2,"Less than primary, primary and lower secondary education (levels 0-2)",_Z,Not applicable,_Z,Not applicable,2014,,3.3,,0,Units,,,1,One,N05,"<b>Coverage:</b><p>Branches B-S;</p><p>Companies with 10 or more employees,</p><p><b>Note:</b></p><p>Public administration: covers only central government administration (CGPO)</p>"
DATAFLOW,LU1:DSD_ESS_2@DF_C1335(1.1),Employment: percentage by economic activity and education level,I,PC_EMP_EDUC_LEVEL,Percentage of of total employment by education level,SAL_INT,Domestic payroll employment,A4,Quadrennial,_Z,Not applicable,K,Financial and insurance activities,_Z,Not applicable,_Z,Not applicable,ED0-2,"Less than primary, primary and lower secondary education (levels 0-2)",_Z,Not applicable,_Z,Not applicable,2018,,2,,0,Units,,,1,One,N05,"<b>Coverage:</b><p>Branches B-S;</p><p>Companies with 10 or more employees,</p><p><b>Note:</b></p><p>Public administration: covers only central government administration (CGPO)</p>"
DATAFLOW,LU1:DSD_ESS_2@DF_C1335(1.1),Employment: percentage by economic activity and education level,I,PC_EMP_EDUC_LEVEL,Percentage of of total employment by education level,SAL_INT,Domestic payroll employment,A4,Quadrennial,_Z,Not applicable,K,Financial and insurance activities,_Z,Not applicable,_Z,Not applicable,ED0-2,"Less than primary, primary and lower secondary education (levels 0-2)",_Z,Not applicable,_Z,Not applicable,2022,,1.1,,0,Units,,,1,One,N05,"<b>Coverage:</b><p>Branches B-S;</p><p>Companies with 10 or more employees,</p><p><b>Note:</b></p><p>Public administration: covers only central government administration (CGPO)</p>"
DATAFLOW,LU1:DSD_ESS_2@DF_C1335(1.1),Employment: percentage by economic activity and education level,I,PC_EMP_NACE,Percentage of total branch employment,SAL_INT,Domestic payroll employment,A4,Quadrennial,_Z,Not applicable,F,Construction,_Z,Not applicable,_Z,Not applicable,ED0-2,"Less than primary, primary and lower secondary education (levels 0-2)",_Z,Not applicable,_Z,Not applicable,2010,,41.8,,0,Units,,,1,One,N05,"<b>Coverage:</b><p>Branches B-S;</p><p>Companies with 10 or more employees,</p><p><b>Note:</b></p><p>Public administration: covers only central government administration (CGPO)</p>"
DATAFLOW,LU1:DSD_ESS_2@DF_C1335(1.1),Employment: percentage by economic activity and education level,I,PC_EMP_NACE,Percentage of total branch employment,SAL_INT,Domestic payroll employment,A4,Quadrennial,_Z,Not applicable,F,Construction,_Z,Not applicable,_Z,Not applicable,ED0-2,"Less than primary, primary and lower secondary education (levels 0-2)",_Z,Not applicable,_Z,Not applicable,2014,,46.6,,0,Units,,,1,One,N05,"<b>Coverage:</b><p>Branches B-S;</p><p>Companies with 10 or more employees,</p><p><b>Note:</b></p><p>Public administration: covers only central government administration (CGPO)</p>"
DATAFLOW,LU1:DSD_ESS_2@DF_C1335(1.1),Employment: percentage by economic activity and education level,I,PC_EMP_NACE,Percentage of total branch employment,SAL_INT,Domestic payroll employment,A4,Quadrennial,_Z,Not applicable,F,Construction,_Z,Not applicable,_Z,Not applicable,ED0-2,"Less than primary, primary and lower secondary education (levels 0-2)",_Z,Not applicable,_Z,Not applicable,2018,,47,,0,Units,,,1,One,N05,"<b>Coverage:</b><p>Branches B-S;</p><p>Companies with 10 or more employees,</p><p><b>Note:</b></p><p>Public administration: covers only central government administration (CGPO)</p>"
DATAFLOW,LU1:DSD_ESS_2@DF_C1335(1.1),Employment: percentage by economic activity and education level,I,PC_EMP_NACE,Percentage of total branch employment,SAL_INT,Domestic payroll employment,A4,Quadrennial,_Z,Not applicable,F,Construction,_Z,Not applicable,_Z,Not applicable,ED0-2,"Less than primary, primary and lower secondary education (levels 0-2)",_Z,Not applicable,_Z,Not applicable,2022,,40.6,,0,Units,,,1,One,N05,"<b>Coverage:</b><p>Branches B-S;</p><p>Companies with 10 or more employees,</p><p><b>Note:</b></p><p>Public administration: covers only central government administration (CGPO)</p>"
DATAFLOW,LU1:DSD_ESS_2@DF_C1335(1.1),Employment: percentage by economic activity and education level,I,PC_EMP_EDUC_LEVEL,Percentage of of total employment by education level,SAL_INT,Domestic payroll employment,A4,Quadrennial,_Z,Not applicable,I,Accommodation and food service activities,_Z,Not applicable,_Z,Not applicable,ED0-2,"Less than primary, primary and lower secondary education (levels 0-2)",_Z,Not applicable,_Z,Not applicable,2010,,5.9,,0,Units,,,1,One,N05,"<b>Coverage:</b><p>Branches B-S;</p><p>Companies with 10 or more employees,</p><p><b>Note:</b></p><p>Public administration: covers only central government administration (CGPO)</p>"
DATAFLOW,LU1:DSD_ESS_2@DF_C1335(1.1),Employment: percentage by economic activity and education level,I,PC_EMP_EDUC_LEVEL,Percentage of of total employment by education level,SAL_INT,Domestic payroll employment,A4,Quadrennial,_Z,Not applicable,I,Accommodation and food service activities,_Z,Not applicable,_Z,Not applicable,ED0-2,"Less than primary, primary and lower secondary education (levels 0-2)",_Z,Not applicable,_Z,Not applicable,2014,,6.2,,0,Units,,,1,One,N05,"<b>Coverage:</b><p>Branches B-S;</p><p>Companies with 10 or more employees,</p><p><b>Note:</b></p><p>Public administration: covers only central government administration (CGPO)</p>"
DATAFLOW,LU1:DSD_ESS_2@DF_C1335(1.1),Employment: percentage by economic activity and education level,I,PC_EMP_EDUC_LEVEL,Percentage of of total employment by education level,SAL_INT,Domestic payroll employment,A4,Quadrennial,_Z,Not applicable,I,Accommodation and food service activities,_Z,Not applicable,_Z,Not applicable,ED0-2,"Less than primary, primary and lower secondary education (levels 0-2)",_Z,Not applicable,_Z,Not applicable,2018,,7.2,,0,Units,,,1,One,N05,"<b>Coverage:</b><p>Branches B-S;</p><p>Companies with 10 or more employees,</p><p><b>Note:</b></p><p>Public administration: covers only central government administration (CGPO)</p>"
DATAFLOW,LU1:DSD_ESS_2@DF_C1335(1.1),Employment: percentage by economic activity and education level,I,PC_EMP_EDUC_LEVEL,Percentage of of total employment by education level,SAL_INT,Domestic payroll employment,A4,Quadrennial,_Z,Not applicable,I,Accommodation and food service activities,_Z,Not applicable,_Z,Not applicable,ED0-2,"Less than primary, primary and lower secondary education (levels 0-2)",_Z,Not applicable,_Z,Not applicable,2022,,7.5,,0,Units,,,1,One,N05,"<b>Coverage:</b><p>Branches B-S;</p><p>Companies with 10 or more employees,</p><p><b>Note:</b></p><p>Public administration: covers only central government administration (CGPO)</p>"
DATAFLOW,LU1:DSD_ESS_2@DF_C1335(1.1),Employment: percentage by economic activity and education level,I,PC_EMP_EDUC_LEVEL,Percentage of of total employment by education level,SAL_INT,Domestic payroll employment,A4,Quadrennial,_Z,Not applicable,C,Manufacturing,_Z,Not applicable,_Z,Not applicable,_T,All ISCED 2011 levels,_Z,Not applicable,_Z,Not applicable,2010,,10.2,,0,Units,,,1,One,N05,"<b>Coverage:</b><p>Branches B-S;</p><p>Companies with 10 or more employees,</p><p><b>Note:</b></p><p>Public administration: covers only central government administration (CGPO)</p>"
DATAFLOW,LU1:DSD_ESS_2@DF_C1335(1.1),Employment: percentage by economic activity and education level,I,PC_EMP_EDUC_LEVEL,Percentage of of total employment by education level,SAL_INT,Domestic payroll employment,A4,Quadrennial,_Z,Not applicable,C,Manufacturing,_Z,Not applicable,_Z,Not applicable,_T,All ISCED 2011 levels,_Z,Not applicable,_Z,Not applicable,2014,,9.3,,0,Units,,,1,One,N05,"<b>Coverage:</b><p>Branches B-S;</p><p>Companies with 10 or more employees,</p><p><b>Note:</b></p><p>Public administration: covers only central government administration (CGPO)</p>"
DATAFLOW,LU1:DSD_ESS_2@DF_C1335(1.1),Employment: percentage by economic activity and education level,I,PC_EMP_EDUC_LEVEL,Percentage of of total employment by education level,SAL_INT,Domestic payroll employment,A4,Quadrennial,_Z,Not applicable,C,Manufacturing,_Z,Not applicable,_Z,Not applicable,_T,All ISCED 2011 levels,_Z,Not applicable,_Z,Not applicable,2018,,8.5,,0,Units,,,1,One,N05,"<b>Coverage:</b><p>Branches B-S;</p><p>Companies with 10 or more employees,</p><p><b>Note:</b></p><p>Public administration: covers only central government administration (CGPO)</p>"
DATAFLOW,LU1:DSD_ESS_2@DF_C1335(1.1),Employment: percentage by economic activity and education level,I,PC_EMP_EDUC_LEVEL,Percentage of of total employment by education level,SAL_INT,Domestic payroll employment,A4,Quadrennial,_Z,Not applicable,C,Manufacturing,_Z,Not applicable,_Z,Not applicable,_T,All ISCED 2011 levels,_Z,Not applicable,_Z,Not applicable,2022,,7.5,,0,Units,,,1,One,N05,"<b>Coverage:</b><p>Branches B-S;</p><p>Companies with 10 or more employees,</p><p><b>Note:</b></p><p>Public administration: covers only central government administration (CGPO)</p>"
DATAFLOW,LU1:DSD_ESS_2@DF_C1335(1.1),Employment: percentage by economic activity and education level,I,PC_EMP_NACE,Percentage of total branch employment,SAL_INT,Domestic payroll employment,A4,Quadrennial,_Z,Not applicable,B-S,"Industry, construction and services (except activities of households as employers and extra-territorial organisations and bodies)",_Z,Not applicable,_Z,Not applicable,ED0-2,"Less than primary, primary and lower secondary education (levels 0-2)",_Z,Not applicable,_Z,Not applicable,2010,,23.6,,0,Units,,,1,One,N05,"<b>Coverage:</b><p>Branches B-S;</p><p>Companies with 10 or more employees,</p><p><b>Note:</b></p><p>Public administration: covers only central government administration (CGPO)</p>"
DATAFLOW,LU1:DSD_ESS_2@DF_C1335(1.1),Employment: percentage by economic activity and education level,I,PC_EMP_NACE,Percentage of total branch employment,SAL_INT,Domestic payroll employment,A4,Quadrennial,_Z,Not applicable,B-S,"Industry, construction and services (except activities of households as employers and extra-territorial organisations and bodies)",_Z,Not applicable,_Z,Not applicable,ED0-2,"Less than primary, primary and lower secondary education (levels 0-2)",_Z,Not applicable,_Z,Not applicable,2014,,27.4,,0,Units,,,1,One,N05,"<b>Coverage:</b><p>Branches B-S;</p><p>Companies with 10 or more employees,</p><p><b>Note:</b></p><p>Public administration: covers only central government administration (CGPO)</p>"
DATAFLOW,LU1:DSD_ESS_2@DF_C1335(1.1),Employment: percentage by economic activity and education level,I,PC_EMP_NACE,Percentage of total branch employment,SAL_INT,Domestic payroll employment,A4,Quadrennial,_Z,Not applicable,B-S,"Industry, construction and services (except activities of households as employers and extra-territorial organisations and bodies)",_Z,Not applicable,_Z,Not applicable,ED0-2,"Less than primary, primary and lower secondary education (levels 0-2)",_Z,Not applicable,_Z,Not applicable,2018,,26,,0,Units,,,1,One,N05,"<b>Coverage:</b><p>Branches B-S;</p><p>Companies with 10 or more employees,</p><p><b>Note:</b></p><p>Public administration: covers only central government administration (CGPO)</p>"
DATAFLOW,LU1:DSD_ESS_2@DF_C1335(1.1),Employment: percentage by economic activity and education level,I,PC_EMP_NACE,Percentage of total branch employment,SAL_INT,Domestic payroll employment,A4,Quadrennial,_Z,Not applicable,B-S,"Industry, construction and services (except activities of households as employers and extra-territorial organisations and bodies)",_Z,Not applicable,_Z,Not applicable,ED0-2,"Less than primary, primary and lower secondary education (levels 0-2)",_Z,Not applicable,_Z,Not applicable,2022,,21.9,,0,Units,,,1,One,N05,"<b>Coverage:</b><p>Branches B-S;</p><p>Companies with 10 or more employees,</p><p><b>Note:</b></p><p>Public administration: covers only central government administration (CGPO)</p>"
DATAFLOW,LU1:DSD_ESS_2@DF_C1335(1.1),Employment: percentage by economic activity and education level,I,PC_EMP_NACE,Percentage of total branch employment,SAL_INT,Domestic payroll employment,A4,Quadrennial,_Z,Not applicable,F,Construction,_Z,Not applicable,_Z,Not applicable,ED3_4,Upper secondary and post-secondary non-tertiary education (levels 3 and 4),_Z,Not applicable,_Z,Not applicable,2010,,51.1,,0,Units,,,1,One,N05,"<b>Coverage:</b><p>Branches B-S;</p><p>Companies with 10 or more employees,</p><p><b>Note:</b></p><p>Public administration: covers only central government administration (CGPO)</p>"
DATAFLOW,LU1:DSD_ESS_2@DF_C1335(1.1),Employment: percentage by economic activity and education level,I,PC_EMP_NACE,Percentage of total branch employment,SAL_INT,Domestic payroll employment,A4,Quadrennial,_Z,Not applicable,F,Construction,_Z,Not applicable,_Z,Not applicable,ED3_4,Upper secondary and post-secondary non-tertiary education (levels 3 and 4),_Z,Not applicable,_Z,Not applicable,2014,,44.6,,0,Units,,,1,One,N05,"<b>Coverage:</b><p>Branches B-S;</p><p>Companies with 10 or more employees,</p><p><b>Note:</b></p><p>Public administration: covers only central government administration (CGPO)</p>"
DATAFLOW,LU1:DSD_ESS_2@DF_C1335(1.1),Employment: percentage by economic activity and education level,I,PC_EMP_NACE,Percentage of total branch employment,SAL_INT,Domestic payroll employment,A4,Quadrennial,_Z,Not applicable,F,Construction,_Z,Not applicable,_Z,Not applicable,ED3_4,Upper secondary and post-secondary non-tertiary education (levels 3 and 4),_Z,Not applicable,_Z,Not applicable,2018,,41.8,,0,Units,,,1,One,N05,"<b>Coverage:</b><p>Branches B-S;</p><p>Companies with 10 or more employees,</p><p><b>Note:</b></p><p>Public administration: covers only central government administration (CGPO)</p>"
DATAFLOW,LU1:DSD_ESS_2@DF_C1335(1.1),Employment: percentage by economic activity and education level,I,PC_EMP_NACE,Percentage of total branch employment,SAL_INT,Domestic payroll employment,A4,Quadrennial,_Z,Not applicable,F,Construction,_Z,Not applicable,_Z,Not applicable,ED3_4,Upper secondary and post-secondary non-tertiary education (levels 3 and 4),_Z,Not applicable,_Z,Not applicable,2022,,45.9,,0,Units,,,1,One,N05,"<b>Coverage:</b><p>Branches B-S;</p><p>Companies with 10 or more employees,</p><p><b>Note:</b></p><p>Public administration: covers only central government administration (CGPO)</p>"
DATAFLOW,LU1:DSD_ESS_2@DF_C1335(1.1),Employment: percentage by economic activity and education level,I,PC_EMP_EDUC_LEVEL,Percentage of of total employment by education level,SAL_INT,Domestic payroll employment,A4,Quadrennial,_Z,Not applicable,P,Education,_Z,Not applicable,_Z,Not applicable,ED0-2,"Less than primary, primary and lower secondary education (levels 0-2)",_Z,Not applicable,_Z,Not applicable,2010,,1.9,,0,Units,,,1,One,N05,"<b>Coverage:</b><p>Branches B-S;</p><p>Companies with 10 or more employees,</p><p><b>Note:</b></p><p>Public administration: covers only central government administration (CGPO)</p>"
DATAFLOW,LU1:DSD_ESS_2@DF_C1335(1.1),Employment: percentage by economic activity and education level,I,PC_EMP_EDUC_LEVEL,Percentage of of total employment by education level,SAL_INT,Domestic payroll employment,A4,Quadrennial,_Z,Not applicable,P,Education,_Z,Not applicable,_Z,Not applicable,ED0-2,"Less than primary, primary and lower secondary education (levels 0-2)",_Z,Not applicable,_Z,Not applicable,2014,,1.6,,0,Units,,,1,One,N05,"<b>Coverage:</b><p>Branches B-S;</p><p>Companies with 10 or more employees,</p><p><b>Note:</b></p><p>Public administration: covers only central government administration (CGPO)</p>"
DATAFLOW,LU1:DSD_ESS_2@DF_C1335(1.1),Employment: percentage by economic activity and education level,I,PC_EMP_EDUC_LEVEL,Percentage of of total employment by education level,SAL_INT,Domestic payroll employment,A4,Quadrennial,_Z,Not applicable,P,Education,_Z,Not applicable,_Z,Not applicable,ED0-2,"Less than primary, primary and lower secondary education (levels 0-2)",_Z,Not applicable,_Z,Not applicable,2018,,1.6,,0,Units,,,1,One,N05,"<b>Coverage:</b><p>Branches B-S;</p><p>Companies with 10 or more employees,</p><p><b>Note:</b></p><p>Public administration: covers only central government administration (CGPO)</p>"
DATAFLOW,LU1:DSD_ESS_2@DF_C1335(1.1),Employment: percentage by economic activity and education level,I,PC_EMP_EDUC_LEVEL,Percentage of of total employment by education level,SAL_INT,Domestic payroll employment,A4,Quadrennial,_Z,Not applicable,P,Education,_Z,Not applicable,_Z,Not applicable,ED0-2,"Less than primary, primary and lower secondary education (levels 0-2)",_Z,Not applicable,_Z,Not applicable,2022,,1.4,,0,Units,,,1,One,N05,"<b>Coverage:</b><p>Branches B-S;</p><p>Companies with 10 or more employees,</p><p><b>Note:</b></p><p>Public administration: covers only central government administration (CGPO)</p>"
DATAFLOW,LU1:DSD_ESS_2@DF_C1335(1.1),Employment: percentage by economic activity and education level,I,PC_EMP_EDUC_LEVEL,Percentage of of total employment by education level,SAL_INT,Domestic payroll employment,A4,Quadrennial,_Z,Not applicable,C,Manufacturing,_Z,Not applicable,_Z,Not applicable,ED3_4,Upper secondary and post-secondary non-tertiary education (levels 3 and 4),_Z,Not applicable,_Z,Not applicable,2010,,12.5,,0,Units,,,1,One,N05,"<b>Coverage:</b><p>Branches B-S;</p><p>Companies with 10 or more employees,</p><p><b>Note:</b></p><p>Public administration: covers only central government administration (CGPO)</p>"
DATAFLOW,LU1:DSD_ESS_2@DF_C1335(1.1),Employment: percentage by economic activity and education level,I,PC_EMP_EDUC_LEVEL,Percentage of of total employment by education level,SAL_INT,Domestic payroll employment,A4,Quadrennial,_Z,Not applicable,C,Manufacturing,_Z,Not applicable,_Z,Not applicable,ED3_4,Upper secondary and post-secondary non-tertiary education (levels 3 and 4),_Z,Not applicable,_Z,Not applicable,2014,,12.6,,0,Units,,,1,One,N05,"<b>Coverage:</b><p>Branches B-S;</p><p>Companies with 10 or more employees,</p><p><b>Note:</b></p><p>Public administration: covers only central government administration (CGPO)</p>"
DATAFLOW,LU1:DSD_ESS_2@DF_C1335(1.1),Employment: percentage by economic activity and education level,I,PC_EMP_EDUC_LEVEL,Percentage of of total employment by education level,SAL_INT,Domestic payroll employment,A4,Quadrennial,_Z,Not applicable,C,Manufacturing,_Z,Not applicable,_Z,Not applicable,ED3_4,Upper secondary and post-secondary non-tertiary education (levels 3 and 4),_Z,Not applicable,_Z,Not applicable,2018,,10.2,,0,Units,,,1,One,N05,"<b>Coverage:</b><p>Branches B-S;</p><p>Companies with 10 or more employees,</p><p><b>Note:</b></p><p>Public administration: covers only central government administration (CGPO)</p>"
DATAFLOW,LU1:DSD_ESS_2@DF_C1335(1.1),Employment: percentage by economic activity and education level,I,PC_EMP_EDUC_LEVEL,Percentage of of total employment by education level,SAL_INT,Domestic payroll employment,A4,Quadrennial,_Z,Not applicable,C,Manufacturing,_Z,Not applicable,_Z,Not applicable,ED3_4,Upper secondary and post-secondary non-tertiary education (levels 3 and 4),_Z,Not applicable,_Z,Not applicable,2022,,10.1,,0,Units,,,1,One,N05,"<b>Coverage:</b><p>Branches B-S;</p><p>Companies with 10 or more employees,</p><p><b>Note:</b></p><p>Public administration: covers only central government administration (CGPO)</p>"
DATAFLOW,LU1:DSD_ESS_2@DF_C1335(1.1),Employment: percentage by economic activity and education level,I,PC_EMP_EDUC_LEVEL,Percentage of of total employment by education level,SAL_INT,Domestic payroll employment,A4,Quadrennial,_Z,Not applicable,G,Wholesale and retail trade; repair of motor and motorcycles,_Z,Not applicable,_Z,Not applicable,ED0-2,"Less than primary, primary and lower secondary education (levels 0-2)",_Z,Not applicable,_Z,Not applicable,2010,,13.1,,0,Units,,,1,One,N05,"<b>Coverage:</b><p>Branches B-S;</p><p>Companies with 10 or more employees,</p><p><b>Note:</b></p><p>Public administration: covers only central government administration (CGPO)</p>"
DATAFLOW,LU1:DSD_ESS_2@DF_C1335(1.1),Employment: percentage by economic activity and education level,I,PC_EMP_EDUC_LEVEL,Percentage of of total employment by education level,SAL_INT,Domestic payroll employment,A4,Quadrennial,_Z,Not applicable,G,Wholesale and retail trade; repair of motor and motorcycles,_Z,Not applicable,_Z,Not applicable,ED0-2,"Less than primary, primary and lower secondary education (levels 0-2)",_Z,Not applicable,_Z,Not applicable,2014,,13.1,,0,Units,,,1,One,N05,"<b>Coverage:</b><p>Branches B-S;</p><p>Companies with 10 or more employees,</p><p><b>Note:</b></p><p>Public administration: covers only central government administration (CGPO)</p>"
DATAFLOW,LU1:DSD_ESS_2@DF_C1335(1.1),Employment: percentage by economic activity and education level,I,PC_EMP_EDUC_LEVEL,Percentage of of total employment by education level,SAL_INT,Domestic payroll employment,A4,Quadrennial,_Z,Not applicable,G,Wholesale and retail trade; repair of motor and motorcycles,_Z,Not applicable,_Z,Not applicable,ED0-2,"Less than primary, primary and lower secondary education (levels 0-2)",_Z,Not applicable,_Z,Not applicable,2018,,12.7,,0,Units,,,1,One,N05,"<b>Coverage:</b><p>Branches B-S;</p><p>Companies with 10 or more employees,</p><p><b>Note:</b></p><p>Public administration: covers only central government administration (CGPO)</p>"
DATAFLOW,LU1:DSD_ESS_2@DF_C1335(1.1),Employment: percentage by economic activity and education level,I,PC_EMP_EDUC_LEVEL,Percentage of of total employment by education level,SAL_INT,Domestic payroll employment,A4,Quadrennial,_Z,Not applicable,G,Wholesale and retail trade; repair of motor and motorcycles,_Z,Not applicable,_Z,Not applicable,ED0-2,"Less than primary, primary and lower secondary education (levels 0-2)",_Z,Not applicable,_Z,Not applicable,2022,,12.4,,0,Units,,,1,One,N05,"<b>Coverage:</b><p>Branches B-S;</p><p>Companies with 10 or more employees,</p><p><b>Note:</b></p><p>Public administration: covers only central government administration (CGPO)</p>"
DATAFLOW,LU1:DSD_ESS_2@DF_C1335(1.1),Employment: percentage by economic activity and education level,I,PC_EMP_NACE,Percentage of total branch employment,SAL_INT,Domestic payroll employment,A4,Quadrennial,_Z,Not applicable,R,"Arts, entertainment, and recreational activities",_Z,Not applicable,_Z,Not applicable,ED0-2,"Less than primary, primary and lower secondary education (levels 0-2)",_Z,Not applicable,_Z,Not applicable,2010,,15.2,,0,Units,,,1,One,N05,"<b>Coverage:</b><p>Branches B-S;</p><p>Companies with 10 or more employees,</p><p><b>Note:</b></p><p>Public administration: covers only central government administration (CGPO)</p>"
DATAFLOW,LU1:DSD_ESS_2@DF_C1335(1.1),Employment: percentage by economic activity and education level,I,PC_EMP_NACE,Percentage of total branch employment,SAL_INT,Domestic payroll employment,A4,Quadrennial,_Z,Not applicable,R,"Arts, entertainment, and recreational activities",_Z,Not applicable,_Z,Not applicable,ED0-2,"Less than primary, primary and lower secondary education (levels 0-2)",_Z,Not applicable,_Z,Not applicable,2014,,17.7,,0,Units,,,1,One,N05,"<b>Coverage:</b><p>Branches B-S;</p><p>Companies with 10 or more employees,</p><p><b>Note:</b></p><p>Public administration: covers only central government administration (CGPO)</p>"
DATAFLOW,LU1:DSD_ESS_2@DF_C1335(1.1),Employment: percentage by economic activity and education level,I,PC_EMP_NACE,Percentage of total branch employment,SAL_INT,Domestic payroll employment,A4,Quadrennial,_Z,Not applicable,R,"Arts, entertainment, and recreational activities",_Z,Not applicable,_Z,Not applicable,ED0-2,"Less than primary, primary and lower secondary education (levels 0-2)",_Z,Not applicable,_Z,Not applicable,2018,,21.3,,0,Units,,,1,One,N05,"<b>Coverage:</b><p>Branches B-S;</p><p>Companies with 10 or more employees,</p><p><b>Note:</b></p><p>Public administration: covers only central government administration (CGPO)</p>"
DATAFLOW,LU1:DSD_ESS_2@DF_C1335(1.1),Employment: percentage by economic activity and education level,I,PC_EMP_NACE,Percentage of total branch employment,SAL_INT,Domestic payroll employment,A4,Quadrennial,_Z,Not applicable,R,"Arts, entertainment, and recreational activities",_Z,Not applicable,_Z,Not applicable,ED0-2,"Less than primary, primary and lower secondary education (levels 0-2)",_Z,Not applicable,_Z,Not applicable,2022,,18.7,,0,Units,,,1,One,N05,"<b>Coverage:</b><p>Branches B-S;</p><p>Companies with 10 or more employees,</p><p><b>Note:</b></p><p>Public administration: covers only central government administration (CGPO)</p>"
DATAFLOW,LU1:DSD_ESS_2@DF_C1335(1.1),Employment: percentage by economic activity and education level,I,PC_EMP_NACE,Percentage of total branch employment,SAL_INT,Domestic payroll employment,A4,Quadrennial,_Z,Not applicable,B,Mining and quarrying,_Z,Not applicable,_Z,Not applicable,ED5-8,Tertiary education (levels 5-8),_Z,Not applicable,_Z,Not applicable,2010,,4.5,,0,Units,,,1,One,N05,"<b>Coverage:</b><p>Branches B-S;</p><p>Companies with 10 or more employees,</p><p><b>Note:</b></p><p>Public administration: covers only central government administration (CGPO)</p>"
DATAFLOW,LU1:DSD_ESS_2@DF_C1335(1.1),Employment: percentage by economic activity and education level,I,PC_EMP_NACE,Percentage of total branch employment,SAL_INT,Domestic payroll employment,A4,Quadrennial,_Z,Not applicable,B,Mining and quarrying,_Z,Not applicable,_Z,Not applicable,ED5-8,Tertiary education (levels 5-8),_Z,Not applicable,_Z,Not applicable,2014,,9.4,,0,Units,,,1,One,N05,"<b>Coverage:</b><p>Branches B-S;</p><p>Companies with 10 or more employees,</p><p><b>Note:</b></p><p>Public administration: covers only central government administration (CGPO)</p>"
DATAFLOW,LU1:DSD_ESS_2@DF_C1335(1.1),Employment: percentage by economic activity and education level,I,PC_EMP_NACE,Percentage of total branch employment,SAL_INT,Domestic payroll employment,A4,Quadrennial,_Z,Not applicable,B,Mining and quarrying,_Z,Not applicable,_Z,Not applicable,ED5-8,Tertiary education (levels 5-8),_Z,Not applicable,_Z,Not applicable,2018,,27.4,,0,Units,,,1,One,N05,"<b>Coverage:</b><p>Branches B-S;</p><p>Companies with 10 or more employees,</p><p><b>Note:</b></p><p>Public administration: covers only central government administration (CGPO)</p>"
DATAFLOW,LU1:DSD_ESS_2@DF_C1335(1.1),Employment: percentage by economic activity and education level,I,PC_EMP_NACE,Percentage of total branch employment,SAL_INT,Domestic payroll employment,A4,Quadrennial,_Z,Not applicable,B,Mining and quarrying,_Z,Not applicable,_Z,Not applicable,ED5-8,Tertiary education (levels 5-8),_Z,Not applicable,_Z,Not applicable,2022,,6.7,,0,Units,,,1,One,N05,"<b>Coverage:</b><p>Branches B-S;</p><p>Companies with 10 or more employees,</p><p><b>Note:</b></p><p>Public administration: covers only central government administration (CGPO)</p>"
DATAFLOW,LU1:DSD_ESS_2@DF_C1335(1.1),Employment: percentage by economic activity and education level,I,PC_EMP_EDUC_LEVEL,Percentage of of total employment by education level,SAL_INT,Domestic payroll employment,A4,Quadrennial,_Z,Not applicable,F,Construction,_Z,Not applicable,_Z,Not applicable,ED5-8,Tertiary education (levels 5-8),_Z,Not applicable,_Z,Not applicable,2010,,2.7,,0,Units,,,1,One,N05,"<b>Coverage:</b><p>Branches B-S;</p><p>Companies with 10 or more employees,</p><p><b>Note:</b></p><p>Public administration: covers only central government administration (CGPO)</p>"
DATAFLOW,LU1:DSD_ESS_2@DF_C1335(1.1),Employment: percentage by economic activity and education level,I,PC_EMP_EDUC_LEVEL,Percentage of of total employment by education level,SAL_INT,Domestic payroll employment,A4,Quadrennial,_Z,Not applicable,F,Construction,_Z,Not applicable,_Z,Not applicable,ED5-8,Tertiary education (levels 5-8),_Z,Not applicable,_Z,Not applicable,2014,,2.9,,0,Units,,,1,One,N05,"<b>Coverage:</b><p>Branches B-S;</p><p>Companies with 10 or more employees,</p><p><b>Note:</b></p><p>Public administration: covers only central government administration (CGPO)</p>"
DATAFLOW,LU1:DSD_ESS_2@DF_C1335(1.1),Employment: percentage by economic activity and education level,I,PC_EMP_EDUC_LEVEL,Percentage of of total employment by education level,SAL_INT,Domestic payroll employment,A4,Quadrennial,_Z,Not applicable,F,Construction,_Z,Not applicable,_Z,Not applicable,ED5-8,Tertiary education (levels 5-8),_Z,Not applicable,_Z,Not applicable,2018,,3.2,,0,Units,,,1,One,N05,"<b>Coverage:</b><p>Branches B-S;</p><p>Companies with 10 or more employees,</p><p><b>Note:</b></p><p>Public administration: covers only central government administration (CGPO)</p>"
DATAFLOW,LU1:DSD_ESS_2@DF_C1335(1.1),Employment: percentage by economic activity and education level,I,PC_EMP_EDUC_LEVEL,Percentage of of total employment by education level,SAL_INT,Domestic payroll employment,A4,Quadrennial,_Z,Not applicable,F,Construction,_Z,Not applicable,_Z,Not applicable,ED5-8,Tertiary education (levels 5-8),_Z,Not applicable,_Z,Not applicable,2022,,3.4,,0,Units,,,1,One,N05,"<b>Coverage:</b><p>Branches B-S;</p><p>Companies with 10 or more employees,</p><p><b>Note:</b></p><p>Public administration: covers only central government administration (CGPO)</p>"
DATAFLOW,LU1:DSD_ESS_2@DF_C1335(1.1),Employment: percentage by economic activity and education level,I,PC_EMP_NACE,Percentage of total branch employment,SAL_INT,Domestic payroll employment,A4,Quadrennial,_Z,Not applicable,D,"Electricity, gas, steam and air conditionning supply",_Z,Not applicable,_Z,Not applicable,_T,All ISCED 2011 levels,_Z,Not applicable,_Z,Not applicable,2010,,100,,0,Units,,,1,One,N05,"<b>Coverage:</b><p>Branches B-S;</p><p>Companies with 10 or more employees,</p><p><b>Note:</b></p><p>Public administration: covers only central government administration (CGPO)</p>"
DATAFLOW,LU1:DSD_ESS_2@DF_C1335(1.1),Employment: percentage by economic activity and education level,I,PC_EMP_NACE,Percentage of total branch employment,SAL_INT,Domestic payroll employment,A4,Quadrennial,_Z,Not applicable,D,"Electricity, gas, steam and air conditionning supply",_Z,Not applicable,_Z,Not applicable,_T,All ISCED 2011 levels,_Z,Not applicable,_Z,Not applicable,2014,,100,,0,Units,,,1,One,N05,"<b>Coverage:</b><p>Branches B-S;</p><p>Companies with 10 or more employees,</p><p><b>Note:</b></p><p>Public administration: covers only central government administration (CGPO)</p>"
DATAFLOW,LU1:DSD_ESS_2@DF_C1335(1.1),Employment: percentage by economic activity and education level,I,PC_EMP_NACE,Percentage of total branch employment,SAL_INT,Domestic payroll employment,A4,Quadrennial,_Z,Not applicable,D,"Electricity, gas, steam and air conditionning supply",_Z,Not applicable,_Z,Not applicable,_T,All ISCED 2011 levels,_Z,Not applicable,_Z,Not applicable,2018,,100,,0,Units,,,1,One,N05,"<b>Coverage:</b><p>Branches B-S;</p><p>Companies with 10 or more employees,</p><p><b>Note:</b></p><p>Public administration: covers only central government administration (CGPO)</p>"
DATAFLOW,LU1:DSD_ESS_2@DF_C1335(1.1),Employment: percentage by economic activity and education level,I,PC_EMP_NACE,Percentage of total branch employment,SAL_INT,Domestic payroll employment,A4,Quadrennial,_Z,Not applicable,D,"Electricity, gas, steam and air conditionning supply",_Z,Not applicable,_Z,Not applicable,_T,All ISCED 2011 levels,_Z,Not applicable,_Z,Not applicable,2022,,100,,0,Units,,,1,One,N05,"<b>Coverage:</b><p>Branches B-S;</p><p>Companies with 10 or more employees,</p><p><b>Note:</b></p><p>Public administration: covers only central government administration (CGPO)</p>"
DATAFLOW,LU1:DSD_ESS_2@DF_C1335(1.1),Employment: percentage by economic activity and education level,I,PC_EMP_EDUC_LEVEL,Percentage of of total employment by education level,SAL_INT,Domestic payroll employment,A4,Quadrennial,_Z,Not applicable,S,Other service activities,_Z,Not applicable,_Z,Not applicable,ED0-2,"Less than primary, primary and lower secondary education (levels 0-2)",_Z,Not applicable,_Z,Not applicable,2010,,0.6,,0,Units,,,1,One,N05,"<b>Coverage:</b><p>Branches B-S;</p><p>Companies with 10 or more employees,</p><p><b>Note:</b></p><p>Public administration: covers only central government administration (CGPO)</p>"
DATAFLOW,LU1:DSD_ESS_2@DF_C1335(1.1),Employment: percentage by economic activity and education level,I,PC_EMP_EDUC_LEVEL,Percentage of of total employment by education level,SAL_INT,Domestic payroll employment,A4,Quadrennial,_Z,Not applicable,S,Other service activities,_Z,Not applicable,_Z,Not applicable,ED0-2,"Less than primary, primary and lower secondary education (levels 0-2)",_Z,Not applicable,_Z,Not applicable,2014,,0.9,,0,Units,,,1,One,N05,"<b>Coverage:</b><p>Branches B-S;</p><p>Companies with 10 or more employees,</p><p><b>Note:</b></p><p>Public administration: covers only central government administration (CGPO)</p>"
DATAFLOW,LU1:DSD_ESS_2@DF_C1335(1.1),Employment: percentage by economic activity and education level,I,PC_EMP_EDUC_LEVEL,Percentage of of total employment by education level,SAL_INT,Domestic payroll employment,A4,Quadrennial,_Z,Not applicable,S,Other service activities,_Z,Not applicable,_Z,Not applicable,ED0-2,"Less than primary, primary and lower secondary education (levels 0-2)",_Z,Not applicable,_Z,Not applicable,2018,,1.2,,0,Units,,,1,One,N05,"<b>Coverage:</b><p>Branches B-S;</p><p>Companies with 10 or more employees,</p><p><b>Note:</b></p><p>Public administration: covers only central government administration (CGPO)</p>"
DATAFLOW,LU1:DSD_ESS_2@DF_C1335(1.1),Employment: percentage by economic activity and education level,I,PC_EMP_EDUC_LEVEL,Percentage of of total employment by education level,SAL_INT,Domestic payroll employment,A4,Quadrennial,_Z,Not applicable,S,Other service activities,_Z,Not applicable,_Z,Not applicable,ED0-2,"Less than primary, primary and lower secondary education (levels 0-2)",_Z,Not applicable,_Z,Not applicable,2022,,0.7,,0,Units,,,1,One,N05,"<b>Coverage:</b><p>Branches B-S;</p><p>Companies with 10 or more employees,</p><p><b>Note:</b></p><p>Public administration: covers only central government administration (CGPO)</p>"
DATAFLOW,LU1:DSD_ESS_2@DF_C1335(1.1),Employment: percentage by economic activity and education level,I,PC_EMP_NACE,Percentage of total branch employment,SAL_INT,Domestic payroll employment,A4,Quadrennial,_Z,Not applicable,H,Transportation and storage,_Z,Not applicable,_Z,Not applicable,_T,All ISCED 2011 levels,_Z,Not applicable,_Z,Not applicable,2010,,100,,0,Units,,,1,One,N05,"<b>Coverage:</b><p>Branches B-S;</p><p>Companies with 10 or more employees,</p><p><b>Note:</b></p><p>Public administration: covers only central government administration (CGPO)</p>"
DATAFLOW,LU1:DSD_ESS_2@DF_C1335(1.1),Employment: percentage by economic activity and education level,I,PC_EMP_NACE,Percentage of total branch employment,SAL_INT,Domestic payroll employment,A4,Quadrennial,_Z,Not applicable,H,Transportation and storage,_Z,Not applicable,_Z,Not applicable,_T,All ISCED 2011 levels,_Z,Not applicable,_Z,Not applicable,2014,,100,,0,Units,,,1,One,N05,"<b>Coverage:</b><p>Branches B-S;</p><p>Companies with 10 or more employees,</p><p><b>Note:</b></p><p>Public administration: covers only central government administration (CGPO)</p>"
DATAFLOW,LU1:DSD_ESS_2@DF_C1335(1.1),Employment: percentage by economic activity and education level,I,PC_EMP_NACE,Percentage of total branch employment,SAL_INT,Domestic payroll employment,A4,Quadrennial,_Z,Not applicable,H,Transportation and storage,_Z,Not applicable,_Z,Not applicable,_T,All ISCED 2011 levels,_Z,Not applicable,_Z,Not applicable,2018,,100,,0,Units,,,1,One,N05,"<b>Coverage:</b><p>Branches B-S;</p><p>Companies with 10 or more employees,</p><p><b>Note:</b></p><p>Public administration: covers only central government administration (CGPO)</p>"
DATAFLOW,LU1:DSD_ESS_2@DF_C1335(1.1),Employment: percentage by economic activity and education level,I,PC_EMP_NACE,Percentage of total branch employment,SAL_INT,Domestic payroll employment,A4,Quadrennial,_Z,Not applicable,H,Transportation and storage,_Z,Not applicable,_Z,Not applicable,_T,All ISCED 2011 levels,_Z,Not applicable,_Z,Not applicable,2022,,100,,0,Units,,,1,One,N05,"<b>Coverage:</b><p>Branches B-S;</p><p>Companies with 10 or more employees,</p><p><b>Note:</b></p><p>Public administration: covers only central government administration (CGPO)</p>"
DATAFLOW,LU1:DSD_ESS_2@DF_C1335(1.1),Employment: percentage by economic activity and education level,I,PC_EMP_EDUC_LEVEL,Percentage of of total employment by education level,SAL_INT,Domestic payroll employment,A4,Quadrennial,_Z,Not applicable,B-S,"Industry, construction and services (except activities of households as employers and extra-territorial organisations and bodies)",_Z,Not applicable,_Z,Not applicable,_T,All ISCED 2011 levels,_Z,Not applicable,_Z,Not applicable,2010,,100,,0,Units,,,1,One,N05,"<b>Coverage:</b><p>Branches B-S;</p><p>Companies with 10 or more employees,</p><p><b>Note:</b></p><p>Public administration: covers only central government administration (CGPO)</p>"
DATAFLOW,LU1:DSD_ESS_2@DF_C1335(1.1),Employment: percentage by economic activity and education level,I,PC_EMP_EDUC_LEVEL,Percentage of of total employment by education level,SAL_INT,Domestic payroll employment,A4,Quadrennial,_Z,Not applicable,B-S,"Industry, construction and services (except activities of households as employers and extra-territorial organisations and bodies)",_Z,Not applicable,_Z,Not applicable,_T,All ISCED 2011 levels,_Z,Not applicable,_Z,Not applicable,2014,,100,,0,Units,,,1,One,N05,"<b>Coverage:</b><p>Branches B-S;</p><p>Companies with 10 or more employees,</p><p><b>Note:</b></p><p>Public administration: covers only central government administration (CGPO)</p>"
DATAFLOW,LU1:DSD_ESS_2@DF_C1335(1.1),Employment: percentage by economic activity and education level,I,PC_EMP_EDUC_LEVEL,Percentage of of total employment by education level,SAL_INT,Domestic payroll employment,A4,Quadrennial,_Z,Not applicable,B-S,"Industry, construction and services (except activities of households as employers and extra-territorial organisations and bodies)",_Z,Not applicable,_Z,Not applicable,_T,All ISCED 2011 levels,_Z,Not applicable,_Z,Not applicable,2018,,100,,0,Units,,,1,One,N05,"<b>Coverage:</b><p>Branches B-S;</p><p>Companies with 10 or more employees,</p><p><b>Note:</b></p><p>Public administration: covers only central government administration (CGPO)</p>"
DATAFLOW,LU1:DSD_ESS_2@DF_C1335(1.1),Employment: percentage by economic activity and education level,I,PC_EMP_EDUC_LEVEL,Percentage of of total employment by education level,SAL_INT,Domestic payroll employment,A4,Quadrennial,_Z,Not applicable,B-S,"Industry, construction and services (except activities of households as employers and extra-territorial organisations and bodies)",_Z,Not applicable,_Z,Not applicable,_T,All ISCED 2011 levels,_Z,Not applicable,_Z,Not applicable,2022,,100,,0,Units,,,1,One,N05,"<b>Coverage:</b><p>Branches B-S;</p><p>Companies with 10 or more employees,</p><p><b>Note:</b></p><p>Public administration: covers only central government administration (CGPO)</p>"
DATAFLOW,LU1:DSD_ESS_2@DF_C1335(1.1),Employment: percentage by economic activity and education level,I,PC_EMP_EDUC_LEVEL,Percentage of of total employment by education level,SAL_INT,Domestic payroll employment,A4,Quadrennial,_Z,Not applicable,L,Real estate activities,_Z,Not applicable,_Z,Not applicable,_T,All ISCED 2011 levels,_Z,Not applicable,_Z,Not applicable,2010,,0.3,,0,Units,,,1,One,N05,"<b>Coverage:</b><p>Branches B-S;</p><p>Companies with 10 or more employees,</p><p><b>Note:</b></p><p>Public administration: covers only central government administration (CGPO)</p>"
DATAFLOW,LU1:DSD_ESS_2@DF_C1335(1.1),Employment: percentage by economic activity and education level,I,PC_EMP_EDUC_LEVEL,Percentage of of total employment by education level,SAL_INT,Domestic payroll employment,A4,Quadrennial,_Z,Not applicable,L,Real estate activities,_Z,Not applicable,_Z,Not applicable,_T,All ISCED 2011 levels,_Z,Not applicable,_Z,Not applicable,2014,,0.2,,0,Units,,,1,One,N05,"<b>Coverage:</b><p>Branches B-S;</p><p>Companies with 10 or more employees,</p><p><b>Note:</b></p><p>Public administration: covers only central government administration (CGPO)</p>"
DATAFLOW,LU1:DSD_ESS_2@DF_C1335(1.1),Employment: percentage by economic activity and education level,I,PC_EMP_EDUC_LEVEL,Percentage of of total employment by education level,SAL_INT,Domestic payroll employment,A4,Quadrennial,_Z,Not applicable,L,Real estate activities,_Z,Not applicable,_Z,Not applicable,_T,All ISCED 2011 levels,_Z,Not applicable,_Z,Not applicable,2018,,0.3,,0,Units,,,1,One,N05,"<b>Coverage:</b><p>Branches B-S;</p><p>Companies with 10 or more employees,</p><p><b>Note:</b></p><p>Public administration: covers only central government administration (CGPO)</p>"
DATAFLOW,LU1:DSD_ESS_2@DF_C1335(1.1),Employment: percentage by economic activity and education level,I,PC_EMP_EDUC_LEVEL,Percentage of of total employment by education level,SAL_INT,Domestic payroll employment,A4,Quadrennial,_Z,Not applicable,L,Real estate activities,_Z,Not applicable,_Z,Not applicable,_T,All ISCED 2011 levels,_Z,Not applicable,_Z,Not applicable,2022,,0.6,,0,Units,,,1,One,N05,"<b>Coverage:</b><p>Branches B-S;</p><p>Companies with 10 or more employees,</p><p><b>Note:</b></p><p>Public administration: covers only central government administration (CGPO)</p>"
DATAFLOW,LU1:DSD_ESS_2@DF_C1335(1.1),Employment: percentage by economic activity and education level,I,PC_EMP_EDUC_LEVEL,Percentage of of total employment by education level,SAL_INT,Domestic payroll employment,A4,Quadrennial,_Z,Not applicable,P,Education,_Z,Not applicable,_Z,Not applicable,_T,All ISCED 2011 levels,_Z,Not applicable,_Z,Not applicable,2010,,5.3,,0,Units,,,1,One,N05,"<b>Coverage:</b><p>Branches B-S;</p><p>Companies with 10 or more employees,</p><p><b>Note:</b></p><p>Public administration: covers only central government administration (CGPO)</p>"
DATAFLOW,LU1:DSD_ESS_2@DF_C1335(1.1),Employment: percentage by economic activity and education level,I,PC_EMP_EDUC_LEVEL,Percentage of of total employment by education level,SAL_INT,Domestic payroll employment,A4,Quadrennial,_Z,Not applicable,P,Education,_Z,Not applicable,_Z,Not applicable,_T,All ISCED 2011 levels,_Z,Not applicable,_Z,Not applicable,2014,,5.6,,0,Units,,,1,One,N05,"<b>Coverage:</b><p>Branches B-S;</p><p>Companies with 10 or more employees,</p><p><b>Note:</b></p><p>Public administration: covers only central government administration (CGPO)</p>"
DATAFLOW,LU1:DSD_ESS_2@DF_C1335(1.1),Employment: percentage by economic activity and education level,I,PC_EMP_EDUC_LEVEL,Percentage of of total employment by education level,SAL_INT,Domestic payroll employment,A4,Quadrennial,_Z,Not applicable,P,Education,_Z,Not applicable,_Z,Not applicable,_T,All ISCED 2011 levels,_Z,Not applicable,_Z,Not applicable,2018,,5.3,,0,Units,,,1,One,N05,"<b>Coverage:</b><p>Branches B-S;</p><p>Companies with 10 or more employees,</p><p><b>Note:</b></p><p>Public administration: covers only central government administration (CGPO)</p>"
DATAFLOW,LU1:DSD_ESS_2@DF_C1335(1.1),Employment: percentage by economic activity and education level,I,PC_EMP_EDUC_LEVEL,Percentage of of total employment by education level,SAL_INT,Domestic payroll employment,A4,Quadrennial,_Z,Not applicable,P,Education,_Z,Not applicable,_Z,Not applicable,_T,All ISCED 2011 levels,_Z,Not applicable,_Z,Not applicable,2022,,5.5,,0,Units,,,1,One,N05,"<b>Coverage:</b><p>Branches B-S;</p><p>Companies with 10 or more employees,</p><p><b>Note:</b></p><p>Public administration: covers only central government administration (CGPO)</p>"
DATAFLOW,LU1:DSD_ESS_2@DF_C1335(1.1),Employment: percentage by economic activity and education level,I,PC_EMP_NACE,Percentage of total branch employment,SAL_INT,Domestic payroll employment,A4,Quadrennial,_Z,Not applicable,J,Information and communication,_Z,Not applicable,_Z,Not applicable,ED0-2,"Less than primary, primary and lower secondary education (levels 0-2)",_Z,Not applicable,_Z,Not applicable,2010,,14.6,,0,Units,,,1,One,N05,"<b>Coverage:</b><p>Branches B-S;</p><p>Companies with 10 or more employees,</p><p><b>Note:</b></p><p>Public administration: covers only central government administration (CGPO)</p>"
DATAFLOW,LU1:DSD_ESS_2@DF_C1335(1.1),Employment: percentage by economic activity and education level,I,PC_EMP_NACE,Percentage of total branch employment,SAL_INT,Domestic payroll employment,A4,Quadrennial,_Z,Not applicable,J,Information and communication,_Z,Not applicable,_Z,Not applicable,ED0-2,"Less than primary, primary and lower secondary education (levels 0-2)",_Z,Not applicable,_Z,Not applicable,2014,,16.1,,0,Units,,,1,One,N05,"<b>Coverage:</b><p>Branches B-S;</p><p>Companies with 10 or more employees,</p><p><b>Note:</b></p><p>Public administration: covers only central government administration (CGPO)</p>"
DATAFLOW,LU1:DSD_ESS_2@DF_C1335(1.1),Employment: percentage by economic activity and education level,I,PC_EMP_NACE,Percentage of total branch employment,SAL_INT,Domestic payroll employment,A4,Quadrennial,_Z,Not applicable,J,Information and communication,_Z,Not applicable,_Z,Not applicable,ED0-2,"Less than primary, primary and lower secondary education (levels 0-2)",_Z,Not applicable,_Z,Not applicable,2018,,10,,0,Units,,,1,One,N05,"<b>Coverage:</b><p>Branches B-S;</p><p>Companies with 10 or more employees,</p><p><b>Note:</b></p><p>Public administration: covers only central government administration (CGPO)</p>"
DATAFLOW,LU1:DSD_ESS_2@DF_C1335(1.1),Employment: percentage by economic activity and education level,I,PC_EMP_NACE,Percentage of total branch employment,SAL_INT,Domestic payroll employment,A4,Quadrennial,_Z,Not applicable,J,Information and communication,_Z,Not applicable,_Z,Not applicable,ED0-2,"Less than primary, primary and lower secondary education (levels 0-2)",_Z,Not applicable,_Z,Not applicable,2022,,7.7,,0,Units,,,1,One,N05,"<b>Coverage:</b><p>Branches B-S;</p><p>Companies with 10 or more employees,</p><p><b>Note:</b></p><p>Public administration: covers only central government administration (CGPO)</p>"
DATAFLOW,LU1:DSD_ESS_2@DF_C1335(1.1),Employment: percentage by economic activity and education level,I,PC_EMP_NACE,Percentage of total branch employment,SAL_INT,Domestic payroll employment,A4,Quadrennial,_Z,Not applicable,L,Real estate activities,_Z,Not applicable,_Z,Not applicable,_T,All ISCED 2011 levels,_Z,Not applicable,_Z,Not applicable,2010,,100,,0,Units,,,1,One,N05,"<b>Coverage:</b><p>Branches B-S;</p><p>Companies with 10 or more employees,</p><p><b>Note:</b></p><p>Public administration: covers only central government administration (CGPO)</p>"
DATAFLOW,LU1:DSD_ESS_2@DF_C1335(1.1),Employment: percentage by economic activity and education level,I,PC_EMP_NACE,Percentage of total branch employment,SAL_INT,Domestic payroll employment,A4,Quadrennial,_Z,Not applicable,L,Real estate activities,_Z,Not applicable,_Z,Not applicable,_T,All ISCED 2011 levels,_Z,Not applicable,_Z,Not applicable,2014,,100,,0,Units,,,1,One,N05,"<b>Coverage:</b><p>Branches B-S;</p><p>Companies with 10 or more employees,</p><p><b>Note:</b></p><p>Public administration: covers only central government administration (CGPO)</p>"
DATAFLOW,LU1:DSD_ESS_2@DF_C1335(1.1),Employment: percentage by economic activity and education level,I,PC_EMP_NACE,Percentage of total branch employment,SAL_INT,Domestic payroll employment,A4,Quadrennial,_Z,Not applicable,L,Real estate activities,_Z,Not applicable,_Z,Not applicable,_T,All ISCED 2011 levels,_Z,Not applicable,_Z,Not applicable,2018,,100,,0,Units,,,1,One,N05,"<b>Coverage:</b><p>Branches B-S;</p><p>Companies with 10 or more employees,</p><p><b>Note:</b></p><p>Public administration: covers only central government administration (CGPO)</p>"
DATAFLOW,LU1:DSD_ESS_2@DF_C1335(1.1),Employment: percentage by economic activity and education level,I,PC_EMP_NACE,Percentage of total branch employment,SAL_INT,Domestic payroll employment,A4,Quadrennial,_Z,Not applicable,L,Real estate activities,_Z,Not applicable,_Z,Not applicable,_T,All ISCED 2011 levels,_Z,Not applicable,_Z,Not applicable,2022,,100,,0,Units,,,1,One,N05,"<b>Coverage:</b><p>Branches B-S;</p><p>Companies with 10 or more employees,</p><p><b>Note:</b></p><p>Public administration: covers only central government administration (CGPO)</p>"
DATAFLOW,LU1:DSD_ESS_2@DF_C1335(1.1),Employment: percentage by economic activity and education level,I,PC_EMP_NACE,Percentage of total branch employment,SAL_INT,Domestic payroll employment,A4,Quadrennial,_Z,Not applicable,S,Other service activities,_Z,Not applicable,_Z,Not applicable,ED3_4,Upper secondary and post-secondary non-tertiary education (levels 3 and 4),_Z,Not applicable,_Z,Not applicable,2010,,64.8,,0,Units,,,1,One,N05,"<b>Coverage:</b><p>Branches B-S;</p><p>Companies with 10 or more employees,</p><p><b>Note:</b></p><p>Public administration: covers only central government administration (CGPO)</p>"
DATAFLOW,LU1:DSD_ESS_2@DF_C1335(1.1),Employment: percentage by economic activity and education level,I,PC_EMP_NACE,Percentage of total branch employment,SAL_INT,Domestic payroll employment,A4,Quadrennial,_Z,Not applicable,S,Other service activities,_Z,Not applicable,_Z,Not applicable,ED3_4,Upper secondary and post-secondary non-tertiary education (levels 3 and 4),_Z,Not applicable,_Z,Not applicable,2014,,50.4,,0,Units,,,1,One,N05,"<b>Coverage:</b><p>Branches B-S;</p><p>Companies with 10 or more employees,</p><p><b>Note:</b></p><p>Public administration: covers only central government administration (CGPO)</p>"
DATAFLOW,LU1:DSD_ESS_2@DF_C1335(1.1),Employment: percentage by economic activity and education level,I,PC_EMP_NACE,Percentage of total branch employment,SAL_INT,Domestic payroll employment,A4,Quadrennial,_Z,Not applicable,S,Other service activities,_Z,Not applicable,_Z,Not applicable,ED3_4,Upper secondary and post-secondary non-tertiary education (levels 3 and 4),_Z,Not applicable,_Z,Not applicable,2018,,40.2,,0,Units,,,1,One,N05,"<b>Coverage:</b><p>Branches B-S;</p><p>Companies with 10 or more employees,</p><p><b>Note:</b></p><p>Public administration: covers only central government administration (CGPO)</p>"
DATAFLOW,LU1:DSD_ESS_2@DF_C1335(1.1),Employment: percentage by economic activity and education level,I,PC_EMP_NACE,Percentage of total branch employment,SAL_INT,Domestic payroll employment,A4,Quadrennial,_Z,Not applicable,S,Other service activities,_Z,Not applicable,_Z,Not applicable,ED3_4,Upper secondary and post-secondary non-tertiary education (levels 3 and 4),_Z,Not applicable,_Z,Not applicable,2022,,50.9,,0,Units,,,1,One,N05,"<b>Coverage:</b><p>Branches B-S;</p><p>Companies with 10 or more employees,</p><p><b>Note:</b></p><p>Public administration: covers only central government administration (CGPO)</p>"
DATAFLOW,LU1:DSD_ESS_2@DF_C1335(1.1),Employment: percentage by economic activity and education level,I,PC_EMP_EDUC_LEVEL,Percentage of of total employment by education level,SAL_INT,Domestic payroll employment,A4,Quadrennial,_Z,Not applicable,J,Information and communication,_Z,Not applicable,_Z,Not applicable,ED0-2,"Less than primary, primary and lower secondary education (levels 0-2)",_Z,Not applicable,_Z,Not applicable,2010,,2.9,,0,Units,,,1,One,N05,"<b>Coverage:</b><p>Branches B-S;</p><p>Companies with 10 or more employees,</p><p><b>Note:</b></p><p>Public administration: covers only central government administration (CGPO)</p>"
DATAFLOW,LU1:DSD_ESS_2@DF_C1335(1.1),Employment: percentage by economic activity and education level,I,PC_EMP_EDUC_LEVEL,Percentage of of total employment by education level,SAL_INT,Domestic payroll employment,A4,Quadrennial,_Z,Not applicable,J,Information and communication,_Z,Not applicable,_Z,Not applicable,ED0-2,"Less than primary, primary and lower secondary education (levels 0-2)",_Z,Not applicable,_Z,Not applicable,2014,,2.9,,0,Units,,,1,One,N05,"<b>Coverage:</b><p>Branches B-S;</p><p>Companies with 10 or more employees,</p><p><b>Note:</b></p><p>Public administration: covers only central government administration (CGPO)</p>"
DATAFLOW,LU1:DSD_ESS_2@DF_C1335(1.1),Employment: percentage by economic activity and education level,I,PC_EMP_EDUC_LEVEL,Percentage of of total employment by education level,SAL_INT,Domestic payroll employment,A4,Quadrennial,_Z,Not applicable,J,Information and communication,_Z,Not applicable,_Z,Not applicable,ED0-2,"Less than primary, primary and lower secondary education (levels 0-2)",_Z,Not applicable,_Z,Not applicable,2018,,2,,0,Units,,,1,One,N05,"<b>Coverage:</b><p>Branches B-S;</p><p>Companies with 10 or more employees,</p><p><b>Note:</b></p><p>Public administration: covers only central government administration (CGPO)</p>"
DATAFLOW,LU1:DSD_ESS_2@DF_C1335(1.1),Employment: percentage by economic activity and education level,I,PC_EMP_EDUC_LEVEL,Percentage of of total employment by education level,SAL_INT,Domestic payroll employment,A4,Quadrennial,_Z,Not applicable,J,Information and communication,_Z,Not applicable,_Z,Not applicable,ED0-2,"Less than primary, primary and lower secondary education (levels 0-2)",_Z,Not applicable,_Z,Not applicable,2022,,1.7,,0,Units,,,1,One,N05,"<b>Coverage:</b><p>Branches B-S;</p><p>Companies with 10 or more employees,</p><p><b>Note:</b></p><p>Public administration: covers only central government administration (CGPO)</p>"
DATAFLOW,LU1:DSD_ESS_2@DF_C1335(1.1),Employment: percentage by economic activity and education level,I,PC_EMP_NACE,Percentage of total branch employment,SAL_INT,Domestic payroll employment,A4,Quadrennial,_Z,Not applicable,R,"Arts, entertainment, and recreational activities",_Z,Not applicable,_Z,Not applicable,_T,All ISCED 2011 levels,_Z,Not applicable,_Z,Not applicable,2010,,100,,0,Units,,,1,One,N05,"<b>Coverage:</b><p>Branches B-S;</p><p>Companies with 10 or more employees,</p><p><b>Note:</b></p><p>Public administration: covers only central government administration (CGPO)</p>"
DATAFLOW,LU1:DSD_ESS_2@DF_C1335(1.1),Employment: percentage by economic activity and education level,I,PC_EMP_NACE,Percentage of total branch employment,SAL_INT,Domestic payroll employment,A4,Quadrennial,_Z,Not applicable,R,"Arts, entertainment, and recreational activities",_Z,Not applicable,_Z,Not applicable,_T,All ISCED 2011 levels,_Z,Not applicable,_Z,Not applicable,2014,,100,,0,Units,,,1,One,N05,"<b>Coverage:</b><p>Branches B-S;</p><p>Companies with 10 or more employees,</p><p><b>Note:</b></p><p>Public administration: covers only central government administration (CGPO)</p>"
DATAFLOW,LU1:DSD_ESS_2@DF_C1335(1.1),Employment: percentage by economic activity and education level,I,PC_EMP_NACE,Percentage of total branch employment,SAL_INT,Domestic payroll employment,A4,Quadrennial,_Z,Not applicable,R,"Arts, entertainment, and recreational activities",_Z,Not applicable,_Z,Not applicable,_T,All ISCED 2011 levels,_Z,Not applicable,_Z,Not applicable,2018,,100,,0,Units,,,1,One,N05,"<b>Coverage:</b><p>Branches B-S;</p><p>Companies with 10 or more employees,</p><p><b>Note:</b></p><p>Public administration: covers only central government administration (CGPO)</p>"
DATAFLOW,LU1:DSD_ESS_2@DF_C1335(1.1),Employment: percentage by economic activity and education level,I,PC_EMP_NACE,Percentage of total branch employment,SAL_INT,Domestic payroll employment,A4,Quadrennial,_Z,Not applicable,R,"Arts, entertainment, and recreational activities",_Z,Not applicable,_Z,Not applicable,_T,All ISCED 2011 levels,_Z,Not applicable,_Z,Not applicable,2022,,100,,0,Units,,,1,One,N05,"<b>Coverage:</b><p>Branches B-S;</p><p>Companies with 10 or more employees,</p><p><b>Note:</b></p><p>Public administration: covers only central government administration (CGPO)</p>"
DATAFLOW,LU1:DSD_ESS_2@DF_C1335(1.1),Employment: percentage by economic activity and education level,I,PC_EMP_EDUC_LEVEL,Percentage of of total employment by education level,SAL_INT,Domestic payroll employment,A4,Quadrennial,_Z,Not applicable,R,"Arts, entertainment, and recreational activities",_Z,Not applicable,_Z,Not applicable,ED3_4,Upper secondary and post-secondary non-tertiary education (levels 3 and 4),_Z,Not applicable,_Z,Not applicable,2010,,0.4,,0,Units,,,1,One,N05,"<b>Coverage:</b><p>Branches B-S;</p><p>Companies with 10 or more employees,</p><p><b>Note:</b></p><p>Public administration: covers only central government administration (CGPO)</p>"
DATAFLOW,LU1:DSD_ESS_2@DF_C1335(1.1),Employment: percentage by economic activity and education level,I,PC_EMP_EDUC_LEVEL,Percentage of of total employment by education level,SAL_INT,Domestic payroll employment,A4,Quadrennial,_Z,Not applicable,R,"Arts, entertainment, and recreational activities",_Z,Not applicable,_Z,Not applicable,ED3_4,Upper secondary and post-secondary non-tertiary education (levels 3 and 4),_Z,Not applicable,_Z,Not applicable,2014,,0.6,,0,Units,,,1,One,N05,"<b>Coverage:</b><p>Branches B-S;</p><p>Companies with 10 or more employees,</p><p><b>Note:</b></p><p>Public administration: covers only central government administration (CGPO)</p>"
DATAFLOW,LU1:DSD_ESS_2@DF_C1335(1.1),Employment: percentage by economic activity and education level,I,PC_EMP_EDUC_LEVEL,Percentage of of total employment by education level,SAL_INT,Domestic payroll employment,A4,Quadrennial,_Z,Not applicable,R,"Arts, entertainment, and recreational activities",_Z,Not applicable,_Z,Not applicable,ED3_4,Upper secondary and post-secondary non-tertiary education (levels 3 and 4),_Z,Not applicable,_Z,Not applicable,2018,,0.8,,0,Units,,,1,One,N05,"<b>Coverage:</b><p>Branches B-S;</p><p>Companies with 10 or more employees,</p><p><b>Note:</b></p><p>Public administration: covers only central government administration (CGPO)</p>"
DATAFLOW,LU1:DSD_ESS_2@DF_C1335(1.1),Employment: percentage by economic activity and education level,I,PC_EMP_EDUC_LEVEL,Percentage of of total employment by education level,SAL_INT,Domestic payroll employment,A4,Quadrennial,_Z,Not applicable,R,"Arts, entertainment, and recreational activities",_Z,Not applicable,_Z,Not applicable,ED3_4,Upper secondary and post-secondary non-tertiary education (levels 3 and 4),_Z,Not applicable,_Z,Not applicable,2022,,1.1,,0,Units,,,1,One,N05,"<b>Coverage:</b><p>Branches B-S;</p><p>Companies with 10 or more employees,</p><p><b>Note:</b></p><p>Public administration: covers only central government administration (CGPO)</p>"
DATAFLOW,LU1:DSD_ESS_2@DF_C1335(1.1),Employment: percentage by economic activity and education level,I,PC_EMP_EDUC_LEVEL,Percentage of of total employment by education level,SAL_INT,Domestic payroll employment,A4,Quadrennial,_Z,Not applicable,D,"Electricity, gas, steam and air conditionning supply",_Z,Not applicable,_Z,Not applicable,ED3_4,Upper secondary and post-secondary non-tertiary education (levels 3 and 4),_Z,Not applicable,_Z,Not applicable,2010,,0.6,,0,Units,,,1,One,N05,"<b>Coverage:</b><p>Branches B-S;</p><p>Companies with 10 or more employees,</p><p><b>Note:</b></p><p>Public administration: covers only central government administration (CGPO)</p>"
DATAFLOW,LU1:DSD_ESS_2@DF_C1335(1.1),Employment: percentage by economic activity and education level,I,PC_EMP_EDUC_LEVEL,Percentage of of total employment by education level,SAL_INT,Domestic payroll employment,A4,Quadrennial,_Z,Not applicable,D,"Electricity, gas, steam and air conditionning supply",_Z,Not applicable,_Z,Not applicable,ED3_4,Upper secondary and post-secondary non-tertiary education (levels 3 and 4),_Z,Not applicable,_Z,Not applicable,2014,,0.8,,0,Units,,,1,One,N05,"<b>Coverage:</b><p>Branches B-S;</p><p>Companies with 10 or more employees,</p><p><b>Note:</b></p><p>Public administration: covers only central government administration (CGPO)</p>"
DATAFLOW,LU1:DSD_ESS_2@DF_C1335(1.1),Employment: percentage by economic activity and education level,I,PC_EMP_EDUC_LEVEL,Percentage of of total employment by education level,SAL_INT,Domestic payroll employment,A4,Quadrennial,_Z,Not applicable,D,"Electricity, gas, steam and air conditionning supply",_Z,Not applicable,_Z,Not applicable,ED3_4,Upper secondary and post-secondary non-tertiary education (levels 3 and 4),_Z,Not applicable,_Z,Not applicable,2018,,0.8,,0,Units,,,1,One,N05,"<b>Coverage:</b><p>Branches B-S;</p><p>Companies with 10 or more employees,</p><p><b>Note:</b></p><p>Public administration: covers only central government administration (CGPO)</p>"
DATAFLOW,LU1:DSD_ESS_2@DF_C1335(1.1),Employment: percentage by economic activity and education level,I,PC_EMP_EDUC_LEVEL,Percentage of of total employment by education level,SAL_INT,Domestic payroll employment,A4,Quadrennial,_Z,Not applicable,D,"Electricity, gas, steam and air conditionning supply",_Z,Not applicable,_Z,Not applicable,ED3_4,Upper secondary and post-secondary non-tertiary education (levels 3 and 4),_Z,Not applicable,_Z,Not applicable,2022,,0.8,,0,Units,,,1,One,N05,"<b>Coverage:</b><p>Branches B-S;</p><p>Companies with 10 or more employees,</p><p><b>Note:</b></p><p>Public administration: covers only central government administration (CGPO)</p>"
DATAFLOW,LU1:DSD_ESS_2@DF_C1335(1.1),Employment: percentage by economic activity and education level,I,PC_EMP_EDUC_LEVEL,Percentage of of total employment by education level,SAL_INT,Domestic payroll employment,A4,Quadrennial,_Z,Not applicable,N,Administrative and support service activities,_Z,Not applicable,_Z,Not applicable,ED3_4,Upper secondary and post-secondary non-tertiary education (levels 3 and 4),_Z,Not applicable,_Z,Not applicable,2010,,7.7,,0,Units,,,1,One,N05,"<b>Coverage:</b><p>Branches B-S;</p><p>Companies with 10 or more employees,</p><p><b>Note:</b></p><p>Public administration: covers only central government administration (CGPO)</p>"
DATAFLOW,LU1:DSD_ESS_2@DF_C1335(1.1),Employment: percentage by economic activity and education level,I,PC_EMP_EDUC_LEVEL,Percentage of of total employment by education level,SAL_INT,Domestic payroll employment,A4,Quadrennial,_Z,Not applicable,N,Administrative and support service activities,_Z,Not applicable,_Z,Not applicable,ED3_4,Upper secondary and post-secondary non-tertiary education (levels 3 and 4),_Z,Not applicable,_Z,Not applicable,2014,,8,,0,Units,,,1,One,N05,"<b>Coverage:</b><p>Branches B-S;</p><p>Companies with 10 or more employees,</p><p><b>Note:</b></p><p>Public administration: covers only central government administration (CGPO)</p>"
DATAFLOW,LU1:DSD_ESS_2@DF_C1335(1.1),Employment: percentage by economic activity and education level,I,PC_EMP_EDUC_LEVEL,Percentage of of total employment by education level,SAL_INT,Domestic payroll employment,A4,Quadrennial,_Z,Not applicable,N,Administrative and support service activities,_Z,Not applicable,_Z,Not applicable,ED3_4,Upper secondary and post-secondary non-tertiary education (levels 3 and 4),_Z,Not applicable,_Z,Not applicable,2018,,11.6,,0,Units,,,1,One,N05,"<b>Coverage:</b><p>Branches B-S;</p><p>Companies with 10 or more employees,</p><p><b>Note:</b></p><p>Public administration: covers only central government administration (CGPO)</p>"
DATAFLOW,LU1:DSD_ESS_2@DF_C1335(1.1),Employment: percentage by economic activity and education level,I,PC_EMP_EDUC_LEVEL,Percentage of of total employment by education level,SAL_INT,Domestic payroll employment,A4,Quadrennial,_Z,Not applicable,N,Administrative and support service activities,_Z,Not applicable,_Z,Not applicable,ED3_4,Upper secondary and post-secondary non-tertiary education (levels 3 and 4),_Z,Not applicable,_Z,Not applicable,2022,,9.8,,0,Units,,,1,One,N05,"<b>Coverage:</b><p>Branches B-S;</p><p>Companies with 10 or more employees,</p><p><b>Note:</b></p><p>Public administration: covers only central government administration (CGPO)</p>"
DATAFLOW,LU1:DSD_ESS_2@DF_C1335(1.1),Employment: percentage by economic activity and education level,I,PC_EMP_NACE,Percentage of total branch employment,SAL_INT,Domestic payroll employment,A4,Quadrennial,_Z,Not applicable,F,Construction,_Z,Not applicable,_Z,Not applicable,_T,All ISCED 2011 levels,_Z,Not applicable,_Z,Not applicable,2010,,100,,0,Units,,,1,One,N05,"<b>Coverage:</b><p>Branches B-S;</p><p>Companies with 10 or more employees,</p><p><b>Note:</b></p><p>Public administration: covers only central government administration (CGPO)</p>"
DATAFLOW,LU1:DSD_ESS_2@DF_C1335(1.1),Employment: percentage by economic activity and education level,I,PC_EMP_NACE,Percentage of total branch employment,SAL_INT,Domestic payroll employment,A4,Quadrennial,_Z,Not applicable,F,Construction,_Z,Not applicable,_Z,Not applicable,_T,All ISCED 2011 levels,_Z,Not applicable,_Z,Not applicable,2014,,100,,0,Units,,,1,One,N05,"<b>Coverage:</b><p>Branches B-S;</p><p>Companies with 10 or more employees,</p><p><b>Note:</b></p><p>Public administration: covers only central government administration (CGPO)</p>"
DATAFLOW,LU1:DSD_ESS_2@DF_C1335(1.1),Employment: percentage by economic activity and education level,I,PC_EMP_NACE,Percentage of total branch employment,SAL_INT,Domestic payroll employment,A4,Quadrennial,_Z,Not applicable,F,Construction,_Z,Not applicable,_Z,Not applicable,_T,All ISCED 2011 levels,_Z,Not applicable,_Z,Not applicable,2018,,100,,0,Units,,,1,One,N05,"<b>Coverage:</b><p>Branches B-S;</p><p>Companies with 10 or more employees,</p><p><b>Note:</b></p><p>Public administration: covers only central government administration (CGPO)</p>"
DATAFLOW,LU1:DSD_ESS_2@DF_C1335(1.1),Employment: percentage by economic activity and education level,I,PC_EMP_NACE,Percentage of total branch employment,SAL_INT,Domestic payroll employment,A4,Quadrennial,_Z,Not applicable,F,Construction,_Z,Not applicable,_Z,Not applicable,_T,All ISCED 2011 levels,_Z,Not applicable,_Z,Not applicable,2022,,100,,0,Units,,,1,One,N05,"<b>Coverage:</b><p>Branches B-S;</p><p>Companies with 10 or more employees,</p><p><b>Note:</b></p><p>Public administration: covers only central government administration (CGPO)</p>"
DATAFLOW,LU1:DSD_ESS_2@DF_C1335(1.1),Employment: percentage by economic activity and education level,I,PC_EMP_NACE,Percentage of total branch employment,SAL_INT,Domestic payroll employment,A4,Quadrennial,_Z,Not applicable,O,Public administration and defence; compulsory social security public,_Z,Not applicable,_Z,Not applicable,_T,All ISCED 2011 levels,_Z,Not applicable,_Z,Not applicable,2010,,100,,0,Units,,,1,One,N05,"<b>Coverage:</b><p>Branches B-S;</p><p>Companies with 10 or more employees,</p><p><b>Note:</b></p><p>Public administration: covers only central government administration (CGPO)</p>"
DATAFLOW,LU1:DSD_ESS_2@DF_C1335(1.1),Employment: percentage by economic activity and education level,I,PC_EMP_NACE,Percentage of total branch employment,SAL_INT,Domestic payroll employment,A4,Quadrennial,_Z,Not applicable,O,Public administration and defence; compulsory social security public,_Z,Not applicable,_Z,Not applicable,_T,All ISCED 2011 levels,_Z,Not applicable,_Z,Not applicable,2014,,100,,0,Units,,,1,One,N05,"<b>Coverage:</b><p>Branches B-S;</p><p>Companies with 10 or more employees,</p><p><b>Note:</b></p><p>Public administration: covers only central government administration (CGPO)</p>"
DATAFLOW,LU1:DSD_ESS_2@DF_C1335(1.1),Employment: percentage by economic activity and education level,I,PC_EMP_NACE,Percentage of total branch employment,SAL_INT,Domestic payroll employment,A4,Quadrennial,_Z,Not applicable,O,Public administration and defence; compulsory social security public,_Z,Not applicable,_Z,Not applicable,_T,All ISCED 2011 levels,_Z,Not applicable,_Z,Not applicable,2018,,100,,0,Units,,,1,One,N05,"<b>Coverage:</b><p>Branches B-S;</p><p>Companies with 10 or more employees,</p><p><b>Note:</b></p><p>Public administration: covers only central government administration (CGPO)</p>"
DATAFLOW,LU1:DSD_ESS_2@DF_C1335(1.1),Employment: percentage by economic activity and education level,I,PC_EMP_NACE,Percentage of total branch employment,SAL_INT,Domestic payroll employment,A4,Quadrennial,_Z,Not applicable,O,Public administration and defence; compulsory social security public,_Z,Not applicable,_Z,Not applicable,_T,All ISCED 2011 levels,_Z,Not applicable,_Z,Not applicable,2022,,100,,0,Units,,,1,One,N05,"<b>Coverage:</b><p>Branches B-S;</p><p>Companies with 10 or more employees,</p><p><b>Note:</b></p><p>Public administration: covers only central government administration (CGPO)</p>"
DATAFLOW,LU1:DSD_ESS_2@DF_C1335(1.1),Employment: percentage by economic activity and education level,I,PC_EMP_EDUC_LEVEL,Percentage of of total employment by education level,SAL_INT,Domestic payroll employment,A4,Quadrennial,_Z,Not applicable,S,Other service activities,_Z,Not applicable,_Z,Not applicable,ED3_4,Upper secondary and post-secondary non-tertiary education (levels 3 and 4),_Z,Not applicable,_Z,Not applicable,2010,,1.3,,0,Units,,,1,One,N05,"<b>Coverage:</b><p>Branches B-S;</p><p>Companies with 10 or more employees,</p><p><b>Note:</b></p><p>Public administration: covers only central government administration (CGPO)</p>"
DATAFLOW,LU1:DSD_ESS_2@DF_C1335(1.1),Employment: percentage by economic activity and education level,I,PC_EMP_EDUC_LEVEL,Percentage of of total employment by education level,SAL_INT,Domestic payroll employment,A4,Quadrennial,_Z,Not applicable,S,Other service activities,_Z,Not applicable,_Z,Not applicable,ED3_4,Upper secondary and post-secondary non-tertiary education (levels 3 and 4),_Z,Not applicable,_Z,Not applicable,2014,,1.6,,0,Units,,,1,One,N05,"<b>Coverage:</b><p>Branches B-S;</p><p>Companies with 10 or more employees,</p><p><b>Note:</b></p><p>Public administration: covers only central government administration (CGPO)</p>"
DATAFLOW,LU1:DSD_ESS_2@DF_C1335(1.1),Employment: percentage by economic activity and education level,I,PC_EMP_EDUC_LEVEL,Percentage of of total employment by education level,SAL_INT,Domestic payroll employment,A4,Quadrennial,_Z,Not applicable,S,Other service activities,_Z,Not applicable,_Z,Not applicable,ED3_4,Upper secondary and post-secondary non-tertiary education (levels 3 and 4),_Z,Not applicable,_Z,Not applicable,2018,,1.2,,0,Units,,,1,One,N05,"<b>Coverage:</b><p>Branches B-S;</p><p>Companies with 10 or more employees,</p><p><b>Note:</b></p><p>Public administration: covers only central government administration (CGPO)</p>"
DATAFLOW,LU1:DSD_ESS_2@DF_C1335(1.1),Employment: percentage by economic activity and education level,I,PC_EMP_EDUC_LEVEL,Percentage of of total employment by education level,SAL_INT,Domestic payroll employment,A4,Quadrennial,_Z,Not applicable,S,Other service activities,_Z,Not applicable,_Z,Not applicable,ED3_4,Upper secondary and post-secondary non-tertiary education (levels 3 and 4),_Z,Not applicable,_Z,Not applicable,2022,,1.4,,0,Units,,,1,One,N05,"<b>Coverage:</b><p>Branches B-S;</p><p>Companies with 10 or more employees,</p><p><b>Note:</b></p><p>Public administration: covers only central government administration (CGPO)</p>"
DATAFLOW,LU1:DSD_ESS_2@DF_C1335(1.1),Employment: percentage by economic activity and education level,I,PC_EMP_NACE,Percentage of total branch employment,SAL_INT,Domestic payroll employment,A4,Quadrennial,_Z,Not applicable,C,Manufacturing,_Z,Not applicable,_Z,Not applicable,_T,All ISCED 2011 levels,_Z,Not applicable,_Z,Not applicable,2010,,100,,0,Units,,,1,One,N05,"<b>Coverage:</b><p>Branches B-S;</p><p>Companies with 10 or more employees,</p><p><b>Note:</b></p><p>Public administration: covers only central government administration (CGPO)</p>"
DATAFLOW,LU1:DSD_ESS_2@DF_C1335(1.1),Employment: percentage by economic activity and education level,I,PC_EMP_NACE,Percentage of total branch employment,SAL_INT,Domestic payroll employment,A4,Quadrennial,_Z,Not applicable,C,Manufacturing,_Z,Not applicable,_Z,Not applicable,_T,All ISCED 2011 levels,_Z,Not applicable,_Z,Not applicable,2014,,100,,0,Units,,,1,One,N05,"<b>Coverage:</b><p>Branches B-S;</p><p>Companies with 10 or more employees,</p><p><b>Note:</b></p><p>Public administration: covers only central government administration (CGPO)</p>"
DATAFLOW,LU1:DSD_ESS_2@DF_C1335(1.1),Employment: percentage by economic activity and education level,I,PC_EMP_NACE,Percentage of total branch employment,SAL_INT,Domestic payroll employment,A4,Quadrennial,_Z,Not applicable,C,Manufacturing,_Z,Not applicable,_Z,Not applicable,_T,All ISCED 2011 levels,_Z,Not applicable,_Z,Not applicable,2018,,100,,0,Units,,,1,One,N05,"<b>Coverage:</b><p>Branches B-S;</p><p>Companies with 10 or more employees,</p><p><b>Note:</b></p><p>Public administration: covers only central government administration (CGPO)</p>"
DATAFLOW,LU1:DSD_ESS_2@DF_C1335(1.1),Employment: percentage by economic activity and education level,I,PC_EMP_NACE,Percentage of total branch employment,SAL_INT,Domestic payroll employment,A4,Quadrennial,_Z,Not applicable,C,Manufacturing,_Z,Not applicable,_Z,Not applicable,_T,All ISCED 2011 levels,_Z,Not applicable,_Z,Not applicable,2022,,100,,0,Units,,,1,One,N05,"<b>Coverage:</b><p>Branches B-S;</p><p>Companies with 10 or more employees,</p><p><b>Note:</b></p><p>Public administration: covers only central government administration (CGPO)</p>"
DATAFLOW,LU1:DSD_ESS_2@DF_C1335(1.1),Employment: percentage by economic activity and education level,I,PC_EMP_NACE,Percentage of total branch employment,SAL_INT,Domestic payroll employment,A4,Quadrennial,_Z,Not applicable,M,"Professional, scientific and technical activities",_Z,Not applicable,_Z,Not applicable,_T,All ISCED 2011 levels,_Z,Not applicable,_Z,Not applicable,2010,,100,,0,Units,,,1,One,N05,"<b>Coverage:</b><p>Branches B-S;</p><p>Companies with 10 or more employees,</p><p><b>Note:</b></p><p>Public administration: covers only central government administration (CGPO)</p>"
DATAFLOW,LU1:DSD_ESS_2@DF_C1335(1.1),Employment: percentage by economic activity and education level,I,PC_EMP_NACE,Percentage of total branch employment,SAL_INT,Domestic payroll employment,A4,Quadrennial,_Z,Not applicable,M,"Professional, scientific and technical activities",_Z,Not applicable,_Z,Not applicable,_T,All ISCED 2011 levels,_Z,Not applicable,_Z,Not applicable,2014,,100,,0,Units,,,1,One,N05,"<b>Coverage:</b><p>Branches B-S;</p><p>Companies with 10 or more employees,</p><p><b>Note:</b></p><p>Public administration: covers only central government administration (CGPO)</p>"
DATAFLOW,LU1:DSD_ESS_2@DF_C1335(1.1),Employment: percentage by economic activity and education level,I,PC_EMP_NACE,Percentage of total branch employment,SAL_INT,Domestic payroll employment,A4,Quadrennial,_Z,Not applicable,M,"Professional, scientific and technical activities",_Z,Not applicable,_Z,Not applicable,_T,All ISCED 2011 levels,_Z,Not applicable,_Z,Not applicable,2018,,100,,0,Units,,,1,One,N05,"<b>Coverage:</b><p>Branches B-S;</p><p>Companies with 10 or more employees,</p><p><b>Note:</b></p><p>Public administration: covers only central government administration (CGPO)</p>"
DATAFLOW,LU1:DSD_ESS_2@DF_C1335(1.1),Employment: percentage by economic activity and education level,I,PC_EMP_NACE,Percentage of total branch employment,SAL_INT,Domestic payroll employment,A4,Quadrennial,_Z,Not applicable,M,"Professional, scientific and technical activities",_Z,Not applicable,_Z,Not applicable,_T,All ISCED 2011 levels,_Z,Not applicable,_Z,Not applicable,2022,,100,,0,Units,,,1,One,N05,"<b>Coverage:</b><p>Branches B-S;</p><p>Companies with 10 or more employees,</p><p><b>Note:</b></p><p>Public administration: covers only central government administration (CGPO)</p>"
DATAFLOW,LU1:DSD_ESS_2@DF_C1335(1.1),Employment: percentage by economic activity and education level,I,PC_EMP_NACE,Percentage of total branch employment,SAL_INT,Domestic payroll employment,A4,Quadrennial,_Z,Not applicable,O,Public administration and defence; compulsory social security public,_Z,Not applicable,_Z,Not applicable,ED3_4,Upper secondary and post-secondary non-tertiary education (levels 3 and 4),_Z,Not applicable,_Z,Not applicable,2010,,56.2,,0,Units,,,1,One,N05,"<b>Coverage:</b><p>Branches B-S;</p><p>Companies with 10 or more employees,</p><p><b>Note:</b></p><p>Public administration: covers only central government administration (CGPO)</p>"
DATAFLOW,LU1:DSD_ESS_2@DF_C1335(1.1),Employment: percentage by economic activity and education level,I,PC_EMP_NACE,Percentage of total branch employment,SAL_INT,Domestic payroll employment,A4,Quadrennial,_Z,Not applicable,O,Public administration and defence; compulsory social security public,_Z,Not applicable,_Z,Not applicable,ED3_4,Upper secondary and post-secondary non-tertiary education (levels 3 and 4),_Z,Not applicable,_Z,Not applicable,2014,,57.2,,0,Units,,,1,One,N05,"<b>Coverage:</b><p>Branches B-S;</p><p>Companies with 10 or more employees,</p><p><b>Note:</b></p><p>Public administration: covers only central government administration (CGPO)</p>"
DATAFLOW,LU1:DSD_ESS_2@DF_C1335(1.1),Employment: percentage by economic activity and education level,I,PC_EMP_NACE,Percentage of total branch employment,SAL_INT,Domestic payroll employment,A4,Quadrennial,_Z,Not applicable,O,Public administration and defence; compulsory social security public,_Z,Not applicable,_Z,Not applicable,ED3_4,Upper secondary and post-secondary non-tertiary education (levels 3 and 4),_Z,Not applicable,_Z,Not applicable,2018,,55.2,,0,Units,,,1,One,N05,"<b>Coverage:</b><p>Branches B-S;</p><p>Companies with 10 or more employees,</p><p><b>Note:</b></p><p>Public administration: covers only central government administration (CGPO)</p>"
DATAFLOW,LU1:DSD_ESS_2@DF_C1335(1.1),Employment: percentage by economic activity and education level,I,PC_EMP_NACE,Percentage of total branch employment,SAL_INT,Domestic payroll employment,A4,Quadrennial,_Z,Not applicable,O,Public administration and defence; compulsory social security public,_Z,Not applicable,_Z,Not applicable,ED3_4,Upper secondary and post-secondary non-tertiary education (levels 3 and 4),_Z,Not applicable,_Z,Not applicable,2022,,53.4,,0,Units,,,1,One,N05,"<b>Coverage:</b><p>Branches B-S;</p><p>Companies with 10 or more employees,</p><p><b>Note:</b></p><p>Public administration: covers only central government administration (CGPO)</p>"
DATAFLOW,LU1:DSD_ESS_2@DF_C1335(1.1),Employment: percentage by economic activity and education level,I,PC_EMP_EDUC_LEVEL,Percentage of of total employment by education level,SAL_INT,Domestic payroll employment,A4,Quadrennial,_Z,Not applicable,B,Mining and quarrying,_Z,Not applicable,_Z,Not applicable,ED5-8,Tertiary education (levels 5-8),_Z,Not applicable,_Z,Not applicable,2010,,0,,0,Units,,,1,One,N05,"<b>Coverage:</b><p>Branches B-S;</p><p>Companies with 10 or more employees,</p><p><b>Note:</b></p><p>Public administration: covers only central government administration (CGPO)</p>"
DATAFLOW,LU1:DSD_ESS_2@DF_C1335(1.1),Employment: percentage by economic activity and education level,I,PC_EMP_EDUC_LEVEL,Percentage of of total employment by education level,SAL_INT,Domestic payroll employment,A4,Quadrennial,_Z,Not applicable,B,Mining and quarrying,_Z,Not applicable,_Z,Not applicable,ED5-8,Tertiary education (levels 5-8),_Z,Not applicable,_Z,Not applicable,2014,,0,,0,Units,,,1,One,N05,"<b>Coverage:</b><p>Branches B-S;</p><p>Companies with 10 or more employees,</p><p><b>Note:</b></p><p>Public administration: covers only central government administration (CGPO)</p>"
DATAFLOW,LU1:DSD_ESS_2@DF_C1335(1.1),Employment: percentage by economic activity and education level,I,PC_EMP_EDUC_LEVEL,Percentage of of total employment by education level,SAL_INT,Domestic payroll employment,A4,Quadrennial,_Z,Not applicable,B,Mining and quarrying,_Z,Not applicable,_Z,Not applicable,ED5-8,Tertiary education (levels 5-8),_Z,Not applicable,_Z,Not applicable,2018,,0.1,,0,Units,,,1,One,N05,"<b>Coverage:</b><p>Branches B-S;</p><p>Companies with 10 or more employees,</p><p><b>Note:</b></p><p>Public administration: covers only central government administration (CGPO)</p>"
DATAFLOW,LU1:DSD_ESS_2@DF_C1335(1.1),Employment: percentage by economic activity and education level,I,PC_EMP_EDUC_LEVEL,Percentage of of total employment by education level,SAL_INT,Domestic payroll employment,A4,Quadrennial,_Z,Not applicable,B,Mining and quarrying,_Z,Not applicable,_Z,Not applicable,ED5-8,Tertiary education (levels 5-8),_Z,Not applicable,_Z,Not applicable,2022,,0,,0,Units,,,1,One,N05,"<b>Coverage:</b><p>Branches B-S;</p><p>Companies with 10 or more employees,</p><p><b>Note:</b></p><p>Public administration: covers only central government administration (CGPO)</p>"
DATAFLOW,LU1:DSD_ESS_2@DF_C1335(1.1),Employment: percentage by economic activity and education level,I,PC_EMP_EDUC_LEVEL,Percentage of of total employment by education level,SAL_INT,Domestic payroll employment,A4,Quadrennial,_Z,Not applicable,O,Public administration and defence; compulsory social security public,_Z,Not applicable,_Z,Not applicable,_T,All ISCED 2011 levels,_Z,Not applicable,_Z,Not applicable,2010,,5,,0,Units,,,1,One,N05,"<b>Coverage:</b><p>Branches B-S;</p><p>Companies with 10 or more employees,</p><p><b>Note:</b></p><p>Public administration: covers only central government administration (CGPO)</p>"
DATAFLOW,LU1:DSD_ESS_2@DF_C1335(1.1),Employment: percentage by economic activity and education level,I,PC_EMP_EDUC_LEVEL,Percentage of of total employment by education level,SAL_INT,Domestic payroll employment,A4,Quadrennial,_Z,Not applicable,O,Public administration and defence; compulsory social security public,_Z,Not applicable,_Z,Not applicable,_T,All ISCED 2011 levels,_Z,Not applicable,_Z,Not applicable,2014,,3.9,,0,Units,,,1,One,N05,"<b>Coverage:</b><p>Branches B-S;</p><p>Companies with 10 or more employees,</p><p><b>Note:</b></p><p>Public administration: covers only central government administration (CGPO)</p>"
DATAFLOW,LU1:DSD_ESS_2@DF_C1335(1.1),Employment: percentage by economic activity and education level,I,PC_EMP_EDUC_LEVEL,Percentage of of total employment by education level,SAL_INT,Domestic payroll employment,A4,Quadrennial,_Z,Not applicable,O,Public administration and defence; compulsory social security public,_Z,Not applicable,_Z,Not applicable,_T,All ISCED 2011 levels,_Z,Not applicable,_Z,Not applicable,2018,,3.7,,0,Units,,,1,One,N05,"<b>Coverage:</b><p>Branches B-S;</p><p>Companies with 10 or more employees,</p><p><b>Note:</b></p><p>Public administration: covers only central government administration (CGPO)</p>"
DATAFLOW,LU1:DSD_ESS_2@DF_C1335(1.1),Employment: percentage by economic activity and education level,I,PC_EMP_EDUC_LEVEL,Percentage of of total employment by education level,SAL_INT,Domestic payroll employment,A4,Quadrennial,_Z,Not applicable,O,Public administration and defence; compulsory social security public,_Z,Not applicable,_Z,Not applicable,_T,All ISCED 2011 levels,_Z,Not applicable,_Z,Not applicable,2022,,4.8,,0,Units,,,1,One,N05,"<b>Coverage:</b><p>Branches B-S;</p><p>Companies with 10 or more employees,</p><p><b>Note:</b></p><p>Public administration: covers only central government administration (CGPO)</p>"
DATAFLOW,LU1:DSD_ESS_2@DF_C1335(1.1),Employment: percentage by economic activity and education level,I,PC_EMP_EDUC_LEVEL,Percentage of of total employment by education level,SAL_INT,Domestic payroll employment,A4,Quadrennial,_Z,Not applicable,S,Other service activities,_Z,Not applicable,_Z,Not applicable,_T,All ISCED 2011 levels,_Z,Not applicable,_Z,Not applicable,2010,,0.9,,0,Units,,,1,One,N05,"<b>Coverage:</b><p>Branches B-S;</p><p>Companies with 10 or more employees,</p><p><b>Note:</b></p><p>Public administration: covers only central government administration (CGPO)</p>"
DATAFLOW,LU1:DSD_ESS_2@DF_C1335(1.1),Employment: percentage by economic activity and education level,I,PC_EMP_EDUC_LEVEL,Percentage of of total employment by education level,SAL_INT,Domestic payroll employment,A4,Quadrennial,_Z,Not applicable,S,Other service activities,_Z,Not applicable,_Z,Not applicable,_T,All ISCED 2011 levels,_Z,Not applicable,_Z,Not applicable,2014,,1.2,,0,Units,,,1,One,N05,"<b>Coverage:</b><p>Branches B-S;</p><p>Companies with 10 or more employees,</p><p><b>Note:</b></p><p>Public administration: covers only central government administration (CGPO)</p>"
DATAFLOW,LU1:DSD_ESS_2@DF_C1335(1.1),Employment: percentage by economic activity and education level,I,PC_EMP_EDUC_LEVEL,Percentage of of total employment by education level,SAL_INT,Domestic payroll employment,A4,Quadrennial,_Z,Not applicable,S,Other service activities,_Z,Not applicable,_Z,Not applicable,_T,All ISCED 2011 levels,_Z,Not applicable,_Z,Not applicable,2018,,1,,0,Units,,,1,One,N05,"<b>Coverage:</b><p>Branches B-S;</p><p>Companies with 10 or more employees,</p><p><b>Note:</b></p><p>Public administration: covers only central government administration (CGPO)</p>"
DATAFLOW,LU1:DSD_ESS_2@DF_C1335(1.1),Employment: percentage by economic activity and education level,I,PC_EMP_EDUC_LEVEL,Percentage of of total employment by education level,SAL_INT,Domestic payroll employment,A4,Quadrennial,_Z,Not applicable,S,Other service activities,_Z,Not applicable,_Z,Not applicable,_T,All ISCED 2011 levels,_Z,Not applicable,_Z,Not applicable,2022,,1,,0,Units,,,1,One,N05,"<b>Coverage:</b><p>Branches B-S;</p><p>Companies with 10 or more employees,</p><p><b>Note:</b></p><p>Public administration: covers only central government administration (CGPO)</p>"
DATAFLOW,LU1:DSD_ESS_2@DF_C1335(1.1),Employment: percentage by economic activity and education level,I,PC_EMP_EDUC_LEVEL,Percentage of of total employment by education level,SAL_INT,Domestic payroll employment,A4,Quadrennial,_Z,Not applicable,M,"Professional, scientific and technical activities",_Z,Not applicable,_Z,Not applicable,ED5-8,Tertiary education (levels 5-8),_Z,Not applicable,_Z,Not applicable,2010,,16.9,,0,Units,,,1,One,N05,"<b>Coverage:</b><p>Branches B-S;</p><p>Companies with 10 or more employees,</p><p><b>Note:</b></p><p>Public administration: covers only central government administration (CGPO)</p>"
DATAFLOW,LU1:DSD_ESS_2@DF_C1335(1.1),Employment: percentage by economic activity and education level,I,PC_EMP_EDUC_LEVEL,Percentage of of total employment by education level,SAL_INT,Domestic payroll employment,A4,Quadrennial,_Z,Not applicable,M,"Professional, scientific and technical activities",_Z,Not applicable,_Z,Not applicable,ED5-8,Tertiary education (levels 5-8),_Z,Not applicable,_Z,Not applicable,2014,,18.5,,0,Units,,,1,One,N05,"<b>Coverage:</b><p>Branches B-S;</p><p>Companies with 10 or more employees,</p><p><b>Note:</b></p><p>Public administration: covers only central government administration (CGPO)</p>"
DATAFLOW,LU1:DSD_ESS_2@DF_C1335(1.1),Employment: percentage by economic activity and education level,I,PC_EMP_EDUC_LEVEL,Percentage of of total employment by education level,SAL_INT,Domestic payroll employment,A4,Quadrennial,_Z,Not applicable,M,"Professional, scientific and technical activities",_Z,Not applicable,_Z,Not applicable,ED5-8,Tertiary education (levels 5-8),_Z,Not applicable,_Z,Not applicable,2018,,18.9,,0,Units,,,1,One,N05,"<b>Coverage:</b><p>Branches B-S;</p><p>Companies with 10 or more employees,</p><p><b>Note:</b></p><p>Public administration: covers only central government administration (CGPO)</p>"
DATAFLOW,LU1:DSD_ESS_2@DF_C1335(1.1),Employment: percentage by economic activity and education level,I,PC_EMP_EDUC_LEVEL,Percentage of of total employment by education level,SAL_INT,Domestic payroll employment,A4,Quadrennial,_Z,Not applicable,M,"Professional, scientific and technical activities",_Z,Not applicable,_Z,Not applicable,ED5-8,Tertiary education (levels 5-8),_Z,Not applicable,_Z,Not applicable,2022,,20.4,,0,Units,,,1,One,N05,"<b>Coverage:</b><p>Branches B-S;</p><p>Companies with 10 or more employees,</p><p><b>Note:</b></p><p>Public administration: covers only central government administration (CGPO)</p>"
DATAFLOW,LU1:DSD_ESS_2@DF_C1335(1.1),Employment: percentage by economic activity and education level,I,PC_EMP_NACE,Percentage of total branch employment,SAL_INT,Domestic payroll employment,A4,Quadrennial,_Z,Not applicable,G,Wholesale and retail trade; repair of motor and motorcycles,_Z,Not applicable,_Z,Not applicable,_T,All ISCED 2011 levels,_Z,Not applicable,_Z,Not applicable,2010,,100,,0,Units,,,1,One,N05,"<b>Coverage:</b><p>Branches B-S;</p><p>Companies with 10 or more employees,</p><p><b>Note:</b></p><p>Public administration: covers only central government administration (CGPO)</p>"
DATAFLOW,LU1:DSD_ESS_2@DF_C1335(1.1),Employment: percentage by economic activity and education level,I,PC_EMP_NACE,Percentage of total branch employment,SAL_INT,Domestic payroll employment,A4,Quadrennial,_Z,Not applicable,G,Wholesale and retail trade; repair of motor and motorcycles,_Z,Not applicable,_Z,Not applicable,_T,All ISCED 2011 levels,_Z,Not applicable,_Z,Not applicable,2014,,100,,0,Units,,,1,One,N05,"<b>Coverage:</b><p>Branches B-S;</p><p>Companies with 10 or more employees,</p><p><b>Note:</b></p><p>Public administration: covers only central government administration (CGPO)</p>"
DATAFLOW,LU1:DSD_ESS_2@DF_C1335(1.1),Employment: percentage by economic activity and education level,I,PC_EMP_NACE,Percentage of total branch employment,SAL_INT,Domestic payroll employment,A4,Quadrennial,_Z,Not applicable,G,Wholesale and retail trade; repair of motor and motorcycles,_Z,Not applicable,_Z,Not applicable,_T,All ISCED 2011 levels,_Z,Not applicable,_Z,Not applicable,2018,,100,,0,Units,,,1,One,N05,"<b>Coverage:</b><p>Branches B-S;</p><p>Companies with 10 or more employees,</p><p><b>Note:</b></p><p>Public administration: covers only central government administration (CGPO)</p>"
DATAFLOW,LU1:DSD_ESS_2@DF_C1335(1.1),Employment: percentage by economic activity and education level,I,PC_EMP_NACE,Percentage of total branch employment,SAL_INT,Domestic payroll employment,A4,Quadrennial,_Z,Not applicable,G,Wholesale and retail trade; repair of motor and motorcycles,_Z,Not applicable,_Z,Not applicable,_T,All ISCED 2011 levels,_Z,Not applicable,_Z,Not applicable,2022,,100,,0,Units,,,1,One,N05,"<b>Coverage:</b><p>Branches B-S;</p><p>Companies with 10 or more employees,</p><p><b>Note:</b></p><p>Public administration: covers only central government administration (CGPO)</p>"
DATAFLOW,LU1:DSD_ESS_2@DF_C1335(1.1),Employment: percentage by economic activity and education level,I,PC_EMP_NACE,Percentage of total branch employment,SAL_INT,Domestic payroll employment,A4,Quadrennial,_Z,Not applicable,J,Information and communication,_Z,Not applicable,_Z,Not applicable,_T,All ISCED 2011 levels,_Z,Not applicable,_Z,Not applicable,2010,,100,,0,Units,,,1,One,N05,"<b>Coverage:</b><p>Branches B-S;</p><p>Companies with 10 or more employees,</p><p><b>Note:</b></p><p>Public administration: covers only central government administration (CGPO)</p>"
DATAFLOW,LU1:DSD_ESS_2@DF_C1335(1.1),Employment: percentage by economic activity and education level,I,PC_EMP_NACE,Percentage of total branch employment,SAL_INT,Domestic payroll employment,A4,Quadrennial,_Z,Not applicable,J,Information and communication,_Z,Not applicable,_Z,Not applicable,_T,All ISCED 2011 levels,_Z,Not applicable,_Z,Not applicable,2014,,100,,0,Units,,,1,One,N05,"<b>Coverage:</b><p>Branches B-S;</p><p>Companies with 10 or more employees,</p><p><b>Note:</b></p><p>Public administration: covers only central government administration (CGPO)</p>"
DATAFLOW,LU1:DSD_ESS_2@DF_C1335(1.1),Employment: percentage by economic activity and education level,I,PC_EMP_NACE,Percentage of total branch employment,SAL_INT,Domestic payroll employment,A4,Quadrennial,_Z,Not applicable,J,Information and communication,_Z,Not applicable,_Z,Not applicable,_T,All ISCED 2011 levels,_Z,Not applicable,_Z,Not applicable,2018,,100,,0,Units,,,1,One,N05,"<b>Coverage:</b><p>Branches B-S;</p><p>Companies with 10 or more employees,</p><p><b>Note:</b></p><p>Public administration: covers only central government administration (CGPO)</p>"
DATAFLOW,LU1:DSD_ESS_2@DF_C1335(1.1),Employment: percentage by economic activity and education level,I,PC_EMP_NACE,Percentage of total branch employment,SAL_INT,Domestic payroll employment,A4,Quadrennial,_Z,Not applicable,J,Information and communication,_Z,Not applicable,_Z,Not applicable,_T,All ISCED 2011 levels,_Z,Not applicable,_Z,Not applicable,2022,,100,,0,Units,,,1,One,N05,"<b>Coverage:</b><p>Branches B-S;</p><p>Companies with 10 or more employees,</p><p><b>Note:</b></p><p>Public administration: covers only central government administration (CGPO)</p>"
DATAFLOW,LU1:DSD_ESS_2@DF_C1335(1.1),Employment: percentage by economic activity and education level,I,PC_EMP_NACE,Percentage of total branch employment,SAL_INT,Domestic payroll employment,A4,Quadrennial,_Z,Not applicable,C,Manufacturing,_Z,Not applicable,_Z,Not applicable,ED3_4,Upper secondary and post-secondary non-tertiary education (levels 3 and 4),_Z,Not applicable,_Z,Not applicable,2010,,57.2,,0,Units,,,1,One,N05,"<b>Coverage:</b><p>Branches B-S;</p><p>Companies with 10 or more employees,</p><p><b>Note:</b></p><p>Public administration: covers only central government administration (CGPO)</p>"
DATAFLOW,LU1:DSD_ESS_2@DF_C1335(1.1),Employment: percentage by economic activity and education level,I,PC_EMP_NACE,Percentage of total branch employment,SAL_INT,Domestic payroll employment,A4,Quadrennial,_Z,Not applicable,C,Manufacturing,_Z,Not applicable,_Z,Not applicable,ED3_4,Upper secondary and post-secondary non-tertiary education (levels 3 and 4),_Z,Not applicable,_Z,Not applicable,2014,,52.5,,0,Units,,,1,One,N05,"<b>Coverage:</b><p>Branches B-S;</p><p>Companies with 10 or more employees,</p><p><b>Note:</b></p><p>Public administration: covers only central government administration (CGPO)</p>"
DATAFLOW,LU1:DSD_ESS_2@DF_C1335(1.1),Employment: percentage by economic activity and education level,I,PC_EMP_NACE,Percentage of total branch employment,SAL_INT,Domestic payroll employment,A4,Quadrennial,_Z,Not applicable,C,Manufacturing,_Z,Not applicable,_Z,Not applicable,ED3_4,Upper secondary and post-secondary non-tertiary education (levels 3 and 4),_Z,Not applicable,_Z,Not applicable,2018,,42.9,,0,Units,,,1,One,N05,"<b>Coverage:</b><p>Branches B-S;</p><p>Companies with 10 or more employees,</p><p><b>Note:</b></p><p>Public administration: covers only central government administration (CGPO)</p>"
DATAFLOW,LU1:DSD_ESS_2@DF_C1335(1.1),Employment: percentage by economic activity and education level,I,PC_EMP_NACE,Percentage of total branch employment,SAL_INT,Domestic payroll employment,A4,Quadrennial,_Z,Not applicable,C,Manufacturing,_Z,Not applicable,_Z,Not applicable,ED3_4,Upper secondary and post-secondary non-tertiary education (levels 3 and 4),_Z,Not applicable,_Z,Not applicable,2022,,49.3,,0,Units,,,1,One,N05,"<b>Coverage:</b><p>Branches B-S;</p><p>Companies with 10 or more employees,</p><p><b>Note:</b></p><p>Public administration: covers only central government administration (CGPO)</p>"
DATAFLOW,LU1:DSD_ESS_2@DF_C1335(1.1),Employment: percentage by economic activity and education level,I,PC_EMP_EDUC_LEVEL,Percentage of of total employment by education level,SAL_INT,Domestic payroll employment,A4,Quadrennial,_Z,Not applicable,H,Transportation and storage,_Z,Not applicable,_Z,Not applicable,ED5-8,Tertiary education (levels 5-8),_Z,Not applicable,_Z,Not applicable,2010,,4,,0,Units,,,1,One,N05,"<b>Coverage:</b><p>Branches B-S;</p><p>Companies with 10 or more employees,</p><p><b>Note:</b></p><p>Public administration: covers only central government administration (CGPO)</p>"
DATAFLOW,LU1:DSD_ESS_2@DF_C1335(1.1),Employment: percentage by economic activity and education level,I,PC_EMP_EDUC_LEVEL,Percentage of of total employment by education level,SAL_INT,Domestic payroll employment,A4,Quadrennial,_Z,Not applicable,H,Transportation and storage,_Z,Not applicable,_Z,Not applicable,ED5-8,Tertiary education (levels 5-8),_Z,Not applicable,_Z,Not applicable,2014,,2.3,,0,Units,,,1,One,N05,"<b>Coverage:</b><p>Branches B-S;</p><p>Companies with 10 or more employees,</p><p><b>Note:</b></p><p>Public administration: covers only central government administration (CGPO)</p>"
DATAFLOW,LU1:DSD_ESS_2@DF_C1335(1.1),Employment: percentage by economic activity and education level,I,PC_EMP_EDUC_LEVEL,Percentage of of total employment by education level,SAL_INT,Domestic payroll employment,A4,Quadrennial,_Z,Not applicable,H,Transportation and storage,_Z,Not applicable,_Z,Not applicable,ED5-8,Tertiary education (levels 5-8),_Z,Not applicable,_Z,Not applicable,2018,,2.5,,0,Units,,,1,One,N05,"<b>Coverage:</b><p>Branches B-S;</p><p>Companies with 10 or more employees,</p><p><b>Note:</b></p><p>Public administration: covers only central government administration (CGPO)</p>"
DATAFLOW,LU1:DSD_ESS_2@DF_C1335(1.1),Employment: percentage by economic activity and education level,I,PC_EMP_EDUC_LEVEL,Percentage of of total employment by education level,SAL_INT,Domestic payroll employment,A4,Quadrennial,_Z,Not applicable,H,Transportation and storage,_Z,Not applicable,_Z,Not applicable,ED5-8,Tertiary education (levels 5-8),_Z,Not applicable,_Z,Not applicable,2022,,3.2,,0,Units,,,1,One,N05,"<b>Coverage:</b><p>Branches B-S;</p><p>Companies with 10 or more employees,</p><p><b>Note:</b></p><p>Public administration: covers only central government administration (CGPO)</p>"
DATAFLOW,LU1:DSD_ESS_2@DF_C1335(1.1),Employment: percentage by economic activity and education level,I,PC_EMP_NACE,Percentage of total branch employment,SAL_INT,Domestic payroll employment,A4,Quadrennial,_Z,Not applicable,E,"Water supply; sewerage,waste management and remediation activities",_Z,Not applicable,_Z,Not applicable,ED0-2,"Less than primary, primary and lower secondary education (levels 0-2)",_Z,Not applicable,_Z,Not applicable,2010,,40.6,,0,Units,,,1,One,N05,"<b>Coverage:</b><p>Branches B-S;</p><p>Companies with 10 or more employees,</p><p><b>Note:</b></p><p>Public administration: covers only central government administration (CGPO)</p>"
DATAFLOW,LU1:DSD_ESS_2@DF_C1335(1.1),Employment: percentage by economic activity and education level,I,PC_EMP_NACE,Percentage of total branch employment,SAL_INT,Domestic payroll employment,A4,Quadrennial,_Z,Not applicable,E,"Water supply; sewerage,waste management and remediation activities",_Z,Not applicable,_Z,Not applicable,ED0-2,"Less than primary, primary and lower secondary education (levels 0-2)",_Z,Not applicable,_Z,Not applicable,2014,,33.4,,0,Units,,,1,One,N05,"<b>Coverage:</b><p>Branches B-S;</p><p>Companies with 10 or more employees,</p><p><b>Note:</b></p><p>Public administration: covers only central government administration (CGPO)</p>"
DATAFLOW,LU1:DSD_ESS_2@DF_C1335(1.1),Employment: percentage by economic activity and education level,I,PC_EMP_NACE,Percentage of total branch employment,SAL_INT,Domestic payroll employment,A4,Quadrennial,_Z,Not applicable,E,"Water supply; sewerage,waste management and remediation activities",_Z,Not applicable,_Z,Not applicable,ED0-2,"Less than primary, primary and lower secondary education (levels 0-2)",_Z,Not applicable,_Z,Not applicable,2018,,26.5,,0,Units,,,1,One,N05,"<b>Coverage:</b><p>Branches B-S;</p><p>Companies with 10 or more employees,</p><p><b>Note:</b></p><p>Public administration: covers only central government administration (CGPO)</p>"
DATAFLOW,LU1:DSD_ESS_2@DF_C1335(1.1),Employment: percentage by economic activity and education level,I,PC_EMP_NACE,Percentage of total branch employment,SAL_INT,Domestic payroll employment,A4,Quadrennial,_Z,Not applicable,E,"Water supply; sewerage,waste management and remediation activities",_Z,Not applicable,_Z,Not applicable,ED0-2,"Less than primary, primary and lower secondary education (levels 0-2)",_Z,Not applicable,_Z,Not applicable,2022,,35.1,,0,Units,,,1,One,N05,"<b>Coverage:</b><p>Branches B-S;</p><p>Companies with 10 or more employees,</p><p><b>Note:</b></p><p>Public administration: covers only central government administration (CGPO)</p>"
DATAFLOW,LU1:DSD_ESS_2@DF_C1335(1.1),Employment: percentage by economic activity and education level,I,PC_EMP_NACE,Percentage of total branch employment,SAL_INT,Domestic payroll employment,A4,Quadrennial,_Z,Not applicable,S,Other service activities,_Z,Not applicable,_Z,Not applicable,_T,All ISCED 2011 levels,_Z,Not applicable,_Z,Not applicable,2010,,100,,0,Units,,,1,One,N05,"<b>Coverage:</b><p>Branches B-S;</p><p>Companies with 10 or more employees,</p><p><b>Note:</b></p><p>Public administration: covers only central government administration (CGPO)</p>"
DATAFLOW,LU1:DSD_ESS_2@DF_C1335(1.1),Employment: percentage by economic activity and education level,I,PC_EMP_NACE,Percentage of total branch employment,SAL_INT,Domestic payroll employment,A4,Quadrennial,_Z,Not applicable,S,Other service activities,_Z,Not applicable,_Z,Not applicable,_T,All ISCED 2011 levels,_Z,Not applicable,_Z,Not applicable,2014,,100,,0,Units,,,1,One,N05,"<b>Coverage:</b><p>Branches B-S;</p><p>Companies with 10 or more employees,</p><p><b>Note:</b></p><p>Public administration: covers only central government administration (CGPO)</p>"
DATAFLOW,LU1:DSD_ESS_2@DF_C1335(1.1),Employment: percentage by economic activity and education level,I,PC_EMP_NACE,Percentage of total branch employment,SAL_INT,Domestic payroll employment,A4,Quadrennial,_Z,Not applicable,S,Other service activities,_Z,Not applicable,_Z,Not applicable,_T,All ISCED 2011 levels,_Z,Not applicable,_Z,Not applicable,2018,,100,,0,Units,,,1,One,N05,"<b>Coverage:</b><p>Branches B-S;</p><p>Companies with 10 or more employees,</p><p><b>Note:</b></p><p>Public administration: covers only central government administration (CGPO)</p>"
DATAFLOW,LU1:DSD_ESS_2@DF_C1335(1.1),Employment: percentage by economic activity and education level,I,PC_EMP_NACE,Percentage of total branch employment,SAL_INT,Domestic payroll employment,A4,Quadrennial,_Z,Not applicable,S,Other service activities,_Z,Not applicable,_Z,Not applicable,_T,All ISCED 2011 levels,_Z,Not applicable,_Z,Not applicable,2022,,100,,0,Units,,,1,One,N05,"<b>Coverage:</b><p>Branches B-S;</p><p>Companies with 10 or more employees,</p><p><b>Note:</b></p><p>Public administration: covers only central government administration (CGPO)</p>"
DATAFLOW,LU1:DSD_ESS_2@DF_C1335(1.1),Employment: percentage by economic activity and education level,I,PC_EMP_EDUC_LEVEL,Percentage of of total employment by education level,SAL_INT,Domestic payroll employment,A4,Quadrennial,_Z,Not applicable,H,Transportation and storage,_Z,Not applicable,_Z,Not applicable,ED3_4,Upper secondary and post-secondary non-tertiary education (levels 3 and 4),_Z,Not applicable,_Z,Not applicable,2010,,12.4,,0,Units,,,1,One,N05,"<b>Coverage:</b><p>Branches B-S;</p><p>Companies with 10 or more employees,</p><p><b>Note:</b></p><p>Public administration: covers only central government administration (CGPO)</p>"
DATAFLOW,LU1:DSD_ESS_2@DF_C1335(1.1),Employment: percentage by economic activity and education level,I,PC_EMP_EDUC_LEVEL,Percentage of of total employment by education level,SAL_INT,Domestic payroll employment,A4,Quadrennial,_Z,Not applicable,H,Transportation and storage,_Z,Not applicable,_Z,Not applicable,ED3_4,Upper secondary and post-secondary non-tertiary education (levels 3 and 4),_Z,Not applicable,_Z,Not applicable,2014,,8.5,,0,Units,,,1,One,N05,"<b>Coverage:</b><p>Branches B-S;</p><p>Companies with 10 or more employees,</p><p><b>Note:</b></p><p>Public administration: covers only central government administration (CGPO)</p>"
DATAFLOW,LU1:DSD_ESS_2@DF_C1335(1.1),Employment: percentage by economic activity and education level,I,PC_EMP_EDUC_LEVEL,Percentage of of total employment by education level,SAL_INT,Domestic payroll employment,A4,Quadrennial,_Z,Not applicable,H,Transportation and storage,_Z,Not applicable,_Z,Not applicable,ED3_4,Upper secondary and post-secondary non-tertiary education (levels 3 and 4),_Z,Not applicable,_Z,Not applicable,2018,,10.2,,0,Units,,,1,One,N05,"<b>Coverage:</b><p>Branches B-S;</p><p>Companies with 10 or more employees,</p><p><b>Note:</b></p><p>Public administration: covers only central government administration (CGPO)</p>"
DATAFLOW,LU1:DSD_ESS_2@DF_C1335(1.1),Employment: percentage by economic activity and education level,I,PC_EMP_EDUC_LEVEL,Percentage of of total employment by education level,SAL_INT,Domestic payroll employment,A4,Quadrennial,_Z,Not applicable,H,Transportation and storage,_Z,Not applicable,_Z,Not applicable,ED3_4,Upper secondary and post-secondary non-tertiary education (levels 3 and 4),_Z,Not applicable,_Z,Not applicable,2022,,9.4,,0,Units,,,1,One,N05,"<b>Coverage:</b><p>Branches B-S;</p><p>Companies with 10 or more employees,</p><p><b>Note:</b></p><p>Public administration: covers only central government administration (CGPO)</p>"
DATAFLOW,LU1:DSD_ESS_2@DF_C1335(1.1),Employment: percentage by economic activity and education level,I,PC_EMP_NACE,Percentage of total branch employment,SAL_INT,Domestic payroll employment,A4,Quadrennial,_Z,Not applicable,I,Accommodation and food service activities,_Z,Not applicable,_Z,Not applicable,ED5-8,Tertiary education (levels 5-8),_Z,Not applicable,_Z,Not applicable,2010,,6.3,,0,Units,,,1,One,N05,"<b>Coverage:</b><p>Branches B-S;</p><p>Companies with 10 or more employees,</p><p><b>Note:</b></p><p>Public administration: covers only central government administration (CGPO)</p>"
DATAFLOW,LU1:DSD_ESS_2@DF_C1335(1.1),Employment: percentage by economic activity and education level,I,PC_EMP_NACE,Percentage of total branch employment,SAL_INT,Domestic payroll employment,A4,Quadrennial,_Z,Not applicable,I,Accommodation and food service activities,_Z,Not applicable,_Z,Not applicable,ED5-8,Tertiary education (levels 5-8),_Z,Not applicable,_Z,Not applicable,2014,,11.3,,0,Units,,,1,One,N05,"<b>Coverage:</b><p>Branches B-S;</p><p>Companies with 10 or more employees,</p><p><b>Note:</b></p><p>Public administration: covers only central government administration (CGPO)</p>"
DATAFLOW,LU1:DSD_ESS_2@DF_C1335(1.1),Employment: percentage by economic activity and education level,I,PC_EMP_NACE,Percentage of total branch employment,SAL_INT,Domestic payroll employment,A4,Quadrennial,_Z,Not applicable,I,Accommodation and food service activities,_Z,Not applicable,_Z,Not applicable,ED5-8,Tertiary education (levels 5-8),_Z,Not applicable,_Z,Not applicable,2018,,9.3,,0,Units,,,1,One,N05,"<b>Coverage:</b><p>Branches B-S;</p><p>Companies with 10 or more employees,</p><p><b>Note:</b></p><p>Public administration: covers only central government administration (CGPO)</p>"
DATAFLOW,LU1:DSD_ESS_2@DF_C1335(1.1),Employment: percentage by economic activity and education level,I,PC_EMP_NACE,Percentage of total branch employment,SAL_INT,Domestic payroll employment,A4,Quadrennial,_Z,Not applicable,I,Accommodation and food service activities,_Z,Not applicable,_Z,Not applicable,ED5-8,Tertiary education (levels 5-8),_Z,Not applicable,_Z,Not applicable,2022,,11.3,,0,Units,,,1,One,N05,"<b>Coverage:</b><p>Branches B-S;</p><p>Companies with 10 or more employees,</p><p><b>Note:</b></p><p>Public administration: covers only central government administration (CGPO)</p>"
DATAFLOW,LU1:DSD_ESS_2@DF_C1335(1.1),Employment: percentage by economic activity and education level,I,PC_EMP_NACE,Percentage of total branch employment,SAL_INT,Domestic payroll employment,A4,Quadrennial,_Z,Not applicable,Q,Human health and social work activities,_Z,Not applicable,_Z,Not applicable,ED0-2,"Less than primary, primary and lower secondary education (levels 0-2)",_Z,Not applicable,_Z,Not applicable,2010,,24.2,,0,Units,,,1,One,N05,"<b>Coverage:</b><p>Branches B-S;</p><p>Companies with 10 or more employees,</p><p><b>Note:</b></p><p>Public administration: covers only central government administration (CGPO)</p>"
DATAFLOW,LU1:DSD_ESS_2@DF_C1335(1.1),Employment: percentage by economic activity and education level,I,PC_EMP_NACE,Percentage of total branch employment,SAL_INT,Domestic payroll employment,A4,Quadrennial,_Z,Not applicable,Q,Human health and social work activities,_Z,Not applicable,_Z,Not applicable,ED0-2,"Less than primary, primary and lower secondary education (levels 0-2)",_Z,Not applicable,_Z,Not applicable,2014,,25.1,,0,Units,,,1,One,N05,"<b>Coverage:</b><p>Branches B-S;</p><p>Companies with 10 or more employees,</p><p><b>Note:</b></p><p>Public administration: covers only central government administration (CGPO)</p>"
DATAFLOW,LU1:DSD_ESS_2@DF_C1335(1.1),Employment: percentage by economic activity and education level,I,PC_EMP_NACE,Percentage of total branch employment,SAL_INT,Domestic payroll employment,A4,Quadrennial,_Z,Not applicable,Q,Human health and social work activities,_Z,Not applicable,_Z,Not applicable,ED0-2,"Less than primary, primary and lower secondary education (levels 0-2)",_Z,Not applicable,_Z,Not applicable,2018,,25.4,,0,Units,,,1,One,N05,"<b>Coverage:</b><p>Branches B-S;</p><p>Companies with 10 or more employees,</p><p><b>Note:</b></p><p>Public administration: covers only central government administration (CGPO)</p>"
DATAFLOW,LU1:DSD_ESS_2@DF_C1335(1.1),Employment: percentage by economic activity and education level,I,PC_EMP_NACE,Percentage of total branch employment,SAL_INT,Domestic payroll employment,A4,Quadrennial,_Z,Not applicable,Q,Human health and social work activities,_Z,Not applicable,_Z,Not applicable,ED0-2,"Less than primary, primary and lower secondary education (levels 0-2)",_Z,Not applicable,_Z,Not applicable,2022,,21.4,,0,Units,,,1,One,N05,"<b>Coverage:</b><p>Branches B-S;</p><p>Companies with 10 or more employees,</p><p><b>Note:</b></p><p>Public administration: covers only central government administration (CGPO)</p>"
DATAFLOW,LU1:DSD_ESS_2@DF_C1335(1.1),Employment: percentage by economic activity and education level,I,PC_EMP_EDUC_LEVEL,Percentage of of total employment by education level,SAL_INT,Domestic payroll employment,A4,Quadrennial,_Z,Not applicable,L,Real estate activities,_Z,Not applicable,_Z,Not applicable,ED5-8,Tertiary education (levels 5-8),_Z,Not applicable,_Z,Not applicable,2010,,0.4,,0,Units,,,1,One,N05,"<b>Coverage:</b><p>Branches B-S;</p><p>Companies with 10 or more employees,</p><p><b>Note:</b></p><p>Public administration: covers only central government administration (CGPO)</p>"
DATAFLOW,LU1:DSD_ESS_2@DF_C1335(1.1),Employment: percentage by economic activity and education level,I,PC_EMP_EDUC_LEVEL,Percentage of of total employment by education level,SAL_INT,Domestic payroll employment,A4,Quadrennial,_Z,Not applicable,L,Real estate activities,_Z,Not applicable,_Z,Not applicable,ED5-8,Tertiary education (levels 5-8),_Z,Not applicable,_Z,Not applicable,2014,,0.3,,0,Units,,,1,One,N05,"<b>Coverage:</b><p>Branches B-S;</p><p>Companies with 10 or more employees,</p><p><b>Note:</b></p><p>Public administration: covers only central government administration (CGPO)</p>"
DATAFLOW,LU1:DSD_ESS_2@DF_C1335(1.1),Employment: percentage by economic activity and education level,I,PC_EMP_EDUC_LEVEL,Percentage of of total employment by education level,SAL_INT,Domestic payroll employment,A4,Quadrennial,_Z,Not applicable,L,Real estate activities,_Z,Not applicable,_Z,Not applicable,ED5-8,Tertiary education (levels 5-8),_Z,Not applicable,_Z,Not applicable,2018,,0.3,,0,Units,,,1,One,N05,"<b>Coverage:</b><p>Branches B-S;</p><p>Companies with 10 or more employees,</p><p><b>Note:</b></p><p>Public administration: covers only central government administration (CGPO)</p>"
DATAFLOW,LU1:DSD_ESS_2@DF_C1335(1.1),Employment: percentage by economic activity and education level,I,PC_EMP_EDUC_LEVEL,Percentage of of total employment by education level,SAL_INT,Domestic payroll employment,A4,Quadrennial,_Z,Not applicable,L,Real estate activities,_Z,Not applicable,_Z,Not applicable,ED5-8,Tertiary education (levels 5-8),_Z,Not applicable,_Z,Not applicable,2022,,0.7,,0,Units,,,1,One,N05,"<b>Coverage:</b><p>Branches B-S;</p><p>Companies with 10 or more employees,</p><p><b>Note:</b></p><p>Public administration: covers only central government administration (CGPO)</p>"
DATAFLOW,LU1:DSD_ESS_2@DF_C1335(1.1),Employment: percentage by economic activity and education level,I,PC_EMP_NACE,Percentage of total branch employment,SAL_INT,Domestic payroll employment,A4,Quadrennial,_Z,Not applicable,L,Real estate activities,_Z,Not applicable,_Z,Not applicable,ED5-8,Tertiary education (levels 5-8),_Z,Not applicable,_Z,Not applicable,2010,,43.4,,0,Units,,,1,One,N05,"<b>Coverage:</b><p>Branches B-S;</p><p>Companies with 10 or more employees,</p><p><b>Note:</b></p><p>Public administration: covers only central government administration (CGPO)</p>"
DATAFLOW,LU1:DSD_ESS_2@DF_C1335(1.1),Employment: percentage by economic activity and education level,I,PC_EMP_NACE,Percentage of total branch employment,SAL_INT,Domestic payroll employment,A4,Quadrennial,_Z,Not applicable,L,Real estate activities,_Z,Not applicable,_Z,Not applicable,ED5-8,Tertiary education (levels 5-8),_Z,Not applicable,_Z,Not applicable,2014,,50.7,,0,Units,,,1,One,N05,"<b>Coverage:</b><p>Branches B-S;</p><p>Companies with 10 or more employees,</p><p><b>Note:</b></p><p>Public administration: covers only central government administration (CGPO)</p>"
DATAFLOW,LU1:DSD_ESS_2@DF_C1335(1.1),Employment: percentage by economic activity and education level,I,PC_EMP_NACE,Percentage of total branch employment,SAL_INT,Domestic payroll employment,A4,Quadrennial,_Z,Not applicable,L,Real estate activities,_Z,Not applicable,_Z,Not applicable,ED5-8,Tertiary education (levels 5-8),_Z,Not applicable,_Z,Not applicable,2018,,33,,0,Units,,,1,One,N05,"<b>Coverage:</b><p>Branches B-S;</p><p>Companies with 10 or more employees,</p><p><b>Note:</b></p><p>Public administration: covers only central government administration (CGPO)</p>"
DATAFLOW,LU1:DSD_ESS_2@DF_C1335(1.1),Employment: percentage by economic activity and education level,I,PC_EMP_NACE,Percentage of total branch employment,SAL_INT,Domestic payroll employment,A4,Quadrennial,_Z,Not applicable,L,Real estate activities,_Z,Not applicable,_Z,Not applicable,ED5-8,Tertiary education (levels 5-8),_Z,Not applicable,_Z,Not applicable,2022,,46.2,,0,Units,,,1,One,N05,"<b>Coverage:</b><p>Branches B-S;</p><p>Companies with 10 or more employees,</p><p><b>Note:</b></p><p>Public administration: covers only central government administration (CGPO)</p>"
DATAFLOW,LU1:DSD_ESS_2@DF_C1335(1.1),Employment: percentage by economic activity and education level,I,PC_EMP_NACE,Percentage of total branch employment,SAL_INT,Domestic payroll employment,A4,Quadrennial,_Z,Not applicable,P,Education,_Z,Not applicable,_Z,Not applicable,ED3_4,Upper secondary and post-secondary non-tertiary education (levels 3 and 4),_Z,Not applicable,_Z,Not applicable,2010,,19.8,,0,Units,,,1,One,N05,"<b>Coverage:</b><p>Branches B-S;</p><p>Companies with 10 or more employees,</p><p><b>Note:</b></p><p>Public administration: covers only central government administration (CGPO)</p>"
DATAFLOW,LU1:DSD_ESS_2@DF_C1335(1.1),Employment: percentage by economic activity and education level,I,PC_EMP_NACE,Percentage of total branch employment,SAL_INT,Domestic payroll employment,A4,Quadrennial,_Z,Not applicable,P,Education,_Z,Not applicable,_Z,Not applicable,ED3_4,Upper secondary and post-secondary non-tertiary education (levels 3 and 4),_Z,Not applicable,_Z,Not applicable,2014,,17.3,,0,Units,,,1,One,N05,"<b>Coverage:</b><p>Branches B-S;</p><p>Companies with 10 or more employees,</p><p><b>Note:</b></p><p>Public administration: covers only central government administration (CGPO)</p>"
DATAFLOW,LU1:DSD_ESS_2@DF_C1335(1.1),Employment: percentage by economic activity and education level,I,PC_EMP_NACE,Percentage of total branch employment,SAL_INT,Domestic payroll employment,A4,Quadrennial,_Z,Not applicable,P,Education,_Z,Not applicable,_Z,Not applicable,ED3_4,Upper secondary and post-secondary non-tertiary education (levels 3 and 4),_Z,Not applicable,_Z,Not applicable,2018,,15.6,,0,Units,,,1,One,N05,"<b>Coverage:</b><p>Branches B-S;</p><p>Companies with 10 or more employees,</p><p><b>Note:</b></p><p>Public administration: covers only central government administration (CGPO)</p>"
DATAFLOW,LU1:DSD_ESS_2@DF_C1335(1.1),Employment: percentage by economic activity and education level,I,PC_EMP_NACE,Percentage of total branch employment,SAL_INT,Domestic payroll employment,A4,Quadrennial,_Z,Not applicable,P,Education,_Z,Not applicable,_Z,Not applicable,ED3_4,Upper secondary and post-secondary non-tertiary education (levels 3 and 4),_Z,Not applicable,_Z,Not applicable,2022,,14.5,,0,Units,,,1,One,N05,"<b>Coverage:</b><p>Branches B-S;</p><p>Companies with 10 or more employees,</p><p><b>Note:</b></p><p>Public administration: covers only central government administration (CGPO)</p>"
DATAFLOW,LU1:DSD_ESS_2@DF_C1335(1.1),Employment: percentage by economic activity and education level,I,PC_EMP_EDUC_LEVEL,Percentage of of total employment by education level,SAL_INT,Domestic payroll employment,A4,Quadrennial,_Z,Not applicable,K,Financial and insurance activities,_Z,Not applicable,_Z,Not applicable,ED3_4,Upper secondary and post-secondary non-tertiary education (levels 3 and 4),_Z,Not applicable,_Z,Not applicable,2010,,9,,0,Units,,,1,One,N05,"<b>Coverage:</b><p>Branches B-S;</p><p>Companies with 10 or more employees,</p><p><b>Note:</b></p><p>Public administration: covers only central government administration (CGPO)</p>"
DATAFLOW,LU1:DSD_ESS_2@DF_C1335(1.1),Employment: percentage by economic activity and education level,I,PC_EMP_EDUC_LEVEL,Percentage of of total employment by education level,SAL_INT,Domestic payroll employment,A4,Quadrennial,_Z,Not applicable,K,Financial and insurance activities,_Z,Not applicable,_Z,Not applicable,ED3_4,Upper secondary and post-secondary non-tertiary education (levels 3 and 4),_Z,Not applicable,_Z,Not applicable,2014,,8,,0,Units,,,1,One,N05,"<b>Coverage:</b><p>Branches B-S;</p><p>Companies with 10 or more employees,</p><p><b>Note:</b></p><p>Public administration: covers only central government administration (CGPO)</p>"
DATAFLOW,LU1:DSD_ESS_2@DF_C1335(1.1),Employment: percentage by economic activity and education level,I,PC_EMP_EDUC_LEVEL,Percentage of of total employment by education level,SAL_INT,Domestic payroll employment,A4,Quadrennial,_Z,Not applicable,K,Financial and insurance activities,_Z,Not applicable,_Z,Not applicable,ED3_4,Upper secondary and post-secondary non-tertiary education (levels 3 and 4),_Z,Not applicable,_Z,Not applicable,2018,,7.4,,0,Units,,,1,One,N05,"<b>Coverage:</b><p>Branches B-S;</p><p>Companies with 10 or more employees,</p><p><b>Note:</b></p><p>Public administration: covers only central government administration (CGPO)</p>"
DATAFLOW,LU1:DSD_ESS_2@DF_C1335(1.1),Employment: percentage by economic activity and education level,I,PC_EMP_EDUC_LEVEL,Percentage of of total employment by education level,SAL_INT,Domestic payroll employment,A4,Quadrennial,_Z,Not applicable,K,Financial and insurance activities,_Z,Not applicable,_Z,Not applicable,ED3_4,Upper secondary and post-secondary non-tertiary education (levels 3 and 4),_Z,Not applicable,_Z,Not applicable,2022,,5.5,,0,Units,,,1,One,N05,"<b>Coverage:</b><p>Branches B-S;</p><p>Companies with 10 or more employees,</p><p><b>Note:</b></p><p>Public administration: covers only central government administration (CGPO)</p>"
DATAFLOW,LU1:DSD_ESS_2@DF_C1335(1.1),Employment: percentage by economic activity and education level,I,PC_EMP_NACE,Percentage of total branch employment,SAL_INT,Domestic payroll employment,A4,Quadrennial,_Z,Not applicable,Q,Human health and social work activities,_Z,Not applicable,_Z,Not applicable,ED3_4,Upper secondary and post-secondary non-tertiary education (levels 3 and 4),_Z,Not applicable,_Z,Not applicable,2010,,59.1,,0,Units,,,1,One,N05,"<b>Coverage:</b><p>Branches B-S;</p><p>Companies with 10 or more employees,</p><p><b>Note:</b></p><p>Public administration: covers only central government administration (CGPO)</p>"
DATAFLOW,LU1:DSD_ESS_2@DF_C1335(1.1),Employment: percentage by economic activity and education level,I,PC_EMP_NACE,Percentage of total branch employment,SAL_INT,Domestic payroll employment,A4,Quadrennial,_Z,Not applicable,Q,Human health and social work activities,_Z,Not applicable,_Z,Not applicable,ED3_4,Upper secondary and post-secondary non-tertiary education (levels 3 and 4),_Z,Not applicable,_Z,Not applicable,2014,,45.6,,0,Units,,,1,One,N05,"<b>Coverage:</b><p>Branches B-S;</p><p>Companies with 10 or more employees,</p><p><b>Note:</b></p><p>Public administration: covers only central government administration (CGPO)</p>"
DATAFLOW,LU1:DSD_ESS_2@DF_C1335(1.1),Employment: percentage by economic activity and education level,I,PC_EMP_NACE,Percentage of total branch employment,SAL_INT,Domestic payroll employment,A4,Quadrennial,_Z,Not applicable,Q,Human health and social work activities,_Z,Not applicable,_Z,Not applicable,ED3_4,Upper secondary and post-secondary non-tertiary education (levels 3 and 4),_Z,Not applicable,_Z,Not applicable,2018,,34.4,,0,Units,,,1,One,N05,"<b>Coverage:</b><p>Branches B-S;</p><p>Companies with 10 or more employees,</p><p><b>Note:</b></p><p>Public administration: covers only central government administration (CGPO)</p>"
DATAFLOW,LU1:DSD_ESS_2@DF_C1335(1.1),Employment: percentage by economic activity and education level,I,PC_EMP_NACE,Percentage of total branch employment,SAL_INT,Domestic payroll employment,A4,Quadrennial,_Z,Not applicable,Q,Human health and social work activities,_Z,Not applicable,_Z,Not applicable,ED3_4,Upper secondary and post-secondary non-tertiary education (levels 3 and 4),_Z,Not applicable,_Z,Not applicable,2022,,44.1,,0,Units,,,1,One,N05,"<b>Coverage:</b><p>Branches B-S;</p><p>Companies with 10 or more employees,</p><p><b>Note:</b></p><p>Public administration: covers only central government administration (CGPO)</p>"
DATAFLOW,LU1:DSD_ESS_2@DF_C1335(1.1),Employment: percentage by economic activity and education level,I,PC_EMP_NACE,Percentage of total branch employment,SAL_INT,Domestic payroll employment,A4,Quadrennial,_Z,Not applicable,G,Wholesale and retail trade; repair of motor and motorcycles,_Z,Not applicable,_Z,Not applicable,ED3_4,Upper secondary and post-secondary non-tertiary education (levels 3 and 4),_Z,Not applicable,_Z,Not applicable,2010,,57.8,,0,Units,,,1,One,N05,"<b>Coverage:</b><p>Branches B-S;</p><p>Companies with 10 or more employees,</p><p><b>Note:</b></p><p>Public administration: covers only central government administration (CGPO)</p>"
DATAFLOW,LU1:DSD_ESS_2@DF_C1335(1.1),Employment: percentage by economic activity and education level,I,PC_EMP_NACE,Percentage of total branch employment,SAL_INT,Domestic payroll employment,A4,Quadrennial,_Z,Not applicable,G,Wholesale and retail trade; repair of motor and motorcycles,_Z,Not applicable,_Z,Not applicable,ED3_4,Upper secondary and post-secondary non-tertiary education (levels 3 and 4),_Z,Not applicable,_Z,Not applicable,2014,,49.9,,0,Units,,,1,One,N05,"<b>Coverage:</b><p>Branches B-S;</p><p>Companies with 10 or more employees,</p><p><b>Note:</b></p><p>Public administration: covers only central government administration (CGPO)</p>"
DATAFLOW,LU1:DSD_ESS_2@DF_C1335(1.1),Employment: percentage by economic activity and education level,I,PC_EMP_NACE,Percentage of total branch employment,SAL_INT,Domestic payroll employment,A4,Quadrennial,_Z,Not applicable,G,Wholesale and retail trade; repair of motor and motorcycles,_Z,Not applicable,_Z,Not applicable,ED3_4,Upper secondary and post-secondary non-tertiary education (levels 3 and 4),_Z,Not applicable,_Z,Not applicable,2018,,48.1,,0,Units,,,1,One,N05,"<b>Coverage:</b><p>Branches B-S;</p><p>Companies with 10 or more employees,</p><p><b>Note:</b></p><p>Public administration: covers only central government administration (CGPO)</p>"
DATAFLOW,LU1:DSD_ESS_2@DF_C1335(1.1),Employment: percentage by economic activity and education level,I,PC_EMP_NACE,Percentage of total branch employment,SAL_INT,Domestic payroll employment,A4,Quadrennial,_Z,Not applicable,G,Wholesale and retail trade; repair of motor and motorcycles,_Z,Not applicable,_Z,Not applicable,ED3_4,Upper secondary and post-secondary non-tertiary education (levels 3 and 4),_Z,Not applicable,_Z,Not applicable,2022,,51.3,,0,Units,,,1,One,N05,"<b>Coverage:</b><p>Branches B-S;</p><p>Companies with 10 or more employees,</p><p><b>Note:</b></p><p>Public administration: covers only central government administration (CGPO)</p>"
DATAFLOW,LU1:DSD_ESS_2@DF_C1335(1.1),Employment: percentage by economic activity and education level,I,PC_EMP_EDUC_LEVEL,Percentage of of total employment by education level,SAL_INT,Domestic payroll employment,A4,Quadrennial,_Z,Not applicable,C,Manufacturing,_Z,Not applicable,_Z,Not applicable,ED5-8,Tertiary education (levels 5-8),_Z,Not applicable,_Z,Not applicable,2010,,5.8,,0,Units,,,1,One,N05,"<b>Coverage:</b><p>Branches B-S;</p><p>Companies with 10 or more employees,</p><p><b>Note:</b></p><p>Public administration: covers only central government administration (CGPO)</p>"
DATAFLOW,LU1:DSD_ESS_2@DF_C1335(1.1),Employment: percentage by economic activity and education level,I,PC_EMP_EDUC_LEVEL,Percentage of of total employment by education level,SAL_INT,Domestic payroll employment,A4,Quadrennial,_Z,Not applicable,C,Manufacturing,_Z,Not applicable,_Z,Not applicable,ED5-8,Tertiary education (levels 5-8),_Z,Not applicable,_Z,Not applicable,2014,,5.8,,0,Units,,,1,One,N05,"<b>Coverage:</b><p>Branches B-S;</p><p>Companies with 10 or more employees,</p><p><b>Note:</b></p><p>Public administration: covers only central government administration (CGPO)</p>"
DATAFLOW,LU1:DSD_ESS_2@DF_C1335(1.1),Employment: percentage by economic activity and education level,I,PC_EMP_EDUC_LEVEL,Percentage of of total employment by education level,SAL_INT,Domestic payroll employment,A4,Quadrennial,_Z,Not applicable,C,Manufacturing,_Z,Not applicable,_Z,Not applicable,ED5-8,Tertiary education (levels 5-8),_Z,Not applicable,_Z,Not applicable,2018,,5.5,,0,Units,,,1,One,N05,"<b>Coverage:</b><p>Branches B-S;</p><p>Companies with 10 or more employees,</p><p><b>Note:</b></p><p>Public administration: covers only central government administration (CGPO)</p>"
DATAFLOW,LU1:DSD_ESS_2@DF_C1335(1.1),Employment: percentage by economic activity and education level,I,PC_EMP_EDUC_LEVEL,Percentage of of total employment by education level,SAL_INT,Domestic payroll employment,A4,Quadrennial,_Z,Not applicable,C,Manufacturing,_Z,Not applicable,_Z,Not applicable,ED5-8,Tertiary education (levels 5-8),_Z,Not applicable,_Z,Not applicable,2022,,4.5,,0,Units,,,1,One,N05,"<b>Coverage:</b><p>Branches B-S;</p><p>Companies with 10 or more employees,</p><p><b>Note:</b></p><p>Public administration: covers only central government administration (CGPO)</p>"
DATAFLOW,LU1:DSD_ESS_2@DF_C1335(1.1),Employment: percentage by economic activity and education level,I,PC_EMP_NACE,Percentage of total branch employment,SAL_INT,Domestic payroll employment,A4,Quadrennial,_Z,Not applicable,N,Administrative and support service activities,_Z,Not applicable,_Z,Not applicable,ED3_4,Upper secondary and post-secondary non-tertiary education (levels 3 and 4),_Z,Not applicable,_Z,Not applicable,2010,,46.9,,0,Units,,,1,One,N05,"<b>Coverage:</b><p>Branches B-S;</p><p>Companies with 10 or more employees,</p><p><b>Note:</b></p><p>Public administration: covers only central government administration (CGPO)</p>"
DATAFLOW,LU1:DSD_ESS_2@DF_C1335(1.1),Employment: percentage by economic activity and education level,I,PC_EMP_NACE,Percentage of total branch employment,SAL_INT,Domestic payroll employment,A4,Quadrennial,_Z,Not applicable,N,Administrative and support service activities,_Z,Not applicable,_Z,Not applicable,ED3_4,Upper secondary and post-secondary non-tertiary education (levels 3 and 4),_Z,Not applicable,_Z,Not applicable,2014,,36.2,,0,Units,,,1,One,N05,"<b>Coverage:</b><p>Branches B-S;</p><p>Companies with 10 or more employees,</p><p><b>Note:</b></p><p>Public administration: covers only central government administration (CGPO)</p>"
DATAFLOW,LU1:DSD_ESS_2@DF_C1335(1.1),Employment: percentage by economic activity and education level,I,PC_EMP_NACE,Percentage of total branch employment,SAL_INT,Domestic payroll employment,A4,Quadrennial,_Z,Not applicable,N,Administrative and support service activities,_Z,Not applicable,_Z,Not applicable,ED3_4,Upper secondary and post-secondary non-tertiary education (levels 3 and 4),_Z,Not applicable,_Z,Not applicable,2018,,43.9,,0,Units,,,1,One,N05,"<b>Coverage:</b><p>Branches B-S;</p><p>Companies with 10 or more employees,</p><p><b>Note:</b></p><p>Public administration: covers only central government administration (CGPO)</p>"
DATAFLOW,LU1:DSD_ESS_2@DF_C1335(1.1),Employment: percentage by economic activity and education level,I,PC_EMP_NACE,Percentage of total branch employment,SAL_INT,Domestic payroll employment,A4,Quadrennial,_Z,Not applicable,N,Administrative and support service activities,_Z,Not applicable,_Z,Not applicable,ED3_4,Upper secondary and post-secondary non-tertiary education (levels 3 and 4),_Z,Not applicable,_Z,Not applicable,2022,,40.2,,0,Units,,,1,One,N05,"<b>Coverage:</b><p>Branches B-S;</p><p>Companies with 10 or more employees,</p><p><b>Note:</b></p><p>Public administration: covers only central government administration (CGPO)</p>"
DATAFLOW,LU1:DSD_ESS_2@DF_C1335(1.1),Employment: percentage by economic activity and education level,I,PC_EMP_EDUC_LEVEL,Percentage of of total employment by education level,SAL_INT,Domestic payroll employment,A4,Quadrennial,_Z,Not applicable,H,Transportation and storage,_Z,Not applicable,_Z,Not applicable,_T,All ISCED 2011 levels,_Z,Not applicable,_Z,Not applicable,2010,,9.2,,0,Units,,,1,One,N05,"<b>Coverage:</b><p>Branches B-S;</p><p>Companies with 10 or more employees,</p><p><b>Note:</b></p><p>Public administration: covers only central government administration (CGPO)</p>"
DATAFLOW,LU1:DSD_ESS_2@DF_C1335(1.1),Employment: percentage by economic activity and education level,I,PC_EMP_EDUC_LEVEL,Percentage of of total employment by education level,SAL_INT,Domestic payroll employment,A4,Quadrennial,_Z,Not applicable,H,Transportation and storage,_Z,Not applicable,_Z,Not applicable,_T,All ISCED 2011 levels,_Z,Not applicable,_Z,Not applicable,2014,,7.4,,0,Units,,,1,One,N05,"<b>Coverage:</b><p>Branches B-S;</p><p>Companies with 10 or more employees,</p><p><b>Note:</b></p><p>Public administration: covers only central government administration (CGPO)</p>"
DATAFLOW,LU1:DSD_ESS_2@DF_C1335(1.1),Employment: percentage by economic activity and education level,I,PC_EMP_EDUC_LEVEL,Percentage of of total employment by education level,SAL_INT,Domestic payroll employment,A4,Quadrennial,_Z,Not applicable,H,Transportation and storage,_Z,Not applicable,_Z,Not applicable,_T,All ISCED 2011 levels,_Z,Not applicable,_Z,Not applicable,2018,,7.7,,0,Units,,,1,One,N05,"<b>Coverage:</b><p>Branches B-S;</p><p>Companies with 10 or more employees,</p><p><b>Note:</b></p><p>Public administration: covers only central government administration (CGPO)</p>"
DATAFLOW,LU1:DSD_ESS_2@DF_C1335(1.1),Employment: percentage by economic activity and education level,I,PC_EMP_EDUC_LEVEL,Percentage of of total employment by education level,SAL_INT,Domestic payroll employment,A4,Quadrennial,_Z,Not applicable,H,Transportation and storage,_Z,Not applicable,_Z,Not applicable,_T,All ISCED 2011 levels,_Z,Not applicable,_Z,Not applicable,2022,,7.4,,0,Units,,,1,One,N05,"<b>Coverage:</b><p>Branches B-S;</p><p>Companies with 10 or more employees,</p><p><b>Note:</b></p><p>Public administration: covers only central government administration (CGPO)</p>"
DATAFLOW,LU1:DSD_ESS_2@DF_C1335(1.1),Employment: percentage by economic activity and education level,I,PC_EMP_NACE,Percentage of total branch employment,SAL_INT,Domestic payroll employment,A4,Quadrennial,_Z,Not applicable,I,Accommodation and food service activities,_Z,Not applicable,_Z,Not applicable,ED0-2,"Less than primary, primary and lower secondary education (levels 0-2)",_Z,Not applicable,_Z,Not applicable,2010,,40.3,,0,Units,,,1,One,N05,"<b>Coverage:</b><p>Branches B-S;</p><p>Companies with 10 or more employees,</p><p><b>Note:</b></p><p>Public administration: covers only central government administration (CGPO)</p>"
DATAFLOW,LU1:DSD_ESS_2@DF_C1335(1.1),Employment: percentage by economic activity and education level,I,PC_EMP_NACE,Percentage of total branch employment,SAL_INT,Domestic payroll employment,A4,Quadrennial,_Z,Not applicable,I,Accommodation and food service activities,_Z,Not applicable,_Z,Not applicable,ED0-2,"Less than primary, primary and lower secondary education (levels 0-2)",_Z,Not applicable,_Z,Not applicable,2014,,44,,0,Units,,,1,One,N05,"<b>Coverage:</b><p>Branches B-S;</p><p>Companies with 10 or more employees,</p><p><b>Note:</b></p><p>Public administration: covers only central government administration (CGPO)</p>"
DATAFLOW,LU1:DSD_ESS_2@DF_C1335(1.1),Employment: percentage by economic activity and education level,I,PC_EMP_NACE,Percentage of total branch employment,SAL_INT,Domestic payroll employment,A4,Quadrennial,_Z,Not applicable,I,Accommodation and food service activities,_Z,Not applicable,_Z,Not applicable,ED0-2,"Less than primary, primary and lower secondary education (levels 0-2)",_Z,Not applicable,_Z,Not applicable,2018,,47.9,,0,Units,,,1,One,N05,"<b>Coverage:</b><p>Branches B-S;</p><p>Companies with 10 or more employees,</p><p><b>Note:</b></p><p>Public administration: covers only central government administration (CGPO)</p>"
DATAFLOW,LU1:DSD_ESS_2@DF_C1335(1.1),Employment: percentage by economic activity and education level,I,PC_EMP_NACE,Percentage of total branch employment,SAL_INT,Domestic payroll employment,A4,Quadrennial,_Z,Not applicable,I,Accommodation and food service activities,_Z,Not applicable,_Z,Not applicable,ED0-2,"Less than primary, primary and lower secondary education (levels 0-2)",_Z,Not applicable,_Z,Not applicable,2022,,45.5,,0,Units,,,1,One,N05,"<b>Coverage:</b><p>Branches B-S;</p><p>Companies with 10 or more employees,</p><p><b>Note:</b></p><p>Public administration: covers only central government administration (CGPO)</p>"
DATAFLOW,LU1:DSD_ESS_2@DF_C1335(1.1),Employment: percentage by economic activity and education level,I,PC_EMP_EDUC_LEVEL,Percentage of of total employment by education level,SAL_INT,Domestic payroll employment,A4,Quadrennial,_Z,Not applicable,E,"Water supply; sewerage,waste management and remediation activities",_Z,Not applicable,_Z,Not applicable,ED3_4,Upper secondary and post-secondary non-tertiary education (levels 3 and 4),_Z,Not applicable,_Z,Not applicable,2010,,0.5,,0,Units,,,1,One,N05,"<b>Coverage:</b><p>Branches B-S;</p><p>Companies with 10 or more employees,</p><p><b>Note:</b></p><p>Public administration: covers only central government administration (CGPO)</p>"
DATAFLOW,LU1:DSD_ESS_2@DF_C1335(1.1),Employment: percentage by economic activity and education level,I,PC_EMP_EDUC_LEVEL,Percentage of of total employment by education level,SAL_INT,Domestic payroll employment,A4,Quadrennial,_Z,Not applicable,E,"Water supply; sewerage,waste management and remediation activities",_Z,Not applicable,_Z,Not applicable,ED3_4,Upper secondary and post-secondary non-tertiary education (levels 3 and 4),_Z,Not applicable,_Z,Not applicable,2014,,0.6,,0,Units,,,1,One,N05,"<b>Coverage:</b><p>Branches B-S;</p><p>Companies with 10 or more employees,</p><p><b>Note:</b></p><p>Public administration: covers only central government administration (CGPO)</p>"
DATAFLOW,LU1:DSD_ESS_2@DF_C1335(1.1),Employment: percentage by economic activity and education level,I,PC_EMP_EDUC_LEVEL,Percentage of of total employment by education level,SAL_INT,Domestic payroll employment,A4,Quadrennial,_Z,Not applicable,E,"Water supply; sewerage,waste management and remediation activities",_Z,Not applicable,_Z,Not applicable,ED3_4,Upper secondary and post-secondary non-tertiary education (levels 3 and 4),_Z,Not applicable,_Z,Not applicable,2018,,0.8,,0,Units,,,1,One,N05,"<b>Coverage:</b><p>Branches B-S;</p><p>Companies with 10 or more employees,</p><p><b>Note:</b></p><p>Public administration: covers only central government administration (CGPO)</p>"
DATAFLOW,LU1:DSD_ESS_2@DF_C1335(1.1),Employment: percentage by economic activity and education level,I,PC_EMP_EDUC_LEVEL,Percentage of of total employment by education level,SAL_INT,Domestic payroll employment,A4,Quadrennial,_Z,Not applicable,E,"Water supply; sewerage,waste management and remediation activities",_Z,Not applicable,_Z,Not applicable,ED3_4,Upper secondary and post-secondary non-tertiary education (levels 3 and 4),_Z,Not applicable,_Z,Not applicable,2022,,1,,0,Units,,,1,One,N05,"<b>Coverage:</b><p>Branches B-S;</p><p>Companies with 10 or more employees,</p><p><b>Note:</b></p><p>Public administration: covers only central government administration (CGPO)</p>"
DATAFLOW,LU1:DSD_ESS_2@DF_C1335(1.1),Employment: percentage by economic activity and education level,I,PC_EMP_EDUC_LEVEL,Percentage of of total employment by education level,SAL_INT,Domestic payroll employment,A4,Quadrennial,_Z,Not applicable,M,"Professional, scientific and technical activities",_Z,Not applicable,_Z,Not applicable,ED0-2,"Less than primary, primary and lower secondary education (levels 0-2)",_Z,Not applicable,_Z,Not applicable,2010,,0.9,,0,Units,,,1,One,N05,"<b>Coverage:</b><p>Branches B-S;</p><p>Companies with 10 or more employees,</p><p><b>Note:</b></p><p>Public administration: covers only central government administration (CGPO)</p>"
DATAFLOW,LU1:DSD_ESS_2@DF_C1335(1.1),Employment: percentage by economic activity and education level,I,PC_EMP_EDUC_LEVEL,Percentage of of total employment by education level,SAL_INT,Domestic payroll employment,A4,Quadrennial,_Z,Not applicable,M,"Professional, scientific and technical activities",_Z,Not applicable,_Z,Not applicable,ED0-2,"Less than primary, primary and lower secondary education (levels 0-2)",_Z,Not applicable,_Z,Not applicable,2014,,1.8,,0,Units,,,1,One,N05,"<b>Coverage:</b><p>Branches B-S;</p><p>Companies with 10 or more employees,</p><p><b>Note:</b></p><p>Public administration: covers only central government administration (CGPO)</p>"
DATAFLOW,LU1:DSD_ESS_2@DF_C1335(1.1),Employment: percentage by economic activity and education level,I,PC_EMP_EDUC_LEVEL,Percentage of of total employment by education level,SAL_INT,Domestic payroll employment,A4,Quadrennial,_Z,Not applicable,M,"Professional, scientific and technical activities",_Z,Not applicable,_Z,Not applicable,ED0-2,"Less than primary, primary and lower secondary education (levels 0-2)",_Z,Not applicable,_Z,Not applicable,2018,,1.5,,0,Units,,,1,One,N05,"<b>Coverage:</b><p>Branches B-S;</p><p>Companies with 10 or more employees,</p><p><b>Note:</b></p><p>Public administration: covers only central government administration (CGPO)</p>"
DATAFLOW,LU1:DSD_ESS_2@DF_C1335(1.1),Employment: percentage by economic activity and education level,I,PC_EMP_EDUC_LEVEL,Percentage of of total employment by education level,SAL_INT,Domestic payroll employment,A4,Quadrennial,_Z,Not applicable,M,"Professional, scientific and technical activities",_Z,Not applicable,_Z,Not applicable,ED0-2,"Less than primary, primary and lower secondary education (levels 0-2)",_Z,Not applicable,_Z,Not applicable,2022,,1.3,,0,Units,,,1,One,N05,"<b>Coverage:</b><p>Branches B-S;</p><p>Companies with 10 or more employees,</p><p><b>Note:</b></p><p>Public administration: covers only central government administration (CGPO)</p>"
DATAFLOW,LU1:DSD_ESS_2@DF_C1335(1.1),Employment: percentage by economic activity and education level,I,PC_EMP_EDUC_LEVEL,Percentage of of total employment by education level,SAL_INT,Domestic payroll employment,A4,Quadrennial,_Z,Not applicable,B,Mining and quarrying,_Z,Not applicable,_Z,Not applicable,_T,All ISCED 2011 levels,_Z,Not applicable,_Z,Not applicable,2010,,0.2,,0,Units,,,1,One,N05,"<b>Coverage:</b><p>Branches B-S;</p><p>Companies with 10 or more employees,</p><p><b>Note:</b></p><p>Public administration: covers only central government administration (CGPO)</p>"
DATAFLOW,LU1:DSD_ESS_2@DF_C1335(1.1),Employment: percentage by economic activity and education level,I,PC_EMP_EDUC_LEVEL,Percentage of of total employment by education level,SAL_INT,Domestic payroll employment,A4,Quadrennial,_Z,Not applicable,B,Mining and quarrying,_Z,Not applicable,_Z,Not applicable,_T,All ISCED 2011 levels,_Z,Not applicable,_Z,Not applicable,2014,,0,,0,Units,,,1,One,N05,"<b>Coverage:</b><p>Branches B-S;</p><p>Companies with 10 or more employees,</p><p><b>Note:</b></p><p>Public administration: covers only central government administration (CGPO)</p>"
DATAFLOW,LU1:DSD_ESS_2@DF_C1335(1.1),Employment: percentage by economic activity and education level,I,PC_EMP_EDUC_LEVEL,Percentage of of total employment by education level,SAL_INT,Domestic payroll employment,A4,Quadrennial,_Z,Not applicable,B,Mining and quarrying,_Z,Not applicable,_Z,Not applicable,_T,All ISCED 2011 levels,_Z,Not applicable,_Z,Not applicable,2018,,0.1,,0,Units,,,1,One,N05,"<b>Coverage:</b><p>Branches B-S;</p><p>Companies with 10 or more employees,</p><p><b>Note:</b></p><p>Public administration: covers only central government administration (CGPO)</p>"
DATAFLOW,LU1:DSD_ESS_2@DF_C1335(1.1),Employment: percentage by economic activity and education level,I,PC_EMP_EDUC_LEVEL,Percentage of of total employment by education level,SAL_INT,Domestic payroll employment,A4,Quadrennial,_Z,Not applicable,B,Mining and quarrying,_Z,Not applicable,_Z,Not applicable,_T,All ISCED 2011 levels,_Z,Not applicable,_Z,Not applicable,2022,,0.1,,0,Units,,,1,One,N05,"<b>Coverage:</b><p>Branches B-S;</p><p>Companies with 10 or more employees,</p><p><b>Note:</b></p><p>Public administration: covers only central government administration (CGPO)</p>"
DATAFLOW,LU1:DSD_ESS_2@DF_C1335(1.1),Employment: percentage by economic activity and education level,I,PC_EMP_EDUC_LEVEL,Percentage of of total employment by education level,SAL_INT,Domestic payroll employment,A4,Quadrennial,_Z,Not applicable,K,Financial and insurance activities,_Z,Not applicable,_Z,Not applicable,ED5-8,Tertiary education (levels 5-8),_Z,Not applicable,_Z,Not applicable,2010,,30.2,,0,Units,,,1,One,N05,"<b>Coverage:</b><p>Branches B-S;</p><p>Companies with 10 or more employees,</p><p><b>Note:</b></p><p>Public administration: covers only central government administration (CGPO)</p>"
DATAFLOW,LU1:DSD_ESS_2@DF_C1335(1.1),Employment: percentage by economic activity and education level,I,PC_EMP_EDUC_LEVEL,Percentage of of total employment by education level,SAL_INT,Domestic payroll employment,A4,Quadrennial,_Z,Not applicable,K,Financial and insurance activities,_Z,Not applicable,_Z,Not applicable,ED5-8,Tertiary education (levels 5-8),_Z,Not applicable,_Z,Not applicable,2014,,23.8,,0,Units,,,1,One,N05,"<b>Coverage:</b><p>Branches B-S;</p><p>Companies with 10 or more employees,</p><p><b>Note:</b></p><p>Public administration: covers only central government administration (CGPO)</p>"
DATAFLOW,LU1:DSD_ESS_2@DF_C1335(1.1),Employment: percentage by economic activity and education level,I,PC_EMP_EDUC_LEVEL,Percentage of of total employment by education level,SAL_INT,Domestic payroll employment,A4,Quadrennial,_Z,Not applicable,K,Financial and insurance activities,_Z,Not applicable,_Z,Not applicable,ED5-8,Tertiary education (levels 5-8),_Z,Not applicable,_Z,Not applicable,2018,,23.8,,0,Units,,,1,One,N05,"<b>Coverage:</b><p>Branches B-S;</p><p>Companies with 10 or more employees,</p><p><b>Note:</b></p><p>Public administration: covers only central government administration (CGPO)</p>"
DATAFLOW,LU1:DSD_ESS_2@DF_C1335(1.1),Employment: percentage by economic activity and education level,I,PC_EMP_EDUC_LEVEL,Percentage of of total employment by education level,SAL_INT,Domestic payroll employment,A4,Quadrennial,_Z,Not applicable,K,Financial and insurance activities,_Z,Not applicable,_Z,Not applicable,ED5-8,Tertiary education (levels 5-8),_Z,Not applicable,_Z,Not applicable,2022,,22.5,,0,Units,,,1,One,N05,"<b>Coverage:</b><p>Branches B-S;</p><p>Companies with 10 or more employees,</p><p><b>Note:</b></p><p>Public administration: covers only central government administration (CGPO)</p>"
DATAFLOW,LU1:DSD_ESS_2@DF_C1335(1.1),Employment: percentage by economic activity and education level,I,PC_EMP_NACE,Percentage of total branch employment,SAL_INT,Domestic payroll employment,A4,Quadrennial,_Z,Not applicable,C,Manufacturing,_Z,Not applicable,_Z,Not applicable,ED5-8,Tertiary education (levels 5-8),_Z,Not applicable,_Z,Not applicable,2010,,16.7,,0,Units,,,1,One,N05,"<b>Coverage:</b><p>Branches B-S;</p><p>Companies with 10 or more employees,</p><p><b>Note:</b></p><p>Public administration: covers only central government administration (CGPO)</p>"
DATAFLOW,LU1:DSD_ESS_2@DF_C1335(1.1),Employment: percentage by economic activity and education level,I,PC_EMP_NACE,Percentage of total branch employment,SAL_INT,Domestic payroll employment,A4,Quadrennial,_Z,Not applicable,C,Manufacturing,_Z,Not applicable,_Z,Not applicable,ED5-8,Tertiary education (levels 5-8),_Z,Not applicable,_Z,Not applicable,2014,,21.3,,0,Units,,,1,One,N05,"<b>Coverage:</b><p>Branches B-S;</p><p>Companies with 10 or more employees,</p><p><b>Note:</b></p><p>Public administration: covers only central government administration (CGPO)</p>"
DATAFLOW,LU1:DSD_ESS_2@DF_C1335(1.1),Employment: percentage by economic activity and education level,I,PC_EMP_NACE,Percentage of total branch employment,SAL_INT,Domestic payroll employment,A4,Quadrennial,_Z,Not applicable,C,Manufacturing,_Z,Not applicable,_Z,Not applicable,ED5-8,Tertiary education (levels 5-8),_Z,Not applicable,_Z,Not applicable,2018,,24.7,,0,Units,,,1,One,N05,"<b>Coverage:</b><p>Branches B-S;</p><p>Companies with 10 or more employees,</p><p><b>Note:</b></p><p>Public administration: covers only central government administration (CGPO)</p>"
DATAFLOW,LU1:DSD_ESS_2@DF_C1335(1.1),Employment: percentage by economic activity and education level,I,PC_EMP_NACE,Percentage of total branch employment,SAL_INT,Domestic payroll employment,A4,Quadrennial,_Z,Not applicable,C,Manufacturing,_Z,Not applicable,_Z,Not applicable,ED5-8,Tertiary education (levels 5-8),_Z,Not applicable,_Z,Not applicable,2022,,24.4,,0,Units,,,1,One,N05,"<b>Coverage:</b><p>Branches B-S;</p><p>Companies with 10 or more employees,</p><p><b>Note:</b></p><p>Public administration: covers only central government administration (CGPO)</p>"
DATAFLOW,LU1:DSD_ESS_2@DF_C1335(1.1),Employment: percentage by economic activity and education level,I,PC_EMP_NACE,Percentage of total branch employment,SAL_INT,Domestic payroll employment,A4,Quadrennial,_Z,Not applicable,K,Financial and insurance activities,_Z,Not applicable,_Z,Not applicable,ED3_4,Upper secondary and post-secondary non-tertiary education (levels 3 and 4),_Z,Not applicable,_Z,Not applicable,2010,,30.4,,0,Units,,,1,One,N05,"<b>Coverage:</b><p>Branches B-S;</p><p>Companies with 10 or more employees,</p><p><b>Note:</b></p><p>Public administration: covers only central government administration (CGPO)</p>"
DATAFLOW,LU1:DSD_ESS_2@DF_C1335(1.1),Employment: percentage by economic activity and education level,I,PC_EMP_NACE,Percentage of total branch employment,SAL_INT,Domestic payroll employment,A4,Quadrennial,_Z,Not applicable,K,Financial and insurance activities,_Z,Not applicable,_Z,Not applicable,ED3_4,Upper secondary and post-secondary non-tertiary education (levels 3 and 4),_Z,Not applicable,_Z,Not applicable,2014,,25.7,,0,Units,,,1,One,N05,"<b>Coverage:</b><p>Branches B-S;</p><p>Companies with 10 or more employees,</p><p><b>Note:</b></p><p>Public administration: covers only central government administration (CGPO)</p>"
DATAFLOW,LU1:DSD_ESS_2@DF_C1335(1.1),Employment: percentage by economic activity and education level,I,PC_EMP_NACE,Percentage of total branch employment,SAL_INT,Domestic payroll employment,A4,Quadrennial,_Z,Not applicable,K,Financial and insurance activities,_Z,Not applicable,_Z,Not applicable,ED3_4,Upper secondary and post-secondary non-tertiary education (levels 3 and 4),_Z,Not applicable,_Z,Not applicable,2018,,21.6,,0,Units,,,1,One,N05,"<b>Coverage:</b><p>Branches B-S;</p><p>Companies with 10 or more employees,</p><p><b>Note:</b></p><p>Public administration: covers only central government administration (CGPO)</p>"
DATAFLOW,LU1:DSD_ESS_2@DF_C1335(1.1),Employment: percentage by economic activity and education level,I,PC_EMP_NACE,Percentage of total branch employment,SAL_INT,Domestic payroll employment,A4,Quadrennial,_Z,Not applicable,K,Financial and insurance activities,_Z,Not applicable,_Z,Not applicable,ED3_4,Upper secondary and post-secondary non-tertiary education (levels 3 and 4),_Z,Not applicable,_Z,Not applicable,2022,,17.4,,0,Units,,,1,One,N05,"<b>Coverage:</b><p>Branches B-S;</p><p>Companies with 10 or more employees,</p><p><b>Note:</b></p><p>Public administration: covers only central government administration (CGPO)</p>"
DATAFLOW,LU1:DSD_ESS_2@DF_C1335(1.1),Employment: percentage by economic activity and education level,I,PC_EMP_NACE,Percentage of total branch employment,SAL_INT,Domestic payroll employment,A4,Quadrennial,_Z,Not applicable,N,Administrative and support service activities,_Z,Not applicable,_Z,Not applicable,ED0-2,"Less than primary, primary and lower secondary education (levels 0-2)",_Z,Not applicable,_Z,Not applicable,2010,,46.5,,0,Units,,,1,One,N05,"<b>Coverage:</b><p>Branches B-S;</p><p>Companies with 10 or more employees,</p><p><b>Note:</b></p><p>Public administration: covers only central government administration (CGPO)</p>"
DATAFLOW,LU1:DSD_ESS_2@DF_C1335(1.1),Employment: percentage by economic activity and education level,I,PC_EMP_NACE,Percentage of total branch employment,SAL_INT,Domestic payroll employment,A4,Quadrennial,_Z,Not applicable,N,Administrative and support service activities,_Z,Not applicable,_Z,Not applicable,ED0-2,"Less than primary, primary and lower secondary education (levels 0-2)",_Z,Not applicable,_Z,Not applicable,2014,,51.3,,0,Units,,,1,One,N05,"<b>Coverage:</b><p>Branches B-S;</p><p>Companies with 10 or more employees,</p><p><b>Note:</b></p><p>Public administration: covers only central government administration (CGPO)</p>"
DATAFLOW,LU1:DSD_ESS_2@DF_C1335(1.1),Employment: percentage by economic activity and education level,I,PC_EMP_NACE,Percentage of total branch employment,SAL_INT,Domestic payroll employment,A4,Quadrennial,_Z,Not applicable,N,Administrative and support service activities,_Z,Not applicable,_Z,Not applicable,ED0-2,"Less than primary, primary and lower secondary education (levels 0-2)",_Z,Not applicable,_Z,Not applicable,2018,,42.1,,0,Units,,,1,One,N05,"<b>Coverage:</b><p>Branches B-S;</p><p>Companies with 10 or more employees,</p><p><b>Note:</b></p><p>Public administration: covers only central government administration (CGPO)</p>"
DATAFLOW,LU1:DSD_ESS_2@DF_C1335(1.1),Employment: percentage by economic activity and education level,I,PC_EMP_NACE,Percentage of total branch employment,SAL_INT,Domestic payroll employment,A4,Quadrennial,_Z,Not applicable,N,Administrative and support service activities,_Z,Not applicable,_Z,Not applicable,ED0-2,"Less than primary, primary and lower secondary education (levels 0-2)",_Z,Not applicable,_Z,Not applicable,2022,,40.9,,0,Units,,,1,One,N05,"<b>Coverage:</b><p>Branches B-S;</p><p>Companies with 10 or more employees,</p><p><b>Note:</b></p><p>Public administration: covers only central government administration (CGPO)</p>"
DATAFLOW,LU1:DSD_ESS_2@DF_C1335(1.1),Employment: percentage by economic activity and education level,I,PC_EMP_EDUC_LEVEL,Percentage of of total employment by education level,SAL_INT,Domestic payroll employment,A4,Quadrennial,_Z,Not applicable,I,Accommodation and food service activities,_Z,Not applicable,_Z,Not applicable,ED5-8,Tertiary education (levels 5-8),_Z,Not applicable,_Z,Not applicable,2010,,0.7,,0,Units,,,1,One,N05,"<b>Coverage:</b><p>Branches B-S;</p><p>Companies with 10 or more employees,</p><p><b>Note:</b></p><p>Public administration: covers only central government administration (CGPO)</p>"
DATAFLOW,LU1:DSD_ESS_2@DF_C1335(1.1),Employment: percentage by economic activity and education level,I,PC_EMP_EDUC_LEVEL,Percentage of of total employment by education level,SAL_INT,Domestic payroll employment,A4,Quadrennial,_Z,Not applicable,I,Accommodation and food service activities,_Z,Not applicable,_Z,Not applicable,ED5-8,Tertiary education (levels 5-8),_Z,Not applicable,_Z,Not applicable,2014,,1.3,,0,Units,,,1,One,N05,"<b>Coverage:</b><p>Branches B-S;</p><p>Companies with 10 or more employees,</p><p><b>Note:</b></p><p>Public administration: covers only central government administration (CGPO)</p>"
DATAFLOW,LU1:DSD_ESS_2@DF_C1335(1.1),Employment: percentage by economic activity and education level,I,PC_EMP_EDUC_LEVEL,Percentage of of total employment by education level,SAL_INT,Domestic payroll employment,A4,Quadrennial,_Z,Not applicable,I,Accommodation and food service activities,_Z,Not applicable,_Z,Not applicable,ED5-8,Tertiary education (levels 5-8),_Z,Not applicable,_Z,Not applicable,2018,,0.9,,0,Units,,,1,One,N05,"<b>Coverage:</b><p>Branches B-S;</p><p>Companies with 10 or more employees,</p><p><b>Note:</b></p><p>Public administration: covers only central government administration (CGPO)</p>"
DATAFLOW,LU1:DSD_ESS_2@DF_C1335(1.1),Employment: percentage by economic activity and education level,I,PC_EMP_EDUC_LEVEL,Percentage of of total employment by education level,SAL_INT,Domestic payroll employment,A4,Quadrennial,_Z,Not applicable,I,Accommodation and food service activities,_Z,Not applicable,_Z,Not applicable,ED5-8,Tertiary education (levels 5-8),_Z,Not applicable,_Z,Not applicable,2022,,1,,0,Units,,,1,One,N05,"<b>Coverage:</b><p>Branches B-S;</p><p>Companies with 10 or more employees,</p><p><b>Note:</b></p><p>Public administration: covers only central government administration (CGPO)</p>"
DATAFLOW,LU1:DSD_ESS_2@DF_C1335(1.1),Employment: percentage by economic activity and education level,I,PC_EMP_NACE,Percentage of total branch employment,SAL_INT,Domestic payroll employment,A4,Quadrennial,_Z,Not applicable,B,Mining and quarrying,_Z,Not applicable,_Z,Not applicable,_T,All ISCED 2011 levels,_Z,Not applicable,_Z,Not applicable,2010,,100,,0,Units,,,1,One,N05,"<b>Coverage:</b><p>Branches B-S;</p><p>Companies with 10 or more employees,</p><p><b>Note:</b></p><p>Public administration: covers only central government administration (CGPO)</p>"
DATAFLOW,LU1:DSD_ESS_2@DF_C1335(1.1),Employment: percentage by economic activity and education level,I,PC_EMP_NACE,Percentage of total branch employment,SAL_INT,Domestic payroll employment,A4,Quadrennial,_Z,Not applicable,B,Mining and quarrying,_Z,Not applicable,_Z,Not applicable,_T,All ISCED 2011 levels,_Z,Not applicable,_Z,Not applicable,2014,,100,,0,Units,,,1,One,N05,"<b>Coverage:</b><p>Branches B-S;</p><p>Companies with 10 or more employees,</p><p><b>Note:</b></p><p>Public administration: covers only central government administration (CGPO)</p>"
DATAFLOW,LU1:DSD_ESS_2@DF_C1335(1.1),Employment: percentage by economic activity and education level,I,PC_EMP_NACE,Percentage of total branch employment,SAL_INT,Domestic payroll employment,A4,Quadrennial,_Z,Not applicable,B,Mining and quarrying,_Z,Not applicable,_Z,Not applicable,_T,All ISCED 2011 levels,_Z,Not applicable,_Z,Not applicable,2018,,100,,0,Units,,,1,One,N05,"<b>Coverage:</b><p>Branches B-S;</p><p>Companies with 10 or more employees,</p><p><b>Note:</b></p><p>Public administration: covers only central government administration (CGPO)</p>"
DATAFLOW,LU1:DSD_ESS_2@DF_C1335(1.1),Employment: percentage by economic activity and education level,I,PC_EMP_NACE,Percentage of total branch employment,SAL_INT,Domestic payroll employment,A4,Quadrennial,_Z,Not applicable,B,Mining and quarrying,_Z,Not applicable,_Z,Not applicable,_T,All ISCED 2011 levels,_Z,Not applicable,_Z,Not applicable,2022,,100,,0,Units,,,1,One,N05,"<b>Coverage:</b><p>Branches B-S;</p><p>Companies with 10 or more employees,</p><p><b>Note:</b></p><p>Public administration: covers only central government administration (CGPO)</p>"
DATAFLOW,LU1:DSD_ESS_2@DF_C1335(1.1),Employment: percentage by economic activity and education level,I,PC_EMP_NACE,Percentage of total branch employment,SAL_INT,Domestic payroll employment,A4,Quadrennial,_Z,Not applicable,D,"Electricity, gas, steam and air conditionning supply",_Z,Not applicable,_Z,Not applicable,ED5-8,Tertiary education (levels 5-8),_Z,Not applicable,_Z,Not applicable,2010,,27.5,,0,Units,,,1,One,N05,"<b>Coverage:</b><p>Branches B-S;</p><p>Companies with 10 or more employees,</p><p><b>Note:</b></p><p>Public administration: covers only central government administration (CGPO)</p>"
DATAFLOW,LU1:DSD_ESS_2@DF_C1335(1.1),Employment: percentage by economic activity and education level,I,PC_EMP_NACE,Percentage of total branch employment,SAL_INT,Domestic payroll employment,A4,Quadrennial,_Z,Not applicable,D,"Electricity, gas, steam and air conditionning supply",_Z,Not applicable,_Z,Not applicable,ED5-8,Tertiary education (levels 5-8),_Z,Not applicable,_Z,Not applicable,2014,,18.4,,0,Units,,,1,One,N05,"<b>Coverage:</b><p>Branches B-S;</p><p>Companies with 10 or more employees,</p><p><b>Note:</b></p><p>Public administration: covers only central government administration (CGPO)</p>"
DATAFLOW,LU1:DSD_ESS_2@DF_C1335(1.1),Employment: percentage by economic activity and education level,I,PC_EMP_NACE,Percentage of total branch employment,SAL_INT,Domestic payroll employment,A4,Quadrennial,_Z,Not applicable,D,"Electricity, gas, steam and air conditionning supply",_Z,Not applicable,_Z,Not applicable,ED5-8,Tertiary education (levels 5-8),_Z,Not applicable,_Z,Not applicable,2018,,26.9,,0,Units,,,1,One,N05,"<b>Coverage:</b><p>Branches B-S;</p><p>Companies with 10 or more employees,</p><p><b>Note:</b></p><p>Public administration: covers only central government administration (CGPO)</p>"
DATAFLOW,LU1:DSD_ESS_2@DF_C1335(1.1),Employment: percentage by economic activity and education level,I,PC_EMP_NACE,Percentage of total branch employment,SAL_INT,Domestic payroll employment,A4,Quadrennial,_Z,Not applicable,D,"Electricity, gas, steam and air conditionning supply",_Z,Not applicable,_Z,Not applicable,ED5-8,Tertiary education (levels 5-8),_Z,Not applicable,_Z,Not applicable,2022,,35.9,,0,Units,,,1,One,N05,"<b>Coverage:</b><p>Branches B-S;</p><p>Companies with 10 or more employees,</p><p><b>Note:</b></p><p>Public administration: covers only central government administration (CGPO)</p>"
DATAFLOW,LU1:DSD_ESS_2@DF_C1335(1.1),Employment: percentage by economic activity and education level,I,PC_EMP_NACE,Percentage of total branch employment,SAL_INT,Domestic payroll employment,A4,Quadrennial,_Z,Not applicable,E,"Water supply; sewerage,waste management and remediation activities",_Z,Not applicable,_Z,Not applicable,ED5-8,Tertiary education (levels 5-8),_Z,Not applicable,_Z,Not applicable,2010,,9.3,,0,Units,,,1,One,N05,"<b>Coverage:</b><p>Branches B-S;</p><p>Companies with 10 or more employees,</p><p><b>Note:</b></p><p>Public administration: covers only central government administration (CGPO)</p>"
DATAFLOW,LU1:DSD_ESS_2@DF_C1335(1.1),Employment: percentage by economic activity and education level,I,PC_EMP_NACE,Percentage of total branch employment,SAL_INT,Domestic payroll employment,A4,Quadrennial,_Z,Not applicable,E,"Water supply; sewerage,waste management and remediation activities",_Z,Not applicable,_Z,Not applicable,ED5-8,Tertiary education (levels 5-8),_Z,Not applicable,_Z,Not applicable,2014,,15.1,,0,Units,,,1,One,N05,"<b>Coverage:</b><p>Branches B-S;</p><p>Companies with 10 or more employees,</p><p><b>Note:</b></p><p>Public administration: covers only central government administration (CGPO)</p>"
DATAFLOW,LU1:DSD_ESS_2@DF_C1335(1.1),Employment: percentage by economic activity and education level,I,PC_EMP_NACE,Percentage of total branch employment,SAL_INT,Domestic payroll employment,A4,Quadrennial,_Z,Not applicable,E,"Water supply; sewerage,waste management and remediation activities",_Z,Not applicable,_Z,Not applicable,ED5-8,Tertiary education (levels 5-8),_Z,Not applicable,_Z,Not applicable,2018,,18,,0,Units,,,1,One,N05,"<b>Coverage:</b><p>Branches B-S;</p><p>Companies with 10 or more employees,</p><p><b>Note:</b></p><p>Public administration: covers only central government administration (CGPO)</p>"
DATAFLOW,LU1:DSD_ESS_2@DF_C1335(1.1),Employment: percentage by economic activity and education level,I,PC_EMP_NACE,Percentage of total branch employment,SAL_INT,Domestic payroll employment,A4,Quadrennial,_Z,Not applicable,E,"Water supply; sewerage,waste management and remediation activities",_Z,Not applicable,_Z,Not applicable,ED5-8,Tertiary education (levels 5-8),_Z,Not applicable,_Z,Not applicable,2022,,12.5,,0,Units,,,1,One,N05,"<b>Coverage:</b><p>Branches B-S;</p><p>Companies with 10 or more employees,</p><p><b>Note:</b></p><p>Public administration: covers only central government administration (CGPO)</p>"
DATAFLOW,LU1:DSD_ESS_2@DF_C1335(1.1),Employment: percentage by economic activity and education level,I,PC_EMP_EDUC_LEVEL,Percentage of of total employment by education level,SAL_INT,Domestic payroll employment,A4,Quadrennial,_Z,Not applicable,J,Information and communication,_Z,Not applicable,_Z,Not applicable,ED5-8,Tertiary education (levels 5-8),_Z,Not applicable,_Z,Not applicable,2010,,9.8,,0,Units,,,1,One,N05,"<b>Coverage:</b><p>Branches B-S;</p><p>Companies with 10 or more employees,</p><p><b>Note:</b></p><p>Public administration: covers only central government administration (CGPO)</p>"
DATAFLOW,LU1:DSD_ESS_2@DF_C1335(1.1),Employment: percentage by economic activity and education level,I,PC_EMP_EDUC_LEVEL,Percentage of of total employment by education level,SAL_INT,Domestic payroll employment,A4,Quadrennial,_Z,Not applicable,J,Information and communication,_Z,Not applicable,_Z,Not applicable,ED5-8,Tertiary education (levels 5-8),_Z,Not applicable,_Z,Not applicable,2014,,9.1,,0,Units,,,1,One,N05,"<b>Coverage:</b><p>Branches B-S;</p><p>Companies with 10 or more employees,</p><p><b>Note:</b></p><p>Public administration: covers only central government administration (CGPO)</p>"
DATAFLOW,LU1:DSD_ESS_2@DF_C1335(1.1),Employment: percentage by economic activity and education level,I,PC_EMP_EDUC_LEVEL,Percentage of of total employment by education level,SAL_INT,Domestic payroll employment,A4,Quadrennial,_Z,Not applicable,J,Information and communication,_Z,Not applicable,_Z,Not applicable,ED5-8,Tertiary education (levels 5-8),_Z,Not applicable,_Z,Not applicable,2018,,9.7,,0,Units,,,1,One,N05,"<b>Coverage:</b><p>Branches B-S;</p><p>Companies with 10 or more employees,</p><p><b>Note:</b></p><p>Public administration: covers only central government administration (CGPO)</p>"
DATAFLOW,LU1:DSD_ESS_2@DF_C1335(1.1),Employment: percentage by economic activity and education level,I,PC_EMP_EDUC_LEVEL,Percentage of of total employment by education level,SAL_INT,Domestic payroll employment,A4,Quadrennial,_Z,Not applicable,J,Information and communication,_Z,Not applicable,_Z,Not applicable,ED5-8,Tertiary education (levels 5-8),_Z,Not applicable,_Z,Not applicable,2022,,8.7,,0,Units,,,1,One,N05,"<b>Coverage:</b><p>Branches B-S;</p><p>Companies with 10 or more employees,</p><p><b>Note:</b></p><p>Public administration: covers only central government administration (CGPO)</p>"
DATAFLOW,LU1:DSD_ESS_2@DF_C1335(1.1),Employment: percentage by economic activity and education level,I,PC_EMP_EDUC_LEVEL,Percentage of of total employment by education level,SAL_INT,Domestic payroll employment,A4,Quadrennial,_Z,Not applicable,F,Construction,_Z,Not applicable,_Z,Not applicable,ED0-2,"Less than primary, primary and lower secondary education (levels 0-2)",_Z,Not applicable,_Z,Not applicable,2010,,20,,0,Units,,,1,One,N05,"<b>Coverage:</b><p>Branches B-S;</p><p>Companies with 10 or more employees,</p><p><b>Note:</b></p><p>Public administration: covers only central government administration (CGPO)</p>"
DATAFLOW,LU1:DSD_ESS_2@DF_C1335(1.1),Employment: percentage by economic activity and education level,I,PC_EMP_EDUC_LEVEL,Percentage of of total employment by education level,SAL_INT,Domestic payroll employment,A4,Quadrennial,_Z,Not applicable,F,Construction,_Z,Not applicable,_Z,Not applicable,ED0-2,"Less than primary, primary and lower secondary education (levels 0-2)",_Z,Not applicable,_Z,Not applicable,2014,,19,,0,Units,,,1,One,N05,"<b>Coverage:</b><p>Branches B-S;</p><p>Companies with 10 or more employees,</p><p><b>Note:</b></p><p>Public administration: covers only central government administration (CGPO)</p>"
DATAFLOW,LU1:DSD_ESS_2@DF_C1335(1.1),Employment: percentage by economic activity and education level,I,PC_EMP_EDUC_LEVEL,Percentage of of total employment by education level,SAL_INT,Domestic payroll employment,A4,Quadrennial,_Z,Not applicable,F,Construction,_Z,Not applicable,_Z,Not applicable,ED0-2,"Less than primary, primary and lower secondary education (levels 0-2)",_Z,Not applicable,_Z,Not applicable,2018,,19.7,,0,Units,,,1,One,N05,"<b>Coverage:</b><p>Branches B-S;</p><p>Companies with 10 or more employees,</p><p><b>Note:</b></p><p>Public administration: covers only central government administration (CGPO)</p>"
DATAFLOW,LU1:DSD_ESS_2@DF_C1335(1.1),Employment: percentage by economic activity and education level,I,PC_EMP_EDUC_LEVEL,Percentage of of total employment by education level,SAL_INT,Domestic payroll employment,A4,Quadrennial,_Z,Not applicable,F,Construction,_Z,Not applicable,_Z,Not applicable,ED0-2,"Less than primary, primary and lower secondary education (levels 0-2)",_Z,Not applicable,_Z,Not applicable,2022,,19.5,,0,Units,,,1,One,N05,"<b>Coverage:</b><p>Branches B-S;</p><p>Companies with 10 or more employees,</p><p><b>Note:</b></p><p>Public administration: covers only central government administration (CGPO)</p>"
DATAFLOW,LU1:DSD_ESS_2@DF_C1335(1.1),Employment: percentage by economic activity and education level,I,PC_EMP_EDUC_LEVEL,Percentage of of total employment by education level,SAL_INT,Domestic payroll employment,A4,Quadrennial,_Z,Not applicable,Q,Human health and social work activities,_Z,Not applicable,_Z,Not applicable,ED5-8,Tertiary education (levels 5-8),_Z,Not applicable,_Z,Not applicable,2010,,4.9,,0,Units,,,1,One,N05,"<b>Coverage:</b><p>Branches B-S;</p><p>Companies with 10 or more employees,</p><p><b>Note:</b></p><p>Public administration: covers only central government administration (CGPO)</p>"
DATAFLOW,LU1:DSD_ESS_2@DF_C1335(1.1),Employment: percentage by economic activity and education level,I,PC_EMP_EDUC_LEVEL,Percentage of of total employment by education level,SAL_INT,Domestic payroll employment,A4,Quadrennial,_Z,Not applicable,Q,Human health and social work activities,_Z,Not applicable,_Z,Not applicable,ED5-8,Tertiary education (levels 5-8),_Z,Not applicable,_Z,Not applicable,2014,,9.1,,0,Units,,,1,One,N05,"<b>Coverage:</b><p>Branches B-S;</p><p>Companies with 10 or more employees,</p><p><b>Note:</b></p><p>Public administration: covers only central government administration (CGPO)</p>"
DATAFLOW,LU1:DSD_ESS_2@DF_C1335(1.1),Employment: percentage by economic activity and education level,I,PC_EMP_EDUC_LEVEL,Percentage of of total employment by education level,SAL_INT,Domestic payroll employment,A4,Quadrennial,_Z,Not applicable,Q,Human health and social work activities,_Z,Not applicable,_Z,Not applicable,ED5-8,Tertiary education (levels 5-8),_Z,Not applicable,_Z,Not applicable,2018,,10.6,,0,Units,,,1,One,N05,"<b>Coverage:</b><p>Branches B-S;</p><p>Companies with 10 or more employees,</p><p><b>Note:</b></p><p>Public administration: covers only central government administration (CGPO)</p>"
DATAFLOW,LU1:DSD_ESS_2@DF_C1335(1.1),Employment: percentage by economic activity and education level,I,PC_EMP_EDUC_LEVEL,Percentage of of total employment by education level,SAL_INT,Domestic payroll employment,A4,Quadrennial,_Z,Not applicable,Q,Human health and social work activities,_Z,Not applicable,_Z,Not applicable,ED5-8,Tertiary education (levels 5-8),_Z,Not applicable,_Z,Not applicable,2022,,8.8,,0,Units,,,1,One,N05,"<b>Coverage:</b><p>Branches B-S;</p><p>Companies with 10 or more employees,</p><p><b>Note:</b></p><p>Public administration: covers only central government administration (CGPO)</p>"
DATAFLOW,LU1:DSD_ESS_2@DF_C1335(1.1),Employment: percentage by economic activity and education level,I,PC_EMP_NACE,Percentage of total branch employment,SAL_INT,Domestic payroll employment,A4,Quadrennial,_Z,Not applicable,N,Administrative and support service activities,_Z,Not applicable,_Z,Not applicable,ED5-8,Tertiary education (levels 5-8),_Z,Not applicable,_Z,Not applicable,2010,,6.6,,0,Units,,,1,One,N05,"<b>Coverage:</b><p>Branches B-S;</p><p>Companies with 10 or more employees,</p><p><b>Note:</b></p><p>Public administration: covers only central government administration (CGPO)</p>"
DATAFLOW,LU1:DSD_ESS_2@DF_C1335(1.1),Employment: percentage by economic activity and education level,I,PC_EMP_NACE,Percentage of total branch employment,SAL_INT,Domestic payroll employment,A4,Quadrennial,_Z,Not applicable,N,Administrative and support service activities,_Z,Not applicable,_Z,Not applicable,ED5-8,Tertiary education (levels 5-8),_Z,Not applicable,_Z,Not applicable,2014,,12.5,,0,Units,,,1,One,N05,"<b>Coverage:</b><p>Branches B-S;</p><p>Companies with 10 or more employees,</p><p><b>Note:</b></p><p>Public administration: covers only central government administration (CGPO)</p>"
DATAFLOW,LU1:DSD_ESS_2@DF_C1335(1.1),Employment: percentage by economic activity and education level,I,PC_EMP_NACE,Percentage of total branch employment,SAL_INT,Domestic payroll employment,A4,Quadrennial,_Z,Not applicable,N,Administrative and support service activities,_Z,Not applicable,_Z,Not applicable,ED5-8,Tertiary education (levels 5-8),_Z,Not applicable,_Z,Not applicable,2018,,14,,0,Units,,,1,One,N05,"<b>Coverage:</b><p>Branches B-S;</p><p>Companies with 10 or more employees,</p><p><b>Note:</b></p><p>Public administration: covers only central government administration (CGPO)</p>"
DATAFLOW,LU1:DSD_ESS_2@DF_C1335(1.1),Employment: percentage by economic activity and education level,I,PC_EMP_NACE,Percentage of total branch employment,SAL_INT,Domestic payroll employment,A4,Quadrennial,_Z,Not applicable,N,Administrative and support service activities,_Z,Not applicable,_Z,Not applicable,ED5-8,Tertiary education (levels 5-8),_Z,Not applicable,_Z,Not applicable,2022,,18.8,,0,Units,,,1,One,N05,"<b>Coverage:</b><p>Branches B-S;</p><p>Companies with 10 or more employees,</p><p><b>Note:</b></p><p>Public administration: covers only central government administration (CGPO)</p>"
DATAFLOW,LU1:DSD_ESS_2@DF_C1335(1.1),Employment: percentage by economic activity and education level,I,PC_EMP_NACE,Percentage of total branch employment,SAL_INT,Domestic payroll employment,A4,Quadrennial,_Z,Not applicable,F,Construction,_Z,Not applicable,_Z,Not applicable,ED5-8,Tertiary education (levels 5-8),_Z,Not applicable,_Z,Not applicable,2010,,7.1,,0,Units,,,1,One,N05,"<b>Coverage:</b><p>Branches B-S;</p><p>Companies with 10 or more employees,</p><p><b>Note:</b></p><p>Public administration: covers only central government administration (CGPO)</p>"
DATAFLOW,LU1:DSD_ESS_2@DF_C1335(1.1),Employment: percentage by economic activity and education level,I,PC_EMP_NACE,Percentage of total branch employment,SAL_INT,Domestic payroll employment,A4,Quadrennial,_Z,Not applicable,F,Construction,_Z,Not applicable,_Z,Not applicable,ED5-8,Tertiary education (levels 5-8),_Z,Not applicable,_Z,Not applicable,2014,,8.8,,0,Units,,,1,One,N05,"<b>Coverage:</b><p>Branches B-S;</p><p>Companies with 10 or more employees,</p><p><b>Note:</b></p><p>Public administration: covers only central government administration (CGPO)</p>"
DATAFLOW,LU1:DSD_ESS_2@DF_C1335(1.1),Employment: percentage by economic activity and education level,I,PC_EMP_NACE,Percentage of total branch employment,SAL_INT,Domestic payroll employment,A4,Quadrennial,_Z,Not applicable,F,Construction,_Z,Not applicable,_Z,Not applicable,ED5-8,Tertiary education (levels 5-8),_Z,Not applicable,_Z,Not applicable,2018,,11.2,,0,Units,,,1,One,N05,"<b>Coverage:</b><p>Branches B-S;</p><p>Companies with 10 or more employees,</p><p><b>Note:</b></p><p>Public administration: covers only central government administration (CGPO)</p>"
DATAFLOW,LU1:DSD_ESS_2@DF_C1335(1.1),Employment: percentage by economic activity and education level,I,PC_EMP_NACE,Percentage of total branch employment,SAL_INT,Domestic payroll employment,A4,Quadrennial,_Z,Not applicable,F,Construction,_Z,Not applicable,_Z,Not applicable,ED5-8,Tertiary education (levels 5-8),_Z,Not applicable,_Z,Not applicable,2022,,13.5,,0,Units,,,1,One,N05,"<b>Coverage:</b><p>Branches B-S;</p><p>Companies with 10 or more employees,</p><p><b>Note:</b></p><p>Public administration: covers only central government administration (CGPO)</p>"
DATAFLOW,LU1:DSD_ESS_2@DF_C1335(1.1),Employment: percentage by economic activity and education level,I,PC_EMP_NACE,Percentage of total branch employment,SAL_INT,Domestic payroll employment,A4,Quadrennial,_Z,Not applicable,Q,Human health and social work activities,_Z,Not applicable,_Z,Not applicable,ED5-8,Tertiary education (levels 5-8),_Z,Not applicable,_Z,Not applicable,2010,,16.7,,0,Units,,,1,One,N05,"<b>Coverage:</b><p>Branches B-S;</p><p>Companies with 10 or more employees,</p><p><b>Note:</b></p><p>Public administration: covers only central government administration (CGPO)</p>"
DATAFLOW,LU1:DSD_ESS_2@DF_C1335(1.1),Employment: percentage by economic activity and education level,I,PC_EMP_NACE,Percentage of total branch employment,SAL_INT,Domestic payroll employment,A4,Quadrennial,_Z,Not applicable,Q,Human health and social work activities,_Z,Not applicable,_Z,Not applicable,ED5-8,Tertiary education (levels 5-8),_Z,Not applicable,_Z,Not applicable,2014,,29.2,,0,Units,,,1,One,N05,"<b>Coverage:</b><p>Branches B-S;</p><p>Companies with 10 or more employees,</p><p><b>Note:</b></p><p>Public administration: covers only central government administration (CGPO)</p>"
DATAFLOW,LU1:DSD_ESS_2@DF_C1335(1.1),Employment: percentage by economic activity and education level,I,PC_EMP_NACE,Percentage of total branch employment,SAL_INT,Domestic payroll employment,A4,Quadrennial,_Z,Not applicable,Q,Human health and social work activities,_Z,Not applicable,_Z,Not applicable,ED5-8,Tertiary education (levels 5-8),_Z,Not applicable,_Z,Not applicable,2018,,40.2,,0,Units,,,1,One,N05,"<b>Coverage:</b><p>Branches B-S;</p><p>Companies with 10 or more employees,</p><p><b>Note:</b></p><p>Public administration: covers only central government administration (CGPO)</p>"
DATAFLOW,LU1:DSD_ESS_2@DF_C1335(1.1),Employment: percentage by economic activity and education level,I,PC_EMP_NACE,Percentage of total branch employment,SAL_INT,Domestic payroll employment,A4,Quadrennial,_Z,Not applicable,Q,Human health and social work activities,_Z,Not applicable,_Z,Not applicable,ED5-8,Tertiary education (levels 5-8),_Z,Not applicable,_Z,Not applicable,2022,,34.5,,0,Units,,,1,One,N05,"<b>Coverage:</b><p>Branches B-S;</p><p>Companies with 10 or more employees,</p><p><b>Note:</b></p><p>Public administration: covers only central government administration (CGPO)</p>"
DATAFLOW,LU1:DSD_ESS_2@DF_C1335(1.1),Employment: percentage by economic activity and education level,I,PC_EMP_NACE,Percentage of total branch employment,SAL_INT,Domestic payroll employment,A4,Quadrennial,_Z,Not applicable,S,Other service activities,_Z,Not applicable,_Z,Not applicable,ED5-8,Tertiary education (levels 5-8),_Z,Not applicable,_Z,Not applicable,2010,,20.7,,0,Units,,,1,One,N05,"<b>Coverage:</b><p>Branches B-S;</p><p>Companies with 10 or more employees,</p><p><b>Note:</b></p><p>Public administration: covers only central government administration (CGPO)</p>"
DATAFLOW,LU1:DSD_ESS_2@DF_C1335(1.1),Employment: percentage by economic activity and education level,I,PC_EMP_NACE,Percentage of total branch employment,SAL_INT,Domestic payroll employment,A4,Quadrennial,_Z,Not applicable,S,Other service activities,_Z,Not applicable,_Z,Not applicable,ED5-8,Tertiary education (levels 5-8),_Z,Not applicable,_Z,Not applicable,2014,,29.1,,0,Units,,,1,One,N05,"<b>Coverage:</b><p>Branches B-S;</p><p>Companies with 10 or more employees,</p><p><b>Note:</b></p><p>Public administration: covers only central government administration (CGPO)</p>"
DATAFLOW,LU1:DSD_ESS_2@DF_C1335(1.1),Employment: percentage by economic activity and education level,I,PC_EMP_NACE,Percentage of total branch employment,SAL_INT,Domestic payroll employment,A4,Quadrennial,_Z,Not applicable,S,Other service activities,_Z,Not applicable,_Z,Not applicable,ED5-8,Tertiary education (levels 5-8),_Z,Not applicable,_Z,Not applicable,2018,,30,,0,Units,,,1,One,N05,"<b>Coverage:</b><p>Branches B-S;</p><p>Companies with 10 or more employees,</p><p><b>Note:</b></p><p>Public administration: covers only central government administration (CGPO)</p>"
DATAFLOW,LU1:DSD_ESS_2@DF_C1335(1.1),Employment: percentage by economic activity and education level,I,PC_EMP_NACE,Percentage of total branch employment,SAL_INT,Domestic payroll employment,A4,Quadrennial,_Z,Not applicable,S,Other service activities,_Z,Not applicable,_Z,Not applicable,ED5-8,Tertiary education (levels 5-8),_Z,Not applicable,_Z,Not applicable,2022,,35,,0,Units,,,1,One,N05,"<b>Coverage:</b><p>Branches B-S;</p><p>Companies with 10 or more employees,</p><p><b>Note:</b></p><p>Public administration: covers only central government administration (CGPO)</p>"
DATAFLOW,LU1:DSD_ESS_2@DF_C1335(1.1),Employment: percentage by economic activity and education level,I,PC_EMP_EDUC_LEVEL,Percentage of of total employment by education level,SAL_INT,Domestic payroll employment,A4,Quadrennial,_Z,Not applicable,Q,Human health and social work activities,_Z,Not applicable,_Z,Not applicable,ED3_4,Upper secondary and post-secondary non-tertiary education (levels 3 and 4),_Z,Not applicable,_Z,Not applicable,2010,,11.1,,0,Units,,,1,One,N05,"<b>Coverage:</b><p>Branches B-S;</p><p>Companies with 10 or more employees,</p><p><b>Note:</b></p><p>Public administration: covers only central government administration (CGPO)</p>"
DATAFLOW,LU1:DSD_ESS_2@DF_C1335(1.1),Employment: percentage by economic activity and education level,I,PC_EMP_EDUC_LEVEL,Percentage of of total employment by education level,SAL_INT,Domestic payroll employment,A4,Quadrennial,_Z,Not applicable,Q,Human health and social work activities,_Z,Not applicable,_Z,Not applicable,ED3_4,Upper secondary and post-secondary non-tertiary education (levels 3 and 4),_Z,Not applicable,_Z,Not applicable,2014,,12.5,,0,Units,,,1,One,N05,"<b>Coverage:</b><p>Branches B-S;</p><p>Companies with 10 or more employees,</p><p><b>Note:</b></p><p>Public administration: covers only central government administration (CGPO)</p>"
DATAFLOW,LU1:DSD_ESS_2@DF_C1335(1.1),Employment: percentage by economic activity and education level,I,PC_EMP_EDUC_LEVEL,Percentage of of total employment by education level,SAL_INT,Domestic payroll employment,A4,Quadrennial,_Z,Not applicable,Q,Human health and social work activities,_Z,Not applicable,_Z,Not applicable,ED3_4,Upper secondary and post-secondary non-tertiary education (levels 3 and 4),_Z,Not applicable,_Z,Not applicable,2018,,9.7,,0,Units,,,1,One,N05,"<b>Coverage:</b><p>Branches B-S;</p><p>Companies with 10 or more employees,</p><p><b>Note:</b></p><p>Public administration: covers only central government administration (CGPO)</p>"
DATAFLOW,LU1:DSD_ESS_2@DF_C1335(1.1),Employment: percentage by economic activity and education level,I,PC_EMP_EDUC_LEVEL,Percentage of of total employment by education level,SAL_INT,Domestic payroll employment,A4,Quadrennial,_Z,Not applicable,Q,Human health and social work activities,_Z,Not applicable,_Z,Not applicable,ED3_4,Upper secondary and post-secondary non-tertiary education (levels 3 and 4),_Z,Not applicable,_Z,Not applicable,2022,,12.7,,0,Units,,,1,One,N05,"<b>Coverage:</b><p>Branches B-S;</p><p>Companies with 10 or more employees,</p><p><b>Note:</b></p><p>Public administration: covers only central government administration (CGPO)</p>"
DATAFLOW,LU1:DSD_ESS_2@DF_C1335(1.1),Employment: percentage by economic activity and education level,I,PC_EMP_EDUC_LEVEL,Percentage of of total employment by education level,SAL_INT,Domestic payroll employment,A4,Quadrennial,_Z,Not applicable,G,Wholesale and retail trade; repair of motor and motorcycles,_Z,Not applicable,_Z,Not applicable,ED5-8,Tertiary education (levels 5-8),_Z,Not applicable,_Z,Not applicable,2010,,5.1,,0,Units,,,1,One,N05,"<b>Coverage:</b><p>Branches B-S;</p><p>Companies with 10 or more employees,</p><p><b>Note:</b></p><p>Public administration: covers only central government administration (CGPO)</p>"
DATAFLOW,LU1:DSD_ESS_2@DF_C1335(1.1),Employment: percentage by economic activity and education level,I,PC_EMP_EDUC_LEVEL,Percentage of of total employment by education level,SAL_INT,Domestic payroll employment,A4,Quadrennial,_Z,Not applicable,G,Wholesale and retail trade; repair of motor and motorcycles,_Z,Not applicable,_Z,Not applicable,ED5-8,Tertiary education (levels 5-8),_Z,Not applicable,_Z,Not applicable,2014,,6.9,,0,Units,,,1,One,N05,"<b>Coverage:</b><p>Branches B-S;</p><p>Companies with 10 or more employees,</p><p><b>Note:</b></p><p>Public administration: covers only central government administration (CGPO)</p>"
DATAFLOW,LU1:DSD_ESS_2@DF_C1335(1.1),Employment: percentage by economic activity and education level,I,PC_EMP_EDUC_LEVEL,Percentage of of total employment by education level,SAL_INT,Domestic payroll employment,A4,Quadrennial,_Z,Not applicable,G,Wholesale and retail trade; repair of motor and motorcycles,_Z,Not applicable,_Z,Not applicable,ED5-8,Tertiary education (levels 5-8),_Z,Not applicable,_Z,Not applicable,2018,,6.2,,0,Units,,,1,One,N05,"<b>Coverage:</b><p>Branches B-S;</p><p>Companies with 10 or more employees,</p><p><b>Note:</b></p><p>Public administration: covers only central government administration (CGPO)</p>"
DATAFLOW,LU1:DSD_ESS_2@DF_C1335(1.1),Employment: percentage by economic activity and education level,I,PC_EMP_EDUC_LEVEL,Percentage of of total employment by education level,SAL_INT,Domestic payroll employment,A4,Quadrennial,_Z,Not applicable,G,Wholesale and retail trade; repair of motor and motorcycles,_Z,Not applicable,_Z,Not applicable,ED5-8,Tertiary education (levels 5-8),_Z,Not applicable,_Z,Not applicable,2022,,5.8,,0,Units,,,1,One,N05,"<b>Coverage:</b><p>Branches B-S;</p><p>Companies with 10 or more employees,</p><p><b>Note:</b></p><p>Public administration: covers only central government administration (CGPO)</p>"
DATAFLOW,LU1:DSD_ESS_2@DF_C1335(1.1),Employment: percentage by economic activity and education level,I,PC_EMP_EDUC_LEVEL,Percentage of of total employment by education level,SAL_INT,Domestic payroll employment,A4,Quadrennial,_Z,Not applicable,M,"Professional, scientific and technical activities",_Z,Not applicable,_Z,Not applicable,ED3_4,Upper secondary and post-secondary non-tertiary education (levels 3 and 4),_Z,Not applicable,_Z,Not applicable,2010,,3.9,,0,Units,,,1,One,N05,"<b>Coverage:</b><p>Branches B-S;</p><p>Companies with 10 or more employees,</p><p><b>Note:</b></p><p>Public administration: covers only central government administration (CGPO)</p>"
DATAFLOW,LU1:DSD_ESS_2@DF_C1335(1.1),Employment: percentage by economic activity and education level,I,PC_EMP_EDUC_LEVEL,Percentage of of total employment by education level,SAL_INT,Domestic payroll employment,A4,Quadrennial,_Z,Not applicable,M,"Professional, scientific and technical activities",_Z,Not applicable,_Z,Not applicable,ED3_4,Upper secondary and post-secondary non-tertiary education (levels 3 and 4),_Z,Not applicable,_Z,Not applicable,2014,,3.2,,0,Units,,,1,One,N05,"<b>Coverage:</b><p>Branches B-S;</p><p>Companies with 10 or more employees,</p><p><b>Note:</b></p><p>Public administration: covers only central government administration (CGPO)</p>"
DATAFLOW,LU1:DSD_ESS_2@DF_C1335(1.1),Employment: percentage by economic activity and education level,I,PC_EMP_EDUC_LEVEL,Percentage of of total employment by education level,SAL_INT,Domestic payroll employment,A4,Quadrennial,_Z,Not applicable,M,"Professional, scientific and technical activities",_Z,Not applicable,_Z,Not applicable,ED3_4,Upper secondary and post-secondary non-tertiary education (levels 3 and 4),_Z,Not applicable,_Z,Not applicable,2018,,3.7,,0,Units,,,1,One,N05,"<b>Coverage:</b><p>Branches B-S;</p><p>Companies with 10 or more employees,</p><p><b>Note:</b></p><p>Public administration: covers only central government administration (CGPO)</p>"
DATAFLOW,LU1:DSD_ESS_2@DF_C1335(1.1),Employment: percentage by economic activity and education level,I,PC_EMP_EDUC_LEVEL,Percentage of of total employment by education level,SAL_INT,Domestic payroll employment,A4,Quadrennial,_Z,Not applicable,M,"Professional, scientific and technical activities",_Z,Not applicable,_Z,Not applicable,ED3_4,Upper secondary and post-secondary non-tertiary education (levels 3 and 4),_Z,Not applicable,_Z,Not applicable,2022,,3.7,,0,Units,,,1,One,N05,"<b>Coverage:</b><p>Branches B-S;</p><p>Companies with 10 or more employees,</p><p><b>Note:</b></p><p>Public administration: covers only central government administration (CGPO)</p>"
DATAFLOW,LU1:DSD_ESS_2@DF_C1335(1.1),Employment: percentage by economic activity and education level,I,PC_EMP_NACE,Percentage of total branch employment,SAL_INT,Domestic payroll employment,A4,Quadrennial,_Z,Not applicable,E,"Water supply; sewerage,waste management and remediation activities",_Z,Not applicable,_Z,Not applicable,_T,All ISCED 2011 levels,_Z,Not applicable,_Z,Not applicable,2010,,100,,0,Units,,,1,One,N05,"<b>Coverage:</b><p>Branches B-S;</p><p>Companies with 10 or more employees,</p><p><b>Note:</b></p><p>Public administration: covers only central government administration (CGPO)</p>"
DATAFLOW,LU1:DSD_ESS_2@DF_C1335(1.1),Employment: percentage by economic activity and education level,I,PC_EMP_NACE,Percentage of total branch employment,SAL_INT,Domestic payroll employment,A4,Quadrennial,_Z,Not applicable,E,"Water supply; sewerage,waste management and remediation activities",_Z,Not applicable,_Z,Not applicable,_T,All ISCED 2011 levels,_Z,Not applicable,_Z,Not applicable,2014,,100,,0,Units,,,1,One,N05,"<b>Coverage:</b><p>Branches B-S;</p><p>Companies with 10 or more employees,</p><p><b>Note:</b></p><p>Public administration: covers only central government administration (CGPO)</p>"
DATAFLOW,LU1:DSD_ESS_2@DF_C1335(1.1),Employment: percentage by economic activity and education level,I,PC_EMP_NACE,Percentage of total branch employment,SAL_INT,Domestic payroll employment,A4,Quadrennial,_Z,Not applicable,E,"Water supply; sewerage,waste management and remediation activities",_Z,Not applicable,_Z,Not applicable,_T,All ISCED 2011 levels,_Z,Not applicable,_Z,Not applicable,2018,,100,,0,Units,,,1,One,N05,"<b>Coverage:</b><p>Branches B-S;</p><p>Companies with 10 or more employees,</p><p><b>Note:</b></p><p>Public administration: covers only central government administration (CGPO)</p>"
DATAFLOW,LU1:DSD_ESS_2@DF_C1335(1.1),Employment: percentage by economic activity and education level,I,PC_EMP_NACE,Percentage of total branch employment,SAL_INT,Domestic payroll employment,A4,Quadrennial,_Z,Not applicable,E,"Water supply; sewerage,waste management and remediation activities",_Z,Not applicable,_Z,Not applicable,_T,All ISCED 2011 levels,_Z,Not applicable,_Z,Not applicable,2022,,100,,0,Units,,,1,One,N05,"<b>Coverage:</b><p>Branches B-S;</p><p>Companies with 10 or more employees,</p><p><b>Note:</b></p><p>Public administration: covers only central government administration (CGPO)</p>"
DATAFLOW,LU1:DSD_ESS_2@DF_C1335(1.1),Employment: percentage by economic activity and education level,I,PC_EMP_EDUC_LEVEL,Percentage of of total employment by education level,SAL_INT,Domestic payroll employment,A4,Quadrennial,_Z,Not applicable,G,Wholesale and retail trade; repair of motor and motorcycles,_Z,Not applicable,_Z,Not applicable,_T,All ISCED 2011 levels,_Z,Not applicable,_Z,Not applicable,2010,,10.9,,0,Units,,,1,One,N05,"<b>Coverage:</b><p>Branches B-S;</p><p>Companies with 10 or more employees,</p><p><b>Note:</b></p><p>Public administration: covers only central government administration (CGPO)</p>"
DATAFLOW,LU1:DSD_ESS_2@DF_C1335(1.1),Employment: percentage by economic activity and education level,I,PC_EMP_EDUC_LEVEL,Percentage of of total employment by education level,SAL_INT,Domestic payroll employment,A4,Quadrennial,_Z,Not applicable,G,Wholesale and retail trade; repair of motor and motorcycles,_Z,Not applicable,_Z,Not applicable,_T,All ISCED 2011 levels,_Z,Not applicable,_Z,Not applicable,2014,,11.8,,0,Units,,,1,One,N05,"<b>Coverage:</b><p>Branches B-S;</p><p>Companies with 10 or more employees,</p><p><b>Note:</b></p><p>Public administration: covers only central government administration (CGPO)</p>"
DATAFLOW,LU1:DSD_ESS_2@DF_C1335(1.1),Employment: percentage by economic activity and education level,I,PC_EMP_EDUC_LEVEL,Percentage of of total employment by education level,SAL_INT,Domestic payroll employment,A4,Quadrennial,_Z,Not applicable,G,Wholesale and retail trade; repair of motor and motorcycles,_Z,Not applicable,_Z,Not applicable,_T,All ISCED 2011 levels,_Z,Not applicable,_Z,Not applicable,2018,,11,,0,Units,,,1,One,N05,"<b>Coverage:</b><p>Branches B-S;</p><p>Companies with 10 or more employees,</p><p><b>Note:</b></p><p>Public administration: covers only central government administration (CGPO)</p>"
DATAFLOW,LU1:DSD_ESS_2@DF_C1335(1.1),Employment: percentage by economic activity and education level,I,PC_EMP_EDUC_LEVEL,Percentage of of total employment by education level,SAL_INT,Domestic payroll employment,A4,Quadrennial,_Z,Not applicable,G,Wholesale and retail trade; repair of motor and motorcycles,_Z,Not applicable,_Z,Not applicable,_T,All ISCED 2011 levels,_Z,Not applicable,_Z,Not applicable,2022,,10.5,,0,Units,,,1,One,N05,"<b>Coverage:</b><p>Branches B-S;</p><p>Companies with 10 or more employees,</p><p><b>Note:</b></p><p>Public administration: covers only central government administration (CGPO)</p>"
DATAFLOW,LU1:DSD_ESS_2@DF_C1335(1.1),Employment: percentage by economic activity and education level,I,PC_EMP_NACE,Percentage of total branch employment,SAL_INT,Domestic payroll employment,A4,Quadrennial,_Z,Not applicable,S,Other service activities,_Z,Not applicable,_Z,Not applicable,ED0-2,"Less than primary, primary and lower secondary education (levels 0-2)",_Z,Not applicable,_Z,Not applicable,2010,,14.5,,0,Units,,,1,One,N05,"<b>Coverage:</b><p>Branches B-S;</p><p>Companies with 10 or more employees,</p><p><b>Note:</b></p><p>Public administration: covers only central government administration (CGPO)</p>"
DATAFLOW,LU1:DSD_ESS_2@DF_C1335(1.1),Employment: percentage by economic activity and education level,I,PC_EMP_NACE,Percentage of total branch employment,SAL_INT,Domestic payroll employment,A4,Quadrennial,_Z,Not applicable,S,Other service activities,_Z,Not applicable,_Z,Not applicable,ED0-2,"Less than primary, primary and lower secondary education (levels 0-2)",_Z,Not applicable,_Z,Not applicable,2014,,20.4,,0,Units,,,1,One,N05,"<b>Coverage:</b><p>Branches B-S;</p><p>Companies with 10 or more employees,</p><p><b>Note:</b></p><p>Public administration: covers only central government administration (CGPO)</p>"
DATAFLOW,LU1:DSD_ESS_2@DF_C1335(1.1),Employment: percentage by economic activity and education level,I,PC_EMP_NACE,Percentage of total branch employment,SAL_INT,Domestic payroll employment,A4,Quadrennial,_Z,Not applicable,S,Other service activities,_Z,Not applicable,_Z,Not applicable,ED0-2,"Less than primary, primary and lower secondary education (levels 0-2)",_Z,Not applicable,_Z,Not applicable,2018,,29.8,,0,Units,,,1,One,N05,"<b>Coverage:</b><p>Branches B-S;</p><p>Companies with 10 or more employees,</p><p><b>Note:</b></p><p>Public administration: covers only central government administration (CGPO)</p>"
DATAFLOW,LU1:DSD_ESS_2@DF_C1335(1.1),Employment: percentage by economic activity and education level,I,PC_EMP_NACE,Percentage of total branch employment,SAL_INT,Domestic payroll employment,A4,Quadrennial,_Z,Not applicable,S,Other service activities,_Z,Not applicable,_Z,Not applicable,ED0-2,"Less than primary, primary and lower secondary education (levels 0-2)",_Z,Not applicable,_Z,Not applicable,2022,,14,,0,Units,,,1,One,N05,"<b>Coverage:</b><p>Branches B-S;</p><p>Companies with 10 or more employees,</p><p><b>Note:</b></p><p>Public administration: covers only central government administration (CGPO)</p>"
DATAFLOW,LU1:DSD_ESS_2@DF_C1335(1.1),Employment: percentage by economic activity and education level,I,PC_EMP_NACE,Percentage of total branch employment,SAL_INT,Domestic payroll employment,A4,Quadrennial,_Z,Not applicable,R,"Arts, entertainment, and recreational activities",_Z,Not applicable,_Z,Not applicable,ED5-8,Tertiary education (levels 5-8),_Z,Not applicable,_Z,Not applicable,2010,,39.3,,0,Units,,,1,One,N05,"<b>Coverage:</b><p>Branches B-S;</p><p>Companies with 10 or more employees,</p><p><b>Note:</b></p><p>Public administration: covers only central government administration (CGPO)</p>"
DATAFLOW,LU1:DSD_ESS_2@DF_C1335(1.1),Employment: percentage by economic activity and education level,I,PC_EMP_NACE,Percentage of total branch employment,SAL_INT,Domestic payroll employment,A4,Quadrennial,_Z,Not applicable,R,"Arts, entertainment, and recreational activities",_Z,Not applicable,_Z,Not applicable,ED5-8,Tertiary education (levels 5-8),_Z,Not applicable,_Z,Not applicable,2014,,41.9,,0,Units,,,1,One,N05,"<b>Coverage:</b><p>Branches B-S;</p><p>Companies with 10 or more employees,</p><p><b>Note:</b></p><p>Public administration: covers only central government administration (CGPO)</p>"
DATAFLOW,LU1:DSD_ESS_2@DF_C1335(1.1),Employment: percentage by economic activity and education level,I,PC_EMP_NACE,Percentage of total branch employment,SAL_INT,Domestic payroll employment,A4,Quadrennial,_Z,Not applicable,R,"Arts, entertainment, and recreational activities",_Z,Not applicable,_Z,Not applicable,ED5-8,Tertiary education (levels 5-8),_Z,Not applicable,_Z,Not applicable,2018,,33.1,,0,Units,,,1,One,N05,"<b>Coverage:</b><p>Branches B-S;</p><p>Companies with 10 or more employees,</p><p><b>Note:</b></p><p>Public administration: covers only central government administration (CGPO)</p>"
DATAFLOW,LU1:DSD_ESS_2@DF_C1335(1.1),Employment: percentage by economic activity and education level,I,PC_EMP_NACE,Percentage of total branch employment,SAL_INT,Domestic payroll employment,A4,Quadrennial,_Z,Not applicable,R,"Arts, entertainment, and recreational activities",_Z,Not applicable,_Z,Not applicable,ED5-8,Tertiary education (levels 5-8),_Z,Not applicable,_Z,Not applicable,2022,,40.9,,0,Units,,,1,One,N05,"<b>Coverage:</b><p>Branches B-S;</p><p>Companies with 10 or more employees,</p><p><b>Note:</b></p><p>Public administration: covers only central government administration (CGPO)</p>"
DATAFLOW,LU1:DSD_ESS_2@DF_C1335(1.1),Employment: percentage by economic activity and education level,I,PC_EMP_NACE,Percentage of total branch employment,SAL_INT,Domestic payroll employment,A4,Quadrennial,_Z,Not applicable,O,Public administration and defence; compulsory social security public,_Z,Not applicable,_Z,Not applicable,ED5-8,Tertiary education (levels 5-8),_Z,Not applicable,_Z,Not applicable,2010,,19.9,,0,Units,,,1,One,N05,"<b>Coverage:</b><p>Branches B-S;</p><p>Companies with 10 or more employees,</p><p><b>Note:</b></p><p>Public administration: covers only central government administration (CGPO)</p>"
DATAFLOW,LU1:DSD_ESS_2@DF_C1335(1.1),Employment: percentage by economic activity and education level,I,PC_EMP_NACE,Percentage of total branch employment,SAL_INT,Domestic payroll employment,A4,Quadrennial,_Z,Not applicable,O,Public administration and defence; compulsory social security public,_Z,Not applicable,_Z,Not applicable,ED5-8,Tertiary education (levels 5-8),_Z,Not applicable,_Z,Not applicable,2014,,19,,0,Units,,,1,One,N05,"<b>Coverage:</b><p>Branches B-S;</p><p>Companies with 10 or more employees,</p><p><b>Note:</b></p><p>Public administration: covers only central government administration (CGPO)</p>"
DATAFLOW,LU1:DSD_ESS_2@DF_C1335(1.1),Employment: percentage by economic activity and education level,I,PC_EMP_NACE,Percentage of total branch employment,SAL_INT,Domestic payroll employment,A4,Quadrennial,_Z,Not applicable,O,Public administration and defence; compulsory social security public,_Z,Not applicable,_Z,Not applicable,ED5-8,Tertiary education (levels 5-8),_Z,Not applicable,_Z,Not applicable,2018,,24,,0,Units,,,1,One,N05,"<b>Coverage:</b><p>Branches B-S;</p><p>Companies with 10 or more employees,</p><p><b>Note:</b></p><p>Public administration: covers only central government administration (CGPO)</p>"
DATAFLOW,LU1:DSD_ESS_2@DF_C1335(1.1),Employment: percentage by economic activity and education level,I,PC_EMP_NACE,Percentage of total branch employment,SAL_INT,Domestic payroll employment,A4,Quadrennial,_Z,Not applicable,O,Public administration and defence; compulsory social security public,_Z,Not applicable,_Z,Not applicable,ED5-8,Tertiary education (levels 5-8),_Z,Not applicable,_Z,Not applicable,2022,,31.5,,0,Units,,,1,One,N05,"<b>Coverage:</b><p>Branches B-S;</p><p>Companies with 10 or more employees,</p><p><b>Note:</b></p><p>Public administration: covers only central government administration (CGPO)</p>"
DATAFLOW,LU1:DSD_ESS_2@DF_C1335(1.1),Employment: percentage by economic activity and education level,I,PC_EMP_NACE,Percentage of total branch employment,SAL_INT,Domestic payroll employment,A4,Quadrennial,_Z,Not applicable,G,Wholesale and retail trade; repair of motor and motorcycles,_Z,Not applicable,_Z,Not applicable,ED5-8,Tertiary education (levels 5-8),_Z,Not applicable,_Z,Not applicable,2010,,13.8,,0,Units,,,1,One,N05,"<b>Coverage:</b><p>Branches B-S;</p><p>Companies with 10 or more employees,</p><p><b>Note:</b></p><p>Public administration: covers only central government administration (CGPO)</p>"
DATAFLOW,LU1:DSD_ESS_2@DF_C1335(1.1),Employment: percentage by economic activity and education level,I,PC_EMP_NACE,Percentage of total branch employment,SAL_INT,Domestic payroll employment,A4,Quadrennial,_Z,Not applicable,G,Wholesale and retail trade; repair of motor and motorcycles,_Z,Not applicable,_Z,Not applicable,ED5-8,Tertiary education (levels 5-8),_Z,Not applicable,_Z,Not applicable,2014,,19.7,,0,Units,,,1,One,N05,"<b>Coverage:</b><p>Branches B-S;</p><p>Companies with 10 or more employees,</p><p><b>Note:</b></p><p>Public administration: covers only central government administration (CGPO)</p>"
DATAFLOW,LU1:DSD_ESS_2@DF_C1335(1.1),Employment: percentage by economic activity and education level,I,PC_EMP_NACE,Percentage of total branch employment,SAL_INT,Domestic payroll employment,A4,Quadrennial,_Z,Not applicable,G,Wholesale and retail trade; repair of motor and motorcycles,_Z,Not applicable,_Z,Not applicable,ED5-8,Tertiary education (levels 5-8),_Z,Not applicable,_Z,Not applicable,2018,,21.8,,0,Units,,,1,One,N05,"<b>Coverage:</b><p>Branches B-S;</p><p>Companies with 10 or more employees,</p><p><b>Note:</b></p><p>Public administration: covers only central government administration (CGPO)</p>"
DATAFLOW,LU1:DSD_ESS_2@DF_C1335(1.1),Employment: percentage by economic activity and education level,I,PC_EMP_NACE,Percentage of total branch employment,SAL_INT,Domestic payroll employment,A4,Quadrennial,_Z,Not applicable,G,Wholesale and retail trade; repair of motor and motorcycles,_Z,Not applicable,_Z,Not applicable,ED5-8,Tertiary education (levels 5-8),_Z,Not applicable,_Z,Not applicable,2022,,22.9,,0,Units,,,1,One,N05,"<b>Coverage:</b><p>Branches B-S;</p><p>Companies with 10 or more employees,</p><p><b>Note:</b></p><p>Public administration: covers only central government administration (CGPO)</p>"
DATAFLOW,LU1:DSD_ESS_2@DF_C1335(1.1),Employment: percentage by economic activity and education level,I,PC_EMP_NACE,Percentage of total branch employment,SAL_INT,Domestic payroll employment,A4,Quadrennial,_Z,Not applicable,N,Administrative and support service activities,_Z,Not applicable,_Z,Not applicable,_T,All ISCED 2011 levels,_Z,Not applicable,_Z,Not applicable,2010,,100,,0,Units,,,1,One,N05,"<b>Coverage:</b><p>Branches B-S;</p><p>Companies with 10 or more employees,</p><p><b>Note:</b></p><p>Public administration: covers only central government administration (CGPO)</p>"
DATAFLOW,LU1:DSD_ESS_2@DF_C1335(1.1),Employment: percentage by economic activity and education level,I,PC_EMP_NACE,Percentage of total branch employment,SAL_INT,Domestic payroll employment,A4,Quadrennial,_Z,Not applicable,N,Administrative and support service activities,_Z,Not applicable,_Z,Not applicable,_T,All ISCED 2011 levels,_Z,Not applicable,_Z,Not applicable,2014,,100,,0,Units,,,1,One,N05,"<b>Coverage:</b><p>Branches B-S;</p><p>Companies with 10 or more employees,</p><p><b>Note:</b></p><p>Public administration: covers only central government administration (CGPO)</p>"
DATAFLOW,LU1:DSD_ESS_2@DF_C1335(1.1),Employment: percentage by economic activity and education level,I,PC_EMP_NACE,Percentage of total branch employment,SAL_INT,Domestic payroll employment,A4,Quadrennial,_Z,Not applicable,N,Administrative and support service activities,_Z,Not applicable,_Z,Not applicable,_T,All ISCED 2011 levels,_Z,Not applicable,_Z,Not applicable,2018,,100,,0,Units,,,1,One,N05,"<b>Coverage:</b><p>Branches B-S;</p><p>Companies with 10 or more employees,</p><p><b>Note:</b></p><p>Public administration: covers only central government administration (CGPO)</p>"
DATAFLOW,LU1:DSD_ESS_2@DF_C1335(1.1),Employment: percentage by economic activity and education level,I,PC_EMP_NACE,Percentage of total branch employment,SAL_INT,Domestic payroll employment,A4,Quadrennial,_Z,Not applicable,N,Administrative and support service activities,_Z,Not applicable,_Z,Not applicable,_T,All ISCED 2011 levels,_Z,Not applicable,_Z,Not applicable,2022,,100,,0,Units,,,1,One,N05,"<b>Coverage:</b><p>Branches B-S;</p><p>Companies with 10 or more employees,</p><p><b>Note:</b></p><p>Public administration: covers only central government administration (CGPO)</p>"
DATAFLOW,LU1:DSD_ESS_2@DF_C1335(1.1),Employment: percentage by economic activity and education level,I,PC_EMP_EDUC_LEVEL,Percentage of of total employment by education level,SAL_INT,Domestic payroll employment,A4,Quadrennial,_Z,Not applicable,R,"Arts, entertainment, and recreational activities",_Z,Not applicable,_Z,Not applicable,ED0-2,"Less than primary, primary and lower secondary education (levels 0-2)",_Z,Not applicable,_Z,Not applicable,2010,,0.2,,0,Units,,,1,One,N05,"<b>Coverage:</b><p>Branches B-S;</p><p>Companies with 10 or more employees,</p><p><b>Note:</b></p><p>Public administration: covers only central government administration (CGPO)</p>"
DATAFLOW,LU1:DSD_ESS_2@DF_C1335(1.1),Employment: percentage by economic activity and education level,I,PC_EMP_EDUC_LEVEL,Percentage of of total employment by education level,SAL_INT,Domestic payroll employment,A4,Quadrennial,_Z,Not applicable,R,"Arts, entertainment, and recreational activities",_Z,Not applicable,_Z,Not applicable,ED0-2,"Less than primary, primary and lower secondary education (levels 0-2)",_Z,Not applicable,_Z,Not applicable,2014,,0.4,,0,Units,,,1,One,N05,"<b>Coverage:</b><p>Branches B-S;</p><p>Companies with 10 or more employees,</p><p><b>Note:</b></p><p>Public administration: covers only central government administration (CGPO)</p>"
DATAFLOW,LU1:DSD_ESS_2@DF_C1335(1.1),Employment: percentage by economic activity and education level,I,PC_EMP_EDUC_LEVEL,Percentage of of total employment by education level,SAL_INT,Domestic payroll employment,A4,Quadrennial,_Z,Not applicable,R,"Arts, entertainment, and recreational activities",_Z,Not applicable,_Z,Not applicable,ED0-2,"Less than primary, primary and lower secondary education (levels 0-2)",_Z,Not applicable,_Z,Not applicable,2018,,0.5,,0,Units,,,1,One,N05,"<b>Coverage:</b><p>Branches B-S;</p><p>Companies with 10 or more employees,</p><p><b>Note:</b></p><p>Public administration: covers only central government administration (CGPO)</p>"
DATAFLOW,LU1:DSD_ESS_2@DF_C1335(1.1),Employment: percentage by economic activity and education level,I,PC_EMP_EDUC_LEVEL,Percentage of of total employment by education level,SAL_INT,Domestic payroll employment,A4,Quadrennial,_Z,Not applicable,R,"Arts, entertainment, and recreational activities",_Z,Not applicable,_Z,Not applicable,ED0-2,"Less than primary, primary and lower secondary education (levels 0-2)",_Z,Not applicable,_Z,Not applicable,2022,,0.8,,0,Units,,,1,One,N05,"<b>Coverage:</b><p>Branches B-S;</p><p>Companies with 10 or more employees,</p><p><b>Note:</b></p><p>Public administration: covers only central government administration (CGPO)</p>"
DATAFLOW,LU1:DSD_ESS_2@DF_C1335(1.1),Employment: percentage by economic activity and education level,I,PC_EMP_NACE,Percentage of total branch employment,SAL_INT,Domestic payroll employment,A4,Quadrennial,_Z,Not applicable,H,Transportation and storage,_Z,Not applicable,_Z,Not applicable,ED0-2,"Less than primary, primary and lower secondary education (levels 0-2)",_Z,Not applicable,_Z,Not applicable,2010,,24.4,,0,Units,,,1,One,N05,"<b>Coverage:</b><p>Branches B-S;</p><p>Companies with 10 or more employees,</p><p><b>Note:</b></p><p>Public administration: covers only central government administration (CGPO)</p>"
DATAFLOW,LU1:DSD_ESS_2@DF_C1335(1.1),Employment: percentage by economic activity and education level,I,PC_EMP_NACE,Percentage of total branch employment,SAL_INT,Domestic payroll employment,A4,Quadrennial,_Z,Not applicable,H,Transportation and storage,_Z,Not applicable,_Z,Not applicable,ED0-2,"Less than primary, primary and lower secondary education (levels 0-2)",_Z,Not applicable,_Z,Not applicable,2014,,44.5,,0,Units,,,1,One,N05,"<b>Coverage:</b><p>Branches B-S;</p><p>Companies with 10 or more employees,</p><p><b>Note:</b></p><p>Public administration: covers only central government administration (CGPO)</p>"
DATAFLOW,LU1:DSD_ESS_2@DF_C1335(1.1),Employment: percentage by economic activity and education level,I,PC_EMP_NACE,Percentage of total branch employment,SAL_INT,Domestic payroll employment,A4,Quadrennial,_Z,Not applicable,H,Transportation and storage,_Z,Not applicable,_Z,Not applicable,ED0-2,"Less than primary, primary and lower secondary education (levels 0-2)",_Z,Not applicable,_Z,Not applicable,2018,,40.3,,0,Units,,,1,One,N05,"<b>Coverage:</b><p>Branches B-S;</p><p>Companies with 10 or more employees,</p><p><b>Note:</b></p><p>Public administration: covers only central government administration (CGPO)</p>"
DATAFLOW,LU1:DSD_ESS_2@DF_C1335(1.1),Employment: percentage by economic activity and education level,I,PC_EMP_NACE,Percentage of total branch employment,SAL_INT,Domestic payroll employment,A4,Quadrennial,_Z,Not applicable,H,Transportation and storage,_Z,Not applicable,_Z,Not applicable,ED0-2,"Less than primary, primary and lower secondary education (levels 0-2)",_Z,Not applicable,_Z,Not applicable,2022,,36,,0,Units,,,1,One,N05,"<b>Coverage:</b><p>Branches B-S;</p><p>Companies with 10 or more employees,</p><p><b>Note:</b></p><p>Public administration: covers only central government administration (CGPO)</p>"
DATAFLOW,LU1:DSD_ESS_2@DF_C1335(1.1),Employment: percentage by economic activity and education level,I,PC_EMP_NACE,Percentage of total branch employment,SAL_INT,Domestic payroll employment,A4,Quadrennial,_Z,Not applicable,P,Education,_Z,Not applicable,_Z,Not applicable,_T,All ISCED 2011 levels,_Z,Not applicable,_Z,Not applicable,2010,,100,,0,Units,,,1,One,N05,"<b>Coverage:</b><p>Branches B-S;</p><p>Companies with 10 or more employees,</p><p><b>Note:</b></p><p>Public administration: covers only central government administration (CGPO)</p>"
DATAFLOW,LU1:DSD_ESS_2@DF_C1335(1.1),Employment: percentage by economic activity and education level,I,PC_EMP_NACE,Percentage of total branch employment,SAL_INT,Domestic payroll employment,A4,Quadrennial,_Z,Not applicable,P,Education,_Z,Not applicable,_Z,Not applicable,_T,All ISCED 2011 levels,_Z,Not applicable,_Z,Not applicable,2014,,100,,0,Units,,,1,One,N05,"<b>Coverage:</b><p>Branches B-S;</p><p>Companies with 10 or more employees,</p><p><b>Note:</b></p><p>Public administration: covers only central government administration (CGPO)</p>"
DATAFLOW,LU1:DSD_ESS_2@DF_C1335(1.1),Employment: percentage by economic activity and education level,I,PC_EMP_NACE,Percentage of total branch employment,SAL_INT,Domestic payroll employment,A4,Quadrennial,_Z,Not applicable,P,Education,_Z,Not applicable,_Z,Not applicable,_T,All ISCED 2011 levels,_Z,Not applicable,_Z,Not applicable,2018,,100,,0,Units,,,1,One,N05,"<b>Coverage:</b><p>Branches B-S;</p><p>Companies with 10 or more employees,</p><p><b>Note:</b></p><p>Public administration: covers only central government administration (CGPO)</p>"
DATAFLOW,LU1:DSD_ESS_2@DF_C1335(1.1),Employment: percentage by economic activity and education level,I,PC_EMP_NACE,Percentage of total branch employment,SAL_INT,Domestic payroll employment,A4,Quadrennial,_Z,Not applicable,P,Education,_Z,Not applicable,_Z,Not applicable,_T,All ISCED 2011 levels,_Z,Not applicable,_Z,Not applicable,2022,,100,,0,Units,,,1,One,N05,"<b>Coverage:</b><p>Branches B-S;</p><p>Companies with 10 or more employees,</p><p><b>Note:</b></p><p>Public administration: covers only central government administration (CGPO)</p>"
DATAFLOW,LU1:DSD_ESS_2@DF_C1335(1.1),Employment: percentage by economic activity and education level,I,PC_EMP_NACE,Percentage of total branch employment,SAL_INT,Domestic payroll employment,A4,Quadrennial,_Z,Not applicable,I,Accommodation and food service activities,_Z,Not applicable,_Z,Not applicable,ED3_4,Upper secondary and post-secondary non-tertiary education (levels 3 and 4),_Z,Not applicable,_Z,Not applicable,2010,,53.3,,0,Units,,,1,One,N05,"<b>Coverage:</b><p>Branches B-S;</p><p>Companies with 10 or more employees,</p><p><b>Note:</b></p><p>Public administration: covers only central government administration (CGPO)</p>"
DATAFLOW,LU1:DSD_ESS_2@DF_C1335(1.1),Employment: percentage by economic activity and education level,I,PC_EMP_NACE,Percentage of total branch employment,SAL_INT,Domestic payroll employment,A4,Quadrennial,_Z,Not applicable,I,Accommodation and food service activities,_Z,Not applicable,_Z,Not applicable,ED3_4,Upper secondary and post-secondary non-tertiary education (levels 3 and 4),_Z,Not applicable,_Z,Not applicable,2014,,44.7,,0,Units,,,1,One,N05,"<b>Coverage:</b><p>Branches B-S;</p><p>Companies with 10 or more employees,</p><p><b>Note:</b></p><p>Public administration: covers only central government administration (CGPO)</p>"
DATAFLOW,LU1:DSD_ESS_2@DF_C1335(1.1),Employment: percentage by economic activity and education level,I,PC_EMP_NACE,Percentage of total branch employment,SAL_INT,Domestic payroll employment,A4,Quadrennial,_Z,Not applicable,I,Accommodation and food service activities,_Z,Not applicable,_Z,Not applicable,ED3_4,Upper secondary and post-secondary non-tertiary education (levels 3 and 4),_Z,Not applicable,_Z,Not applicable,2018,,42.8,,0,Units,,,1,One,N05,"<b>Coverage:</b><p>Branches B-S;</p><p>Companies with 10 or more employees,</p><p><b>Note:</b></p><p>Public administration: covers only central government administration (CGPO)</p>"
DATAFLOW,LU1:DSD_ESS_2@DF_C1335(1.1),Employment: percentage by economic activity and education level,I,PC_EMP_NACE,Percentage of total branch employment,SAL_INT,Domestic payroll employment,A4,Quadrennial,_Z,Not applicable,I,Accommodation and food service activities,_Z,Not applicable,_Z,Not applicable,ED3_4,Upper secondary and post-secondary non-tertiary education (levels 3 and 4),_Z,Not applicable,_Z,Not applicable,2022,,43.2,,0,Units,,,1,One,N05,"<b>Coverage:</b><p>Branches B-S;</p><p>Companies with 10 or more employees,</p><p><b>Note:</b></p><p>Public administration: covers only central government administration (CGPO)</p>"
DATAFLOW,LU1:DSD_ESS_2@DF_C1335(1.1),Employment: percentage by economic activity and education level,I,PC_EMP_NACE,Percentage of total branch employment,SAL_INT,Domestic payroll employment,A4,Quadrennial,_Z,Not applicable,K,Financial and insurance activities,_Z,Not applicable,_Z,Not applicable,ED0-2,"Less than primary, primary and lower secondary education (levels 0-2)",_Z,Not applicable,_Z,Not applicable,2010,,5.2,,0,Units,,,1,One,N05,"<b>Coverage:</b><p>Branches B-S;</p><p>Companies with 10 or more employees,</p><p><b>Note:</b></p><p>Public administration: covers only central government administration (CGPO)</p>"
DATAFLOW,LU1:DSD_ESS_2@DF_C1335(1.1),Employment: percentage by economic activity and education level,I,PC_EMP_NACE,Percentage of total branch employment,SAL_INT,Domestic payroll employment,A4,Quadrennial,_Z,Not applicable,K,Financial and insurance activities,_Z,Not applicable,_Z,Not applicable,ED0-2,"Less than primary, primary and lower secondary education (levels 0-2)",_Z,Not applicable,_Z,Not applicable,2014,,7.5,,0,Units,,,1,One,N05,"<b>Coverage:</b><p>Branches B-S;</p><p>Companies with 10 or more employees,</p><p><b>Note:</b></p><p>Public administration: covers only central government administration (CGPO)</p>"
DATAFLOW,LU1:DSD_ESS_2@DF_C1335(1.1),Employment: percentage by economic activity and education level,I,PC_EMP_NACE,Percentage of total branch employment,SAL_INT,Domestic payroll employment,A4,Quadrennial,_Z,Not applicable,K,Financial and insurance activities,_Z,Not applicable,_Z,Not applicable,ED0-2,"Less than primary, primary and lower secondary education (levels 0-2)",_Z,Not applicable,_Z,Not applicable,2018,,4.2,,0,Units,,,1,One,N05,"<b>Coverage:</b><p>Branches B-S;</p><p>Companies with 10 or more employees,</p><p><b>Note:</b></p><p>Public administration: covers only central government administration (CGPO)</p>"
DATAFLOW,LU1:DSD_ESS_2@DF_C1335(1.1),Employment: percentage by economic activity and education level,I,PC_EMP_NACE,Percentage of total branch employment,SAL_INT,Domestic payroll employment,A4,Quadrennial,_Z,Not applicable,K,Financial and insurance activities,_Z,Not applicable,_Z,Not applicable,ED0-2,"Less than primary, primary and lower secondary education (levels 0-2)",_Z,Not applicable,_Z,Not applicable,2022,,2,,0,Units,,,1,One,N05,"<b>Coverage:</b><p>Branches B-S;</p><p>Companies with 10 or more employees,</p><p><b>Note:</b></p><p>Public administration: covers only central government administration (CGPO)</p>"
DATAFLOW,LU1:DSD_ESS_2@DF_C1335(1.1),Employment: percentage by economic activity and education level,I,PC_EMP_EDUC_LEVEL,Percentage of of total employment by education level,SAL_INT,Domestic payroll employment,A4,Quadrennial,_Z,Not applicable,I,Accommodation and food service activities,_Z,Not applicable,_Z,Not applicable,ED3_4,Upper secondary and post-secondary non-tertiary education (levels 3 and 4),_Z,Not applicable,_Z,Not applicable,2010,,3.9,,0,Units,,,1,One,N05,"<b>Coverage:</b><p>Branches B-S;</p><p>Companies with 10 or more employees,</p><p><b>Note:</b></p><p>Public administration: covers only central government administration (CGPO)</p>"
DATAFLOW,LU1:DSD_ESS_2@DF_C1335(1.1),Employment: percentage by economic activity and education level,I,PC_EMP_EDUC_LEVEL,Percentage of of total employment by education level,SAL_INT,Domestic payroll employment,A4,Quadrennial,_Z,Not applicable,I,Accommodation and food service activities,_Z,Not applicable,_Z,Not applicable,ED3_4,Upper secondary and post-secondary non-tertiary education (levels 3 and 4),_Z,Not applicable,_Z,Not applicable,2014,,4.4,,0,Units,,,1,One,N05,"<b>Coverage:</b><p>Branches B-S;</p><p>Companies with 10 or more employees,</p><p><b>Note:</b></p><p>Public administration: covers only central government administration (CGPO)</p>"
DATAFLOW,LU1:DSD_ESS_2@DF_C1335(1.1),Employment: percentage by economic activity and education level,I,PC_EMP_EDUC_LEVEL,Percentage of of total employment by education level,SAL_INT,Domestic payroll employment,A4,Quadrennial,_Z,Not applicable,I,Accommodation and food service activities,_Z,Not applicable,_Z,Not applicable,ED3_4,Upper secondary and post-secondary non-tertiary education (levels 3 and 4),_Z,Not applicable,_Z,Not applicable,2018,,4.7,,0,Units,,,1,One,N05,"<b>Coverage:</b><p>Branches B-S;</p><p>Companies with 10 or more employees,</p><p><b>Note:</b></p><p>Public administration: covers only central government administration (CGPO)</p>"
DATAFLOW,LU1:DSD_ESS_2@DF_C1335(1.1),Employment: percentage by economic activity and education level,I,PC_EMP_EDUC_LEVEL,Percentage of of total employment by education level,SAL_INT,Domestic payroll employment,A4,Quadrennial,_Z,Not applicable,I,Accommodation and food service activities,_Z,Not applicable,_Z,Not applicable,ED3_4,Upper secondary and post-secondary non-tertiary education (levels 3 and 4),_Z,Not applicable,_Z,Not applicable,2022,,4.3,,0,Units,,,1,One,N05,"<b>Coverage:</b><p>Branches B-S;</p><p>Companies with 10 or more employees,</p><p><b>Note:</b></p><p>Public administration: covers only central government administration (CGPO)</p>"
DATAFLOW,LU1:DSD_ESS_2@DF_C1335(1.1),Employment: percentage by economic activity and education level,I,PC_EMP_NACE,Percentage of total branch employment,SAL_INT,Domestic payroll employment,A4,Quadrennial,_Z,Not applicable,R,"Arts, entertainment, and recreational activities",_Z,Not applicable,_Z,Not applicable,ED3_4,Upper secondary and post-secondary non-tertiary education (levels 3 and 4),_Z,Not applicable,_Z,Not applicable,2010,,45.6,,0,Units,,,1,One,N05,"<b>Coverage:</b><p>Branches B-S;</p><p>Companies with 10 or more employees,</p><p><b>Note:</b></p><p>Public administration: covers only central government administration (CGPO)</p>"
DATAFLOW,LU1:DSD_ESS_2@DF_C1335(1.1),Employment: percentage by economic activity and education level,I,PC_EMP_NACE,Percentage of total branch employment,SAL_INT,Domestic payroll employment,A4,Quadrennial,_Z,Not applicable,R,"Arts, entertainment, and recreational activities",_Z,Not applicable,_Z,Not applicable,ED3_4,Upper secondary and post-secondary non-tertiary education (levels 3 and 4),_Z,Not applicable,_Z,Not applicable,2014,,40.5,,0,Units,,,1,One,N05,"<b>Coverage:</b><p>Branches B-S;</p><p>Companies with 10 or more employees,</p><p><b>Note:</b></p><p>Public administration: covers only central government administration (CGPO)</p>"
DATAFLOW,LU1:DSD_ESS_2@DF_C1335(1.1),Employment: percentage by economic activity and education level,I,PC_EMP_NACE,Percentage of total branch employment,SAL_INT,Domestic payroll employment,A4,Quadrennial,_Z,Not applicable,R,"Arts, entertainment, and recreational activities",_Z,Not applicable,_Z,Not applicable,ED3_4,Upper secondary and post-secondary non-tertiary education (levels 3 and 4),_Z,Not applicable,_Z,Not applicable,2018,,45.6,,0,Units,,,1,One,N05,"<b>Coverage:</b><p>Branches B-S;</p><p>Companies with 10 or more employees,</p><p><b>Note:</b></p><p>Public administration: covers only central government administration (CGPO)</p>"
DATAFLOW,LU1:DSD_ESS_2@DF_C1335(1.1),Employment: percentage by economic activity and education level,I,PC_EMP_NACE,Percentage of total branch employment,SAL_INT,Domestic payroll employment,A4,Quadrennial,_Z,Not applicable,R,"Arts, entertainment, and recreational activities",_Z,Not applicable,_Z,Not applicable,ED3_4,Upper secondary and post-secondary non-tertiary education (levels 3 and 4),_Z,Not applicable,_Z,Not applicable,2022,,40.4,,0,Units,,,1,One,N05,"<b>Coverage:</b><p>Branches B-S;</p><p>Companies with 10 or more employees,</p><p><b>Note:</b></p><p>Public administration: covers only central government administration (CGPO)</p>"
DATAFLOW,LU1:DSD_ESS_2@DF_C1335(1.1),Employment: percentage by economic activity and education level,I,PC_EMP_EDUC_LEVEL,Percentage of of total employment by education level,SAL_INT,Domestic payroll employment,A4,Quadrennial,_Z,Not applicable,F,Construction,_Z,Not applicable,_Z,Not applicable,ED3_4,Upper secondary and post-secondary non-tertiary education (levels 3 and 4),_Z,Not applicable,_Z,Not applicable,2010,,12.3,,0,Units,,,1,One,N05,"<b>Coverage:</b><p>Branches B-S;</p><p>Companies with 10 or more employees,</p><p><b>Note:</b></p><p>Public administration: covers only central government administration (CGPO)</p>"
DATAFLOW,LU1:DSD_ESS_2@DF_C1335(1.1),Employment: percentage by economic activity and education level,I,PC_EMP_EDUC_LEVEL,Percentage of of total employment by education level,SAL_INT,Domestic payroll employment,A4,Quadrennial,_Z,Not applicable,F,Construction,_Z,Not applicable,_Z,Not applicable,ED3_4,Upper secondary and post-secondary non-tertiary education (levels 3 and 4),_Z,Not applicable,_Z,Not applicable,2014,,12.8,,0,Units,,,1,One,N05,"<b>Coverage:</b><p>Branches B-S;</p><p>Companies with 10 or more employees,</p><p><b>Note:</b></p><p>Public administration: covers only central government administration (CGPO)</p>"
DATAFLOW,LU1:DSD_ESS_2@DF_C1335(1.1),Employment: percentage by economic activity and education level,I,PC_EMP_EDUC_LEVEL,Percentage of of total employment by education level,SAL_INT,Domestic payroll employment,A4,Quadrennial,_Z,Not applicable,F,Construction,_Z,Not applicable,_Z,Not applicable,ED3_4,Upper secondary and post-secondary non-tertiary education (levels 3 and 4),_Z,Not applicable,_Z,Not applicable,2018,,12.8,,0,Units,,,1,One,N05,"<b>Coverage:</b><p>Branches B-S;</p><p>Companies with 10 or more employees,</p><p><b>Note:</b></p><p>Public administration: covers only central government administration (CGPO)</p>"
DATAFLOW,LU1:DSD_ESS_2@DF_C1335(1.1),Employment: percentage by economic activity and education level,I,PC_EMP_EDUC_LEVEL,Percentage of of total employment by education level,SAL_INT,Domestic payroll employment,A4,Quadrennial,_Z,Not applicable,F,Construction,_Z,Not applicable,_Z,Not applicable,ED3_4,Upper secondary and post-secondary non-tertiary education (levels 3 and 4),_Z,Not applicable,_Z,Not applicable,2022,,13.1,,0,Units,,,1,One,N05,"<b>Coverage:</b><p>Branches B-S;</p><p>Companies with 10 or more employees,</p><p><b>Note:</b></p><p>Public administration: covers only central government administration (CGPO)</p>"
DATAFLOW,LU1:DSD_ESS_2@DF_C1335(1.1),Employment: percentage by economic activity and education level,I,PC_EMP_NACE,Percentage of total branch employment,SAL_INT,Domestic payroll employment,A4,Quadrennial,_Z,Not applicable,B-S,"Industry, construction and services (except activities of households as employers and extra-territorial organisations and bodies)",_Z,Not applicable,_Z,Not applicable,_T,All ISCED 2011 levels,_Z,Not applicable,_Z,Not applicable,2010,,100,,0,Units,,,1,One,N05,"<b>Coverage:</b><p>Branches B-S;</p><p>Companies with 10 or more employees,</p><p><b>Note:</b></p><p>Public administration: covers only central government administration (CGPO)</p>"
DATAFLOW,LU1:DSD_ESS_2@DF_C1335(1.1),Employment: percentage by economic activity and education level,I,PC_EMP_NACE,Percentage of total branch employment,SAL_INT,Domestic payroll employment,A4,Quadrennial,_Z,Not applicable,B-S,"Industry, construction and services (except activities of households as employers and extra-territorial organisations and bodies)",_Z,Not applicable,_Z,Not applicable,_T,All ISCED 2011 levels,_Z,Not applicable,_Z,Not applicable,2014,,100,,0,Units,,,1,One,N05,"<b>Coverage:</b><p>Branches B-S;</p><p>Companies with 10 or more employees,</p><p><b>Note:</b></p><p>Public administration: covers only central government administration (CGPO)</p>"
DATAFLOW,LU1:DSD_ESS_2@DF_C1335(1.1),Employment: percentage by economic activity and education level,I,PC_EMP_NACE,Percentage of total branch employment,SAL_INT,Domestic payroll employment,A4,Quadrennial,_Z,Not applicable,B-S,"Industry, construction and services (except activities of households as employers and extra-territorial organisations and bodies)",_Z,Not applicable,_Z,Not applicable,_T,All ISCED 2011 levels,_Z,Not applicable,_Z,Not applicable,2018,,100,,0,Units,,,1,One,N05,"<b>Coverage:</b><p>Branches B-S;</p><p>Companies with 10 or more employees,</p><p><b>Note:</b></p><p>Public administration: covers only central government administration (CGPO)</p>"
DATAFLOW,LU1:DSD_ESS_2@DF_C1335(1.1),Employment: percentage by economic activity and education level,I,PC_EMP_NACE,Percentage of total branch employment,SAL_INT,Domestic payroll employment,A4,Quadrennial,_Z,Not applicable,B-S,"Industry, construction and services (except activities of households as employers and extra-territorial organisations and bodies)",_Z,Not applicable,_Z,Not applicable,_T,All ISCED 2011 levels,_Z,Not applicable,_Z,Not applicable,2022,,100,,0,Units,,,1,One,N05,"<b>Coverage:</b><p>Branches B-S;</p><p>Companies with 10 or more employees,</p><p><b>Note:</b></p><p>Public administration: covers only central government administration (CGPO)</p>"
DATAFLOW,LU1:DSD_ESS_2@DF_C1335(1.1),Employment: percentage by economic activity and education level,I,PC_EMP_EDUC_LEVEL,Percentage of of total employment by education level,SAL_INT,Domestic payroll employment,A4,Quadrennial,_Z,Not applicable,L,Real estate activities,_Z,Not applicable,_Z,Not applicable,ED0-2,"Less than primary, primary and lower secondary education (levels 0-2)",_Z,Not applicable,_Z,Not applicable,2010,,0.2,,0,Units,,,1,One,N05,"<b>Coverage:</b><p>Branches B-S;</p><p>Companies with 10 or more employees,</p><p><b>Note:</b></p><p>Public administration: covers only central government administration (CGPO)</p>"
DATAFLOW,LU1:DSD_ESS_2@DF_C1335(1.1),Employment: percentage by economic activity and education level,I,PC_EMP_EDUC_LEVEL,Percentage of of total employment by education level,SAL_INT,Domestic payroll employment,A4,Quadrennial,_Z,Not applicable,L,Real estate activities,_Z,Not applicable,_Z,Not applicable,ED0-2,"Less than primary, primary and lower secondary education (levels 0-2)",_Z,Not applicable,_Z,Not applicable,2014,,0.2,,0,Units,,,1,One,N05,"<b>Coverage:</b><p>Branches B-S;</p><p>Companies with 10 or more employees,</p><p><b>Note:</b></p><p>Public administration: covers only central government administration (CGPO)</p>"
DATAFLOW,LU1:DSD_ESS_2@DF_C1335(1.1),Employment: percentage by economic activity and education level,I,PC_EMP_EDUC_LEVEL,Percentage of of total employment by education level,SAL_INT,Domestic payroll employment,A4,Quadrennial,_Z,Not applicable,L,Real estate activities,_Z,Not applicable,_Z,Not applicable,ED0-2,"Less than primary, primary and lower secondary education (levels 0-2)",_Z,Not applicable,_Z,Not applicable,2018,,0.4,,0,Units,,,1,One,N05,"<b>Coverage:</b><p>Branches B-S;</p><p>Companies with 10 or more employees,</p><p><b>Note:</b></p><p>Public administration: covers only central government administration (CGPO)</p>"
DATAFLOW,LU1:DSD_ESS_2@DF_C1335(1.1),Employment: percentage by economic activity and education level,I,PC_EMP_EDUC_LEVEL,Percentage of of total employment by education level,SAL_INT,Domestic payroll employment,A4,Quadrennial,_Z,Not applicable,L,Real estate activities,_Z,Not applicable,_Z,Not applicable,ED0-2,"Less than primary, primary and lower secondary education (levels 0-2)",_Z,Not applicable,_Z,Not applicable,2022,,0.4,,0,Units,,,1,One,N05,"<b>Coverage:</b><p>Branches B-S;</p><p>Companies with 10 or more employees,</p><p><b>Note:</b></p><p>Public administration: covers only central government administration (CGPO)</p>"
DATAFLOW,LU1:DSD_ESS_2@DF_C1335(1.1),Employment: percentage by economic activity and education level,I,PC_EMP_EDUC_LEVEL,Percentage of of total employment by education level,SAL_INT,Domestic payroll employment,A4,Quadrennial,_Z,Not applicable,D,"Electricity, gas, steam and air conditionning supply",_Z,Not applicable,_Z,Not applicable,ED0-2,"Less than primary, primary and lower secondary education (levels 0-2)",_Z,Not applicable,_Z,Not applicable,2010,,0.1,,0,Units,,,1,One,N05,"<b>Coverage:</b><p>Branches B-S;</p><p>Companies with 10 or more employees,</p><p><b>Note:</b></p><p>Public administration: covers only central government administration (CGPO)</p>"
DATAFLOW,LU1:DSD_ESS_2@DF_C1335(1.1),Employment: percentage by economic activity and education level,I,PC_EMP_EDUC_LEVEL,Percentage of of total employment by education level,SAL_INT,Domestic payroll employment,A4,Quadrennial,_Z,Not applicable,D,"Electricity, gas, steam and air conditionning supply",_Z,Not applicable,_Z,Not applicable,ED0-2,"Less than primary, primary and lower secondary education (levels 0-2)",_Z,Not applicable,_Z,Not applicable,2014,,0.1,,0,Units,,,1,One,N05,"<b>Coverage:</b><p>Branches B-S;</p><p>Companies with 10 or more employees,</p><p><b>Note:</b></p><p>Public administration: covers only central government administration (CGPO)</p>"
DATAFLOW,LU1:DSD_ESS_2@DF_C1335(1.1),Employment: percentage by economic activity and education level,I,PC_EMP_EDUC_LEVEL,Percentage of of total employment by education level,SAL_INT,Domestic payroll employment,A4,Quadrennial,_Z,Not applicable,D,"Electricity, gas, steam and air conditionning supply",_Z,Not applicable,_Z,Not applicable,ED0-2,"Less than primary, primary and lower secondary education (levels 0-2)",_Z,Not applicable,_Z,Not applicable,2018,,0.1,,0,Units,,,1,One,N05,"<b>Coverage:</b><p>Branches B-S;</p><p>Companies with 10 or more employees,</p><p><b>Note:</b></p><p>Public administration: covers only central government administration (CGPO)</p>"
DATAFLOW,LU1:DSD_ESS_2@DF_C1335(1.1),Employment: percentage by economic activity and education level,I,PC_EMP_EDUC_LEVEL,Percentage of of total employment by education level,SAL_INT,Domestic payroll employment,A4,Quadrennial,_Z,Not applicable,D,"Electricity, gas, steam and air conditionning supply",_Z,Not applicable,_Z,Not applicable,ED0-2,"Less than primary, primary and lower secondary education (levels 0-2)",_Z,Not applicable,_Z,Not applicable,2022,,0.2,,0,Units,,,1,One,N05,"<b>Coverage:</b><p>Branches B-S;</p><p>Companies with 10 or more employees,</p><p><b>Note:</b></p><p>Public administration: covers only central government administration (CGPO)</p>"
DATAFLOW,LU1:DSD_ESS_2@DF_C1335(1.1),Employment: percentage by economic activity and education level,I,PC_EMP_EDUC_LEVEL,Percentage of of total employment by education level,SAL_INT,Domestic payroll employment,A4,Quadrennial,_Z,Not applicable,E,"Water supply; sewerage,waste management and remediation activities",_Z,Not applicable,_Z,Not applicable,ED5-8,Tertiary education (levels 5-8),_Z,Not applicable,_Z,Not applicable,2010,,0.1,,0,Units,,,1,One,N05,"<b>Coverage:</b><p>Branches B-S;</p><p>Companies with 10 or more employees,</p><p><b>Note:</b></p><p>Public administration: covers only central government administration (CGPO)</p>"
DATAFLOW,LU1:DSD_ESS_2@DF_C1335(1.1),Employment: percentage by economic activity and education level,I,PC_EMP_EDUC_LEVEL,Percentage of of total employment by education level,SAL_INT,Domestic payroll employment,A4,Quadrennial,_Z,Not applicable,E,"Water supply; sewerage,waste management and remediation activities",_Z,Not applicable,_Z,Not applicable,ED5-8,Tertiary education (levels 5-8),_Z,Not applicable,_Z,Not applicable,2014,,0.2,,0,Units,,,1,One,N05,"<b>Coverage:</b><p>Branches B-S;</p><p>Companies with 10 or more employees,</p><p><b>Note:</b></p><p>Public administration: covers only central government administration (CGPO)</p>"
DATAFLOW,LU1:DSD_ESS_2@DF_C1335(1.1),Employment: percentage by economic activity and education level,I,PC_EMP_EDUC_LEVEL,Percentage of of total employment by education level,SAL_INT,Domestic payroll employment,A4,Quadrennial,_Z,Not applicable,E,"Water supply; sewerage,waste management and remediation activities",_Z,Not applicable,_Z,Not applicable,ED5-8,Tertiary education (levels 5-8),_Z,Not applicable,_Z,Not applicable,2018,,0.2,,0,Units,,,1,One,N05,"<b>Coverage:</b><p>Branches B-S;</p><p>Companies with 10 or more employees,</p><p><b>Note:</b></p><p>Public administration: covers only central government administration (CGPO)</p>"
DATAFLOW,LU1:DSD_ESS_2@DF_C1335(1.1),Employment: percentage by economic activity and education level,I,PC_EMP_EDUC_LEVEL,Percentage of of total employment by education level,SAL_INT,Domestic payroll employment,A4,Quadrennial,_Z,Not applicable,E,"Water supply; sewerage,waste management and remediation activities",_Z,Not applicable,_Z,Not applicable,ED5-8,Tertiary education (levels 5-8),_Z,Not applicable,_Z,Not applicable,2022,,0.2,,0,Units,,,1,One,N05,"<b>Coverage:</b><p>Branches B-S;</p><p>Companies with 10 or more employees,</p><p><b>Note:</b></p><p>Public administration: covers only central government administration (CGPO)</p>"
DATAFLOW,LU1:DSD_ESS_2@DF_C1335(1.1),Employment: percentage by economic activity and education level,I,PC_EMP_EDUC_LEVEL,Percentage of of total employment by education level,SAL_INT,Domestic payroll employment,A4,Quadrennial,_Z,Not applicable,E,"Water supply; sewerage,waste management and remediation activities",_Z,Not applicable,_Z,Not applicable,_T,All ISCED 2011 levels,_Z,Not applicable,_Z,Not applicable,2010,,0.4,,0,Units,,,1,One,N05,"<b>Coverage:</b><p>Branches B-S;</p><p>Companies with 10 or more employees,</p><p><b>Note:</b></p><p>Public administration: covers only central government administration (CGPO)</p>"
DATAFLOW,LU1:DSD_ESS_2@DF_C1335(1.1),Employment: percentage by economic activity and education level,I,PC_EMP_EDUC_LEVEL,Percentage of of total employment by education level,SAL_INT,Domestic payroll employment,A4,Quadrennial,_Z,Not applicable,E,"Water supply; sewerage,waste management and remediation activities",_Z,Not applicable,_Z,Not applicable,_T,All ISCED 2011 levels,_Z,Not applicable,_Z,Not applicable,2014,,0.4,,0,Units,,,1,One,N05,"<b>Coverage:</b><p>Branches B-S;</p><p>Companies with 10 or more employees,</p><p><b>Note:</b></p><p>Public administration: covers only central government administration (CGPO)</p>"
DATAFLOW,LU1:DSD_ESS_2@DF_C1335(1.1),Employment: percentage by economic activity and education level,I,PC_EMP_EDUC_LEVEL,Percentage of of total employment by education level,SAL_INT,Domestic payroll employment,A4,Quadrennial,_Z,Not applicable,E,"Water supply; sewerage,waste management and remediation activities",_Z,Not applicable,_Z,Not applicable,_T,All ISCED 2011 levels,_Z,Not applicable,_Z,Not applicable,2018,,0.5,,0,Units,,,1,One,N05,"<b>Coverage:</b><p>Branches B-S;</p><p>Companies with 10 or more employees,</p><p><b>Note:</b></p><p>Public administration: covers only central government administration (CGPO)</p>"
DATAFLOW,LU1:DSD_ESS_2@DF_C1335(1.1),Employment: percentage by economic activity and education level,I,PC_EMP_EDUC_LEVEL,Percentage of of total employment by education level,SAL_INT,Domestic payroll employment,A4,Quadrennial,_Z,Not applicable,E,"Water supply; sewerage,waste management and remediation activities",_Z,Not applicable,_Z,Not applicable,_T,All ISCED 2011 levels,_Z,Not applicable,_Z,Not applicable,2022,,0.7,,0,Units,,,1,One,N05,"<b>Coverage:</b><p>Branches B-S;</p><p>Companies with 10 or more employees,</p><p><b>Note:</b></p><p>Public administration: covers only central government administration (CGPO)</p>"
DATAFLOW,LU1:DSD_ESS_2@DF_C1335(1.1),Employment: percentage by economic activity and education level,I,PC_EMP_EDUC_LEVEL,Percentage of of total employment by education level,SAL_INT,Domestic payroll employment,A4,Quadrennial,_Z,Not applicable,N,Administrative and support service activities,_Z,Not applicable,_Z,Not applicable,_T,All ISCED 2011 levels,_Z,Not applicable,_Z,Not applicable,2010,,7.7,,0,Units,,,1,One,N05,"<b>Coverage:</b><p>Branches B-S;</p><p>Companies with 10 or more employees,</p><p><b>Note:</b></p><p>Public administration: covers only central government administration (CGPO)</p>"
DATAFLOW,LU1:DSD_ESS_2@DF_C1335(1.1),Employment: percentage by economic activity and education level,I,PC_EMP_EDUC_LEVEL,Percentage of of total employment by education level,SAL_INT,Domestic payroll employment,A4,Quadrennial,_Z,Not applicable,N,Administrative and support service activities,_Z,Not applicable,_Z,Not applicable,_T,All ISCED 2011 levels,_Z,Not applicable,_Z,Not applicable,2014,,8.5,,0,Units,,,1,One,N05,"<b>Coverage:</b><p>Branches B-S;</p><p>Companies with 10 or more employees,</p><p><b>Note:</b></p><p>Public administration: covers only central government administration (CGPO)</p>"
DATAFLOW,LU1:DSD_ESS_2@DF_C1335(1.1),Employment: percentage by economic activity and education level,I,PC_EMP_EDUC_LEVEL,Percentage of of total employment by education level,SAL_INT,Domestic payroll employment,A4,Quadrennial,_Z,Not applicable,N,Administrative and support service activities,_Z,Not applicable,_Z,Not applicable,_T,All ISCED 2011 levels,_Z,Not applicable,_Z,Not applicable,2018,,9.4,,0,Units,,,1,One,N05,"<b>Coverage:</b><p>Branches B-S;</p><p>Companies with 10 or more employees,</p><p><b>Note:</b></p><p>Public administration: covers only central government administration (CGPO)</p>"
DATAFLOW,LU1:DSD_ESS_2@DF_C1335(1.1),Employment: percentage by economic activity and education level,I,PC_EMP_EDUC_LEVEL,Percentage of of total employment by education level,SAL_INT,Domestic payroll employment,A4,Quadrennial,_Z,Not applicable,N,Administrative and support service activities,_Z,Not applicable,_Z,Not applicable,_T,All ISCED 2011 levels,_Z,Not applicable,_Z,Not applicable,2022,,9,,0,Units,,,1,One,N05,"<b>Coverage:</b><p>Branches B-S;</p><p>Companies with 10 or more employees,</p><p><b>Note:</b></p><p>Public administration: covers only central government administration (CGPO)</p>"
