STRUCTURE,STRUCTURE_ID,STRUCTURE_NAME,ACTION,UNIT_MEASURE,Unit of measure,MEASURE,Measure,FREQ,Frequency,QUANTILE,Quantile,ACTIVITY,Economic activity (NACE Rev.2),SEX,Sex,ISCO08,Occupation (ISCO-08),EDUC_LEVEL,Educational level,RESIDENCE,Place of residence,CPAYAGR,Collective labour agreement,TIME_PERIOD,Time period,OBS_VALUE,Observation value,UNIT_MULT,Unit multiplier,OBS_STATUS,Observation status,DECIMALS,Decimals,COMMENT_DSET,Comments on the dataset levels
DATAFLOW,LU1:DSD_ESS_2@DF_C1337(1.1),Employment: percentage by economic activity and residence/nationality,I,PC_EMP_NACE,Percentage of total branch employment,SAL_INT,Domestic payroll employment,A4,Quadrennial,_Z,Not applicable,H,Transportation and storage,_Z,Not applicable,_Z,Not applicable,_Z,Not applicable,LU,Luxembourgish residents,_Z,Not applicable,2010,,24.4,,0,Units,,,1,One,N05,"<b>Coverage:</b><p>Branches B-S;</p><p>Companies with 10 or more employees,</p><p><b>Note:</b></p><p>Public administration: covers only central government administration (CGPO)</p>"
DATAFLOW,LU1:DSD_ESS_2@DF_C1337(1.1),Employment: percentage by economic activity and residence/nationality,I,PC_EMP_NACE,Percentage of total branch employment,SAL_INT,Domestic payroll employment,A4,Quadrennial,_Z,Not applicable,H,Transportation and storage,_Z,Not applicable,_Z,Not applicable,_Z,Not applicable,LU,Luxembourgish residents,_Z,Not applicable,2014,,31.1,,0,Units,,,1,One,N05,"<b>Coverage:</b><p>Branches B-S;</p><p>Companies with 10 or more employees,</p><p><b>Note:</b></p><p>Public administration: covers only central government administration (CGPO)</p>"
DATAFLOW,LU1:DSD_ESS_2@DF_C1337(1.1),Employment: percentage by economic activity and residence/nationality,I,PC_EMP_NACE,Percentage of total branch employment,SAL_INT,Domestic payroll employment,A4,Quadrennial,_Z,Not applicable,H,Transportation and storage,_Z,Not applicable,_Z,Not applicable,_Z,Not applicable,LU,Luxembourgish residents,_Z,Not applicable,2018,,26.1,,0,Units,,,1,One,N05,"<b>Coverage:</b><p>Branches B-S;</p><p>Companies with 10 or more employees,</p><p><b>Note:</b></p><p>Public administration: covers only central government administration (CGPO)</p>"
DATAFLOW,LU1:DSD_ESS_2@DF_C1337(1.1),Employment: percentage by economic activity and residence/nationality,I,PC_EMP_NACE,Percentage of total branch employment,SAL_INT,Domestic payroll employment,A4,Quadrennial,_Z,Not applicable,H,Transportation and storage,_Z,Not applicable,_Z,Not applicable,_Z,Not applicable,LU,Luxembourgish residents,_Z,Not applicable,2022,,24.8,,0,Units,,,1,One,N05,"<b>Coverage:</b><p>Branches B-S;</p><p>Companies with 10 or more employees,</p><p><b>Note:</b></p><p>Public administration: covers only central government administration (CGPO)</p>"
DATAFLOW,LU1:DSD_ESS_2@DF_C1337(1.1),Employment: percentage by economic activity and residence/nationality,I,PC_EMP_RESID,Percentage of total employment by category of residence,SAL_INT,Domestic payroll employment,A4,Quadrennial,_Z,Not applicable,R,"Arts, entertainment, and recreational activities",_Z,Not applicable,_Z,Not applicable,_Z,Not applicable,RES_FOR_ALL,Residents of foreign nationality (EU and non-EU),_Z,Not applicable,2010,,0.46,,0,Units,,,1,One,N05,"<b>Coverage:</b><p>Branches B-S;</p><p>Companies with 10 or more employees,</p><p><b>Note:</b></p><p>Public administration: covers only central government administration (CGPO)</p>"
DATAFLOW,LU1:DSD_ESS_2@DF_C1337(1.1),Employment: percentage by economic activity and residence/nationality,I,PC_EMP_RESID,Percentage of total employment by category of residence,SAL_INT,Domestic payroll employment,A4,Quadrennial,_Z,Not applicable,R,"Arts, entertainment, and recreational activities",_Z,Not applicable,_Z,Not applicable,_Z,Not applicable,RES_FOR_ALL,Residents of foreign nationality (EU and non-EU),_Z,Not applicable,2014,,0.53,,0,Units,,,1,One,N05,"<b>Coverage:</b><p>Branches B-S;</p><p>Companies with 10 or more employees,</p><p><b>Note:</b></p><p>Public administration: covers only central government administration (CGPO)</p>"
DATAFLOW,LU1:DSD_ESS_2@DF_C1337(1.1),Employment: percentage by economic activity and residence/nationality,I,PC_EMP_RESID,Percentage of total employment by category of residence,SAL_INT,Domestic payroll employment,A4,Quadrennial,_Z,Not applicable,R,"Arts, entertainment, and recreational activities",_Z,Not applicable,_Z,Not applicable,_Z,Not applicable,RES_FOR_ALL,Residents of foreign nationality (EU and non-EU),_Z,Not applicable,2018,,0.42,,0,Units,,,1,One,N05,"<b>Coverage:</b><p>Branches B-S;</p><p>Companies with 10 or more employees,</p><p><b>Note:</b></p><p>Public administration: covers only central government administration (CGPO)</p>"
DATAFLOW,LU1:DSD_ESS_2@DF_C1337(1.1),Employment: percentage by economic activity and residence/nationality,I,PC_EMP_RESID,Percentage of total employment by category of residence,SAL_INT,Domestic payroll employment,A4,Quadrennial,_Z,Not applicable,R,"Arts, entertainment, and recreational activities",_Z,Not applicable,_Z,Not applicable,_Z,Not applicable,RES_FOR_ALL,Residents of foreign nationality (EU and non-EU),_Z,Not applicable,2022,,0.72,,0,Units,,,1,One,N05,"<b>Coverage:</b><p>Branches B-S;</p><p>Companies with 10 or more employees,</p><p><b>Note:</b></p><p>Public administration: covers only central government administration (CGPO)</p>"
DATAFLOW,LU1:DSD_ESS_2@DF_C1337(1.1),Employment: percentage by economic activity and residence/nationality,I,PC_EMP_RESID,Percentage of total employment by category of residence,SAL_INT,Domestic payroll employment,A4,Quadrennial,_Z,Not applicable,N,Administrative and support service activities,_Z,Not applicable,_Z,Not applicable,_Z,Not applicable,LU,Luxembourgish residents,_Z,Not applicable,2010,,2.15,,0,Units,,,1,One,N05,"<b>Coverage:</b><p>Branches B-S;</p><p>Companies with 10 or more employees,</p><p><b>Note:</b></p><p>Public administration: covers only central government administration (CGPO)</p>"
DATAFLOW,LU1:DSD_ESS_2@DF_C1337(1.1),Employment: percentage by economic activity and residence/nationality,I,PC_EMP_RESID,Percentage of total employment by category of residence,SAL_INT,Domestic payroll employment,A4,Quadrennial,_Z,Not applicable,N,Administrative and support service activities,_Z,Not applicable,_Z,Not applicable,_Z,Not applicable,LU,Luxembourgish residents,_Z,Not applicable,2014,,1.95,,0,Units,,,1,One,N05,"<b>Coverage:</b><p>Branches B-S;</p><p>Companies with 10 or more employees,</p><p><b>Note:</b></p><p>Public administration: covers only central government administration (CGPO)</p>"
DATAFLOW,LU1:DSD_ESS_2@DF_C1337(1.1),Employment: percentage by economic activity and residence/nationality,I,PC_EMP_RESID,Percentage of total employment by category of residence,SAL_INT,Domestic payroll employment,A4,Quadrennial,_Z,Not applicable,N,Administrative and support service activities,_Z,Not applicable,_Z,Not applicable,_Z,Not applicable,LU,Luxembourgish residents,_Z,Not applicable,2018,,2.36,,0,Units,,,1,One,N05,"<b>Coverage:</b><p>Branches B-S;</p><p>Companies with 10 or more employees,</p><p><b>Note:</b></p><p>Public administration: covers only central government administration (CGPO)</p>"
DATAFLOW,LU1:DSD_ESS_2@DF_C1337(1.1),Employment: percentage by economic activity and residence/nationality,I,PC_EMP_RESID,Percentage of total employment by category of residence,SAL_INT,Domestic payroll employment,A4,Quadrennial,_Z,Not applicable,N,Administrative and support service activities,_Z,Not applicable,_Z,Not applicable,_Z,Not applicable,LU,Luxembourgish residents,_Z,Not applicable,2022,,2.46,,0,Units,,,1,One,N05,"<b>Coverage:</b><p>Branches B-S;</p><p>Companies with 10 or more employees,</p><p><b>Note:</b></p><p>Public administration: covers only central government administration (CGPO)</p>"
DATAFLOW,LU1:DSD_ESS_2@DF_C1337(1.1),Employment: percentage by economic activity and residence/nationality,I,PC_EMP_RESID,Percentage of total employment by category of residence,SAL_INT,Domestic payroll employment,A4,Quadrennial,_Z,Not applicable,F,Construction,_Z,Not applicable,_Z,Not applicable,_Z,Not applicable,RES_FOR_ALL,Residents of foreign nationality (EU and non-EU),_Z,Not applicable,2010,,20.04,,0,Units,,,1,One,N05,"<b>Coverage:</b><p>Branches B-S;</p><p>Companies with 10 or more employees,</p><p><b>Note:</b></p><p>Public administration: covers only central government administration (CGPO)</p>"
DATAFLOW,LU1:DSD_ESS_2@DF_C1337(1.1),Employment: percentage by economic activity and residence/nationality,I,PC_EMP_RESID,Percentage of total employment by category of residence,SAL_INT,Domestic payroll employment,A4,Quadrennial,_Z,Not applicable,F,Construction,_Z,Not applicable,_Z,Not applicable,_Z,Not applicable,RES_FOR_ALL,Residents of foreign nationality (EU and non-EU),_Z,Not applicable,2014,,15.94,,0,Units,,,1,One,N05,"<b>Coverage:</b><p>Branches B-S;</p><p>Companies with 10 or more employees,</p><p><b>Note:</b></p><p>Public administration: covers only central government administration (CGPO)</p>"
DATAFLOW,LU1:DSD_ESS_2@DF_C1337(1.1),Employment: percentage by economic activity and residence/nationality,I,PC_EMP_RESID,Percentage of total employment by category of residence,SAL_INT,Domestic payroll employment,A4,Quadrennial,_Z,Not applicable,F,Construction,_Z,Not applicable,_Z,Not applicable,_Z,Not applicable,RES_FOR_ALL,Residents of foreign nationality (EU and non-EU),_Z,Not applicable,2018,,14.63,,0,Units,,,1,One,N05,"<b>Coverage:</b><p>Branches B-S;</p><p>Companies with 10 or more employees,</p><p><b>Note:</b></p><p>Public administration: covers only central government administration (CGPO)</p>"
DATAFLOW,LU1:DSD_ESS_2@DF_C1337(1.1),Employment: percentage by economic activity and residence/nationality,I,PC_EMP_RESID,Percentage of total employment by category of residence,SAL_INT,Domestic payroll employment,A4,Quadrennial,_Z,Not applicable,F,Construction,_Z,Not applicable,_Z,Not applicable,_Z,Not applicable,RES_FOR_ALL,Residents of foreign nationality (EU and non-EU),_Z,Not applicable,2022,,12.72,,0,Units,,,1,One,N05,"<b>Coverage:</b><p>Branches B-S;</p><p>Companies with 10 or more employees,</p><p><b>Note:</b></p><p>Public administration: covers only central government administration (CGPO)</p>"
DATAFLOW,LU1:DSD_ESS_2@DF_C1337(1.1),Employment: percentage by economic activity and residence/nationality,I,PC_EMP_NACE,Percentage of total branch employment,SAL_INT,Domestic payroll employment,A4,Quadrennial,_Z,Not applicable,Q,Human health and social work activities,_Z,Not applicable,_Z,Not applicable,_Z,Not applicable,_T,Total,_Z,Not applicable,2010,,100,,0,Units,,,1,One,N05,"<b>Coverage:</b><p>Branches B-S;</p><p>Companies with 10 or more employees,</p><p><b>Note:</b></p><p>Public administration: covers only central government administration (CGPO)</p>"
DATAFLOW,LU1:DSD_ESS_2@DF_C1337(1.1),Employment: percentage by economic activity and residence/nationality,I,PC_EMP_NACE,Percentage of total branch employment,SAL_INT,Domestic payroll employment,A4,Quadrennial,_Z,Not applicable,Q,Human health and social work activities,_Z,Not applicable,_Z,Not applicable,_Z,Not applicable,_T,Total,_Z,Not applicable,2014,,100,,0,Units,,,1,One,N05,"<b>Coverage:</b><p>Branches B-S;</p><p>Companies with 10 or more employees,</p><p><b>Note:</b></p><p>Public administration: covers only central government administration (CGPO)</p>"
DATAFLOW,LU1:DSD_ESS_2@DF_C1337(1.1),Employment: percentage by economic activity and residence/nationality,I,PC_EMP_NACE,Percentage of total branch employment,SAL_INT,Domestic payroll employment,A4,Quadrennial,_Z,Not applicable,Q,Human health and social work activities,_Z,Not applicable,_Z,Not applicable,_Z,Not applicable,_T,Total,_Z,Not applicable,2018,,100,,0,Units,,,1,One,N05,"<b>Coverage:</b><p>Branches B-S;</p><p>Companies with 10 or more employees,</p><p><b>Note:</b></p><p>Public administration: covers only central government administration (CGPO)</p>"
DATAFLOW,LU1:DSD_ESS_2@DF_C1337(1.1),Employment: percentage by economic activity and residence/nationality,I,PC_EMP_NACE,Percentage of total branch employment,SAL_INT,Domestic payroll employment,A4,Quadrennial,_Z,Not applicable,Q,Human health and social work activities,_Z,Not applicable,_Z,Not applicable,_Z,Not applicable,_T,Total,_Z,Not applicable,2022,,100,,0,Units,,,1,One,N05,"<b>Coverage:</b><p>Branches B-S;</p><p>Companies with 10 or more employees,</p><p><b>Note:</b></p><p>Public administration: covers only central government administration (CGPO)</p>"
DATAFLOW,LU1:DSD_ESS_2@DF_C1337(1.1),Employment: percentage by economic activity and residence/nationality,I,PC_EMP_NACE,Percentage of total branch employment,SAL_INT,Domestic payroll employment,A4,Quadrennial,_Z,Not applicable,I,Accommodation and food service activities,_Z,Not applicable,_Z,Not applicable,_Z,Not applicable,RES_FOR_ALL,Residents of foreign nationality (EU and non-EU),_Z,Not applicable,2010,,42.7,,0,Units,,,1,One,N05,"<b>Coverage:</b><p>Branches B-S;</p><p>Companies with 10 or more employees,</p><p><b>Note:</b></p><p>Public administration: covers only central government administration (CGPO)</p>"
DATAFLOW,LU1:DSD_ESS_2@DF_C1337(1.1),Employment: percentage by economic activity and residence/nationality,I,PC_EMP_NACE,Percentage of total branch employment,SAL_INT,Domestic payroll employment,A4,Quadrennial,_Z,Not applicable,I,Accommodation and food service activities,_Z,Not applicable,_Z,Not applicable,_Z,Not applicable,RES_FOR_ALL,Residents of foreign nationality (EU and non-EU),_Z,Not applicable,2014,,48.1,,0,Units,,,1,One,N05,"<b>Coverage:</b><p>Branches B-S;</p><p>Companies with 10 or more employees,</p><p><b>Note:</b></p><p>Public administration: covers only central government administration (CGPO)</p>"
DATAFLOW,LU1:DSD_ESS_2@DF_C1337(1.1),Employment: percentage by economic activity and residence/nationality,I,PC_EMP_NACE,Percentage of total branch employment,SAL_INT,Domestic payroll employment,A4,Quadrennial,_Z,Not applicable,I,Accommodation and food service activities,_Z,Not applicable,_Z,Not applicable,_Z,Not applicable,RES_FOR_ALL,Residents of foreign nationality (EU and non-EU),_Z,Not applicable,2018,,46.1,,0,Units,,,1,One,N05,"<b>Coverage:</b><p>Branches B-S;</p><p>Companies with 10 or more employees,</p><p><b>Note:</b></p><p>Public administration: covers only central government administration (CGPO)</p>"
DATAFLOW,LU1:DSD_ESS_2@DF_C1337(1.1),Employment: percentage by economic activity and residence/nationality,I,PC_EMP_NACE,Percentage of total branch employment,SAL_INT,Domestic payroll employment,A4,Quadrennial,_Z,Not applicable,I,Accommodation and food service activities,_Z,Not applicable,_Z,Not applicable,_Z,Not applicable,RES_FOR_ALL,Residents of foreign nationality (EU and non-EU),_Z,Not applicable,2022,,41.8,,0,Units,,,1,One,N05,"<b>Coverage:</b><p>Branches B-S;</p><p>Companies with 10 or more employees,</p><p><b>Note:</b></p><p>Public administration: covers only central government administration (CGPO)</p>"
DATAFLOW,LU1:DSD_ESS_2@DF_C1337(1.1),Employment: percentage by economic activity and residence/nationality,I,PC_EMP_RESID,Percentage of total employment by category of residence,SAL_INT,Domestic payroll employment,A4,Quadrennial,_Z,Not applicable,S,Other service activities,_Z,Not applicable,_Z,Not applicable,_Z,Not applicable,_T_F,Total cross-border,_Z,Not applicable,2010,,0.82,,0,Units,,,1,One,N05,"<b>Coverage:</b><p>Branches B-S;</p><p>Companies with 10 or more employees,</p><p><b>Note:</b></p><p>Public administration: covers only central government administration (CGPO)</p>"
DATAFLOW,LU1:DSD_ESS_2@DF_C1337(1.1),Employment: percentage by economic activity and residence/nationality,I,PC_EMP_RESID,Percentage of total employment by category of residence,SAL_INT,Domestic payroll employment,A4,Quadrennial,_Z,Not applicable,S,Other service activities,_Z,Not applicable,_Z,Not applicable,_Z,Not applicable,_T_F,Total cross-border,_Z,Not applicable,2014,,0.88,,0,Units,,,1,One,N05,"<b>Coverage:</b><p>Branches B-S;</p><p>Companies with 10 or more employees,</p><p><b>Note:</b></p><p>Public administration: covers only central government administration (CGPO)</p>"
DATAFLOW,LU1:DSD_ESS_2@DF_C1337(1.1),Employment: percentage by economic activity and residence/nationality,I,PC_EMP_RESID,Percentage of total employment by category of residence,SAL_INT,Domestic payroll employment,A4,Quadrennial,_Z,Not applicable,S,Other service activities,_Z,Not applicable,_Z,Not applicable,_Z,Not applicable,_T_F,Total cross-border,_Z,Not applicable,2018,,0.63,,0,Units,,,1,One,N05,"<b>Coverage:</b><p>Branches B-S;</p><p>Companies with 10 or more employees,</p><p><b>Note:</b></p><p>Public administration: covers only central government administration (CGPO)</p>"
DATAFLOW,LU1:DSD_ESS_2@DF_C1337(1.1),Employment: percentage by economic activity and residence/nationality,I,PC_EMP_RESID,Percentage of total employment by category of residence,SAL_INT,Domestic payroll employment,A4,Quadrennial,_Z,Not applicable,S,Other service activities,_Z,Not applicable,_Z,Not applicable,_Z,Not applicable,_T_F,Total cross-border,_Z,Not applicable,2022,,0.82,,0,Units,,,1,One,N05,"<b>Coverage:</b><p>Branches B-S;</p><p>Companies with 10 or more employees,</p><p><b>Note:</b></p><p>Public administration: covers only central government administration (CGPO)</p>"
DATAFLOW,LU1:DSD_ESS_2@DF_C1337(1.1),Employment: percentage by economic activity and residence/nationality,I,PC_EMP_NACE,Percentage of total branch employment,SAL_INT,Domestic payroll employment,A4,Quadrennial,_Z,Not applicable,L,Real estate activities,_Z,Not applicable,_Z,Not applicable,_Z,Not applicable,_T,Total,_Z,Not applicable,2010,,100,,0,Units,,,1,One,N05,"<b>Coverage:</b><p>Branches B-S;</p><p>Companies with 10 or more employees,</p><p><b>Note:</b></p><p>Public administration: covers only central government administration (CGPO)</p>"
DATAFLOW,LU1:DSD_ESS_2@DF_C1337(1.1),Employment: percentage by economic activity and residence/nationality,I,PC_EMP_NACE,Percentage of total branch employment,SAL_INT,Domestic payroll employment,A4,Quadrennial,_Z,Not applicable,L,Real estate activities,_Z,Not applicable,_Z,Not applicable,_Z,Not applicable,_T,Total,_Z,Not applicable,2014,,100,,0,Units,,,1,One,N05,"<b>Coverage:</b><p>Branches B-S;</p><p>Companies with 10 or more employees,</p><p><b>Note:</b></p><p>Public administration: covers only central government administration (CGPO)</p>"
DATAFLOW,LU1:DSD_ESS_2@DF_C1337(1.1),Employment: percentage by economic activity and residence/nationality,I,PC_EMP_NACE,Percentage of total branch employment,SAL_INT,Domestic payroll employment,A4,Quadrennial,_Z,Not applicable,L,Real estate activities,_Z,Not applicable,_Z,Not applicable,_Z,Not applicable,_T,Total,_Z,Not applicable,2018,,100,,0,Units,,,1,One,N05,"<b>Coverage:</b><p>Branches B-S;</p><p>Companies with 10 or more employees,</p><p><b>Note:</b></p><p>Public administration: covers only central government administration (CGPO)</p>"
DATAFLOW,LU1:DSD_ESS_2@DF_C1337(1.1),Employment: percentage by economic activity and residence/nationality,I,PC_EMP_NACE,Percentage of total branch employment,SAL_INT,Domestic payroll employment,A4,Quadrennial,_Z,Not applicable,L,Real estate activities,_Z,Not applicable,_Z,Not applicable,_Z,Not applicable,_T,Total,_Z,Not applicable,2022,,100,,0,Units,,,1,One,N05,"<b>Coverage:</b><p>Branches B-S;</p><p>Companies with 10 or more employees,</p><p><b>Note:</b></p><p>Public administration: covers only central government administration (CGPO)</p>"
DATAFLOW,LU1:DSD_ESS_2@DF_C1337(1.1),Employment: percentage by economic activity and residence/nationality,I,PC_EMP_RESID,Percentage of total employment by category of residence,SAL_INT,Domestic payroll employment,A4,Quadrennial,_Z,Not applicable,P,Education,_Z,Not applicable,_Z,Not applicable,_Z,Not applicable,RES_FOR_ALL,Residents of foreign nationality (EU and non-EU),_Z,Not applicable,2010,,2.03,,0,Units,,,1,One,N05,"<b>Coverage:</b><p>Branches B-S;</p><p>Companies with 10 or more employees,</p><p><b>Note:</b></p><p>Public administration: covers only central government administration (CGPO)</p>"
DATAFLOW,LU1:DSD_ESS_2@DF_C1337(1.1),Employment: percentage by economic activity and residence/nationality,I,PC_EMP_RESID,Percentage of total employment by category of residence,SAL_INT,Domestic payroll employment,A4,Quadrennial,_Z,Not applicable,P,Education,_Z,Not applicable,_Z,Not applicable,_Z,Not applicable,RES_FOR_ALL,Residents of foreign nationality (EU and non-EU),_Z,Not applicable,2014,,2.72,,0,Units,,,1,One,N05,"<b>Coverage:</b><p>Branches B-S;</p><p>Companies with 10 or more employees,</p><p><b>Note:</b></p><p>Public administration: covers only central government administration (CGPO)</p>"
DATAFLOW,LU1:DSD_ESS_2@DF_C1337(1.1),Employment: percentage by economic activity and residence/nationality,I,PC_EMP_RESID,Percentage of total employment by category of residence,SAL_INT,Domestic payroll employment,A4,Quadrennial,_Z,Not applicable,P,Education,_Z,Not applicable,_Z,Not applicable,_Z,Not applicable,RES_FOR_ALL,Residents of foreign nationality (EU and non-EU),_Z,Not applicable,2018,,2.83,,0,Units,,,1,One,N05,"<b>Coverage:</b><p>Branches B-S;</p><p>Companies with 10 or more employees,</p><p><b>Note:</b></p><p>Public administration: covers only central government administration (CGPO)</p>"
DATAFLOW,LU1:DSD_ESS_2@DF_C1337(1.1),Employment: percentage by economic activity and residence/nationality,I,PC_EMP_RESID,Percentage of total employment by category of residence,SAL_INT,Domestic payroll employment,A4,Quadrennial,_Z,Not applicable,P,Education,_Z,Not applicable,_Z,Not applicable,_Z,Not applicable,RES_FOR_ALL,Residents of foreign nationality (EU and non-EU),_Z,Not applicable,2022,,2.96,,0,Units,,,1,One,N05,"<b>Coverage:</b><p>Branches B-S;</p><p>Companies with 10 or more employees,</p><p><b>Note:</b></p><p>Public administration: covers only central government administration (CGPO)</p>"
DATAFLOW,LU1:DSD_ESS_2@DF_C1337(1.1),Employment: percentage by economic activity and residence/nationality,I,PC_EMP_NACE,Percentage of total branch employment,SAL_INT,Domestic payroll employment,A4,Quadrennial,_Z,Not applicable,C,Manufacturing,_Z,Not applicable,_Z,Not applicable,_Z,Not applicable,_T,Total,_Z,Not applicable,2010,,100,,0,Units,,,1,One,N05,"<b>Coverage:</b><p>Branches B-S;</p><p>Companies with 10 or more employees,</p><p><b>Note:</b></p><p>Public administration: covers only central government administration (CGPO)</p>"
DATAFLOW,LU1:DSD_ESS_2@DF_C1337(1.1),Employment: percentage by economic activity and residence/nationality,I,PC_EMP_NACE,Percentage of total branch employment,SAL_INT,Domestic payroll employment,A4,Quadrennial,_Z,Not applicable,C,Manufacturing,_Z,Not applicable,_Z,Not applicable,_Z,Not applicable,_T,Total,_Z,Not applicable,2014,,100,,0,Units,,,1,One,N05,"<b>Coverage:</b><p>Branches B-S;</p><p>Companies with 10 or more employees,</p><p><b>Note:</b></p><p>Public administration: covers only central government administration (CGPO)</p>"
DATAFLOW,LU1:DSD_ESS_2@DF_C1337(1.1),Employment: percentage by economic activity and residence/nationality,I,PC_EMP_NACE,Percentage of total branch employment,SAL_INT,Domestic payroll employment,A4,Quadrennial,_Z,Not applicable,C,Manufacturing,_Z,Not applicable,_Z,Not applicable,_Z,Not applicable,_T,Total,_Z,Not applicable,2018,,100,,0,Units,,,1,One,N05,"<b>Coverage:</b><p>Branches B-S;</p><p>Companies with 10 or more employees,</p><p><b>Note:</b></p><p>Public administration: covers only central government administration (CGPO)</p>"
DATAFLOW,LU1:DSD_ESS_2@DF_C1337(1.1),Employment: percentage by economic activity and residence/nationality,I,PC_EMP_NACE,Percentage of total branch employment,SAL_INT,Domestic payroll employment,A4,Quadrennial,_Z,Not applicable,C,Manufacturing,_Z,Not applicable,_Z,Not applicable,_Z,Not applicable,_T,Total,_Z,Not applicable,2022,,100,,0,Units,,,1,One,N05,"<b>Coverage:</b><p>Branches B-S;</p><p>Companies with 10 or more employees,</p><p><b>Note:</b></p><p>Public administration: covers only central government administration (CGPO)</p>"
DATAFLOW,LU1:DSD_ESS_2@DF_C1337(1.1),Employment: percentage by economic activity and residence/nationality,I,PC_EMP_NACE,Percentage of total branch employment,SAL_INT,Domestic payroll employment,A4,Quadrennial,_Z,Not applicable,S,Other service activities,_Z,Not applicable,_Z,Not applicable,_Z,Not applicable,LU,Luxembourgish residents,_Z,Not applicable,2010,,38.8,,0,Units,,,1,One,N05,"<b>Coverage:</b><p>Branches B-S;</p><p>Companies with 10 or more employees,</p><p><b>Note:</b></p><p>Public administration: covers only central government administration (CGPO)</p>"
DATAFLOW,LU1:DSD_ESS_2@DF_C1337(1.1),Employment: percentage by economic activity and residence/nationality,I,PC_EMP_NACE,Percentage of total branch employment,SAL_INT,Domestic payroll employment,A4,Quadrennial,_Z,Not applicable,S,Other service activities,_Z,Not applicable,_Z,Not applicable,_Z,Not applicable,LU,Luxembourgish residents,_Z,Not applicable,2014,,40.4,,0,Units,,,1,One,N05,"<b>Coverage:</b><p>Branches B-S;</p><p>Companies with 10 or more employees,</p><p><b>Note:</b></p><p>Public administration: covers only central government administration (CGPO)</p>"
DATAFLOW,LU1:DSD_ESS_2@DF_C1337(1.1),Employment: percentage by economic activity and residence/nationality,I,PC_EMP_NACE,Percentage of total branch employment,SAL_INT,Domestic payroll employment,A4,Quadrennial,_Z,Not applicable,S,Other service activities,_Z,Not applicable,_Z,Not applicable,_Z,Not applicable,LU,Luxembourgish residents,_Z,Not applicable,2018,,42.3,,0,Units,,,1,One,N05,"<b>Coverage:</b><p>Branches B-S;</p><p>Companies with 10 or more employees,</p><p><b>Note:</b></p><p>Public administration: covers only central government administration (CGPO)</p>"
DATAFLOW,LU1:DSD_ESS_2@DF_C1337(1.1),Employment: percentage by economic activity and residence/nationality,I,PC_EMP_NACE,Percentage of total branch employment,SAL_INT,Domestic payroll employment,A4,Quadrennial,_Z,Not applicable,S,Other service activities,_Z,Not applicable,_Z,Not applicable,_Z,Not applicable,LU,Luxembourgish residents,_Z,Not applicable,2022,,35.7,,0,Units,,,1,One,N05,"<b>Coverage:</b><p>Branches B-S;</p><p>Companies with 10 or more employees,</p><p><b>Note:</b></p><p>Public administration: covers only central government administration (CGPO)</p>"
DATAFLOW,LU1:DSD_ESS_2@DF_C1337(1.1),Employment: percentage by economic activity and residence/nationality,I,PC_EMP_RESID,Percentage of total employment by category of residence,SAL_INT,Domestic payroll employment,A4,Quadrennial,_Z,Not applicable,B-S,"Industry, construction and services (except activities of households as employers and extra-territorial organisations and bodies)",_Z,Not applicable,_Z,Not applicable,_Z,Not applicable,RES_FOR_ALL,Residents of foreign nationality (EU and non-EU),_Z,Not applicable,2010,,100,,0,Units,,,1,One,N05,"<b>Coverage:</b><p>Branches B-S;</p><p>Companies with 10 or more employees,</p><p><b>Note:</b></p><p>Public administration: covers only central government administration (CGPO)</p>"
DATAFLOW,LU1:DSD_ESS_2@DF_C1337(1.1),Employment: percentage by economic activity and residence/nationality,I,PC_EMP_RESID,Percentage of total employment by category of residence,SAL_INT,Domestic payroll employment,A4,Quadrennial,_Z,Not applicable,B-S,"Industry, construction and services (except activities of households as employers and extra-territorial organisations and bodies)",_Z,Not applicable,_Z,Not applicable,_Z,Not applicable,RES_FOR_ALL,Residents of foreign nationality (EU and non-EU),_Z,Not applicable,2022,,100,,0,Units,,,1,One,N05,"<b>Coverage:</b><p>Branches B-S;</p><p>Companies with 10 or more employees,</p><p><b>Note:</b></p><p>Public administration: covers only central government administration (CGPO)</p>"
DATAFLOW,LU1:DSD_ESS_2@DF_C1337(1.1),Employment: percentage by economic activity and residence/nationality,I,PC_EMP_NACE,Percentage of total branch employment,SAL_INT,Domestic payroll employment,A4,Quadrennial,_Z,Not applicable,O,Public administration and defence; compulsory social security public,_Z,Not applicable,_Z,Not applicable,_Z,Not applicable,RES_FOR_ALL,Residents of foreign nationality (EU and non-EU),_Z,Not applicable,2010,,3,,0,Units,,,1,One,N05,"<b>Coverage:</b><p>Branches B-S;</p><p>Companies with 10 or more employees,</p><p><b>Note:</b></p><p>Public administration: covers only central government administration (CGPO)</p>"
DATAFLOW,LU1:DSD_ESS_2@DF_C1337(1.1),Employment: percentage by economic activity and residence/nationality,I,PC_EMP_NACE,Percentage of total branch employment,SAL_INT,Domestic payroll employment,A4,Quadrennial,_Z,Not applicable,O,Public administration and defence; compulsory social security public,_Z,Not applicable,_Z,Not applicable,_Z,Not applicable,RES_FOR_ALL,Residents of foreign nationality (EU and non-EU),_Z,Not applicable,2014,,2.9,,0,Units,,,1,One,N05,"<b>Coverage:</b><p>Branches B-S;</p><p>Companies with 10 or more employees,</p><p><b>Note:</b></p><p>Public administration: covers only central government administration (CGPO)</p>"
DATAFLOW,LU1:DSD_ESS_2@DF_C1337(1.1),Employment: percentage by economic activity and residence/nationality,I,PC_EMP_NACE,Percentage of total branch employment,SAL_INT,Domestic payroll employment,A4,Quadrennial,_Z,Not applicable,O,Public administration and defence; compulsory social security public,_Z,Not applicable,_Z,Not applicable,_Z,Not applicable,RES_FOR_ALL,Residents of foreign nationality (EU and non-EU),_Z,Not applicable,2018,,3.4,,0,Units,,,1,One,N05,"<b>Coverage:</b><p>Branches B-S;</p><p>Companies with 10 or more employees,</p><p><b>Note:</b></p><p>Public administration: covers only central government administration (CGPO)</p>"
DATAFLOW,LU1:DSD_ESS_2@DF_C1337(1.1),Employment: percentage by economic activity and residence/nationality,I,PC_EMP_NACE,Percentage of total branch employment,SAL_INT,Domestic payroll employment,A4,Quadrennial,_Z,Not applicable,O,Public administration and defence; compulsory social security public,_Z,Not applicable,_Z,Not applicable,_Z,Not applicable,RES_FOR_ALL,Residents of foreign nationality (EU and non-EU),_Z,Not applicable,2022,,4.7,,0,Units,,,1,One,N05,"<b>Coverage:</b><p>Branches B-S;</p><p>Companies with 10 or more employees,</p><p><b>Note:</b></p><p>Public administration: covers only central government administration (CGPO)</p>"
DATAFLOW,LU1:DSD_ESS_2@DF_C1337(1.1),Employment: percentage by economic activity and residence/nationality,I,PC_EMP_RESID,Percentage of total employment by category of residence,SAL_INT,Domestic payroll employment,A4,Quadrennial,_Z,Not applicable,I,Accommodation and food service activities,_Z,Not applicable,_Z,Not applicable,_Z,Not applicable,_T,Total,_Z,Not applicable,2010,,3.44,,0,Units,,,1,One,N05,"<b>Coverage:</b><p>Branches B-S;</p><p>Companies with 10 or more employees,</p><p><b>Note:</b></p><p>Public administration: covers only central government administration (CGPO)</p>"
DATAFLOW,LU1:DSD_ESS_2@DF_C1337(1.1),Employment: percentage by economic activity and residence/nationality,I,PC_EMP_RESID,Percentage of total employment by category of residence,SAL_INT,Domestic payroll employment,A4,Quadrennial,_Z,Not applicable,I,Accommodation and food service activities,_Z,Not applicable,_Z,Not applicable,_Z,Not applicable,_T,Total,_Z,Not applicable,2014,,3.83,,0,Units,,,1,One,N05,"<b>Coverage:</b><p>Branches B-S;</p><p>Companies with 10 or more employees,</p><p><b>Note:</b></p><p>Public administration: covers only central government administration (CGPO)</p>"
DATAFLOW,LU1:DSD_ESS_2@DF_C1337(1.1),Employment: percentage by economic activity and residence/nationality,I,PC_EMP_RESID,Percentage of total employment by category of residence,SAL_INT,Domestic payroll employment,A4,Quadrennial,_Z,Not applicable,I,Accommodation and food service activities,_Z,Not applicable,_Z,Not applicable,_Z,Not applicable,_T,Total,_Z,Not applicable,2018,,3.91,,0,Units,,,1,One,N05,"<b>Coverage:</b><p>Branches B-S;</p><p>Companies with 10 or more employees,</p><p><b>Note:</b></p><p>Public administration: covers only central government administration (CGPO)</p>"
DATAFLOW,LU1:DSD_ESS_2@DF_C1337(1.1),Employment: percentage by economic activity and residence/nationality,I,PC_EMP_RESID,Percentage of total employment by category of residence,SAL_INT,Domestic payroll employment,A4,Quadrennial,_Z,Not applicable,I,Accommodation and food service activities,_Z,Not applicable,_Z,Not applicable,_Z,Not applicable,_T,Total,_Z,Not applicable,2022,,3.62,,0,Units,,,1,One,N05,"<b>Coverage:</b><p>Branches B-S;</p><p>Companies with 10 or more employees,</p><p><b>Note:</b></p><p>Public administration: covers only central government administration (CGPO)</p>"
DATAFLOW,LU1:DSD_ESS_2@DF_C1337(1.1),Employment: percentage by economic activity and residence/nationality,I,PC_EMP_NACE,Percentage of total branch employment,SAL_INT,Domestic payroll employment,A4,Quadrennial,_Z,Not applicable,B,Mining and quarrying,_Z,Not applicable,_Z,Not applicable,_Z,Not applicable,_T,Total,_Z,Not applicable,2010,,100,,0,Units,,,1,One,N05,"<b>Coverage:</b><p>Branches B-S;</p><p>Companies with 10 or more employees,</p><p><b>Note:</b></p><p>Public administration: covers only central government administration (CGPO)</p>"
DATAFLOW,LU1:DSD_ESS_2@DF_C1337(1.1),Employment: percentage by economic activity and residence/nationality,I,PC_EMP_NACE,Percentage of total branch employment,SAL_INT,Domestic payroll employment,A4,Quadrennial,_Z,Not applicable,B,Mining and quarrying,_Z,Not applicable,_Z,Not applicable,_Z,Not applicable,_T,Total,_Z,Not applicable,2014,,100,,0,Units,,,1,One,N05,"<b>Coverage:</b><p>Branches B-S;</p><p>Companies with 10 or more employees,</p><p><b>Note:</b></p><p>Public administration: covers only central government administration (CGPO)</p>"
DATAFLOW,LU1:DSD_ESS_2@DF_C1337(1.1),Employment: percentage by economic activity and residence/nationality,I,PC_EMP_NACE,Percentage of total branch employment,SAL_INT,Domestic payroll employment,A4,Quadrennial,_Z,Not applicable,B,Mining and quarrying,_Z,Not applicable,_Z,Not applicable,_Z,Not applicable,_T,Total,_Z,Not applicable,2018,,100,,0,Units,,,1,One,N05,"<b>Coverage:</b><p>Branches B-S;</p><p>Companies with 10 or more employees,</p><p><b>Note:</b></p><p>Public administration: covers only central government administration (CGPO)</p>"
DATAFLOW,LU1:DSD_ESS_2@DF_C1337(1.1),Employment: percentage by economic activity and residence/nationality,I,PC_EMP_NACE,Percentage of total branch employment,SAL_INT,Domestic payroll employment,A4,Quadrennial,_Z,Not applicable,B,Mining and quarrying,_Z,Not applicable,_Z,Not applicable,_Z,Not applicable,_T,Total,_Z,Not applicable,2022,,100,,0,Units,,,1,One,N05,"<b>Coverage:</b><p>Branches B-S;</p><p>Companies with 10 or more employees,</p><p><b>Note:</b></p><p>Public administration: covers only central government administration (CGPO)</p>"
DATAFLOW,LU1:DSD_ESS_2@DF_C1337(1.1),Employment: percentage by economic activity and residence/nationality,I,PC_EMP_NACE,Percentage of total branch employment,SAL_INT,Domestic payroll employment,A4,Quadrennial,_Z,Not applicable,I,Accommodation and food service activities,_Z,Not applicable,_Z,Not applicable,_Z,Not applicable,LU,Luxembourgish residents,_Z,Not applicable,2010,,11.1,,0,Units,,,1,One,N05,"<b>Coverage:</b><p>Branches B-S;</p><p>Companies with 10 or more employees,</p><p><b>Note:</b></p><p>Public administration: covers only central government administration (CGPO)</p>"
DATAFLOW,LU1:DSD_ESS_2@DF_C1337(1.1),Employment: percentage by economic activity and residence/nationality,I,PC_EMP_NACE,Percentage of total branch employment,SAL_INT,Domestic payroll employment,A4,Quadrennial,_Z,Not applicable,I,Accommodation and food service activities,_Z,Not applicable,_Z,Not applicable,_Z,Not applicable,LU,Luxembourgish residents,_Z,Not applicable,2014,,8.7,,0,Units,,,1,One,N05,"<b>Coverage:</b><p>Branches B-S;</p><p>Companies with 10 or more employees,</p><p><b>Note:</b></p><p>Public administration: covers only central government administration (CGPO)</p>"
DATAFLOW,LU1:DSD_ESS_2@DF_C1337(1.1),Employment: percentage by economic activity and residence/nationality,I,PC_EMP_NACE,Percentage of total branch employment,SAL_INT,Domestic payroll employment,A4,Quadrennial,_Z,Not applicable,I,Accommodation and food service activities,_Z,Not applicable,_Z,Not applicable,_Z,Not applicable,LU,Luxembourgish residents,_Z,Not applicable,2018,,9.8,,0,Units,,,1,One,N05,"<b>Coverage:</b><p>Branches B-S;</p><p>Companies with 10 or more employees,</p><p><b>Note:</b></p><p>Public administration: covers only central government administration (CGPO)</p>"
DATAFLOW,LU1:DSD_ESS_2@DF_C1337(1.1),Employment: percentage by economic activity and residence/nationality,I,PC_EMP_NACE,Percentage of total branch employment,SAL_INT,Domestic payroll employment,A4,Quadrennial,_Z,Not applicable,I,Accommodation and food service activities,_Z,Not applicable,_Z,Not applicable,_Z,Not applicable,LU,Luxembourgish residents,_Z,Not applicable,2022,,11.5,,0,Units,,,1,One,N05,"<b>Coverage:</b><p>Branches B-S;</p><p>Companies with 10 or more employees,</p><p><b>Note:</b></p><p>Public administration: covers only central government administration (CGPO)</p>"
DATAFLOW,LU1:DSD_ESS_2@DF_C1337(1.1),Employment: percentage by economic activity and residence/nationality,I,PC_EMP_NACE,Percentage of total branch employment,SAL_INT,Domestic payroll employment,A4,Quadrennial,_Z,Not applicable,H,Transportation and storage,_Z,Not applicable,_Z,Not applicable,_Z,Not applicable,RES_FOR_ALL,Residents of foreign nationality (EU and non-EU),_Z,Not applicable,2010,,13,,0,Units,,,1,One,N05,"<b>Coverage:</b><p>Branches B-S;</p><p>Companies with 10 or more employees,</p><p><b>Note:</b></p><p>Public administration: covers only central government administration (CGPO)</p>"
DATAFLOW,LU1:DSD_ESS_2@DF_C1337(1.1),Employment: percentage by economic activity and residence/nationality,I,PC_EMP_NACE,Percentage of total branch employment,SAL_INT,Domestic payroll employment,A4,Quadrennial,_Z,Not applicable,H,Transportation and storage,_Z,Not applicable,_Z,Not applicable,_Z,Not applicable,RES_FOR_ALL,Residents of foreign nationality (EU and non-EU),_Z,Not applicable,2014,,20.4,,0,Units,,,1,One,N05,"<b>Coverage:</b><p>Branches B-S;</p><p>Companies with 10 or more employees,</p><p><b>Note:</b></p><p>Public administration: covers only central government administration (CGPO)</p>"
DATAFLOW,LU1:DSD_ESS_2@DF_C1337(1.1),Employment: percentage by economic activity and residence/nationality,I,PC_EMP_NACE,Percentage of total branch employment,SAL_INT,Domestic payroll employment,A4,Quadrennial,_Z,Not applicable,H,Transportation and storage,_Z,Not applicable,_Z,Not applicable,_Z,Not applicable,RES_FOR_ALL,Residents of foreign nationality (EU and non-EU),_Z,Not applicable,2018,,24.2,,0,Units,,,1,One,N05,"<b>Coverage:</b><p>Branches B-S;</p><p>Companies with 10 or more employees,</p><p><b>Note:</b></p><p>Public administration: covers only central government administration (CGPO)</p>"
DATAFLOW,LU1:DSD_ESS_2@DF_C1337(1.1),Employment: percentage by economic activity and residence/nationality,I,PC_EMP_NACE,Percentage of total branch employment,SAL_INT,Domestic payroll employment,A4,Quadrennial,_Z,Not applicable,H,Transportation and storage,_Z,Not applicable,_Z,Not applicable,_Z,Not applicable,RES_FOR_ALL,Residents of foreign nationality (EU and non-EU),_Z,Not applicable,2022,,29.3,,0,Units,,,1,One,N05,"<b>Coverage:</b><p>Branches B-S;</p><p>Companies with 10 or more employees,</p><p><b>Note:</b></p><p>Public administration: covers only central government administration (CGPO)</p>"
DATAFLOW,LU1:DSD_ESS_2@DF_C1337(1.1),Employment: percentage by economic activity and residence/nationality,I,PC_EMP_RESID,Percentage of total employment by category of residence,SAL_INT,Domestic payroll employment,A4,Quadrennial,_Z,Not applicable,F,Construction,_Z,Not applicable,_Z,Not applicable,_Z,Not applicable,_T_F,Total cross-border,_Z,Not applicable,2010,,11.6,,0,Units,,,1,One,N05,"<b>Coverage:</b><p>Branches B-S;</p><p>Companies with 10 or more employees,</p><p><b>Note:</b></p><p>Public administration: covers only central government administration (CGPO)</p>"
DATAFLOW,LU1:DSD_ESS_2@DF_C1337(1.1),Employment: percentage by economic activity and residence/nationality,I,PC_EMP_RESID,Percentage of total employment by category of residence,SAL_INT,Domestic payroll employment,A4,Quadrennial,_Z,Not applicable,F,Construction,_Z,Not applicable,_Z,Not applicable,_Z,Not applicable,_T_F,Total cross-border,_Z,Not applicable,2014,,12.7,,0,Units,,,1,One,N05,"<b>Coverage:</b><p>Branches B-S;</p><p>Companies with 10 or more employees,</p><p><b>Note:</b></p><p>Public administration: covers only central government administration (CGPO)</p>"
DATAFLOW,LU1:DSD_ESS_2@DF_C1337(1.1),Employment: percentage by economic activity and residence/nationality,I,PC_EMP_RESID,Percentage of total employment by category of residence,SAL_INT,Domestic payroll employment,A4,Quadrennial,_Z,Not applicable,F,Construction,_Z,Not applicable,_Z,Not applicable,_Z,Not applicable,_T_F,Total cross-border,_Z,Not applicable,2018,,12.55,,0,Units,,,1,One,N05,"<b>Coverage:</b><p>Branches B-S;</p><p>Companies with 10 or more employees,</p><p><b>Note:</b></p><p>Public administration: covers only central government administration (CGPO)</p>"
DATAFLOW,LU1:DSD_ESS_2@DF_C1337(1.1),Employment: percentage by economic activity and residence/nationality,I,PC_EMP_RESID,Percentage of total employment by category of residence,SAL_INT,Domestic payroll employment,A4,Quadrennial,_Z,Not applicable,F,Construction,_Z,Not applicable,_Z,Not applicable,_Z,Not applicable,_T_F,Total cross-border,_Z,Not applicable,2022,,12.96,,0,Units,,,1,One,N05,"<b>Coverage:</b><p>Branches B-S;</p><p>Companies with 10 or more employees,</p><p><b>Note:</b></p><p>Public administration: covers only central government administration (CGPO)</p>"
DATAFLOW,LU1:DSD_ESS_2@DF_C1337(1.1),Employment: percentage by economic activity and residence/nationality,I,PC_EMP_RESID,Percentage of total employment by category of residence,SAL_INT,Domestic payroll employment,A4,Quadrennial,_Z,Not applicable,M,"Professional, scientific and technical activities",_Z,Not applicable,_Z,Not applicable,_Z,Not applicable,LU,Luxembourgish residents,_Z,Not applicable,2010,,4.41,,0,Units,,,1,One,N05,"<b>Coverage:</b><p>Branches B-S;</p><p>Companies with 10 or more employees,</p><p><b>Note:</b></p><p>Public administration: covers only central government administration (CGPO)</p>"
DATAFLOW,LU1:DSD_ESS_2@DF_C1337(1.1),Employment: percentage by economic activity and residence/nationality,I,PC_EMP_RESID,Percentage of total employment by category of residence,SAL_INT,Domestic payroll employment,A4,Quadrennial,_Z,Not applicable,M,"Professional, scientific and technical activities",_Z,Not applicable,_Z,Not applicable,_Z,Not applicable,LU,Luxembourgish residents,_Z,Not applicable,2014,,4.78,,0,Units,,,1,One,N05,"<b>Coverage:</b><p>Branches B-S;</p><p>Companies with 10 or more employees,</p><p><b>Note:</b></p><p>Public administration: covers only central government administration (CGPO)</p>"
DATAFLOW,LU1:DSD_ESS_2@DF_C1337(1.1),Employment: percentage by economic activity and residence/nationality,I,PC_EMP_RESID,Percentage of total employment by category of residence,SAL_INT,Domestic payroll employment,A4,Quadrennial,_Z,Not applicable,M,"Professional, scientific and technical activities",_Z,Not applicable,_Z,Not applicable,_Z,Not applicable,LU,Luxembourgish residents,_Z,Not applicable,2018,,5.17,,0,Units,,,1,One,N05,"<b>Coverage:</b><p>Branches B-S;</p><p>Companies with 10 or more employees,</p><p><b>Note:</b></p><p>Public administration: covers only central government administration (CGPO)</p>"
DATAFLOW,LU1:DSD_ESS_2@DF_C1337(1.1),Employment: percentage by economic activity and residence/nationality,I,PC_EMP_RESID,Percentage of total employment by category of residence,SAL_INT,Domestic payroll employment,A4,Quadrennial,_Z,Not applicable,M,"Professional, scientific and technical activities",_Z,Not applicable,_Z,Not applicable,_Z,Not applicable,LU,Luxembourgish residents,_Z,Not applicable,2022,,5.43,,0,Units,,,1,One,N05,"<b>Coverage:</b><p>Branches B-S;</p><p>Companies with 10 or more employees,</p><p><b>Note:</b></p><p>Public administration: covers only central government administration (CGPO)</p>"
DATAFLOW,LU1:DSD_ESS_2@DF_C1337(1.1),Employment: percentage by economic activity and residence/nationality,I,PC_EMP_RESID,Percentage of total employment by category of residence,SAL_INT,Domestic payroll employment,A4,Quadrennial,_Z,Not applicable,R,"Arts, entertainment, and recreational activities",_Z,Not applicable,_Z,Not applicable,_Z,Not applicable,_T_F,Total cross-border,_Z,Not applicable,2010,,0.32,,0,Units,,,1,One,N05,"<b>Coverage:</b><p>Branches B-S;</p><p>Companies with 10 or more employees,</p><p><b>Note:</b></p><p>Public administration: covers only central government administration (CGPO)</p>"
DATAFLOW,LU1:DSD_ESS_2@DF_C1337(1.1),Employment: percentage by economic activity and residence/nationality,I,PC_EMP_RESID,Percentage of total employment by category of residence,SAL_INT,Domestic payroll employment,A4,Quadrennial,_Z,Not applicable,R,"Arts, entertainment, and recreational activities",_Z,Not applicable,_Z,Not applicable,_Z,Not applicable,_T_F,Total cross-border,_Z,Not applicable,2014,,0.49,,0,Units,,,1,One,N05,"<b>Coverage:</b><p>Branches B-S;</p><p>Companies with 10 or more employees,</p><p><b>Note:</b></p><p>Public administration: covers only central government administration (CGPO)</p>"
DATAFLOW,LU1:DSD_ESS_2@DF_C1337(1.1),Employment: percentage by economic activity and residence/nationality,I,PC_EMP_RESID,Percentage of total employment by category of residence,SAL_INT,Domestic payroll employment,A4,Quadrennial,_Z,Not applicable,R,"Arts, entertainment, and recreational activities",_Z,Not applicable,_Z,Not applicable,_Z,Not applicable,_T_F,Total cross-border,_Z,Not applicable,2018,,0.46,,0,Units,,,1,One,N05,"<b>Coverage:</b><p>Branches B-S;</p><p>Companies with 10 or more employees,</p><p><b>Note:</b></p><p>Public administration: covers only central government administration (CGPO)</p>"
DATAFLOW,LU1:DSD_ESS_2@DF_C1337(1.1),Employment: percentage by economic activity and residence/nationality,I,PC_EMP_RESID,Percentage of total employment by category of residence,SAL_INT,Domestic payroll employment,A4,Quadrennial,_Z,Not applicable,R,"Arts, entertainment, and recreational activities",_Z,Not applicable,_Z,Not applicable,_Z,Not applicable,_T_F,Total cross-border,_Z,Not applicable,2022,,0.67,,0,Units,,,1,One,N05,"<b>Coverage:</b><p>Branches B-S;</p><p>Companies with 10 or more employees,</p><p><b>Note:</b></p><p>Public administration: covers only central government administration (CGPO)</p>"
DATAFLOW,LU1:DSD_ESS_2@DF_C1337(1.1),Employment: percentage by economic activity and residence/nationality,I,PC_EMP_RESID,Percentage of total employment by category of residence,SAL_INT,Domestic payroll employment,A4,Quadrennial,_Z,Not applicable,K,Financial and insurance activities,_Z,Not applicable,_Z,Not applicable,_Z,Not applicable,RES_FOR_ALL,Residents of foreign nationality (EU and non-EU),_Z,Not applicable,2010,,16.08,,0,Units,,,1,One,N05,"<b>Coverage:</b><p>Branches B-S;</p><p>Companies with 10 or more employees,</p><p><b>Note:</b></p><p>Public administration: covers only central government administration (CGPO)</p>"
DATAFLOW,LU1:DSD_ESS_2@DF_C1337(1.1),Employment: percentage by economic activity and residence/nationality,I,PC_EMP_RESID,Percentage of total employment by category of residence,SAL_INT,Domestic payroll employment,A4,Quadrennial,_Z,Not applicable,K,Financial and insurance activities,_Z,Not applicable,_Z,Not applicable,_Z,Not applicable,RES_FOR_ALL,Residents of foreign nationality (EU and non-EU),_Z,Not applicable,2014,,12.55,,0,Units,,,1,One,N05,"<b>Coverage:</b><p>Branches B-S;</p><p>Companies with 10 or more employees,</p><p><b>Note:</b></p><p>Public administration: covers only central government administration (CGPO)</p>"
DATAFLOW,LU1:DSD_ESS_2@DF_C1337(1.1),Employment: percentage by economic activity and residence/nationality,I,PC_EMP_RESID,Percentage of total employment by category of residence,SAL_INT,Domestic payroll employment,A4,Quadrennial,_Z,Not applicable,K,Financial and insurance activities,_Z,Not applicable,_Z,Not applicable,_Z,Not applicable,RES_FOR_ALL,Residents of foreign nationality (EU and non-EU),_Z,Not applicable,2018,,13.9,,0,Units,,,1,One,N05,"<b>Coverage:</b><p>Branches B-S;</p><p>Companies with 10 or more employees,</p><p><b>Note:</b></p><p>Public administration: covers only central government administration (CGPO)</p>"
DATAFLOW,LU1:DSD_ESS_2@DF_C1337(1.1),Employment: percentage by economic activity and residence/nationality,I,PC_EMP_RESID,Percentage of total employment by category of residence,SAL_INT,Domestic payroll employment,A4,Quadrennial,_Z,Not applicable,K,Financial and insurance activities,_Z,Not applicable,_Z,Not applicable,_Z,Not applicable,RES_FOR_ALL,Residents of foreign nationality (EU and non-EU),_Z,Not applicable,2022,,14.02,,0,Units,,,1,One,N05,"<b>Coverage:</b><p>Branches B-S;</p><p>Companies with 10 or more employees,</p><p><b>Note:</b></p><p>Public administration: covers only central government administration (CGPO)</p>"
DATAFLOW,LU1:DSD_ESS_2@DF_C1337(1.1),Employment: percentage by economic activity and residence/nationality,I,PC_EMP_RESID,Percentage of total employment by category of residence,SAL_INT,Domestic payroll employment,A4,Quadrennial,_Z,Not applicable,P,Education,_Z,Not applicable,_Z,Not applicable,_Z,Not applicable,LU,Luxembourgish residents,_Z,Not applicable,2010,,15.19,,0,Units,,,1,One,N05,"<b>Coverage:</b><p>Branches B-S;</p><p>Companies with 10 or more employees,</p><p><b>Note:</b></p><p>Public administration: covers only central government administration (CGPO)</p>"
DATAFLOW,LU1:DSD_ESS_2@DF_C1337(1.1),Employment: percentage by economic activity and residence/nationality,I,PC_EMP_RESID,Percentage of total employment by category of residence,SAL_INT,Domestic payroll employment,A4,Quadrennial,_Z,Not applicable,P,Education,_Z,Not applicable,_Z,Not applicable,_Z,Not applicable,LU,Luxembourgish residents,_Z,Not applicable,2014,,15.78,,0,Units,,,1,One,N05,"<b>Coverage:</b><p>Branches B-S;</p><p>Companies with 10 or more employees,</p><p><b>Note:</b></p><p>Public administration: covers only central government administration (CGPO)</p>"
DATAFLOW,LU1:DSD_ESS_2@DF_C1337(1.1),Employment: percentage by economic activity and residence/nationality,I,PC_EMP_RESID,Percentage of total employment by category of residence,SAL_INT,Domestic payroll employment,A4,Quadrennial,_Z,Not applicable,P,Education,_Z,Not applicable,_Z,Not applicable,_Z,Not applicable,LU,Luxembourgish residents,_Z,Not applicable,2018,,15.92,,0,Units,,,1,One,N05,"<b>Coverage:</b><p>Branches B-S;</p><p>Companies with 10 or more employees,</p><p><b>Note:</b></p><p>Public administration: covers only central government administration (CGPO)</p>"
DATAFLOW,LU1:DSD_ESS_2@DF_C1337(1.1),Employment: percentage by economic activity and residence/nationality,I,PC_EMP_RESID,Percentage of total employment by category of residence,SAL_INT,Domestic payroll employment,A4,Quadrennial,_Z,Not applicable,P,Education,_Z,Not applicable,_Z,Not applicable,_Z,Not applicable,LU,Luxembourgish residents,_Z,Not applicable,2022,,16.39,,0,Units,,,1,One,N05,"<b>Coverage:</b><p>Branches B-S;</p><p>Companies with 10 or more employees,</p><p><b>Note:</b></p><p>Public administration: covers only central government administration (CGPO)</p>"
DATAFLOW,LU1:DSD_ESS_2@DF_C1337(1.1),Employment: percentage by economic activity and residence/nationality,I,PC_EMP_NACE,Percentage of total branch employment,SAL_INT,Domestic payroll employment,A4,Quadrennial,_Z,Not applicable,E,"Water supply; sewerage,waste management and remediation activities",_Z,Not applicable,_Z,Not applicable,_Z,Not applicable,_T,Total,_Z,Not applicable,2010,,100,,0,Units,,,1,One,N05,"<b>Coverage:</b><p>Branches B-S;</p><p>Companies with 10 or more employees,</p><p><b>Note:</b></p><p>Public administration: covers only central government administration (CGPO)</p>"
DATAFLOW,LU1:DSD_ESS_2@DF_C1337(1.1),Employment: percentage by economic activity and residence/nationality,I,PC_EMP_NACE,Percentage of total branch employment,SAL_INT,Domestic payroll employment,A4,Quadrennial,_Z,Not applicable,E,"Water supply; sewerage,waste management and remediation activities",_Z,Not applicable,_Z,Not applicable,_Z,Not applicable,_T,Total,_Z,Not applicable,2014,,100,,0,Units,,,1,One,N05,"<b>Coverage:</b><p>Branches B-S;</p><p>Companies with 10 or more employees,</p><p><b>Note:</b></p><p>Public administration: covers only central government administration (CGPO)</p>"
DATAFLOW,LU1:DSD_ESS_2@DF_C1337(1.1),Employment: percentage by economic activity and residence/nationality,I,PC_EMP_NACE,Percentage of total branch employment,SAL_INT,Domestic payroll employment,A4,Quadrennial,_Z,Not applicable,E,"Water supply; sewerage,waste management and remediation activities",_Z,Not applicable,_Z,Not applicable,_Z,Not applicable,_T,Total,_Z,Not applicable,2018,,100,,0,Units,,,1,One,N05,"<b>Coverage:</b><p>Branches B-S;</p><p>Companies with 10 or more employees,</p><p><b>Note:</b></p><p>Public administration: covers only central government administration (CGPO)</p>"
DATAFLOW,LU1:DSD_ESS_2@DF_C1337(1.1),Employment: percentage by economic activity and residence/nationality,I,PC_EMP_NACE,Percentage of total branch employment,SAL_INT,Domestic payroll employment,A4,Quadrennial,_Z,Not applicable,E,"Water supply; sewerage,waste management and remediation activities",_Z,Not applicable,_Z,Not applicable,_Z,Not applicable,_T,Total,_Z,Not applicable,2022,,100,,0,Units,,,1,One,N05,"<b>Coverage:</b><p>Branches B-S;</p><p>Companies with 10 or more employees,</p><p><b>Note:</b></p><p>Public administration: covers only central government administration (CGPO)</p>"
DATAFLOW,LU1:DSD_ESS_2@DF_C1337(1.1),Employment: percentage by economic activity and residence/nationality,I,PC_EMP_NACE,Percentage of total branch employment,SAL_INT,Domestic payroll employment,A4,Quadrennial,_Z,Not applicable,G,Wholesale and retail trade; repair of motor and motorcycles,_Z,Not applicable,_Z,Not applicable,_Z,Not applicable,LU,Luxembourgish residents,_Z,Not applicable,2010,,21.1,,0,Units,,,1,One,N05,"<b>Coverage:</b><p>Branches B-S;</p><p>Companies with 10 or more employees,</p><p><b>Note:</b></p><p>Public administration: covers only central government administration (CGPO)</p>"
DATAFLOW,LU1:DSD_ESS_2@DF_C1337(1.1),Employment: percentage by economic activity and residence/nationality,I,PC_EMP_NACE,Percentage of total branch employment,SAL_INT,Domestic payroll employment,A4,Quadrennial,_Z,Not applicable,G,Wholesale and retail trade; repair of motor and motorcycles,_Z,Not applicable,_Z,Not applicable,_Z,Not applicable,LU,Luxembourgish residents,_Z,Not applicable,2014,,21.8,,0,Units,,,1,One,N05,"<b>Coverage:</b><p>Branches B-S;</p><p>Companies with 10 or more employees,</p><p><b>Note:</b></p><p>Public administration: covers only central government administration (CGPO)</p>"
DATAFLOW,LU1:DSD_ESS_2@DF_C1337(1.1),Employment: percentage by economic activity and residence/nationality,I,PC_EMP_NACE,Percentage of total branch employment,SAL_INT,Domestic payroll employment,A4,Quadrennial,_Z,Not applicable,G,Wholesale and retail trade; repair of motor and motorcycles,_Z,Not applicable,_Z,Not applicable,_Z,Not applicable,LU,Luxembourgish residents,_Z,Not applicable,2018,,20.8,,0,Units,,,1,One,N05,"<b>Coverage:</b><p>Branches B-S;</p><p>Companies with 10 or more employees,</p><p><b>Note:</b></p><p>Public administration: covers only central government administration (CGPO)</p>"
DATAFLOW,LU1:DSD_ESS_2@DF_C1337(1.1),Employment: percentage by economic activity and residence/nationality,I,PC_EMP_NACE,Percentage of total branch employment,SAL_INT,Domestic payroll employment,A4,Quadrennial,_Z,Not applicable,G,Wholesale and retail trade; repair of motor and motorcycles,_Z,Not applicable,_Z,Not applicable,_Z,Not applicable,LU,Luxembourgish residents,_Z,Not applicable,2022,,17.3,,0,Units,,,1,One,N05,"<b>Coverage:</b><p>Branches B-S;</p><p>Companies with 10 or more employees,</p><p><b>Note:</b></p><p>Public administration: covers only central government administration (CGPO)</p>"
DATAFLOW,LU1:DSD_ESS_2@DF_C1337(1.1),Employment: percentage by economic activity and residence/nationality,I,PC_EMP_NACE,Percentage of total branch employment,SAL_INT,Domestic payroll employment,A4,Quadrennial,_Z,Not applicable,C,Manufacturing,_Z,Not applicable,_Z,Not applicable,_Z,Not applicable,_T_F,Total cross-border,_Z,Not applicable,2010,,62.4,,0,Units,,,1,One,N05,"<b>Coverage:</b><p>Branches B-S;</p><p>Companies with 10 or more employees,</p><p><b>Note:</b></p><p>Public administration: covers only central government administration (CGPO)</p>"
DATAFLOW,LU1:DSD_ESS_2@DF_C1337(1.1),Employment: percentage by economic activity and residence/nationality,I,PC_EMP_NACE,Percentage of total branch employment,SAL_INT,Domestic payroll employment,A4,Quadrennial,_Z,Not applicable,C,Manufacturing,_Z,Not applicable,_Z,Not applicable,_Z,Not applicable,_T_F,Total cross-border,_Z,Not applicable,2014,,62.3,,0,Units,,,1,One,N05,"<b>Coverage:</b><p>Branches B-S;</p><p>Companies with 10 or more employees,</p><p><b>Note:</b></p><p>Public administration: covers only central government administration (CGPO)</p>"
DATAFLOW,LU1:DSD_ESS_2@DF_C1337(1.1),Employment: percentage by economic activity and residence/nationality,I,PC_EMP_NACE,Percentage of total branch employment,SAL_INT,Domestic payroll employment,A4,Quadrennial,_Z,Not applicable,C,Manufacturing,_Z,Not applicable,_Z,Not applicable,_Z,Not applicable,_T_F,Total cross-border,_Z,Not applicable,2018,,66.2,,0,Units,,,1,One,N05,"<b>Coverage:</b><p>Branches B-S;</p><p>Companies with 10 or more employees,</p><p><b>Note:</b></p><p>Public administration: covers only central government administration (CGPO)</p>"
DATAFLOW,LU1:DSD_ESS_2@DF_C1337(1.1),Employment: percentage by economic activity and residence/nationality,I,PC_EMP_NACE,Percentage of total branch employment,SAL_INT,Domestic payroll employment,A4,Quadrennial,_Z,Not applicable,C,Manufacturing,_Z,Not applicable,_Z,Not applicable,_Z,Not applicable,_T_F,Total cross-border,_Z,Not applicable,2022,,70.3,,0,Units,,,1,One,N05,"<b>Coverage:</b><p>Branches B-S;</p><p>Companies with 10 or more employees,</p><p><b>Note:</b></p><p>Public administration: covers only central government administration (CGPO)</p>"
DATAFLOW,LU1:DSD_ESS_2@DF_C1337(1.1),Employment: percentage by economic activity and residence/nationality,I,PC_EMP_RESID,Percentage of total employment by category of residence,SAL_INT,Domestic payroll employment,A4,Quadrennial,_Z,Not applicable,K,Financial and insurance activities,_Z,Not applicable,_Z,Not applicable,_Z,Not applicable,LU,Luxembourgish residents,_Z,Not applicable,2010,,10.46,,0,Units,,,1,One,N05,"<b>Coverage:</b><p>Branches B-S;</p><p>Companies with 10 or more employees,</p><p><b>Note:</b></p><p>Public administration: covers only central government administration (CGPO)</p>"
DATAFLOW,LU1:DSD_ESS_2@DF_C1337(1.1),Employment: percentage by economic activity and residence/nationality,I,PC_EMP_RESID,Percentage of total employment by category of residence,SAL_INT,Domestic payroll employment,A4,Quadrennial,_Z,Not applicable,K,Financial and insurance activities,_Z,Not applicable,_Z,Not applicable,_Z,Not applicable,LU,Luxembourgish residents,_Z,Not applicable,2014,,9.11,,0,Units,,,1,One,N05,"<b>Coverage:</b><p>Branches B-S;</p><p>Companies with 10 or more employees,</p><p><b>Note:</b></p><p>Public administration: covers only central government administration (CGPO)</p>"
DATAFLOW,LU1:DSD_ESS_2@DF_C1337(1.1),Employment: percentage by economic activity and residence/nationality,I,PC_EMP_RESID,Percentage of total employment by category of residence,SAL_INT,Domestic payroll employment,A4,Quadrennial,_Z,Not applicable,K,Financial and insurance activities,_Z,Not applicable,_Z,Not applicable,_Z,Not applicable,LU,Luxembourgish residents,_Z,Not applicable,2018,,9.31,,0,Units,,,1,One,N05,"<b>Coverage:</b><p>Branches B-S;</p><p>Companies with 10 or more employees,</p><p><b>Note:</b></p><p>Public administration: covers only central government administration (CGPO)</p>"
DATAFLOW,LU1:DSD_ESS_2@DF_C1337(1.1),Employment: percentage by economic activity and residence/nationality,I,PC_EMP_RESID,Percentage of total employment by category of residence,SAL_INT,Domestic payroll employment,A4,Quadrennial,_Z,Not applicable,K,Financial and insurance activities,_Z,Not applicable,_Z,Not applicable,_Z,Not applicable,LU,Luxembourgish residents,_Z,Not applicable,2022,,8.17,,0,Units,,,1,One,N05,"<b>Coverage:</b><p>Branches B-S;</p><p>Companies with 10 or more employees,</p><p><b>Note:</b></p><p>Public administration: covers only central government administration (CGPO)</p>"
DATAFLOW,LU1:DSD_ESS_2@DF_C1337(1.1),Employment: percentage by economic activity and residence/nationality,I,PC_EMP_NACE,Percentage of total branch employment,SAL_INT,Domestic payroll employment,A4,Quadrennial,_Z,Not applicable,S,Other service activities,_Z,Not applicable,_Z,Not applicable,_Z,Not applicable,RES_FOR_ALL,Residents of foreign nationality (EU and non-EU),_Z,Not applicable,2010,,18.8,,0,Units,,,1,One,N05,"<b>Coverage:</b><p>Branches B-S;</p><p>Companies with 10 or more employees,</p><p><b>Note:</b></p><p>Public administration: covers only central government administration (CGPO)</p>"
DATAFLOW,LU1:DSD_ESS_2@DF_C1337(1.1),Employment: percentage by economic activity and residence/nationality,I,PC_EMP_NACE,Percentage of total branch employment,SAL_INT,Domestic payroll employment,A4,Quadrennial,_Z,Not applicable,S,Other service activities,_Z,Not applicable,_Z,Not applicable,_Z,Not applicable,RES_FOR_ALL,Residents of foreign nationality (EU and non-EU),_Z,Not applicable,2014,,26.7,,0,Units,,,1,One,N05,"<b>Coverage:</b><p>Branches B-S;</p><p>Companies with 10 or more employees,</p><p><b>Note:</b></p><p>Public administration: covers only central government administration (CGPO)</p>"
DATAFLOW,LU1:DSD_ESS_2@DF_C1337(1.1),Employment: percentage by economic activity and residence/nationality,I,PC_EMP_NACE,Percentage of total branch employment,SAL_INT,Domestic payroll employment,A4,Quadrennial,_Z,Not applicable,S,Other service activities,_Z,Not applicable,_Z,Not applicable,_Z,Not applicable,RES_FOR_ALL,Residents of foreign nationality (EU and non-EU),_Z,Not applicable,2018,,28.9,,0,Units,,,1,One,N05,"<b>Coverage:</b><p>Branches B-S;</p><p>Companies with 10 or more employees,</p><p><b>Note:</b></p><p>Public administration: covers only central government administration (CGPO)</p>"
DATAFLOW,LU1:DSD_ESS_2@DF_C1337(1.1),Employment: percentage by economic activity and residence/nationality,I,PC_EMP_NACE,Percentage of total branch employment,SAL_INT,Domestic payroll employment,A4,Quadrennial,_Z,Not applicable,S,Other service activities,_Z,Not applicable,_Z,Not applicable,_Z,Not applicable,RES_FOR_ALL,Residents of foreign nationality (EU and non-EU),_Z,Not applicable,2022,,25.6,,0,Units,,,1,One,N05,"<b>Coverage:</b><p>Branches B-S;</p><p>Companies with 10 or more employees,</p><p><b>Note:</b></p><p>Public administration: covers only central government administration (CGPO)</p>"
DATAFLOW,LU1:DSD_ESS_2@DF_C1337(1.1),Employment: percentage by economic activity and residence/nationality,I,PC_EMP_NACE,Percentage of total branch employment,SAL_INT,Domestic payroll employment,A4,Quadrennial,_Z,Not applicable,L,Real estate activities,_Z,Not applicable,_Z,Not applicable,_Z,Not applicable,_T_F,Total cross-border,_Z,Not applicable,2010,,44.8,,0,Units,,,1,One,N05,"<b>Coverage:</b><p>Branches B-S;</p><p>Companies with 10 or more employees,</p><p><b>Note:</b></p><p>Public administration: covers only central government administration (CGPO)</p>"
DATAFLOW,LU1:DSD_ESS_2@DF_C1337(1.1),Employment: percentage by economic activity and residence/nationality,I,PC_EMP_NACE,Percentage of total branch employment,SAL_INT,Domestic payroll employment,A4,Quadrennial,_Z,Not applicable,L,Real estate activities,_Z,Not applicable,_Z,Not applicable,_Z,Not applicable,_T_F,Total cross-border,_Z,Not applicable,2014,,50,,0,Units,,,1,One,N05,"<b>Coverage:</b><p>Branches B-S;</p><p>Companies with 10 or more employees,</p><p><b>Note:</b></p><p>Public administration: covers only central government administration (CGPO)</p>"
DATAFLOW,LU1:DSD_ESS_2@DF_C1337(1.1),Employment: percentage by economic activity and residence/nationality,I,PC_EMP_NACE,Percentage of total branch employment,SAL_INT,Domestic payroll employment,A4,Quadrennial,_Z,Not applicable,L,Real estate activities,_Z,Not applicable,_Z,Not applicable,_Z,Not applicable,_T_F,Total cross-border,_Z,Not applicable,2018,,39.4,,0,Units,,,1,One,N05,"<b>Coverage:</b><p>Branches B-S;</p><p>Companies with 10 or more employees,</p><p><b>Note:</b></p><p>Public administration: covers only central government administration (CGPO)</p>"
DATAFLOW,LU1:DSD_ESS_2@DF_C1337(1.1),Employment: percentage by economic activity and residence/nationality,I,PC_EMP_NACE,Percentage of total branch employment,SAL_INT,Domestic payroll employment,A4,Quadrennial,_Z,Not applicable,L,Real estate activities,_Z,Not applicable,_Z,Not applicable,_Z,Not applicable,_T_F,Total cross-border,_Z,Not applicable,2022,,44.6,,0,Units,,,1,One,N05,"<b>Coverage:</b><p>Branches B-S;</p><p>Companies with 10 or more employees,</p><p><b>Note:</b></p><p>Public administration: covers only central government administration (CGPO)</p>"
DATAFLOW,LU1:DSD_ESS_2@DF_C1337(1.1),Employment: percentage by economic activity and residence/nationality,I,PC_EMP_RESID,Percentage of total employment by category of residence,SAL_INT,Domestic payroll employment,A4,Quadrennial,_Z,Not applicable,O,Public administration and defence; compulsory social security public,_Z,Not applicable,_Z,Not applicable,_Z,Not applicable,_T,Total,_Z,Not applicable,2010,,4.97,,0,Units,,,1,One,N05,"<b>Coverage:</b><p>Branches B-S;</p><p>Companies with 10 or more employees,</p><p><b>Note:</b></p><p>Public administration: covers only central government administration (CGPO)</p>"
DATAFLOW,LU1:DSD_ESS_2@DF_C1337(1.1),Employment: percentage by economic activity and residence/nationality,I,PC_EMP_RESID,Percentage of total employment by category of residence,SAL_INT,Domestic payroll employment,A4,Quadrennial,_Z,Not applicable,O,Public administration and defence; compulsory social security public,_Z,Not applicable,_Z,Not applicable,_Z,Not applicable,_T,Total,_Z,Not applicable,2014,,3.93,,0,Units,,,1,One,N05,"<b>Coverage:</b><p>Branches B-S;</p><p>Companies with 10 or more employees,</p><p><b>Note:</b></p><p>Public administration: covers only central government administration (CGPO)</p>"
DATAFLOW,LU1:DSD_ESS_2@DF_C1337(1.1),Employment: percentage by economic activity and residence/nationality,I,PC_EMP_RESID,Percentage of total employment by category of residence,SAL_INT,Domestic payroll employment,A4,Quadrennial,_Z,Not applicable,O,Public administration and defence; compulsory social security public,_Z,Not applicable,_Z,Not applicable,_Z,Not applicable,_T,Total,_Z,Not applicable,2018,,3.65,,0,Units,,,1,One,N05,"<b>Coverage:</b><p>Branches B-S;</p><p>Companies with 10 or more employees,</p><p><b>Note:</b></p><p>Public administration: covers only central government administration (CGPO)</p>"
DATAFLOW,LU1:DSD_ESS_2@DF_C1337(1.1),Employment: percentage by economic activity and residence/nationality,I,PC_EMP_RESID,Percentage of total employment by category of residence,SAL_INT,Domestic payroll employment,A4,Quadrennial,_Z,Not applicable,O,Public administration and defence; compulsory social security public,_Z,Not applicable,_Z,Not applicable,_Z,Not applicable,_T,Total,_Z,Not applicable,2022,,4.82,,0,Units,,,1,One,N05,"<b>Coverage:</b><p>Branches B-S;</p><p>Companies with 10 or more employees,</p><p><b>Note:</b></p><p>Public administration: covers only central government administration (CGPO)</p>"
DATAFLOW,LU1:DSD_ESS_2@DF_C1337(1.1),Employment: percentage by economic activity and residence/nationality,I,PC_EMP_NACE,Percentage of total branch employment,SAL_INT,Domestic payroll employment,A4,Quadrennial,_Z,Not applicable,G,Wholesale and retail trade; repair of motor and motorcycles,_Z,Not applicable,_Z,Not applicable,_Z,Not applicable,RES_FOR_ALL,Residents of foreign nationality (EU and non-EU),_Z,Not applicable,2010,,23.8,,0,Units,,,1,One,N05,"<b>Coverage:</b><p>Branches B-S;</p><p>Companies with 10 or more employees,</p><p><b>Note:</b></p><p>Public administration: covers only central government administration (CGPO)</p>"
DATAFLOW,LU1:DSD_ESS_2@DF_C1337(1.1),Employment: percentage by economic activity and residence/nationality,I,PC_EMP_NACE,Percentage of total branch employment,SAL_INT,Domestic payroll employment,A4,Quadrennial,_Z,Not applicable,G,Wholesale and retail trade; repair of motor and motorcycles,_Z,Not applicable,_Z,Not applicable,_Z,Not applicable,RES_FOR_ALL,Residents of foreign nationality (EU and non-EU),_Z,Not applicable,2014,,25.3,,0,Units,,,1,One,N05,"<b>Coverage:</b><p>Branches B-S;</p><p>Companies with 10 or more employees,</p><p><b>Note:</b></p><p>Public administration: covers only central government administration (CGPO)</p>"
DATAFLOW,LU1:DSD_ESS_2@DF_C1337(1.1),Employment: percentage by economic activity and residence/nationality,I,PC_EMP_NACE,Percentage of total branch employment,SAL_INT,Domestic payroll employment,A4,Quadrennial,_Z,Not applicable,G,Wholesale and retail trade; repair of motor and motorcycles,_Z,Not applicable,_Z,Not applicable,_Z,Not applicable,RES_FOR_ALL,Residents of foreign nationality (EU and non-EU),_Z,Not applicable,2018,,22.5,,0,Units,,,1,One,N05,"<b>Coverage:</b><p>Branches B-S;</p><p>Companies with 10 or more employees,</p><p><b>Note:</b></p><p>Public administration: covers only central government administration (CGPO)</p>"
DATAFLOW,LU1:DSD_ESS_2@DF_C1337(1.1),Employment: percentage by economic activity and residence/nationality,I,PC_EMP_NACE,Percentage of total branch employment,SAL_INT,Domestic payroll employment,A4,Quadrennial,_Z,Not applicable,G,Wholesale and retail trade; repair of motor and motorcycles,_Z,Not applicable,_Z,Not applicable,_Z,Not applicable,RES_FOR_ALL,Residents of foreign nationality (EU and non-EU),_Z,Not applicable,2022,,21,,0,Units,,,1,One,N05,"<b>Coverage:</b><p>Branches B-S;</p><p>Companies with 10 or more employees,</p><p><b>Note:</b></p><p>Public administration: covers only central government administration (CGPO)</p>"
DATAFLOW,LU1:DSD_ESS_2@DF_C1337(1.1),Employment: percentage by economic activity and residence/nationality,I,PC_EMP_NACE,Percentage of total branch employment,SAL_INT,Domestic payroll employment,A4,Quadrennial,_Z,Not applicable,B-S,"Industry, construction and services (except activities of households as employers and extra-territorial organisations and bodies)",_Z,Not applicable,_Z,Not applicable,_Z,Not applicable,LU,Luxembourgish residents,_Z,Not applicable,2010,,28.2,,0,Units,,,1,One,N05,"<b>Coverage:</b><p>Branches B-S;</p><p>Companies with 10 or more employees,</p><p><b>Note:</b></p><p>Public administration: covers only central government administration (CGPO)</p>"
DATAFLOW,LU1:DSD_ESS_2@DF_C1337(1.1),Employment: percentage by economic activity and residence/nationality,I,PC_EMP_NACE,Percentage of total branch employment,SAL_INT,Domestic payroll employment,A4,Quadrennial,_Z,Not applicable,B-S,"Industry, construction and services (except activities of households as employers and extra-territorial organisations and bodies)",_Z,Not applicable,_Z,Not applicable,_Z,Not applicable,LU,Luxembourgish residents,_Z,Not applicable,2014,,27.7,,0,Units,,,1,One,N05,"<b>Coverage:</b><p>Branches B-S;</p><p>Companies with 10 or more employees,</p><p><b>Note:</b></p><p>Public administration: covers only central government administration (CGPO)</p>"
DATAFLOW,LU1:DSD_ESS_2@DF_C1337(1.1),Employment: percentage by economic activity and residence/nationality,I,PC_EMP_NACE,Percentage of total branch employment,SAL_INT,Domestic payroll employment,A4,Quadrennial,_Z,Not applicable,B-S,"Industry, construction and services (except activities of households as employers and extra-territorial organisations and bodies)",_Z,Not applicable,_Z,Not applicable,_Z,Not applicable,LU,Luxembourgish residents,_Z,Not applicable,2018,,25.5,,0,Units,,,1,One,N05,"<b>Coverage:</b><p>Branches B-S;</p><p>Companies with 10 or more employees,</p><p><b>Note:</b></p><p>Public administration: covers only central government administration (CGPO)</p>"
DATAFLOW,LU1:DSD_ESS_2@DF_C1337(1.1),Employment: percentage by economic activity and residence/nationality,I,PC_EMP_NACE,Percentage of total branch employment,SAL_INT,Domestic payroll employment,A4,Quadrennial,_Z,Not applicable,B-S,"Industry, construction and services (except activities of households as employers and extra-territorial organisations and bodies)",_Z,Not applicable,_Z,Not applicable,_Z,Not applicable,LU,Luxembourgish residents,_Z,Not applicable,2022,,25.1,,0,Units,,,1,One,N05,"<b>Coverage:</b><p>Branches B-S;</p><p>Companies with 10 or more employees,</p><p><b>Note:</b></p><p>Public administration: covers only central government administration (CGPO)</p>"
DATAFLOW,LU1:DSD_ESS_2@DF_C1337(1.1),Employment: percentage by economic activity and residence/nationality,I,PC_EMP_NACE,Percentage of total branch employment,SAL_INT,Domestic payroll employment,A4,Quadrennial,_Z,Not applicable,J,Information and communication,_Z,Not applicable,_Z,Not applicable,_Z,Not applicable,_T,Total,_Z,Not applicable,2010,,100,,0,Units,,,1,One,N05,"<b>Coverage:</b><p>Branches B-S;</p><p>Companies with 10 or more employees,</p><p><b>Note:</b></p><p>Public administration: covers only central government administration (CGPO)</p>"
DATAFLOW,LU1:DSD_ESS_2@DF_C1337(1.1),Employment: percentage by economic activity and residence/nationality,I,PC_EMP_NACE,Percentage of total branch employment,SAL_INT,Domestic payroll employment,A4,Quadrennial,_Z,Not applicable,J,Information and communication,_Z,Not applicable,_Z,Not applicable,_Z,Not applicable,_T,Total,_Z,Not applicable,2014,,100,,0,Units,,,1,One,N05,"<b>Coverage:</b><p>Branches B-S;</p><p>Companies with 10 or more employees,</p><p><b>Note:</b></p><p>Public administration: covers only central government administration (CGPO)</p>"
DATAFLOW,LU1:DSD_ESS_2@DF_C1337(1.1),Employment: percentage by economic activity and residence/nationality,I,PC_EMP_NACE,Percentage of total branch employment,SAL_INT,Domestic payroll employment,A4,Quadrennial,_Z,Not applicable,J,Information and communication,_Z,Not applicable,_Z,Not applicable,_Z,Not applicable,_T,Total,_Z,Not applicable,2018,,100,,0,Units,,,1,One,N05,"<b>Coverage:</b><p>Branches B-S;</p><p>Companies with 10 or more employees,</p><p><b>Note:</b></p><p>Public administration: covers only central government administration (CGPO)</p>"
DATAFLOW,LU1:DSD_ESS_2@DF_C1337(1.1),Employment: percentage by economic activity and residence/nationality,I,PC_EMP_NACE,Percentage of total branch employment,SAL_INT,Domestic payroll employment,A4,Quadrennial,_Z,Not applicable,J,Information and communication,_Z,Not applicable,_Z,Not applicable,_Z,Not applicable,_T,Total,_Z,Not applicable,2022,,100,,0,Units,,,1,One,N05,"<b>Coverage:</b><p>Branches B-S;</p><p>Companies with 10 or more employees,</p><p><b>Note:</b></p><p>Public administration: covers only central government administration (CGPO)</p>"
DATAFLOW,LU1:DSD_ESS_2@DF_C1337(1.1),Employment: percentage by economic activity and residence/nationality,I,PC_EMP_RESID,Percentage of total employment by category of residence,SAL_INT,Domestic payroll employment,A4,Quadrennial,_Z,Not applicable,I,Accommodation and food service activities,_Z,Not applicable,_Z,Not applicable,_Z,Not applicable,RES_FOR_ALL,Residents of foreign nationality (EU and non-EU),_Z,Not applicable,2010,,6.16,,0,Units,,,1,One,N05,"<b>Coverage:</b><p>Branches B-S;</p><p>Companies with 10 or more employees,</p><p><b>Note:</b></p><p>Public administration: covers only central government administration (CGPO)</p>"
DATAFLOW,LU1:DSD_ESS_2@DF_C1337(1.1),Employment: percentage by economic activity and residence/nationality,I,PC_EMP_RESID,Percentage of total employment by category of residence,SAL_INT,Domestic payroll employment,A4,Quadrennial,_Z,Not applicable,I,Accommodation and food service activities,_Z,Not applicable,_Z,Not applicable,_Z,Not applicable,RES_FOR_ALL,Residents of foreign nationality (EU and non-EU),_Z,Not applicable,2014,,6.97,,0,Units,,,1,One,N05,"<b>Coverage:</b><p>Branches B-S;</p><p>Companies with 10 or more employees,</p><p><b>Note:</b></p><p>Public administration: covers only central government administration (CGPO)</p>"
DATAFLOW,LU1:DSD_ESS_2@DF_C1337(1.1),Employment: percentage by economic activity and residence/nationality,I,PC_EMP_RESID,Percentage of total employment by category of residence,SAL_INT,Domestic payroll employment,A4,Quadrennial,_Z,Not applicable,I,Accommodation and food service activities,_Z,Not applicable,_Z,Not applicable,_Z,Not applicable,RES_FOR_ALL,Residents of foreign nationality (EU and non-EU),_Z,Not applicable,2018,,6.74,,0,Units,,,1,One,N05,"<b>Coverage:</b><p>Branches B-S;</p><p>Companies with 10 or more employees,</p><p><b>Note:</b></p><p>Public administration: covers only central government administration (CGPO)</p>"
DATAFLOW,LU1:DSD_ESS_2@DF_C1337(1.1),Employment: percentage by economic activity and residence/nationality,I,PC_EMP_RESID,Percentage of total employment by category of residence,SAL_INT,Domestic payroll employment,A4,Quadrennial,_Z,Not applicable,I,Accommodation and food service activities,_Z,Not applicable,_Z,Not applicable,_Z,Not applicable,RES_FOR_ALL,Residents of foreign nationality (EU and non-EU),_Z,Not applicable,2022,,5.72,,0,Units,,,1,One,N05,"<b>Coverage:</b><p>Branches B-S;</p><p>Companies with 10 or more employees,</p><p><b>Note:</b></p><p>Public administration: covers only central government administration (CGPO)</p>"
DATAFLOW,LU1:DSD_ESS_2@DF_C1337(1.1),Employment: percentage by economic activity and residence/nationality,I,PC_EMP_NACE,Percentage of total branch employment,SAL_INT,Domestic payroll employment,A4,Quadrennial,_Z,Not applicable,O,Public administration and defence; compulsory social security public,_Z,Not applicable,_Z,Not applicable,_Z,Not applicable,LU,Luxembourgish residents,_Z,Not applicable,2010,,92.4,,0,Units,,,1,One,N05,"<b>Coverage:</b><p>Branches B-S;</p><p>Companies with 10 or more employees,</p><p><b>Note:</b></p><p>Public administration: covers only central government administration (CGPO)</p>"
DATAFLOW,LU1:DSD_ESS_2@DF_C1337(1.1),Employment: percentage by economic activity and residence/nationality,I,PC_EMP_NACE,Percentage of total branch employment,SAL_INT,Domestic payroll employment,A4,Quadrennial,_Z,Not applicable,O,Public administration and defence; compulsory social security public,_Z,Not applicable,_Z,Not applicable,_Z,Not applicable,LU,Luxembourgish residents,_Z,Not applicable,2014,,92.5,,0,Units,,,1,One,N05,"<b>Coverage:</b><p>Branches B-S;</p><p>Companies with 10 or more employees,</p><p><b>Note:</b></p><p>Public administration: covers only central government administration (CGPO)</p>"
DATAFLOW,LU1:DSD_ESS_2@DF_C1337(1.1),Employment: percentage by economic activity and residence/nationality,I,PC_EMP_NACE,Percentage of total branch employment,SAL_INT,Domestic payroll employment,A4,Quadrennial,_Z,Not applicable,O,Public administration and defence; compulsory social security public,_Z,Not applicable,_Z,Not applicable,_Z,Not applicable,LU,Luxembourgish residents,_Z,Not applicable,2018,,91.5,,0,Units,,,1,One,N05,"<b>Coverage:</b><p>Branches B-S;</p><p>Companies with 10 or more employees,</p><p><b>Note:</b></p><p>Public administration: covers only central government administration (CGPO)</p>"
DATAFLOW,LU1:DSD_ESS_2@DF_C1337(1.1),Employment: percentage by economic activity and residence/nationality,I,PC_EMP_NACE,Percentage of total branch employment,SAL_INT,Domestic payroll employment,A4,Quadrennial,_Z,Not applicable,O,Public administration and defence; compulsory social security public,_Z,Not applicable,_Z,Not applicable,_Z,Not applicable,LU,Luxembourgish residents,_Z,Not applicable,2022,,87.2,,0,Units,,,1,One,N05,"<b>Coverage:</b><p>Branches B-S;</p><p>Companies with 10 or more employees,</p><p><b>Note:</b></p><p>Public administration: covers only central government administration (CGPO)</p>"
DATAFLOW,LU1:DSD_ESS_2@DF_C1337(1.1),Employment: percentage by economic activity and residence/nationality,I,PC_EMP_NACE,Percentage of total branch employment,SAL_INT,Domestic payroll employment,A4,Quadrennial,_Z,Not applicable,P,Education,_Z,Not applicable,_Z,Not applicable,_Z,Not applicable,RES_FOR_ALL,Residents of foreign nationality (EU and non-EU),_Z,Not applicable,2010,,9.2,,0,Units,,,1,One,N05,"<b>Coverage:</b><p>Branches B-S;</p><p>Companies with 10 or more employees,</p><p><b>Note:</b></p><p>Public administration: covers only central government administration (CGPO)</p>"
DATAFLOW,LU1:DSD_ESS_2@DF_C1337(1.1),Employment: percentage by economic activity and residence/nationality,I,PC_EMP_NACE,Percentage of total branch employment,SAL_INT,Domestic payroll employment,A4,Quadrennial,_Z,Not applicable,P,Education,_Z,Not applicable,_Z,Not applicable,_Z,Not applicable,RES_FOR_ALL,Residents of foreign nationality (EU and non-EU),_Z,Not applicable,2014,,12.7,,0,Units,,,1,One,N05,"<b>Coverage:</b><p>Branches B-S;</p><p>Companies with 10 or more employees,</p><p><b>Note:</b></p><p>Public administration: covers only central government administration (CGPO)</p>"
DATAFLOW,LU1:DSD_ESS_2@DF_C1337(1.1),Employment: percentage by economic activity and residence/nationality,I,PC_EMP_NACE,Percentage of total branch employment,SAL_INT,Domestic payroll employment,A4,Quadrennial,_Z,Not applicable,P,Education,_Z,Not applicable,_Z,Not applicable,_Z,Not applicable,RES_FOR_ALL,Residents of foreign nationality (EU and non-EU),_Z,Not applicable,2018,,14.2,,0,Units,,,1,One,N05,"<b>Coverage:</b><p>Branches B-S;</p><p>Companies with 10 or more employees,</p><p><b>Note:</b></p><p>Public administration: covers only central government administration (CGPO)</p>"
DATAFLOW,LU1:DSD_ESS_2@DF_C1337(1.1),Employment: percentage by economic activity and residence/nationality,I,PC_EMP_NACE,Percentage of total branch employment,SAL_INT,Domestic payroll employment,A4,Quadrennial,_Z,Not applicable,P,Education,_Z,Not applicable,_Z,Not applicable,_Z,Not applicable,RES_FOR_ALL,Residents of foreign nationality (EU and non-EU),_Z,Not applicable,2022,,14.2,,0,Units,,,1,One,N05,"<b>Coverage:</b><p>Branches B-S;</p><p>Companies with 10 or more employees,</p><p><b>Note:</b></p><p>Public administration: covers only central government administration (CGPO)</p>"
DATAFLOW,LU1:DSD_ESS_2@DF_C1337(1.1),Employment: percentage by economic activity and residence/nationality,I,PC_EMP_NACE,Percentage of total branch employment,SAL_INT,Domestic payroll employment,A4,Quadrennial,_Z,Not applicable,N,Administrative and support service activities,_Z,Not applicable,_Z,Not applicable,_Z,Not applicable,_T,Total,_Z,Not applicable,2010,,100,,0,Units,,,1,One,N05,"<b>Coverage:</b><p>Branches B-S;</p><p>Companies with 10 or more employees,</p><p><b>Note:</b></p><p>Public administration: covers only central government administration (CGPO)</p>"
DATAFLOW,LU1:DSD_ESS_2@DF_C1337(1.1),Employment: percentage by economic activity and residence/nationality,I,PC_EMP_NACE,Percentage of total branch employment,SAL_INT,Domestic payroll employment,A4,Quadrennial,_Z,Not applicable,N,Administrative and support service activities,_Z,Not applicable,_Z,Not applicable,_Z,Not applicable,_T,Total,_Z,Not applicable,2014,,100,,0,Units,,,1,One,N05,"<b>Coverage:</b><p>Branches B-S;</p><p>Companies with 10 or more employees,</p><p><b>Note:</b></p><p>Public administration: covers only central government administration (CGPO)</p>"
DATAFLOW,LU1:DSD_ESS_2@DF_C1337(1.1),Employment: percentage by economic activity and residence/nationality,I,PC_EMP_NACE,Percentage of total branch employment,SAL_INT,Domestic payroll employment,A4,Quadrennial,_Z,Not applicable,N,Administrative and support service activities,_Z,Not applicable,_Z,Not applicable,_Z,Not applicable,_T,Total,_Z,Not applicable,2018,,100,,0,Units,,,1,One,N05,"<b>Coverage:</b><p>Branches B-S;</p><p>Companies with 10 or more employees,</p><p><b>Note:</b></p><p>Public administration: covers only central government administration (CGPO)</p>"
DATAFLOW,LU1:DSD_ESS_2@DF_C1337(1.1),Employment: percentage by economic activity and residence/nationality,I,PC_EMP_NACE,Percentage of total branch employment,SAL_INT,Domestic payroll employment,A4,Quadrennial,_Z,Not applicable,N,Administrative and support service activities,_Z,Not applicable,_Z,Not applicable,_Z,Not applicable,_T,Total,_Z,Not applicable,2022,,100,,0,Units,,,1,One,N05,"<b>Coverage:</b><p>Branches B-S;</p><p>Companies with 10 or more employees,</p><p><b>Note:</b></p><p>Public administration: covers only central government administration (CGPO)</p>"
DATAFLOW,LU1:DSD_ESS_2@DF_C1337(1.1),Employment: percentage by economic activity and residence/nationality,I,PC_EMP_RESID,Percentage of total employment by category of residence,SAL_INT,Domestic payroll employment,A4,Quadrennial,_Z,Not applicable,E,"Water supply; sewerage,waste management and remediation activities",_Z,Not applicable,_Z,Not applicable,_Z,Not applicable,_T,Total,_Z,Not applicable,2010,,0.43,,0,Units,,,1,One,N05,"<b>Coverage:</b><p>Branches B-S;</p><p>Companies with 10 or more employees,</p><p><b>Note:</b></p><p>Public administration: covers only central government administration (CGPO)</p>"
DATAFLOW,LU1:DSD_ESS_2@DF_C1337(1.1),Employment: percentage by economic activity and residence/nationality,I,PC_EMP_RESID,Percentage of total employment by category of residence,SAL_INT,Domestic payroll employment,A4,Quadrennial,_Z,Not applicable,E,"Water supply; sewerage,waste management and remediation activities",_Z,Not applicable,_Z,Not applicable,_Z,Not applicable,_T,Total,_Z,Not applicable,2014,,0.43,,0,Units,,,1,One,N05,"<b>Coverage:</b><p>Branches B-S;</p><p>Companies with 10 or more employees,</p><p><b>Note:</b></p><p>Public administration: covers only central government administration (CGPO)</p>"
DATAFLOW,LU1:DSD_ESS_2@DF_C1337(1.1),Employment: percentage by economic activity and residence/nationality,I,PC_EMP_RESID,Percentage of total employment by category of residence,SAL_INT,Domestic payroll employment,A4,Quadrennial,_Z,Not applicable,E,"Water supply; sewerage,waste management and remediation activities",_Z,Not applicable,_Z,Not applicable,_Z,Not applicable,_T,Total,_Z,Not applicable,2018,,0.52,,0,Units,,,1,One,N05,"<b>Coverage:</b><p>Branches B-S;</p><p>Companies with 10 or more employees,</p><p><b>Note:</b></p><p>Public administration: covers only central government administration (CGPO)</p>"
DATAFLOW,LU1:DSD_ESS_2@DF_C1337(1.1),Employment: percentage by economic activity and residence/nationality,I,PC_EMP_RESID,Percentage of total employment by category of residence,SAL_INT,Domestic payroll employment,A4,Quadrennial,_Z,Not applicable,E,"Water supply; sewerage,waste management and remediation activities",_Z,Not applicable,_Z,Not applicable,_Z,Not applicable,_T,Total,_Z,Not applicable,2022,,0.7,,0,Units,,,1,One,N05,"<b>Coverage:</b><p>Branches B-S;</p><p>Companies with 10 or more employees,</p><p><b>Note:</b></p><p>Public administration: covers only central government administration (CGPO)</p>"
DATAFLOW,LU1:DSD_ESS_2@DF_C1337(1.1),Employment: percentage by economic activity and residence/nationality,I,PC_EMP_RESID,Percentage of total employment by category of residence,SAL_INT,Domestic payroll employment,A4,Quadrennial,_Z,Not applicable,H,Transportation and storage,_Z,Not applicable,_Z,Not applicable,_Z,Not applicable,LU,Luxembourgish residents,_Z,Not applicable,2010,,8,,0,Units,,,1,One,N05,"<b>Coverage:</b><p>Branches B-S;</p><p>Companies with 10 or more employees,</p><p><b>Note:</b></p><p>Public administration: covers only central government administration (CGPO)</p>"
DATAFLOW,LU1:DSD_ESS_2@DF_C1337(1.1),Employment: percentage by economic activity and residence/nationality,I,PC_EMP_RESID,Percentage of total employment by category of residence,SAL_INT,Domestic payroll employment,A4,Quadrennial,_Z,Not applicable,H,Transportation and storage,_Z,Not applicable,_Z,Not applicable,_Z,Not applicable,LU,Luxembourgish residents,_Z,Not applicable,2014,,8.26,,0,Units,,,1,One,N05,"<b>Coverage:</b><p>Branches B-S;</p><p>Companies with 10 or more employees,</p><p><b>Note:</b></p><p>Public administration: covers only central government administration (CGPO)</p>"
DATAFLOW,LU1:DSD_ESS_2@DF_C1337(1.1),Employment: percentage by economic activity and residence/nationality,I,PC_EMP_RESID,Percentage of total employment by category of residence,SAL_INT,Domestic payroll employment,A4,Quadrennial,_Z,Not applicable,H,Transportation and storage,_Z,Not applicable,_Z,Not applicable,_Z,Not applicable,LU,Luxembourgish residents,_Z,Not applicable,2018,,7.91,,0,Units,,,1,One,N05,"<b>Coverage:</b><p>Branches B-S;</p><p>Companies with 10 or more employees,</p><p><b>Note:</b></p><p>Public administration: covers only central government administration (CGPO)</p>"
DATAFLOW,LU1:DSD_ESS_2@DF_C1337(1.1),Employment: percentage by economic activity and residence/nationality,I,PC_EMP_RESID,Percentage of total employment by category of residence,SAL_INT,Domestic payroll employment,A4,Quadrennial,_Z,Not applicable,H,Transportation and storage,_Z,Not applicable,_Z,Not applicable,_Z,Not applicable,LU,Luxembourgish residents,_Z,Not applicable,2022,,7.33,,0,Units,,,1,One,N05,"<b>Coverage:</b><p>Branches B-S;</p><p>Companies with 10 or more employees,</p><p><b>Note:</b></p><p>Public administration: covers only central government administration (CGPO)</p>"
DATAFLOW,LU1:DSD_ESS_2@DF_C1337(1.1),Employment: percentage by economic activity and residence/nationality,I,PC_EMP_RESID,Percentage of total employment by category of residence,SAL_INT,Domestic payroll employment,A4,Quadrennial,_Z,Not applicable,G,Wholesale and retail trade; repair of motor and motorcycles,_Z,Not applicable,_Z,Not applicable,_Z,Not applicable,LU,Luxembourgish residents,_Z,Not applicable,2010,,8.13,,0,Units,,,1,One,N05,"<b>Coverage:</b><p>Branches B-S;</p><p>Companies with 10 or more employees,</p><p><b>Note:</b></p><p>Public administration: covers only central government administration (CGPO)</p>"
DATAFLOW,LU1:DSD_ESS_2@DF_C1337(1.1),Employment: percentage by economic activity and residence/nationality,I,PC_EMP_RESID,Percentage of total employment by category of residence,SAL_INT,Domestic payroll employment,A4,Quadrennial,_Z,Not applicable,G,Wholesale and retail trade; repair of motor and motorcycles,_Z,Not applicable,_Z,Not applicable,_Z,Not applicable,LU,Luxembourgish residents,_Z,Not applicable,2014,,9.28,,0,Units,,,1,One,N05,"<b>Coverage:</b><p>Branches B-S;</p><p>Companies with 10 or more employees,</p><p><b>Note:</b></p><p>Public administration: covers only central government administration (CGPO)</p>"
DATAFLOW,LU1:DSD_ESS_2@DF_C1337(1.1),Employment: percentage by economic activity and residence/nationality,I,PC_EMP_RESID,Percentage of total employment by category of residence,SAL_INT,Domestic payroll employment,A4,Quadrennial,_Z,Not applicable,G,Wholesale and retail trade; repair of motor and motorcycles,_Z,Not applicable,_Z,Not applicable,_Z,Not applicable,LU,Luxembourgish residents,_Z,Not applicable,2018,,8.97,,0,Units,,,1,One,N05,"<b>Coverage:</b><p>Branches B-S;</p><p>Companies with 10 or more employees,</p><p><b>Note:</b></p><p>Public administration: covers only central government administration (CGPO)</p>"
DATAFLOW,LU1:DSD_ESS_2@DF_C1337(1.1),Employment: percentage by economic activity and residence/nationality,I,PC_EMP_RESID,Percentage of total employment by category of residence,SAL_INT,Domestic payroll employment,A4,Quadrennial,_Z,Not applicable,G,Wholesale and retail trade; repair of motor and motorcycles,_Z,Not applicable,_Z,Not applicable,_Z,Not applicable,LU,Luxembourgish residents,_Z,Not applicable,2022,,7.25,,0,Units,,,1,One,N05,"<b>Coverage:</b><p>Branches B-S;</p><p>Companies with 10 or more employees,</p><p><b>Note:</b></p><p>Public administration: covers only central government administration (CGPO)</p>"
DATAFLOW,LU1:DSD_ESS_2@DF_C1337(1.1),Employment: percentage by economic activity and residence/nationality,I,PC_EMP_NACE,Percentage of total branch employment,SAL_INT,Domestic payroll employment,A4,Quadrennial,_Z,Not applicable,F,Construction,_Z,Not applicable,_Z,Not applicable,_Z,Not applicable,RES_FOR_ALL,Residents of foreign nationality (EU and non-EU),_Z,Not applicable,2010,,42.5,,0,Units,,,1,One,N05,"<b>Coverage:</b><p>Branches B-S;</p><p>Companies with 10 or more employees,</p><p><b>Note:</b></p><p>Public administration: covers only central government administration (CGPO)</p>"
DATAFLOW,LU1:DSD_ESS_2@DF_C1337(1.1),Employment: percentage by economic activity and residence/nationality,I,PC_EMP_NACE,Percentage of total branch employment,SAL_INT,Domestic payroll employment,A4,Quadrennial,_Z,Not applicable,F,Construction,_Z,Not applicable,_Z,Not applicable,_Z,Not applicable,RES_FOR_ALL,Residents of foreign nationality (EU and non-EU),_Z,Not applicable,2014,,37.8,,0,Units,,,1,One,N05,"<b>Coverage:</b><p>Branches B-S;</p><p>Companies with 10 or more employees,</p><p><b>Note:</b></p><p>Public administration: covers only central government administration (CGPO)</p>"
DATAFLOW,LU1:DSD_ESS_2@DF_C1337(1.1),Employment: percentage by economic activity and residence/nationality,I,PC_EMP_NACE,Percentage of total branch employment,SAL_INT,Domestic payroll employment,A4,Quadrennial,_Z,Not applicable,F,Construction,_Z,Not applicable,_Z,Not applicable,_Z,Not applicable,RES_FOR_ALL,Residents of foreign nationality (EU and non-EU),_Z,Not applicable,2018,,35.8,,0,Units,,,1,One,N05,"<b>Coverage:</b><p>Branches B-S;</p><p>Companies with 10 or more employees,</p><p><b>Note:</b></p><p>Public administration: covers only central government administration (CGPO)</p>"
DATAFLOW,LU1:DSD_ESS_2@DF_C1337(1.1),Employment: percentage by economic activity and residence/nationality,I,PC_EMP_NACE,Percentage of total branch employment,SAL_INT,Domestic payroll employment,A4,Quadrennial,_Z,Not applicable,F,Construction,_Z,Not applicable,_Z,Not applicable,_Z,Not applicable,RES_FOR_ALL,Residents of foreign nationality (EU and non-EU),_Z,Not applicable,2022,,32.1,,0,Units,,,1,One,N05,"<b>Coverage:</b><p>Branches B-S;</p><p>Companies with 10 or more employees,</p><p><b>Note:</b></p><p>Public administration: covers only central government administration (CGPO)</p>"
DATAFLOW,LU1:DSD_ESS_2@DF_C1337(1.1),Employment: percentage by economic activity and residence/nationality,I,PC_EMP_RESID,Percentage of total employment by category of residence,SAL_INT,Domestic payroll employment,A4,Quadrennial,_Z,Not applicable,D,"Electricity, gas, steam and air conditionning supply",_Z,Not applicable,_Z,Not applicable,_Z,Not applicable,LU,Luxembourgish residents,_Z,Not applicable,2010,,1.07,,0,Units,,,1,One,N05,"<b>Coverage:</b><p>Branches B-S;</p><p>Companies with 10 or more employees,</p><p><b>Note:</b></p><p>Public administration: covers only central government administration (CGPO)</p>"
DATAFLOW,LU1:DSD_ESS_2@DF_C1337(1.1),Employment: percentage by economic activity and residence/nationality,I,PC_EMP_RESID,Percentage of total employment by category of residence,SAL_INT,Domestic payroll employment,A4,Quadrennial,_Z,Not applicable,D,"Electricity, gas, steam and air conditionning supply",_Z,Not applicable,_Z,Not applicable,_Z,Not applicable,LU,Luxembourgish residents,_Z,Not applicable,2014,,1.09,,0,Units,,,1,One,N05,"<b>Coverage:</b><p>Branches B-S;</p><p>Companies with 10 or more employees,</p><p><b>Note:</b></p><p>Public administration: covers only central government administration (CGPO)</p>"
DATAFLOW,LU1:DSD_ESS_2@DF_C1337(1.1),Employment: percentage by economic activity and residence/nationality,I,PC_EMP_RESID,Percentage of total employment by category of residence,SAL_INT,Domestic payroll employment,A4,Quadrennial,_Z,Not applicable,D,"Electricity, gas, steam and air conditionning supply",_Z,Not applicable,_Z,Not applicable,_Z,Not applicable,LU,Luxembourgish residents,_Z,Not applicable,2018,,1.14,,0,Units,,,1,One,N05,"<b>Coverage:</b><p>Branches B-S;</p><p>Companies with 10 or more employees,</p><p><b>Note:</b></p><p>Public administration: covers only central government administration (CGPO)</p>"
DATAFLOW,LU1:DSD_ESS_2@DF_C1337(1.1),Employment: percentage by economic activity and residence/nationality,I,PC_EMP_RESID,Percentage of total employment by category of residence,SAL_INT,Domestic payroll employment,A4,Quadrennial,_Z,Not applicable,D,"Electricity, gas, steam and air conditionning supply",_Z,Not applicable,_Z,Not applicable,_Z,Not applicable,LU,Luxembourgish residents,_Z,Not applicable,2022,,1.15,,0,Units,,,1,One,N05,"<b>Coverage:</b><p>Branches B-S;</p><p>Companies with 10 or more employees,</p><p><b>Note:</b></p><p>Public administration: covers only central government administration (CGPO)</p>"
DATAFLOW,LU1:DSD_ESS_2@DF_C1337(1.1),Employment: percentage by economic activity and residence/nationality,I,PC_EMP_RESID,Percentage of total employment by category of residence,SAL_INT,Domestic payroll employment,A4,Quadrennial,_Z,Not applicable,D,"Electricity, gas, steam and air conditionning supply",_Z,Not applicable,_Z,Not applicable,_Z,Not applicable,_T,Total,_Z,Not applicable,2010,,0.38,,0,Units,,,1,One,N05,"<b>Coverage:</b><p>Branches B-S;</p><p>Companies with 10 or more employees,</p><p><b>Note:</b></p><p>Public administration: covers only central government administration (CGPO)</p>"
DATAFLOW,LU1:DSD_ESS_2@DF_C1337(1.1),Employment: percentage by economic activity and residence/nationality,I,PC_EMP_RESID,Percentage of total employment by category of residence,SAL_INT,Domestic payroll employment,A4,Quadrennial,_Z,Not applicable,D,"Electricity, gas, steam and air conditionning supply",_Z,Not applicable,_Z,Not applicable,_Z,Not applicable,_T,Total,_Z,Not applicable,2014,,0.39,,0,Units,,,1,One,N05,"<b>Coverage:</b><p>Branches B-S;</p><p>Companies with 10 or more employees,</p><p><b>Note:</b></p><p>Public administration: covers only central government administration (CGPO)</p>"
DATAFLOW,LU1:DSD_ESS_2@DF_C1337(1.1),Employment: percentage by economic activity and residence/nationality,I,PC_EMP_RESID,Percentage of total employment by category of residence,SAL_INT,Domestic payroll employment,A4,Quadrennial,_Z,Not applicable,D,"Electricity, gas, steam and air conditionning supply",_Z,Not applicable,_Z,Not applicable,_Z,Not applicable,_T,Total,_Z,Not applicable,2018,,0.42,,0,Units,,,1,One,N05,"<b>Coverage:</b><p>Branches B-S;</p><p>Companies with 10 or more employees,</p><p><b>Note:</b></p><p>Public administration: covers only central government administration (CGPO)</p>"
DATAFLOW,LU1:DSD_ESS_2@DF_C1337(1.1),Employment: percentage by economic activity and residence/nationality,I,PC_EMP_RESID,Percentage of total employment by category of residence,SAL_INT,Domestic payroll employment,A4,Quadrennial,_Z,Not applicable,D,"Electricity, gas, steam and air conditionning supply",_Z,Not applicable,_Z,Not applicable,_Z,Not applicable,_T,Total,_Z,Not applicable,2022,,0.52,,0,Units,,,1,One,N05,"<b>Coverage:</b><p>Branches B-S;</p><p>Companies with 10 or more employees,</p><p><b>Note:</b></p><p>Public administration: covers only central government administration (CGPO)</p>"
DATAFLOW,LU1:DSD_ESS_2@DF_C1337(1.1),Employment: percentage by economic activity and residence/nationality,I,PC_EMP_NACE,Percentage of total branch employment,SAL_INT,Domestic payroll employment,A4,Quadrennial,_Z,Not applicable,Q,Human health and social work activities,_Z,Not applicable,_Z,Not applicable,_Z,Not applicable,_T_F,Total cross-border,_Z,Not applicable,2010,,33.4,,0,Units,,,1,One,N05,"<b>Coverage:</b><p>Branches B-S;</p><p>Companies with 10 or more employees,</p><p><b>Note:</b></p><p>Public administration: covers only central government administration (CGPO)</p>"
DATAFLOW,LU1:DSD_ESS_2@DF_C1337(1.1),Employment: percentage by economic activity and residence/nationality,I,PC_EMP_NACE,Percentage of total branch employment,SAL_INT,Domestic payroll employment,A4,Quadrennial,_Z,Not applicable,Q,Human health and social work activities,_Z,Not applicable,_Z,Not applicable,_Z,Not applicable,_T_F,Total cross-border,_Z,Not applicable,2014,,33.1,,0,Units,,,1,One,N05,"<b>Coverage:</b><p>Branches B-S;</p><p>Companies with 10 or more employees,</p><p><b>Note:</b></p><p>Public administration: covers only central government administration (CGPO)</p>"
DATAFLOW,LU1:DSD_ESS_2@DF_C1337(1.1),Employment: percentage by economic activity and residence/nationality,I,PC_EMP_NACE,Percentage of total branch employment,SAL_INT,Domestic payroll employment,A4,Quadrennial,_Z,Not applicable,Q,Human health and social work activities,_Z,Not applicable,_Z,Not applicable,_Z,Not applicable,_T_F,Total cross-border,_Z,Not applicable,2018,,35.5,,0,Units,,,1,One,N05,"<b>Coverage:</b><p>Branches B-S;</p><p>Companies with 10 or more employees,</p><p><b>Note:</b></p><p>Public administration: covers only central government administration (CGPO)</p>"
DATAFLOW,LU1:DSD_ESS_2@DF_C1337(1.1),Employment: percentage by economic activity and residence/nationality,I,PC_EMP_NACE,Percentage of total branch employment,SAL_INT,Domestic payroll employment,A4,Quadrennial,_Z,Not applicable,Q,Human health and social work activities,_Z,Not applicable,_Z,Not applicable,_Z,Not applicable,_T_F,Total cross-border,_Z,Not applicable,2022,,40.7,,0,Units,,,1,One,N05,"<b>Coverage:</b><p>Branches B-S;</p><p>Companies with 10 or more employees,</p><p><b>Note:</b></p><p>Public administration: covers only central government administration (CGPO)</p>"
DATAFLOW,LU1:DSD_ESS_2@DF_C1337(1.1),Employment: percentage by economic activity and residence/nationality,I,PC_EMP_NACE,Percentage of total branch employment,SAL_INT,Domestic payroll employment,A4,Quadrennial,_Z,Not applicable,B-S,"Industry, construction and services (except activities of households as employers and extra-territorial organisations and bodies)",_Z,Not applicable,_Z,Not applicable,_Z,Not applicable,RES_FOR_ALL,Residents of foreign nationality (EU and non-EU),_Z,Not applicable,2010,,23.9,,0,Units,,,1,One,N05,"<b>Coverage:</b><p>Branches B-S;</p><p>Companies with 10 or more employees,</p><p><b>Note:</b></p><p>Public administration: covers only central government administration (CGPO)</p>"
DATAFLOW,LU1:DSD_ESS_2@DF_C1337(1.1),Employment: percentage by economic activity and residence/nationality,I,PC_EMP_NACE,Percentage of total branch employment,SAL_INT,Domestic payroll employment,A4,Quadrennial,_Z,Not applicable,B-S,"Industry, construction and services (except activities of households as employers and extra-territorial organisations and bodies)",_Z,Not applicable,_Z,Not applicable,_Z,Not applicable,RES_FOR_ALL,Residents of foreign nationality (EU and non-EU),_Z,Not applicable,2014,,26.4,,0,Units,,,1,One,N05,"<b>Coverage:</b><p>Branches B-S;</p><p>Companies with 10 or more employees,</p><p><b>Note:</b></p><p>Public administration: covers only central government administration (CGPO)</p>"
DATAFLOW,LU1:DSD_ESS_2@DF_C1337(1.1),Employment: percentage by economic activity and residence/nationality,I,PC_EMP_NACE,Percentage of total branch employment,SAL_INT,Domestic payroll employment,A4,Quadrennial,_Z,Not applicable,B-S,"Industry, construction and services (except activities of households as employers and extra-territorial organisations and bodies)",_Z,Not applicable,_Z,Not applicable,_Z,Not applicable,RES_FOR_ALL,Residents of foreign nationality (EU and non-EU),_Z,Not applicable,2018,,26.7,,0,Units,,,1,One,N05,"<b>Coverage:</b><p>Branches B-S;</p><p>Companies with 10 or more employees,</p><p><b>Note:</b></p><p>Public administration: covers only central government administration (CGPO)</p>"
DATAFLOW,LU1:DSD_ESS_2@DF_C1337(1.1),Employment: percentage by economic activity and residence/nationality,I,PC_EMP_NACE,Percentage of total branch employment,SAL_INT,Domestic payroll employment,A4,Quadrennial,_Z,Not applicable,B-S,"Industry, construction and services (except activities of households as employers and extra-territorial organisations and bodies)",_Z,Not applicable,_Z,Not applicable,_Z,Not applicable,RES_FOR_ALL,Residents of foreign nationality (EU and non-EU),_Z,Not applicable,2022,,26.5,,0,Units,,,1,One,N05,"<b>Coverage:</b><p>Branches B-S;</p><p>Companies with 10 or more employees,</p><p><b>Note:</b></p><p>Public administration: covers only central government administration (CGPO)</p>"
DATAFLOW,LU1:DSD_ESS_2@DF_C1337(1.1),Employment: percentage by economic activity and residence/nationality,I,PC_EMP_NACE,Percentage of total branch employment,SAL_INT,Domestic payroll employment,A4,Quadrennial,_Z,Not applicable,R,"Arts, entertainment, and recreational activities",_Z,Not applicable,_Z,Not applicable,_Z,Not applicable,RES_FOR_ALL,Residents of foreign nationality (EU and non-EU),_Z,Not applicable,2010,,28.6,,0,Units,,,1,One,N05,"<b>Coverage:</b><p>Branches B-S;</p><p>Companies with 10 or more employees,</p><p><b>Note:</b></p><p>Public administration: covers only central government administration (CGPO)</p>"
DATAFLOW,LU1:DSD_ESS_2@DF_C1337(1.1),Employment: percentage by economic activity and residence/nationality,I,PC_EMP_NACE,Percentage of total branch employment,SAL_INT,Domestic payroll employment,A4,Quadrennial,_Z,Not applicable,R,"Arts, entertainment, and recreational activities",_Z,Not applicable,_Z,Not applicable,_Z,Not applicable,RES_FOR_ALL,Residents of foreign nationality (EU and non-EU),_Z,Not applicable,2014,,23.8,,0,Units,,,1,One,N05,"<b>Coverage:</b><p>Branches B-S;</p><p>Companies with 10 or more employees,</p><p><b>Note:</b></p><p>Public administration: covers only central government administration (CGPO)</p>"
DATAFLOW,LU1:DSD_ESS_2@DF_C1337(1.1),Employment: percentage by economic activity and residence/nationality,I,PC_EMP_NACE,Percentage of total branch employment,SAL_INT,Domestic payroll employment,A4,Quadrennial,_Z,Not applicable,R,"Arts, entertainment, and recreational activities",_Z,Not applicable,_Z,Not applicable,_Z,Not applicable,RES_FOR_ALL,Residents of foreign nationality (EU and non-EU),_Z,Not applicable,2018,,17.6,,0,Units,,,1,One,N05,"<b>Coverage:</b><p>Branches B-S;</p><p>Companies with 10 or more employees,</p><p><b>Note:</b></p><p>Public administration: covers only central government administration (CGPO)</p>"
DATAFLOW,LU1:DSD_ESS_2@DF_C1337(1.1),Employment: percentage by economic activity and residence/nationality,I,PC_EMP_NACE,Percentage of total branch employment,SAL_INT,Domestic payroll employment,A4,Quadrennial,_Z,Not applicable,R,"Arts, entertainment, and recreational activities",_Z,Not applicable,_Z,Not applicable,_Z,Not applicable,RES_FOR_ALL,Residents of foreign nationality (EU and non-EU),_Z,Not applicable,2022,,19.4,,0,Units,,,1,One,N05,"<b>Coverage:</b><p>Branches B-S;</p><p>Companies with 10 or more employees,</p><p><b>Note:</b></p><p>Public administration: covers only central government administration (CGPO)</p>"
DATAFLOW,LU1:DSD_ESS_2@DF_C1337(1.1),Employment: percentage by economic activity and residence/nationality,I,PC_EMP_RESID,Percentage of total employment by category of residence,SAL_INT,Domestic payroll employment,A4,Quadrennial,_Z,Not applicable,F,Construction,_Z,Not applicable,_Z,Not applicable,_Z,Not applicable,_T,Total,_Z,Not applicable,2010,,11.26,,0,Units,,,1,One,N05,"<b>Coverage:</b><p>Branches B-S;</p><p>Companies with 10 or more employees,</p><p><b>Note:</b></p><p>Public administration: covers only central government administration (CGPO)</p>"
DATAFLOW,LU1:DSD_ESS_2@DF_C1337(1.1),Employment: percentage by economic activity and residence/nationality,I,PC_EMP_RESID,Percentage of total employment by category of residence,SAL_INT,Domestic payroll employment,A4,Quadrennial,_Z,Not applicable,F,Construction,_Z,Not applicable,_Z,Not applicable,_Z,Not applicable,_T,Total,_Z,Not applicable,2014,,11.14,,0,Units,,,1,One,N05,"<b>Coverage:</b><p>Branches B-S;</p><p>Companies with 10 or more employees,</p><p><b>Note:</b></p><p>Public administration: covers only central government administration (CGPO)</p>"
DATAFLOW,LU1:DSD_ESS_2@DF_C1337(1.1),Employment: percentage by economic activity and residence/nationality,I,PC_EMP_RESID,Percentage of total employment by category of residence,SAL_INT,Domestic payroll employment,A4,Quadrennial,_Z,Not applicable,F,Construction,_Z,Not applicable,_Z,Not applicable,_Z,Not applicable,_T,Total,_Z,Not applicable,2018,,10.91,,0,Units,,,1,One,N05,"<b>Coverage:</b><p>Branches B-S;</p><p>Companies with 10 or more employees,</p><p><b>Note:</b></p><p>Public administration: covers only central government administration (CGPO)</p>"
DATAFLOW,LU1:DSD_ESS_2@DF_C1337(1.1),Employment: percentage by economic activity and residence/nationality,I,PC_EMP_RESID,Percentage of total employment by category of residence,SAL_INT,Domestic payroll employment,A4,Quadrennial,_Z,Not applicable,F,Construction,_Z,Not applicable,_Z,Not applicable,_Z,Not applicable,_T,Total,_Z,Not applicable,2022,,10.51,,0,Units,,,1,One,N05,"<b>Coverage:</b><p>Branches B-S;</p><p>Companies with 10 or more employees,</p><p><b>Note:</b></p><p>Public administration: covers only central government administration (CGPO)</p>"
DATAFLOW,LU1:DSD_ESS_2@DF_C1337(1.1),Employment: percentage by economic activity and residence/nationality,I,PC_EMP_RESID,Percentage of total employment by category of residence,SAL_INT,Domestic payroll employment,A4,Quadrennial,_Z,Not applicable,C,Manufacturing,_Z,Not applicable,_Z,Not applicable,_Z,Not applicable,LU,Luxembourgish residents,_Z,Not applicable,2010,,7.12,,0,Units,,,1,One,N05,"<b>Coverage:</b><p>Branches B-S;</p><p>Companies with 10 or more employees,</p><p><b>Note:</b></p><p>Public administration: covers only central government administration (CGPO)</p>"
DATAFLOW,LU1:DSD_ESS_2@DF_C1337(1.1),Employment: percentage by economic activity and residence/nationality,I,PC_EMP_RESID,Percentage of total employment by category of residence,SAL_INT,Domestic payroll employment,A4,Quadrennial,_Z,Not applicable,C,Manufacturing,_Z,Not applicable,_Z,Not applicable,_Z,Not applicable,LU,Luxembourgish residents,_Z,Not applicable,2014,,5.7,,0,Units,,,1,One,N05,"<b>Coverage:</b><p>Branches B-S;</p><p>Companies with 10 or more employees,</p><p><b>Note:</b></p><p>Public administration: covers only central government administration (CGPO)</p>"
DATAFLOW,LU1:DSD_ESS_2@DF_C1337(1.1),Employment: percentage by economic activity and residence/nationality,I,PC_EMP_RESID,Percentage of total employment by category of residence,SAL_INT,Domestic payroll employment,A4,Quadrennial,_Z,Not applicable,C,Manufacturing,_Z,Not applicable,_Z,Not applicable,_Z,Not applicable,LU,Luxembourgish residents,_Z,Not applicable,2018,,4.64,,0,Units,,,1,One,N05,"<b>Coverage:</b><p>Branches B-S;</p><p>Companies with 10 or more employees,</p><p><b>Note:</b></p><p>Public administration: covers only central government administration (CGPO)</p>"
DATAFLOW,LU1:DSD_ESS_2@DF_C1337(1.1),Employment: percentage by economic activity and residence/nationality,I,PC_EMP_RESID,Percentage of total employment by category of residence,SAL_INT,Domestic payroll employment,A4,Quadrennial,_Z,Not applicable,C,Manufacturing,_Z,Not applicable,_Z,Not applicable,_Z,Not applicable,LU,Luxembourgish residents,_Z,Not applicable,2022,,3.44,,0,Units,,,1,One,N05,"<b>Coverage:</b><p>Branches B-S;</p><p>Companies with 10 or more employees,</p><p><b>Note:</b></p><p>Public administration: covers only central government administration (CGPO)</p>"
DATAFLOW,LU1:DSD_ESS_2@DF_C1337(1.1),Employment: percentage by economic activity and residence/nationality,I,PC_EMP_RESID,Percentage of total employment by category of residence,SAL_INT,Domestic payroll employment,A4,Quadrennial,_Z,Not applicable,B-S,"Industry, construction and services (except activities of households as employers and extra-territorial organisations and bodies)",_Z,Not applicable,_Z,Not applicable,_Z,Not applicable,LU,Luxembourgish residents,_Z,Not applicable,2010,,100,,0,Units,,,1,One,N05,"<b>Coverage:</b><p>Branches B-S;</p><p>Companies with 10 or more employees,</p><p><b>Note:</b></p><p>Public administration: covers only central government administration (CGPO)</p>"
DATAFLOW,LU1:DSD_ESS_2@DF_C1337(1.1),Employment: percentage by economic activity and residence/nationality,I,PC_EMP_RESID,Percentage of total employment by category of residence,SAL_INT,Domestic payroll employment,A4,Quadrennial,_Z,Not applicable,B-S,"Industry, construction and services (except activities of households as employers and extra-territorial organisations and bodies)",_Z,Not applicable,_Z,Not applicable,_Z,Not applicable,LU,Luxembourgish residents,_Z,Not applicable,2022,,100,,0,Units,,,1,One,N05,"<b>Coverage:</b><p>Branches B-S;</p><p>Companies with 10 or more employees,</p><p><b>Note:</b></p><p>Public administration: covers only central government administration (CGPO)</p>"
DATAFLOW,LU1:DSD_ESS_2@DF_C1337(1.1),Employment: percentage by economic activity and residence/nationality,I,PC_EMP_RESID,Percentage of total employment by category of residence,SAL_INT,Domestic payroll employment,A4,Quadrennial,_Z,Not applicable,B,Mining and quarrying,_Z,Not applicable,_Z,Not applicable,_Z,Not applicable,LU,Luxembourgish residents,_Z,Not applicable,2010,,0.16,,0,Units,,,1,One,N05,"<b>Coverage:</b><p>Branches B-S;</p><p>Companies with 10 or more employees,</p><p><b>Note:</b></p><p>Public administration: covers only central government administration (CGPO)</p>"
DATAFLOW,LU1:DSD_ESS_2@DF_C1337(1.1),Employment: percentage by economic activity and residence/nationality,I,PC_EMP_RESID,Percentage of total employment by category of residence,SAL_INT,Domestic payroll employment,A4,Quadrennial,_Z,Not applicable,B,Mining and quarrying,_Z,Not applicable,_Z,Not applicable,_Z,Not applicable,LU,Luxembourgish residents,_Z,Not applicable,2014,,0.03,,0,Units,,,1,One,N05,"<b>Coverage:</b><p>Branches B-S;</p><p>Companies with 10 or more employees,</p><p><b>Note:</b></p><p>Public administration: covers only central government administration (CGPO)</p>"
DATAFLOW,LU1:DSD_ESS_2@DF_C1337(1.1),Employment: percentage by economic activity and residence/nationality,I,PC_EMP_RESID,Percentage of total employment by category of residence,SAL_INT,Domestic payroll employment,A4,Quadrennial,_Z,Not applicable,B,Mining and quarrying,_Z,Not applicable,_Z,Not applicable,_Z,Not applicable,LU,Luxembourgish residents,_Z,Not applicable,2018,,0.09,,0,Units,,,1,One,N05,"<b>Coverage:</b><p>Branches B-S;</p><p>Companies with 10 or more employees,</p><p><b>Note:</b></p><p>Public administration: covers only central government administration (CGPO)</p>"
DATAFLOW,LU1:DSD_ESS_2@DF_C1337(1.1),Employment: percentage by economic activity and residence/nationality,I,PC_EMP_RESID,Percentage of total employment by category of residence,SAL_INT,Domestic payroll employment,A4,Quadrennial,_Z,Not applicable,B,Mining and quarrying,_Z,Not applicable,_Z,Not applicable,_Z,Not applicable,LU,Luxembourgish residents,_Z,Not applicable,2022,,0.08,,0,Units,,,1,One,N05,"<b>Coverage:</b><p>Branches B-S;</p><p>Companies with 10 or more employees,</p><p><b>Note:</b></p><p>Public administration: covers only central government administration (CGPO)</p>"
DATAFLOW,LU1:DSD_ESS_2@DF_C1337(1.1),Employment: percentage by economic activity and residence/nationality,I,PC_EMP_RESID,Percentage of total employment by category of residence,SAL_INT,Domestic payroll employment,A4,Quadrennial,_Z,Not applicable,Q,Human health and social work activities,_Z,Not applicable,_Z,Not applicable,_Z,Not applicable,RES_FOR_ALL,Residents of foreign nationality (EU and non-EU),_Z,Not applicable,2010,,7.04,,0,Units,,,1,One,N05,"<b>Coverage:</b><p>Branches B-S;</p><p>Companies with 10 or more employees,</p><p><b>Note:</b></p><p>Public administration: covers only central government administration (CGPO)</p>"
DATAFLOW,LU1:DSD_ESS_2@DF_C1337(1.1),Employment: percentage by economic activity and residence/nationality,I,PC_EMP_RESID,Percentage of total employment by category of residence,SAL_INT,Domestic payroll employment,A4,Quadrennial,_Z,Not applicable,Q,Human health and social work activities,_Z,Not applicable,_Z,Not applicable,_Z,Not applicable,RES_FOR_ALL,Residents of foreign nationality (EU and non-EU),_Z,Not applicable,2014,,8.2,,0,Units,,,1,One,N05,"<b>Coverage:</b><p>Branches B-S;</p><p>Companies with 10 or more employees,</p><p><b>Note:</b></p><p>Public administration: covers only central government administration (CGPO)</p>"
DATAFLOW,LU1:DSD_ESS_2@DF_C1337(1.1),Employment: percentage by economic activity and residence/nationality,I,PC_EMP_RESID,Percentage of total employment by category of residence,SAL_INT,Domestic payroll employment,A4,Quadrennial,_Z,Not applicable,Q,Human health and social work activities,_Z,Not applicable,_Z,Not applicable,_Z,Not applicable,RES_FOR_ALL,Residents of foreign nationality (EU and non-EU),_Z,Not applicable,2018,,7.43,,0,Units,,,1,One,N05,"<b>Coverage:</b><p>Branches B-S;</p><p>Companies with 10 or more employees,</p><p><b>Note:</b></p><p>Public administration: covers only central government administration (CGPO)</p>"
DATAFLOW,LU1:DSD_ESS_2@DF_C1337(1.1),Employment: percentage by economic activity and residence/nationality,I,PC_EMP_RESID,Percentage of total employment by category of residence,SAL_INT,Domestic payroll employment,A4,Quadrennial,_Z,Not applicable,Q,Human health and social work activities,_Z,Not applicable,_Z,Not applicable,_Z,Not applicable,RES_FOR_ALL,Residents of foreign nationality (EU and non-EU),_Z,Not applicable,2022,,7.14,,0,Units,,,1,One,N05,"<b>Coverage:</b><p>Branches B-S;</p><p>Companies with 10 or more employees,</p><p><b>Note:</b></p><p>Public administration: covers only central government administration (CGPO)</p>"
DATAFLOW,LU1:DSD_ESS_2@DF_C1337(1.1),Employment: percentage by economic activity and residence/nationality,I,PC_EMP_RESID,Percentage of total employment by category of residence,SAL_INT,Domestic payroll employment,A4,Quadrennial,_Z,Not applicable,N,Administrative and support service activities,_Z,Not applicable,_Z,Not applicable,_Z,Not applicable,RES_FOR_ALL,Residents of foreign nationality (EU and non-EU),_Z,Not applicable,2010,,9.64,,0,Units,,,1,One,N05,"<b>Coverage:</b><p>Branches B-S;</p><p>Companies with 10 or more employees,</p><p><b>Note:</b></p><p>Public administration: covers only central government administration (CGPO)</p>"
DATAFLOW,LU1:DSD_ESS_2@DF_C1337(1.1),Employment: percentage by economic activity and residence/nationality,I,PC_EMP_RESID,Percentage of total employment by category of residence,SAL_INT,Domestic payroll employment,A4,Quadrennial,_Z,Not applicable,N,Administrative and support service activities,_Z,Not applicable,_Z,Not applicable,_Z,Not applicable,RES_FOR_ALL,Residents of foreign nationality (EU and non-EU),_Z,Not applicable,2014,,12.49,,0,Units,,,1,One,N05,"<b>Coverage:</b><p>Branches B-S;</p><p>Companies with 10 or more employees,</p><p><b>Note:</b></p><p>Public administration: covers only central government administration (CGPO)</p>"
DATAFLOW,LU1:DSD_ESS_2@DF_C1337(1.1),Employment: percentage by economic activity and residence/nationality,I,PC_EMP_RESID,Percentage of total employment by category of residence,SAL_INT,Domestic payroll employment,A4,Quadrennial,_Z,Not applicable,N,Administrative and support service activities,_Z,Not applicable,_Z,Not applicable,_Z,Not applicable,RES_FOR_ALL,Residents of foreign nationality (EU and non-EU),_Z,Not applicable,2018,,12.06,,0,Units,,,1,One,N05,"<b>Coverage:</b><p>Branches B-S;</p><p>Companies with 10 or more employees,</p><p><b>Note:</b></p><p>Public administration: covers only central government administration (CGPO)</p>"
DATAFLOW,LU1:DSD_ESS_2@DF_C1337(1.1),Employment: percentage by economic activity and residence/nationality,I,PC_EMP_RESID,Percentage of total employment by category of residence,SAL_INT,Domestic payroll employment,A4,Quadrennial,_Z,Not applicable,N,Administrative and support service activities,_Z,Not applicable,_Z,Not applicable,_Z,Not applicable,RES_FOR_ALL,Residents of foreign nationality (EU and non-EU),_Z,Not applicable,2022,,11.1,,0,Units,,,1,One,N05,"<b>Coverage:</b><p>Branches B-S;</p><p>Companies with 10 or more employees,</p><p><b>Note:</b></p><p>Public administration: covers only central government administration (CGPO)</p>"
DATAFLOW,LU1:DSD_ESS_2@DF_C1337(1.1),Employment: percentage by economic activity and residence/nationality,I,PC_EMP_RESID,Percentage of total employment by category of residence,SAL_INT,Domestic payroll employment,A4,Quadrennial,_Z,Not applicable,Q,Human health and social work activities,_Z,Not applicable,_Z,Not applicable,_Z,Not applicable,_T,Total,_Z,Not applicable,2010,,8.77,,0,Units,,,1,One,N05,"<b>Coverage:</b><p>Branches B-S;</p><p>Companies with 10 or more employees,</p><p><b>Note:</b></p><p>Public administration: covers only central government administration (CGPO)</p>"
DATAFLOW,LU1:DSD_ESS_2@DF_C1337(1.1),Employment: percentage by economic activity and residence/nationality,I,PC_EMP_RESID,Percentage of total employment by category of residence,SAL_INT,Domestic payroll employment,A4,Quadrennial,_Z,Not applicable,Q,Human health and social work activities,_Z,Not applicable,_Z,Not applicable,_Z,Not applicable,_T,Total,_Z,Not applicable,2014,,10.57,,0,Units,,,1,One,N05,"<b>Coverage:</b><p>Branches B-S;</p><p>Companies with 10 or more employees,</p><p><b>Note:</b></p><p>Public administration: covers only central government administration (CGPO)</p>"
DATAFLOW,LU1:DSD_ESS_2@DF_C1337(1.1),Employment: percentage by economic activity and residence/nationality,I,PC_EMP_RESID,Percentage of total employment by category of residence,SAL_INT,Domestic payroll employment,A4,Quadrennial,_Z,Not applicable,Q,Human health and social work activities,_Z,Not applicable,_Z,Not applicable,_Z,Not applicable,_T,Total,_Z,Not applicable,2018,,10.06,,0,Units,,,1,One,N05,"<b>Coverage:</b><p>Branches B-S;</p><p>Companies with 10 or more employees,</p><p><b>Note:</b></p><p>Public administration: covers only central government administration (CGPO)</p>"
DATAFLOW,LU1:DSD_ESS_2@DF_C1337(1.1),Employment: percentage by economic activity and residence/nationality,I,PC_EMP_RESID,Percentage of total employment by category of residence,SAL_INT,Domestic payroll employment,A4,Quadrennial,_Z,Not applicable,Q,Human health and social work activities,_Z,Not applicable,_Z,Not applicable,_Z,Not applicable,_T,Total,_Z,Not applicable,2022,,10.58,,0,Units,,,1,One,N05,"<b>Coverage:</b><p>Branches B-S;</p><p>Companies with 10 or more employees,</p><p><b>Note:</b></p><p>Public administration: covers only central government administration (CGPO)</p>"
DATAFLOW,LU1:DSD_ESS_2@DF_C1337(1.1),Employment: percentage by economic activity and residence/nationality,I,PC_EMP_NACE,Percentage of total branch employment,SAL_INT,Domestic payroll employment,A4,Quadrennial,_Z,Not applicable,K,Financial and insurance activities,_Z,Not applicable,_Z,Not applicable,_Z,Not applicable,LU,Luxembourgish residents,_Z,Not applicable,2010,,21.2,,0,Units,,,1,One,N05,"<b>Coverage:</b><p>Branches B-S;</p><p>Companies with 10 or more employees,</p><p><b>Note:</b></p><p>Public administration: covers only central government administration (CGPO)</p>"
DATAFLOW,LU1:DSD_ESS_2@DF_C1337(1.1),Employment: percentage by economic activity and residence/nationality,I,PC_EMP_NACE,Percentage of total branch employment,SAL_INT,Domestic payroll employment,A4,Quadrennial,_Z,Not applicable,K,Financial and insurance activities,_Z,Not applicable,_Z,Not applicable,_Z,Not applicable,LU,Luxembourgish residents,_Z,Not applicable,2014,,20.9,,0,Units,,,1,One,N05,"<b>Coverage:</b><p>Branches B-S;</p><p>Companies with 10 or more employees,</p><p><b>Note:</b></p><p>Public administration: covers only central government administration (CGPO)</p>"
DATAFLOW,LU1:DSD_ESS_2@DF_C1337(1.1),Employment: percentage by economic activity and residence/nationality,I,PC_EMP_NACE,Percentage of total branch employment,SAL_INT,Domestic payroll employment,A4,Quadrennial,_Z,Not applicable,K,Financial and insurance activities,_Z,Not applicable,_Z,Not applicable,_Z,Not applicable,LU,Luxembourgish residents,_Z,Not applicable,2018,,19.3,,0,Units,,,1,One,N05,"<b>Coverage:</b><p>Branches B-S;</p><p>Companies with 10 or more employees,</p><p><b>Note:</b></p><p>Public administration: covers only central government administration (CGPO)</p>"
DATAFLOW,LU1:DSD_ESS_2@DF_C1337(1.1),Employment: percentage by economic activity and residence/nationality,I,PC_EMP_NACE,Percentage of total branch employment,SAL_INT,Domestic payroll employment,A4,Quadrennial,_Z,Not applicable,K,Financial and insurance activities,_Z,Not applicable,_Z,Not applicable,_Z,Not applicable,LU,Luxembourgish residents,_Z,Not applicable,2022,,17.8,,0,Units,,,1,One,N05,"<b>Coverage:</b><p>Branches B-S;</p><p>Companies with 10 or more employees,</p><p><b>Note:</b></p><p>Public administration: covers only central government administration (CGPO)</p>"
DATAFLOW,LU1:DSD_ESS_2@DF_C1337(1.1),Employment: percentage by economic activity and residence/nationality,I,PC_EMP_RESID,Percentage of total employment by category of residence,SAL_INT,Domestic payroll employment,A4,Quadrennial,_Z,Not applicable,L,Real estate activities,_Z,Not applicable,_Z,Not applicable,_Z,Not applicable,LU,Luxembourgish residents,_Z,Not applicable,2010,,0.2,,0,Units,,,1,One,N05,"<b>Coverage:</b><p>Branches B-S;</p><p>Companies with 10 or more employees,</p><p><b>Note:</b></p><p>Public administration: covers only central government administration (CGPO)</p>"
DATAFLOW,LU1:DSD_ESS_2@DF_C1337(1.1),Employment: percentage by economic activity and residence/nationality,I,PC_EMP_RESID,Percentage of total employment by category of residence,SAL_INT,Domestic payroll employment,A4,Quadrennial,_Z,Not applicable,L,Real estate activities,_Z,Not applicable,_Z,Not applicable,_Z,Not applicable,LU,Luxembourgish residents,_Z,Not applicable,2014,,0.21,,0,Units,,,1,One,N05,"<b>Coverage:</b><p>Branches B-S;</p><p>Companies with 10 or more employees,</p><p><b>Note:</b></p><p>Public administration: covers only central government administration (CGPO)</p>"
DATAFLOW,LU1:DSD_ESS_2@DF_C1337(1.1),Employment: percentage by economic activity and residence/nationality,I,PC_EMP_RESID,Percentage of total employment by category of residence,SAL_INT,Domestic payroll employment,A4,Quadrennial,_Z,Not applicable,L,Real estate activities,_Z,Not applicable,_Z,Not applicable,_Z,Not applicable,LU,Luxembourgish residents,_Z,Not applicable,2018,,0.33,,0,Units,,,1,One,N05,"<b>Coverage:</b><p>Branches B-S;</p><p>Companies with 10 or more employees,</p><p><b>Note:</b></p><p>Public administration: covers only central government administration (CGPO)</p>"
DATAFLOW,LU1:DSD_ESS_2@DF_C1337(1.1),Employment: percentage by economic activity and residence/nationality,I,PC_EMP_RESID,Percentage of total employment by category of residence,SAL_INT,Domestic payroll employment,A4,Quadrennial,_Z,Not applicable,L,Real estate activities,_Z,Not applicable,_Z,Not applicable,_Z,Not applicable,LU,Luxembourgish residents,_Z,Not applicable,2022,,0.66,,0,Units,,,1,One,N05,"<b>Coverage:</b><p>Branches B-S;</p><p>Companies with 10 or more employees,</p><p><b>Note:</b></p><p>Public administration: covers only central government administration (CGPO)</p>"
DATAFLOW,LU1:DSD_ESS_2@DF_C1337(1.1),Employment: percentage by economic activity and residence/nationality,I,PC_EMP_NACE,Percentage of total branch employment,SAL_INT,Domestic payroll employment,A4,Quadrennial,_Z,Not applicable,L,Real estate activities,_Z,Not applicable,_Z,Not applicable,_Z,Not applicable,RES_FOR_ALL,Residents of foreign nationality (EU and non-EU),_Z,Not applicable,2010,,35.3,,0,Units,,,1,One,N05,"<b>Coverage:</b><p>Branches B-S;</p><p>Companies with 10 or more employees,</p><p><b>Note:</b></p><p>Public administration: covers only central government administration (CGPO)</p>"
DATAFLOW,LU1:DSD_ESS_2@DF_C1337(1.1),Employment: percentage by economic activity and residence/nationality,I,PC_EMP_NACE,Percentage of total branch employment,SAL_INT,Domestic payroll employment,A4,Quadrennial,_Z,Not applicable,L,Real estate activities,_Z,Not applicable,_Z,Not applicable,_Z,Not applicable,RES_FOR_ALL,Residents of foreign nationality (EU and non-EU),_Z,Not applicable,2014,,25.2,,0,Units,,,1,One,N05,"<b>Coverage:</b><p>Branches B-S;</p><p>Companies with 10 or more employees,</p><p><b>Note:</b></p><p>Public administration: covers only central government administration (CGPO)</p>"
DATAFLOW,LU1:DSD_ESS_2@DF_C1337(1.1),Employment: percentage by economic activity and residence/nationality,I,PC_EMP_NACE,Percentage of total branch employment,SAL_INT,Domestic payroll employment,A4,Quadrennial,_Z,Not applicable,L,Real estate activities,_Z,Not applicable,_Z,Not applicable,_Z,Not applicable,RES_FOR_ALL,Residents of foreign nationality (EU and non-EU),_Z,Not applicable,2018,,36.2,,0,Units,,,1,One,N05,"<b>Coverage:</b><p>Branches B-S;</p><p>Companies with 10 or more employees,</p><p><b>Note:</b></p><p>Public administration: covers only central government administration (CGPO)</p>"
DATAFLOW,LU1:DSD_ESS_2@DF_C1337(1.1),Employment: percentage by economic activity and residence/nationality,I,PC_EMP_NACE,Percentage of total branch employment,SAL_INT,Domestic payroll employment,A4,Quadrennial,_Z,Not applicable,L,Real estate activities,_Z,Not applicable,_Z,Not applicable,_Z,Not applicable,RES_FOR_ALL,Residents of foreign nationality (EU and non-EU),_Z,Not applicable,2022,,27.5,,0,Units,,,1,One,N05,"<b>Coverage:</b><p>Branches B-S;</p><p>Companies with 10 or more employees,</p><p><b>Note:</b></p><p>Public administration: covers only central government administration (CGPO)</p>"
DATAFLOW,LU1:DSD_ESS_2@DF_C1337(1.1),Employment: percentage by economic activity and residence/nationality,I,PC_EMP_NACE,Percentage of total branch employment,SAL_INT,Domestic payroll employment,A4,Quadrennial,_Z,Not applicable,I,Accommodation and food service activities,_Z,Not applicable,_Z,Not applicable,_Z,Not applicable,_T_F,Total cross-border,_Z,Not applicable,2010,,46.2,,0,Units,,,1,One,N05,"<b>Coverage:</b><p>Branches B-S;</p><p>Companies with 10 or more employees,</p><p><b>Note:</b></p><p>Public administration: covers only central government administration (CGPO)</p>"
DATAFLOW,LU1:DSD_ESS_2@DF_C1337(1.1),Employment: percentage by economic activity and residence/nationality,I,PC_EMP_NACE,Percentage of total branch employment,SAL_INT,Domestic payroll employment,A4,Quadrennial,_Z,Not applicable,I,Accommodation and food service activities,_Z,Not applicable,_Z,Not applicable,_Z,Not applicable,_T_F,Total cross-border,_Z,Not applicable,2014,,43.2,,0,Units,,,1,One,N05,"<b>Coverage:</b><p>Branches B-S;</p><p>Companies with 10 or more employees,</p><p><b>Note:</b></p><p>Public administration: covers only central government administration (CGPO)</p>"
DATAFLOW,LU1:DSD_ESS_2@DF_C1337(1.1),Employment: percentage by economic activity and residence/nationality,I,PC_EMP_NACE,Percentage of total branch employment,SAL_INT,Domestic payroll employment,A4,Quadrennial,_Z,Not applicable,I,Accommodation and food service activities,_Z,Not applicable,_Z,Not applicable,_Z,Not applicable,_T_F,Total cross-border,_Z,Not applicable,2018,,44.1,,0,Units,,,1,One,N05,"<b>Coverage:</b><p>Branches B-S;</p><p>Companies with 10 or more employees,</p><p><b>Note:</b></p><p>Public administration: covers only central government administration (CGPO)</p>"
DATAFLOW,LU1:DSD_ESS_2@DF_C1337(1.1),Employment: percentage by economic activity and residence/nationality,I,PC_EMP_NACE,Percentage of total branch employment,SAL_INT,Domestic payroll employment,A4,Quadrennial,_Z,Not applicable,I,Accommodation and food service activities,_Z,Not applicable,_Z,Not applicable,_Z,Not applicable,_T_F,Total cross-border,_Z,Not applicable,2022,,46.7,,0,Units,,,1,One,N05,"<b>Coverage:</b><p>Branches B-S;</p><p>Companies with 10 or more employees,</p><p><b>Note:</b></p><p>Public administration: covers only central government administration (CGPO)</p>"
DATAFLOW,LU1:DSD_ESS_2@DF_C1337(1.1),Employment: percentage by economic activity and residence/nationality,I,PC_EMP_NACE,Percentage of total branch employment,SAL_INT,Domestic payroll employment,A4,Quadrennial,_Z,Not applicable,D,"Electricity, gas, steam and air conditionning supply",_Z,Not applicable,_Z,Not applicable,_Z,Not applicable,_T_F,Total cross-border,_Z,Not applicable,2010,,14.1,,0,Units,,,1,One,N05,"<b>Coverage:</b><p>Branches B-S;</p><p>Companies with 10 or more employees,</p><p><b>Note:</b></p><p>Public administration: covers only central government administration (CGPO)</p>"
DATAFLOW,LU1:DSD_ESS_2@DF_C1337(1.1),Employment: percentage by economic activity and residence/nationality,I,PC_EMP_NACE,Percentage of total branch employment,SAL_INT,Domestic payroll employment,A4,Quadrennial,_Z,Not applicable,D,"Electricity, gas, steam and air conditionning supply",_Z,Not applicable,_Z,Not applicable,_Z,Not applicable,_T_F,Total cross-border,_Z,Not applicable,2014,,14.8,,0,Units,,,1,One,N05,"<b>Coverage:</b><p>Branches B-S;</p><p>Companies with 10 or more employees,</p><p><b>Note:</b></p><p>Public administration: covers only central government administration (CGPO)</p>"
DATAFLOW,LU1:DSD_ESS_2@DF_C1337(1.1),Employment: percentage by economic activity and residence/nationality,I,PC_EMP_NACE,Percentage of total branch employment,SAL_INT,Domestic payroll employment,A4,Quadrennial,_Z,Not applicable,D,"Electricity, gas, steam and air conditionning supply",_Z,Not applicable,_Z,Not applicable,_Z,Not applicable,_T_F,Total cross-border,_Z,Not applicable,2018,,24.6,,0,Units,,,1,One,N05,"<b>Coverage:</b><p>Branches B-S;</p><p>Companies with 10 or more employees,</p><p><b>Note:</b></p><p>Public administration: covers only central government administration (CGPO)</p>"
DATAFLOW,LU1:DSD_ESS_2@DF_C1337(1.1),Employment: percentage by economic activity and residence/nationality,I,PC_EMP_NACE,Percentage of total branch employment,SAL_INT,Domestic payroll employment,A4,Quadrennial,_Z,Not applicable,D,"Electricity, gas, steam and air conditionning supply",_Z,Not applicable,_Z,Not applicable,_Z,Not applicable,_T_F,Total cross-border,_Z,Not applicable,2022,,33,,0,Units,,,1,One,N05,"<b>Coverage:</b><p>Branches B-S;</p><p>Companies with 10 or more employees,</p><p><b>Note:</b></p><p>Public administration: covers only central government administration (CGPO)</p>"
DATAFLOW,LU1:DSD_ESS_2@DF_C1337(1.1),Employment: percentage by economic activity and residence/nationality,I,PC_EMP_NACE,Percentage of total branch employment,SAL_INT,Domestic payroll employment,A4,Quadrennial,_Z,Not applicable,J,Information and communication,_Z,Not applicable,_Z,Not applicable,_Z,Not applicable,RES_FOR_ALL,Residents of foreign nationality (EU and non-EU),_Z,Not applicable,2010,,19.4,,0,Units,,,1,One,N05,"<b>Coverage:</b><p>Branches B-S;</p><p>Companies with 10 or more employees,</p><p><b>Note:</b></p><p>Public administration: covers only central government administration (CGPO)</p>"
DATAFLOW,LU1:DSD_ESS_2@DF_C1337(1.1),Employment: percentage by economic activity and residence/nationality,I,PC_EMP_NACE,Percentage of total branch employment,SAL_INT,Domestic payroll employment,A4,Quadrennial,_Z,Not applicable,J,Information and communication,_Z,Not applicable,_Z,Not applicable,_Z,Not applicable,RES_FOR_ALL,Residents of foreign nationality (EU and non-EU),_Z,Not applicable,2014,,25.4,,0,Units,,,1,One,N05,"<b>Coverage:</b><p>Branches B-S;</p><p>Companies with 10 or more employees,</p><p><b>Note:</b></p><p>Public administration: covers only central government administration (CGPO)</p>"
DATAFLOW,LU1:DSD_ESS_2@DF_C1337(1.1),Employment: percentage by economic activity and residence/nationality,I,PC_EMP_NACE,Percentage of total branch employment,SAL_INT,Domestic payroll employment,A4,Quadrennial,_Z,Not applicable,J,Information and communication,_Z,Not applicable,_Z,Not applicable,_Z,Not applicable,RES_FOR_ALL,Residents of foreign nationality (EU and non-EU),_Z,Not applicable,2018,,28.1,,0,Units,,,1,One,N05,"<b>Coverage:</b><p>Branches B-S;</p><p>Companies with 10 or more employees,</p><p><b>Note:</b></p><p>Public administration: covers only central government administration (CGPO)</p>"
DATAFLOW,LU1:DSD_ESS_2@DF_C1337(1.1),Employment: percentage by economic activity and residence/nationality,I,PC_EMP_NACE,Percentage of total branch employment,SAL_INT,Domestic payroll employment,A4,Quadrennial,_Z,Not applicable,J,Information and communication,_Z,Not applicable,_Z,Not applicable,_Z,Not applicable,RES_FOR_ALL,Residents of foreign nationality (EU and non-EU),_Z,Not applicable,2022,,29.5,,0,Units,,,1,One,N05,"<b>Coverage:</b><p>Branches B-S;</p><p>Companies with 10 or more employees,</p><p><b>Note:</b></p><p>Public administration: covers only central government administration (CGPO)</p>"
DATAFLOW,LU1:DSD_ESS_2@DF_C1337(1.1),Employment: percentage by economic activity and residence/nationality,I,PC_EMP_RESID,Percentage of total employment by category of residence,SAL_INT,Domestic payroll employment,A4,Quadrennial,_Z,Not applicable,K,Financial and insurance activities,_Z,Not applicable,_Z,Not applicable,_Z,Not applicable,_T_F,Total cross-border,_Z,Not applicable,2010,,14.84,,0,Units,,,1,One,N05,"<b>Coverage:</b><p>Branches B-S;</p><p>Companies with 10 or more employees,</p><p><b>Note:</b></p><p>Public administration: covers only central government administration (CGPO)</p>"
DATAFLOW,LU1:DSD_ESS_2@DF_C1337(1.1),Employment: percentage by economic activity and residence/nationality,I,PC_EMP_RESID,Percentage of total employment by category of residence,SAL_INT,Domestic payroll employment,A4,Quadrennial,_Z,Not applicable,K,Financial and insurance activities,_Z,Not applicable,_Z,Not applicable,_Z,Not applicable,_T_F,Total cross-border,_Z,Not applicable,2014,,13.63,,0,Units,,,1,One,N05,"<b>Coverage:</b><p>Branches B-S;</p><p>Companies with 10 or more employees,</p><p><b>Note:</b></p><p>Public administration: covers only central government administration (CGPO)</p>"
DATAFLOW,LU1:DSD_ESS_2@DF_C1337(1.1),Employment: percentage by economic activity and residence/nationality,I,PC_EMP_RESID,Percentage of total employment by category of residence,SAL_INT,Domestic payroll employment,A4,Quadrennial,_Z,Not applicable,K,Financial and insurance activities,_Z,Not applicable,_Z,Not applicable,_Z,Not applicable,_T_F,Total cross-border,_Z,Not applicable,2018,,12.94,,0,Units,,,1,One,N05,"<b>Coverage:</b><p>Branches B-S;</p><p>Companies with 10 or more employees,</p><p><b>Note:</b></p><p>Public administration: covers only central government administration (CGPO)</p>"
DATAFLOW,LU1:DSD_ESS_2@DF_C1337(1.1),Employment: percentage by economic activity and residence/nationality,I,PC_EMP_RESID,Percentage of total employment by category of residence,SAL_INT,Domestic payroll employment,A4,Quadrennial,_Z,Not applicable,K,Financial and insurance activities,_Z,Not applicable,_Z,Not applicable,_Z,Not applicable,_T_F,Total cross-border,_Z,Not applicable,2022,,11.9,,0,Units,,,1,One,N05,"<b>Coverage:</b><p>Branches B-S;</p><p>Companies with 10 or more employees,</p><p><b>Note:</b></p><p>Public administration: covers only central government administration (CGPO)</p>"
DATAFLOW,LU1:DSD_ESS_2@DF_C1337(1.1),Employment: percentage by economic activity and residence/nationality,I,PC_EMP_RESID,Percentage of total employment by category of residence,SAL_INT,Domestic payroll employment,A4,Quadrennial,_Z,Not applicable,B-S,"Industry, construction and services (except activities of households as employers and extra-territorial organisations and bodies)",_Z,Not applicable,_Z,Not applicable,_Z,Not applicable,_T_F,Total cross-border,_Z,Not applicable,2010,,100,,0,Units,,,1,One,N05,"<b>Coverage:</b><p>Branches B-S;</p><p>Companies with 10 or more employees,</p><p><b>Note:</b></p><p>Public administration: covers only central government administration (CGPO)</p>"
DATAFLOW,LU1:DSD_ESS_2@DF_C1337(1.1),Employment: percentage by economic activity and residence/nationality,I,PC_EMP_RESID,Percentage of total employment by category of residence,SAL_INT,Domestic payroll employment,A4,Quadrennial,_Z,Not applicable,B-S,"Industry, construction and services (except activities of households as employers and extra-territorial organisations and bodies)",_Z,Not applicable,_Z,Not applicable,_Z,Not applicable,_T_F,Total cross-border,_Z,Not applicable,2022,,100,,0,Units,,,1,One,N05,"<b>Coverage:</b><p>Branches B-S;</p><p>Companies with 10 or more employees,</p><p><b>Note:</b></p><p>Public administration: covers only central government administration (CGPO)</p>"
DATAFLOW,LU1:DSD_ESS_2@DF_C1337(1.1),Employment: percentage by economic activity and residence/nationality,I,PC_EMP_RESID,Percentage of total employment by category of residence,SAL_INT,Domestic payroll employment,A4,Quadrennial,_Z,Not applicable,M,"Professional, scientific and technical activities",_Z,Not applicable,_Z,Not applicable,_Z,Not applicable,_T_F,Total cross-border,_Z,Not applicable,2010,,7.79,,0,Units,,,1,One,N05,"<b>Coverage:</b><p>Branches B-S;</p><p>Companies with 10 or more employees,</p><p><b>Note:</b></p><p>Public administration: covers only central government administration (CGPO)</p>"
DATAFLOW,LU1:DSD_ESS_2@DF_C1337(1.1),Employment: percentage by economic activity and residence/nationality,I,PC_EMP_RESID,Percentage of total employment by category of residence,SAL_INT,Domestic payroll employment,A4,Quadrennial,_Z,Not applicable,M,"Professional, scientific and technical activities",_Z,Not applicable,_Z,Not applicable,_Z,Not applicable,_T_F,Total cross-border,_Z,Not applicable,2014,,9.23,,0,Units,,,1,One,N05,"<b>Coverage:</b><p>Branches B-S;</p><p>Companies with 10 or more employees,</p><p><b>Note:</b></p><p>Public administration: covers only central government administration (CGPO)</p>"
DATAFLOW,LU1:DSD_ESS_2@DF_C1337(1.1),Employment: percentage by economic activity and residence/nationality,I,PC_EMP_RESID,Percentage of total employment by category of residence,SAL_INT,Domestic payroll employment,A4,Quadrennial,_Z,Not applicable,M,"Professional, scientific and technical activities",_Z,Not applicable,_Z,Not applicable,_Z,Not applicable,_T_F,Total cross-border,_Z,Not applicable,2018,,9.57,,0,Units,,,1,One,N05,"<b>Coverage:</b><p>Branches B-S;</p><p>Companies with 10 or more employees,</p><p><b>Note:</b></p><p>Public administration: covers only central government administration (CGPO)</p>"
DATAFLOW,LU1:DSD_ESS_2@DF_C1337(1.1),Employment: percentage by economic activity and residence/nationality,I,PC_EMP_RESID,Percentage of total employment by category of residence,SAL_INT,Domestic payroll employment,A4,Quadrennial,_Z,Not applicable,M,"Professional, scientific and technical activities",_Z,Not applicable,_Z,Not applicable,_Z,Not applicable,_T_F,Total cross-border,_Z,Not applicable,2022,,9.66,,0,Units,,,1,One,N05,"<b>Coverage:</b><p>Branches B-S;</p><p>Companies with 10 or more employees,</p><p><b>Note:</b></p><p>Public administration: covers only central government administration (CGPO)</p>"
DATAFLOW,LU1:DSD_ESS_2@DF_C1337(1.1),Employment: percentage by economic activity and residence/nationality,I,PC_EMP_RESID,Percentage of total employment by category of residence,SAL_INT,Domestic payroll employment,A4,Quadrennial,_Z,Not applicable,O,Public administration and defence; compulsory social security public,_Z,Not applicable,_Z,Not applicable,_Z,Not applicable,RES_FOR_ALL,Residents of foreign nationality (EU and non-EU),_Z,Not applicable,2010,,0.63,,0,Units,,,1,One,N05,"<b>Coverage:</b><p>Branches B-S;</p><p>Companies with 10 or more employees,</p><p><b>Note:</b></p><p>Public administration: covers only central government administration (CGPO)</p>"
DATAFLOW,LU1:DSD_ESS_2@DF_C1337(1.1),Employment: percentage by economic activity and residence/nationality,I,PC_EMP_RESID,Percentage of total employment by category of residence,SAL_INT,Domestic payroll employment,A4,Quadrennial,_Z,Not applicable,O,Public administration and defence; compulsory social security public,_Z,Not applicable,_Z,Not applicable,_Z,Not applicable,RES_FOR_ALL,Residents of foreign nationality (EU and non-EU),_Z,Not applicable,2014,,0.43,,0,Units,,,1,One,N05,"<b>Coverage:</b><p>Branches B-S;</p><p>Companies with 10 or more employees,</p><p><b>Note:</b></p><p>Public administration: covers only central government administration (CGPO)</p>"
DATAFLOW,LU1:DSD_ESS_2@DF_C1337(1.1),Employment: percentage by economic activity and residence/nationality,I,PC_EMP_RESID,Percentage of total employment by category of residence,SAL_INT,Domestic payroll employment,A4,Quadrennial,_Z,Not applicable,O,Public administration and defence; compulsory social security public,_Z,Not applicable,_Z,Not applicable,_Z,Not applicable,RES_FOR_ALL,Residents of foreign nationality (EU and non-EU),_Z,Not applicable,2018,,0.46,,0,Units,,,1,One,N05,"<b>Coverage:</b><p>Branches B-S;</p><p>Companies with 10 or more employees,</p><p><b>Note:</b></p><p>Public administration: covers only central government administration (CGPO)</p>"
DATAFLOW,LU1:DSD_ESS_2@DF_C1337(1.1),Employment: percentage by economic activity and residence/nationality,I,PC_EMP_RESID,Percentage of total employment by category of residence,SAL_INT,Domestic payroll employment,A4,Quadrennial,_Z,Not applicable,O,Public administration and defence; compulsory social security public,_Z,Not applicable,_Z,Not applicable,_Z,Not applicable,RES_FOR_ALL,Residents of foreign nationality (EU and non-EU),_Z,Not applicable,2022,,0.86,,0,Units,,,1,One,N05,"<b>Coverage:</b><p>Branches B-S;</p><p>Companies with 10 or more employees,</p><p><b>Note:</b></p><p>Public administration: covers only central government administration (CGPO)</p>"
DATAFLOW,LU1:DSD_ESS_2@DF_C1337(1.1),Employment: percentage by economic activity and residence/nationality,I,PC_EMP_RESID,Percentage of total employment by category of residence,SAL_INT,Domestic payroll employment,A4,Quadrennial,_Z,Not applicable,R,"Arts, entertainment, and recreational activities",_Z,Not applicable,_Z,Not applicable,_Z,Not applicable,LU,Luxembourgish residents,_Z,Not applicable,2010,,0.42,,0,Units,,,1,One,N05,"<b>Coverage:</b><p>Branches B-S;</p><p>Companies with 10 or more employees,</p><p><b>Note:</b></p><p>Public administration: covers only central government administration (CGPO)</p>"
DATAFLOW,LU1:DSD_ESS_2@DF_C1337(1.1),Employment: percentage by economic activity and residence/nationality,I,PC_EMP_RESID,Percentage of total employment by category of residence,SAL_INT,Domestic payroll employment,A4,Quadrennial,_Z,Not applicable,R,"Arts, entertainment, and recreational activities",_Z,Not applicable,_Z,Not applicable,_Z,Not applicable,LU,Luxembourgish residents,_Z,Not applicable,2014,,0.8,,0,Units,,,1,One,N05,"<b>Coverage:</b><p>Branches B-S;</p><p>Companies with 10 or more employees,</p><p><b>Note:</b></p><p>Public administration: covers only central government administration (CGPO)</p>"
DATAFLOW,LU1:DSD_ESS_2@DF_C1337(1.1),Employment: percentage by economic activity and residence/nationality,I,PC_EMP_RESID,Percentage of total employment by category of residence,SAL_INT,Domestic payroll employment,A4,Quadrennial,_Z,Not applicable,R,"Arts, entertainment, and recreational activities",_Z,Not applicable,_Z,Not applicable,_Z,Not applicable,LU,Luxembourgish residents,_Z,Not applicable,2018,,1.21,,0,Units,,,1,One,N05,"<b>Coverage:</b><p>Branches B-S;</p><p>Companies with 10 or more employees,</p><p><b>Note:</b></p><p>Public administration: covers only central government administration (CGPO)</p>"
DATAFLOW,LU1:DSD_ESS_2@DF_C1337(1.1),Employment: percentage by economic activity and residence/nationality,I,PC_EMP_RESID,Percentage of total employment by category of residence,SAL_INT,Domestic payroll employment,A4,Quadrennial,_Z,Not applicable,R,"Arts, entertainment, and recreational activities",_Z,Not applicable,_Z,Not applicable,_Z,Not applicable,LU,Luxembourgish residents,_Z,Not applicable,2022,,1.86,,0,Units,,,1,One,N05,"<b>Coverage:</b><p>Branches B-S;</p><p>Companies with 10 or more employees,</p><p><b>Note:</b></p><p>Public administration: covers only central government administration (CGPO)</p>"
DATAFLOW,LU1:DSD_ESS_2@DF_C1337(1.1),Employment: percentage by economic activity and residence/nationality,I,PC_EMP_NACE,Percentage of total branch employment,SAL_INT,Domestic payroll employment,A4,Quadrennial,_Z,Not applicable,M,"Professional, scientific and technical activities",_Z,Not applicable,_Z,Not applicable,_Z,Not applicable,_T,Total,_Z,Not applicable,2010,,100,,0,Units,,,1,One,N05,"<b>Coverage:</b><p>Branches B-S;</p><p>Companies with 10 or more employees,</p><p><b>Note:</b></p><p>Public administration: covers only central government administration (CGPO)</p>"
DATAFLOW,LU1:DSD_ESS_2@DF_C1337(1.1),Employment: percentage by economic activity and residence/nationality,I,PC_EMP_NACE,Percentage of total branch employment,SAL_INT,Domestic payroll employment,A4,Quadrennial,_Z,Not applicable,M,"Professional, scientific and technical activities",_Z,Not applicable,_Z,Not applicable,_Z,Not applicable,_T,Total,_Z,Not applicable,2014,,100,,0,Units,,,1,One,N05,"<b>Coverage:</b><p>Branches B-S;</p><p>Companies with 10 or more employees,</p><p><b>Note:</b></p><p>Public administration: covers only central government administration (CGPO)</p>"
DATAFLOW,LU1:DSD_ESS_2@DF_C1337(1.1),Employment: percentage by economic activity and residence/nationality,I,PC_EMP_NACE,Percentage of total branch employment,SAL_INT,Domestic payroll employment,A4,Quadrennial,_Z,Not applicable,M,"Professional, scientific and technical activities",_Z,Not applicable,_Z,Not applicable,_Z,Not applicable,_T,Total,_Z,Not applicable,2018,,100,,0,Units,,,1,One,N05,"<b>Coverage:</b><p>Branches B-S;</p><p>Companies with 10 or more employees,</p><p><b>Note:</b></p><p>Public administration: covers only central government administration (CGPO)</p>"
DATAFLOW,LU1:DSD_ESS_2@DF_C1337(1.1),Employment: percentage by economic activity and residence/nationality,I,PC_EMP_NACE,Percentage of total branch employment,SAL_INT,Domestic payroll employment,A4,Quadrennial,_Z,Not applicable,M,"Professional, scientific and technical activities",_Z,Not applicable,_Z,Not applicable,_Z,Not applicable,_T,Total,_Z,Not applicable,2022,,100,,0,Units,,,1,One,N05,"<b>Coverage:</b><p>Branches B-S;</p><p>Companies with 10 or more employees,</p><p><b>Note:</b></p><p>Public administration: covers only central government administration (CGPO)</p>"
DATAFLOW,LU1:DSD_ESS_2@DF_C1337(1.1),Employment: percentage by economic activity and residence/nationality,I,PC_EMP_NACE,Percentage of total branch employment,SAL_INT,Domestic payroll employment,A4,Quadrennial,_Z,Not applicable,C,Manufacturing,_Z,Not applicable,_Z,Not applicable,_Z,Not applicable,RES_FOR_ALL,Residents of foreign nationality (EU and non-EU),_Z,Not applicable,2010,,18,,0,Units,,,1,One,N05,"<b>Coverage:</b><p>Branches B-S;</p><p>Companies with 10 or more employees,</p><p><b>Note:</b></p><p>Public administration: covers only central government administration (CGPO)</p>"
DATAFLOW,LU1:DSD_ESS_2@DF_C1337(1.1),Employment: percentage by economic activity and residence/nationality,I,PC_EMP_NACE,Percentage of total branch employment,SAL_INT,Domestic payroll employment,A4,Quadrennial,_Z,Not applicable,C,Manufacturing,_Z,Not applicable,_Z,Not applicable,_Z,Not applicable,RES_FOR_ALL,Residents of foreign nationality (EU and non-EU),_Z,Not applicable,2014,,20.7,,0,Units,,,1,One,N05,"<b>Coverage:</b><p>Branches B-S;</p><p>Companies with 10 or more employees,</p><p><b>Note:</b></p><p>Public administration: covers only central government administration (CGPO)</p>"
DATAFLOW,LU1:DSD_ESS_2@DF_C1337(1.1),Employment: percentage by economic activity and residence/nationality,I,PC_EMP_NACE,Percentage of total branch employment,SAL_INT,Domestic payroll employment,A4,Quadrennial,_Z,Not applicable,C,Manufacturing,_Z,Not applicable,_Z,Not applicable,_Z,Not applicable,RES_FOR_ALL,Residents of foreign nationality (EU and non-EU),_Z,Not applicable,2018,,19.9,,0,Units,,,1,One,N05,"<b>Coverage:</b><p>Branches B-S;</p><p>Companies with 10 or more employees,</p><p><b>Note:</b></p><p>Public administration: covers only central government administration (CGPO)</p>"
DATAFLOW,LU1:DSD_ESS_2@DF_C1337(1.1),Employment: percentage by economic activity and residence/nationality,I,PC_EMP_NACE,Percentage of total branch employment,SAL_INT,Domestic payroll employment,A4,Quadrennial,_Z,Not applicable,C,Manufacturing,_Z,Not applicable,_Z,Not applicable,_Z,Not applicable,RES_FOR_ALL,Residents of foreign nationality (EU and non-EU),_Z,Not applicable,2022,,18.3,,0,Units,,,1,One,N05,"<b>Coverage:</b><p>Branches B-S;</p><p>Companies with 10 or more employees,</p><p><b>Note:</b></p><p>Public administration: covers only central government administration (CGPO)</p>"
DATAFLOW,LU1:DSD_ESS_2@DF_C1337(1.1),Employment: percentage by economic activity and residence/nationality,I,PC_EMP_RESID,Percentage of total employment by category of residence,SAL_INT,Domestic payroll employment,A4,Quadrennial,_Z,Not applicable,P,Education,_Z,Not applicable,_Z,Not applicable,_Z,Not applicable,_T,Total,_Z,Not applicable,2010,,5.26,,0,Units,,,1,One,N05,"<b>Coverage:</b><p>Branches B-S;</p><p>Companies with 10 or more employees,</p><p><b>Note:</b></p><p>Public administration: covers only central government administration (CGPO)</p>"
DATAFLOW,LU1:DSD_ESS_2@DF_C1337(1.1),Employment: percentage by economic activity and residence/nationality,I,PC_EMP_RESID,Percentage of total employment by category of residence,SAL_INT,Domestic payroll employment,A4,Quadrennial,_Z,Not applicable,P,Education,_Z,Not applicable,_Z,Not applicable,_Z,Not applicable,_T,Total,_Z,Not applicable,2014,,5.64,,0,Units,,,1,One,N05,"<b>Coverage:</b><p>Branches B-S;</p><p>Companies with 10 or more employees,</p><p><b>Note:</b></p><p>Public administration: covers only central government administration (CGPO)</p>"
DATAFLOW,LU1:DSD_ESS_2@DF_C1337(1.1),Employment: percentage by economic activity and residence/nationality,I,PC_EMP_RESID,Percentage of total employment by category of residence,SAL_INT,Domestic payroll employment,A4,Quadrennial,_Z,Not applicable,P,Education,_Z,Not applicable,_Z,Not applicable,_Z,Not applicable,_T,Total,_Z,Not applicable,2018,,5.34,,0,Units,,,1,One,N05,"<b>Coverage:</b><p>Branches B-S;</p><p>Companies with 10 or more employees,</p><p><b>Note:</b></p><p>Public administration: covers only central government administration (CGPO)</p>"
DATAFLOW,LU1:DSD_ESS_2@DF_C1337(1.1),Employment: percentage by economic activity and residence/nationality,I,PC_EMP_RESID,Percentage of total employment by category of residence,SAL_INT,Domestic payroll employment,A4,Quadrennial,_Z,Not applicable,P,Education,_Z,Not applicable,_Z,Not applicable,_Z,Not applicable,_T,Total,_Z,Not applicable,2022,,5.54,,0,Units,,,1,One,N05,"<b>Coverage:</b><p>Branches B-S;</p><p>Companies with 10 or more employees,</p><p><b>Note:</b></p><p>Public administration: covers only central government administration (CGPO)</p>"
DATAFLOW,LU1:DSD_ESS_2@DF_C1337(1.1),Employment: percentage by economic activity and residence/nationality,I,PC_EMP_NACE,Percentage of total branch employment,SAL_INT,Domestic payroll employment,A4,Quadrennial,_Z,Not applicable,E,"Water supply; sewerage,waste management and remediation activities",_Z,Not applicable,_Z,Not applicable,_Z,Not applicable,RES_FOR_ALL,Residents of foreign nationality (EU and non-EU),_Z,Not applicable,2010,,18.9,,0,Units,,,1,One,N05,"<b>Coverage:</b><p>Branches B-S;</p><p>Companies with 10 or more employees,</p><p><b>Note:</b></p><p>Public administration: covers only central government administration (CGPO)</p>"
DATAFLOW,LU1:DSD_ESS_2@DF_C1337(1.1),Employment: percentage by economic activity and residence/nationality,I,PC_EMP_NACE,Percentage of total branch employment,SAL_INT,Domestic payroll employment,A4,Quadrennial,_Z,Not applicable,E,"Water supply; sewerage,waste management and remediation activities",_Z,Not applicable,_Z,Not applicable,_Z,Not applicable,RES_FOR_ALL,Residents of foreign nationality (EU and non-EU),_Z,Not applicable,2014,,12.6,,0,Units,,,1,One,N05,"<b>Coverage:</b><p>Branches B-S;</p><p>Companies with 10 or more employees,</p><p><b>Note:</b></p><p>Public administration: covers only central government administration (CGPO)</p>"
DATAFLOW,LU1:DSD_ESS_2@DF_C1337(1.1),Employment: percentage by economic activity and residence/nationality,I,PC_EMP_NACE,Percentage of total branch employment,SAL_INT,Domestic payroll employment,A4,Quadrennial,_Z,Not applicable,E,"Water supply; sewerage,waste management and remediation activities",_Z,Not applicable,_Z,Not applicable,_Z,Not applicable,RES_FOR_ALL,Residents of foreign nationality (EU and non-EU),_Z,Not applicable,2018,,8.6,,0,Units,,,1,One,N05,"<b>Coverage:</b><p>Branches B-S;</p><p>Companies with 10 or more employees,</p><p><b>Note:</b></p><p>Public administration: covers only central government administration (CGPO)</p>"
DATAFLOW,LU1:DSD_ESS_2@DF_C1337(1.1),Employment: percentage by economic activity and residence/nationality,I,PC_EMP_NACE,Percentage of total branch employment,SAL_INT,Domestic payroll employment,A4,Quadrennial,_Z,Not applicable,E,"Water supply; sewerage,waste management and remediation activities",_Z,Not applicable,_Z,Not applicable,_Z,Not applicable,RES_FOR_ALL,Residents of foreign nationality (EU and non-EU),_Z,Not applicable,2022,,9.5,,0,Units,,,1,One,N05,"<b>Coverage:</b><p>Branches B-S;</p><p>Companies with 10 or more employees,</p><p><b>Note:</b></p><p>Public administration: covers only central government administration (CGPO)</p>"
DATAFLOW,LU1:DSD_ESS_2@DF_C1337(1.1),Employment: percentage by economic activity and residence/nationality,I,PC_EMP_RESID,Percentage of total employment by category of residence,SAL_INT,Domestic payroll employment,A4,Quadrennial,_Z,Not applicable,H,Transportation and storage,_Z,Not applicable,_Z,Not applicable,_Z,Not applicable,_T_F,Total cross-border,_Z,Not applicable,2010,,12.09,,0,Units,,,1,One,N05,"<b>Coverage:</b><p>Branches B-S;</p><p>Companies with 10 or more employees,</p><p><b>Note:</b></p><p>Public administration: covers only central government administration (CGPO)</p>"
DATAFLOW,LU1:DSD_ESS_2@DF_C1337(1.1),Employment: percentage by economic activity and residence/nationality,I,PC_EMP_RESID,Percentage of total employment by category of residence,SAL_INT,Domestic payroll employment,A4,Quadrennial,_Z,Not applicable,H,Transportation and storage,_Z,Not applicable,_Z,Not applicable,_Z,Not applicable,_T_F,Total cross-border,_Z,Not applicable,2014,,7.77,,0,Units,,,1,One,N05,"<b>Coverage:</b><p>Branches B-S;</p><p>Companies with 10 or more employees,</p><p><b>Note:</b></p><p>Public administration: covers only central government administration (CGPO)</p>"
DATAFLOW,LU1:DSD_ESS_2@DF_C1337(1.1),Employment: percentage by economic activity and residence/nationality,I,PC_EMP_RESID,Percentage of total employment by category of residence,SAL_INT,Domestic payroll employment,A4,Quadrennial,_Z,Not applicable,H,Transportation and storage,_Z,Not applicable,_Z,Not applicable,_Z,Not applicable,_T_F,Total cross-border,_Z,Not applicable,2018,,8.01,,0,Units,,,1,One,N05,"<b>Coverage:</b><p>Branches B-S;</p><p>Companies with 10 or more employees,</p><p><b>Note:</b></p><p>Public administration: covers only central government administration (CGPO)</p>"
DATAFLOW,LU1:DSD_ESS_2@DF_C1337(1.1),Employment: percentage by economic activity and residence/nationality,I,PC_EMP_RESID,Percentage of total employment by category of residence,SAL_INT,Domestic payroll employment,A4,Quadrennial,_Z,Not applicable,H,Transportation and storage,_Z,Not applicable,_Z,Not applicable,_Z,Not applicable,_T_F,Total cross-border,_Z,Not applicable,2022,,7.06,,0,Units,,,1,One,N05,"<b>Coverage:</b><p>Branches B-S;</p><p>Companies with 10 or more employees,</p><p><b>Note:</b></p><p>Public administration: covers only central government administration (CGPO)</p>"
DATAFLOW,LU1:DSD_ESS_2@DF_C1337(1.1),Employment: percentage by economic activity and residence/nationality,I,PC_EMP_NACE,Percentage of total branch employment,SAL_INT,Domestic payroll employment,A4,Quadrennial,_Z,Not applicable,K,Financial and insurance activities,_Z,Not applicable,_Z,Not applicable,_Z,Not applicable,_T,Total,_Z,Not applicable,2010,,100,,0,Units,,,1,One,N05,"<b>Coverage:</b><p>Branches B-S;</p><p>Companies with 10 or more employees,</p><p><b>Note:</b></p><p>Public administration: covers only central government administration (CGPO)</p>"
DATAFLOW,LU1:DSD_ESS_2@DF_C1337(1.1),Employment: percentage by economic activity and residence/nationality,I,PC_EMP_NACE,Percentage of total branch employment,SAL_INT,Domestic payroll employment,A4,Quadrennial,_Z,Not applicable,K,Financial and insurance activities,_Z,Not applicable,_Z,Not applicable,_Z,Not applicable,_T,Total,_Z,Not applicable,2014,,100,,0,Units,,,1,One,N05,"<b>Coverage:</b><p>Branches B-S;</p><p>Companies with 10 or more employees,</p><p><b>Note:</b></p><p>Public administration: covers only central government administration (CGPO)</p>"
DATAFLOW,LU1:DSD_ESS_2@DF_C1337(1.1),Employment: percentage by economic activity and residence/nationality,I,PC_EMP_NACE,Percentage of total branch employment,SAL_INT,Domestic payroll employment,A4,Quadrennial,_Z,Not applicable,K,Financial and insurance activities,_Z,Not applicable,_Z,Not applicable,_Z,Not applicable,_T,Total,_Z,Not applicable,2018,,100,,0,Units,,,1,One,N05,"<b>Coverage:</b><p>Branches B-S;</p><p>Companies with 10 or more employees,</p><p><b>Note:</b></p><p>Public administration: covers only central government administration (CGPO)</p>"
DATAFLOW,LU1:DSD_ESS_2@DF_C1337(1.1),Employment: percentage by economic activity and residence/nationality,I,PC_EMP_NACE,Percentage of total branch employment,SAL_INT,Domestic payroll employment,A4,Quadrennial,_Z,Not applicable,K,Financial and insurance activities,_Z,Not applicable,_Z,Not applicable,_Z,Not applicable,_T,Total,_Z,Not applicable,2022,,100,,0,Units,,,1,One,N05,"<b>Coverage:</b><p>Branches B-S;</p><p>Companies with 10 or more employees,</p><p><b>Note:</b></p><p>Public administration: covers only central government administration (CGPO)</p>"
DATAFLOW,LU1:DSD_ESS_2@DF_C1337(1.1),Employment: percentage by economic activity and residence/nationality,I,PC_EMP_RESID,Percentage of total employment by category of residence,SAL_INT,Domestic payroll employment,A4,Quadrennial,_Z,Not applicable,L,Real estate activities,_Z,Not applicable,_Z,Not applicable,_Z,Not applicable,_T,Total,_Z,Not applicable,2010,,0.29,,0,Units,,,1,One,N05,"<b>Coverage:</b><p>Branches B-S;</p><p>Companies with 10 or more employees,</p><p><b>Note:</b></p><p>Public administration: covers only central government administration (CGPO)</p>"
DATAFLOW,LU1:DSD_ESS_2@DF_C1337(1.1),Employment: percentage by economic activity and residence/nationality,I,PC_EMP_RESID,Percentage of total employment by category of residence,SAL_INT,Domestic payroll employment,A4,Quadrennial,_Z,Not applicable,L,Real estate activities,_Z,Not applicable,_Z,Not applicable,_Z,Not applicable,_T,Total,_Z,Not applicable,2014,,0.23,,0,Units,,,1,One,N05,"<b>Coverage:</b><p>Branches B-S;</p><p>Companies with 10 or more employees,</p><p><b>Note:</b></p><p>Public administration: covers only central government administration (CGPO)</p>"
DATAFLOW,LU1:DSD_ESS_2@DF_C1337(1.1),Employment: percentage by economic activity and residence/nationality,I,PC_EMP_RESID,Percentage of total employment by category of residence,SAL_INT,Domestic payroll employment,A4,Quadrennial,_Z,Not applicable,L,Real estate activities,_Z,Not applicable,_Z,Not applicable,_Z,Not applicable,_T,Total,_Z,Not applicable,2018,,0.34,,0,Units,,,1,One,N05,"<b>Coverage:</b><p>Branches B-S;</p><p>Companies with 10 or more employees,</p><p><b>Note:</b></p><p>Public administration: covers only central government administration (CGPO)</p>"
DATAFLOW,LU1:DSD_ESS_2@DF_C1337(1.1),Employment: percentage by economic activity and residence/nationality,I,PC_EMP_RESID,Percentage of total employment by category of residence,SAL_INT,Domestic payroll employment,A4,Quadrennial,_Z,Not applicable,L,Real estate activities,_Z,Not applicable,_Z,Not applicable,_Z,Not applicable,_T,Total,_Z,Not applicable,2022,,0.6,,0,Units,,,1,One,N05,"<b>Coverage:</b><p>Branches B-S;</p><p>Companies with 10 or more employees,</p><p><b>Note:</b></p><p>Public administration: covers only central government administration (CGPO)</p>"
DATAFLOW,LU1:DSD_ESS_2@DF_C1337(1.1),Employment: percentage by economic activity and residence/nationality,I,PC_EMP_NACE,Percentage of total branch employment,SAL_INT,Domestic payroll employment,A4,Quadrennial,_Z,Not applicable,S,Other service activities,_Z,Not applicable,_Z,Not applicable,_Z,Not applicable,_T,Total,_Z,Not applicable,2010,,100,,0,Units,,,1,One,N05,"<b>Coverage:</b><p>Branches B-S;</p><p>Companies with 10 or more employees,</p><p><b>Note:</b></p><p>Public administration: covers only central government administration (CGPO)</p>"
DATAFLOW,LU1:DSD_ESS_2@DF_C1337(1.1),Employment: percentage by economic activity and residence/nationality,I,PC_EMP_NACE,Percentage of total branch employment,SAL_INT,Domestic payroll employment,A4,Quadrennial,_Z,Not applicable,S,Other service activities,_Z,Not applicable,_Z,Not applicable,_Z,Not applicable,_T,Total,_Z,Not applicable,2014,,100,,0,Units,,,1,One,N05,"<b>Coverage:</b><p>Branches B-S;</p><p>Companies with 10 or more employees,</p><p><b>Note:</b></p><p>Public administration: covers only central government administration (CGPO)</p>"
DATAFLOW,LU1:DSD_ESS_2@DF_C1337(1.1),Employment: percentage by economic activity and residence/nationality,I,PC_EMP_NACE,Percentage of total branch employment,SAL_INT,Domestic payroll employment,A4,Quadrennial,_Z,Not applicable,S,Other service activities,_Z,Not applicable,_Z,Not applicable,_Z,Not applicable,_T,Total,_Z,Not applicable,2018,,100,,0,Units,,,1,One,N05,"<b>Coverage:</b><p>Branches B-S;</p><p>Companies with 10 or more employees,</p><p><b>Note:</b></p><p>Public administration: covers only central government administration (CGPO)</p>"
DATAFLOW,LU1:DSD_ESS_2@DF_C1337(1.1),Employment: percentage by economic activity and residence/nationality,I,PC_EMP_NACE,Percentage of total branch employment,SAL_INT,Domestic payroll employment,A4,Quadrennial,_Z,Not applicable,S,Other service activities,_Z,Not applicable,_Z,Not applicable,_Z,Not applicable,_T,Total,_Z,Not applicable,2022,,100,,0,Units,,,1,One,N05,"<b>Coverage:</b><p>Branches B-S;</p><p>Companies with 10 or more employees,</p><p><b>Note:</b></p><p>Public administration: covers only central government administration (CGPO)</p>"
DATAFLOW,LU1:DSD_ESS_2@DF_C1337(1.1),Employment: percentage by economic activity and residence/nationality,I,PC_EMP_NACE,Percentage of total branch employment,SAL_INT,Domestic payroll employment,A4,Quadrennial,_Z,Not applicable,N,Administrative and support service activities,_Z,Not applicable,_Z,Not applicable,_Z,Not applicable,LU,Luxembourgish residents,_Z,Not applicable,2010,,7.9,,0,Units,,,1,One,N05,"<b>Coverage:</b><p>Branches B-S;</p><p>Companies with 10 or more employees,</p><p><b>Note:</b></p><p>Public administration: covers only central government administration (CGPO)</p>"
DATAFLOW,LU1:DSD_ESS_2@DF_C1337(1.1),Employment: percentage by economic activity and residence/nationality,I,PC_EMP_NACE,Percentage of total branch employment,SAL_INT,Domestic payroll employment,A4,Quadrennial,_Z,Not applicable,N,Administrative and support service activities,_Z,Not applicable,_Z,Not applicable,_Z,Not applicable,LU,Luxembourgish residents,_Z,Not applicable,2014,,6.4,,0,Units,,,1,One,N05,"<b>Coverage:</b><p>Branches B-S;</p><p>Companies with 10 or more employees,</p><p><b>Note:</b></p><p>Public administration: covers only central government administration (CGPO)</p>"
DATAFLOW,LU1:DSD_ESS_2@DF_C1337(1.1),Employment: percentage by economic activity and residence/nationality,I,PC_EMP_NACE,Percentage of total branch employment,SAL_INT,Domestic payroll employment,A4,Quadrennial,_Z,Not applicable,N,Administrative and support service activities,_Z,Not applicable,_Z,Not applicable,_Z,Not applicable,LU,Luxembourgish residents,_Z,Not applicable,2018,,6.4,,0,Units,,,1,One,N05,"<b>Coverage:</b><p>Branches B-S;</p><p>Companies with 10 or more employees,</p><p><b>Note:</b></p><p>Public administration: covers only central government administration (CGPO)</p>"
DATAFLOW,LU1:DSD_ESS_2@DF_C1337(1.1),Employment: percentage by economic activity and residence/nationality,I,PC_EMP_NACE,Percentage of total branch employment,SAL_INT,Domestic payroll employment,A4,Quadrennial,_Z,Not applicable,N,Administrative and support service activities,_Z,Not applicable,_Z,Not applicable,_Z,Not applicable,LU,Luxembourgish residents,_Z,Not applicable,2022,,6.9,,0,Units,,,1,One,N05,"<b>Coverage:</b><p>Branches B-S;</p><p>Companies with 10 or more employees,</p><p><b>Note:</b></p><p>Public administration: covers only central government administration (CGPO)</p>"
DATAFLOW,LU1:DSD_ESS_2@DF_C1337(1.1),Employment: percentage by economic activity and residence/nationality,I,PC_EMP_RESID,Percentage of total employment by category of residence,SAL_INT,Domestic payroll employment,A4,Quadrennial,_Z,Not applicable,G,Wholesale and retail trade; repair of motor and motorcycles,_Z,Not applicable,_Z,Not applicable,_Z,Not applicable,_T_F,Total cross-border,_Z,Not applicable,2010,,12.53,,0,Units,,,1,One,N05,"<b>Coverage:</b><p>Branches B-S;</p><p>Companies with 10 or more employees,</p><p><b>Note:</b></p><p>Public administration: covers only central government administration (CGPO)</p>"
DATAFLOW,LU1:DSD_ESS_2@DF_C1337(1.1),Employment: percentage by economic activity and residence/nationality,I,PC_EMP_RESID,Percentage of total employment by category of residence,SAL_INT,Domestic payroll employment,A4,Quadrennial,_Z,Not applicable,G,Wholesale and retail trade; repair of motor and motorcycles,_Z,Not applicable,_Z,Not applicable,_Z,Not applicable,_T_F,Total cross-border,_Z,Not applicable,2014,,13.63,,0,Units,,,1,One,N05,"<b>Coverage:</b><p>Branches B-S;</p><p>Companies with 10 or more employees,</p><p><b>Note:</b></p><p>Public administration: covers only central government administration (CGPO)</p>"
DATAFLOW,LU1:DSD_ESS_2@DF_C1337(1.1),Employment: percentage by economic activity and residence/nationality,I,PC_EMP_RESID,Percentage of total employment by category of residence,SAL_INT,Domestic payroll employment,A4,Quadrennial,_Z,Not applicable,G,Wholesale and retail trade; repair of motor and motorcycles,_Z,Not applicable,_Z,Not applicable,_Z,Not applicable,_T_F,Total cross-border,_Z,Not applicable,2018,,13.06,,0,Units,,,1,One,N05,"<b>Coverage:</b><p>Branches B-S;</p><p>Companies with 10 or more employees,</p><p><b>Note:</b></p><p>Public administration: covers only central government administration (CGPO)</p>"
DATAFLOW,LU1:DSD_ESS_2@DF_C1337(1.1),Employment: percentage by economic activity and residence/nationality,I,PC_EMP_RESID,Percentage of total employment by category of residence,SAL_INT,Domestic payroll employment,A4,Quadrennial,_Z,Not applicable,G,Wholesale and retail trade; repair of motor and motorcycles,_Z,Not applicable,_Z,Not applicable,_Z,Not applicable,_T_F,Total cross-border,_Z,Not applicable,2022,,13.44,,0,Units,,,1,One,N05,"<b>Coverage:</b><p>Branches B-S;</p><p>Companies with 10 or more employees,</p><p><b>Note:</b></p><p>Public administration: covers only central government administration (CGPO)</p>"
DATAFLOW,LU1:DSD_ESS_2@DF_C1337(1.1),Employment: percentage by economic activity and residence/nationality,I,PC_EMP_RESID,Percentage of total employment by category of residence,SAL_INT,Domestic payroll employment,A4,Quadrennial,_Z,Not applicable,C,Manufacturing,_Z,Not applicable,_Z,Not applicable,_Z,Not applicable,_T,Total,_Z,Not applicable,2010,,10.23,,0,Units,,,1,One,N05,"<b>Coverage:</b><p>Branches B-S;</p><p>Companies with 10 or more employees,</p><p><b>Note:</b></p><p>Public administration: covers only central government administration (CGPO)</p>"
DATAFLOW,LU1:DSD_ESS_2@DF_C1337(1.1),Employment: percentage by economic activity and residence/nationality,I,PC_EMP_RESID,Percentage of total employment by category of residence,SAL_INT,Domestic payroll employment,A4,Quadrennial,_Z,Not applicable,C,Manufacturing,_Z,Not applicable,_Z,Not applicable,_Z,Not applicable,_T,Total,_Z,Not applicable,2014,,9.3,,0,Units,,,1,One,N05,"<b>Coverage:</b><p>Branches B-S;</p><p>Companies with 10 or more employees,</p><p><b>Note:</b></p><p>Public administration: covers only central government administration (CGPO)</p>"
DATAFLOW,LU1:DSD_ESS_2@DF_C1337(1.1),Employment: percentage by economic activity and residence/nationality,I,PC_EMP_RESID,Percentage of total employment by category of residence,SAL_INT,Domestic payroll employment,A4,Quadrennial,_Z,Not applicable,C,Manufacturing,_Z,Not applicable,_Z,Not applicable,_Z,Not applicable,_T,Total,_Z,Not applicable,2018,,8.52,,0,Units,,,1,One,N05,"<b>Coverage:</b><p>Branches B-S;</p><p>Companies with 10 or more employees,</p><p><b>Note:</b></p><p>Public administration: covers only central government administration (CGPO)</p>"
DATAFLOW,LU1:DSD_ESS_2@DF_C1337(1.1),Employment: percentage by economic activity and residence/nationality,I,PC_EMP_RESID,Percentage of total employment by category of residence,SAL_INT,Domestic payroll employment,A4,Quadrennial,_Z,Not applicable,C,Manufacturing,_Z,Not applicable,_Z,Not applicable,_Z,Not applicable,_T,Total,_Z,Not applicable,2022,,7.54,,0,Units,,,1,One,N05,"<b>Coverage:</b><p>Branches B-S;</p><p>Companies with 10 or more employees,</p><p><b>Note:</b></p><p>Public administration: covers only central government administration (CGPO)</p>"
DATAFLOW,LU1:DSD_ESS_2@DF_C1337(1.1),Employment: percentage by economic activity and residence/nationality,I,PC_EMP_NACE,Percentage of total branch employment,SAL_INT,Domestic payroll employment,A4,Quadrennial,_Z,Not applicable,O,Public administration and defence; compulsory social security public,_Z,Not applicable,_Z,Not applicable,_Z,Not applicable,_T_F,Total cross-border,_Z,Not applicable,2010,,4.6,,0,Units,,,1,One,N05,"<b>Coverage:</b><p>Branches B-S;</p><p>Companies with 10 or more employees,</p><p><b>Note:</b></p><p>Public administration: covers only central government administration (CGPO)</p>"
DATAFLOW,LU1:DSD_ESS_2@DF_C1337(1.1),Employment: percentage by economic activity and residence/nationality,I,PC_EMP_NACE,Percentage of total branch employment,SAL_INT,Domestic payroll employment,A4,Quadrennial,_Z,Not applicable,O,Public administration and defence; compulsory social security public,_Z,Not applicable,_Z,Not applicable,_Z,Not applicable,_T_F,Total cross-border,_Z,Not applicable,2014,,4.6,,0,Units,,,1,One,N05,"<b>Coverage:</b><p>Branches B-S;</p><p>Companies with 10 or more employees,</p><p><b>Note:</b></p><p>Public administration: covers only central government administration (CGPO)</p>"
DATAFLOW,LU1:DSD_ESS_2@DF_C1337(1.1),Employment: percentage by economic activity and residence/nationality,I,PC_EMP_NACE,Percentage of total branch employment,SAL_INT,Domestic payroll employment,A4,Quadrennial,_Z,Not applicable,O,Public administration and defence; compulsory social security public,_Z,Not applicable,_Z,Not applicable,_Z,Not applicable,_T_F,Total cross-border,_Z,Not applicable,2018,,5.1,,0,Units,,,1,One,N05,"<b>Coverage:</b><p>Branches B-S;</p><p>Companies with 10 or more employees,</p><p><b>Note:</b></p><p>Public administration: covers only central government administration (CGPO)</p>"
DATAFLOW,LU1:DSD_ESS_2@DF_C1337(1.1),Employment: percentage by economic activity and residence/nationality,I,PC_EMP_NACE,Percentage of total branch employment,SAL_INT,Domestic payroll employment,A4,Quadrennial,_Z,Not applicable,O,Public administration and defence; compulsory social security public,_Z,Not applicable,_Z,Not applicable,_Z,Not applicable,_T_F,Total cross-border,_Z,Not applicable,2022,,8.1,,0,Units,,,1,One,N05,"<b>Coverage:</b><p>Branches B-S;</p><p>Companies with 10 or more employees,</p><p><b>Note:</b></p><p>Public administration: covers only central government administration (CGPO)</p>"
DATAFLOW,LU1:DSD_ESS_2@DF_C1337(1.1),Employment: percentage by economic activity and residence/nationality,I,PC_EMP_RESID,Percentage of total employment by category of residence,SAL_INT,Domestic payroll employment,A4,Quadrennial,_Z,Not applicable,R,"Arts, entertainment, and recreational activities",_Z,Not applicable,_Z,Not applicable,_Z,Not applicable,_T,Total,_Z,Not applicable,2010,,0.38,,0,Units,,,1,One,N05,"<b>Coverage:</b><p>Branches B-S;</p><p>Companies with 10 or more employees,</p><p><b>Note:</b></p><p>Public administration: covers only central government administration (CGPO)</p>"
DATAFLOW,LU1:DSD_ESS_2@DF_C1337(1.1),Employment: percentage by economic activity and residence/nationality,I,PC_EMP_RESID,Percentage of total employment by category of residence,SAL_INT,Domestic payroll employment,A4,Quadrennial,_Z,Not applicable,R,"Arts, entertainment, and recreational activities",_Z,Not applicable,_Z,Not applicable,_Z,Not applicable,_T,Total,_Z,Not applicable,2014,,0.59,,0,Units,,,1,One,N05,"<b>Coverage:</b><p>Branches B-S;</p><p>Companies with 10 or more employees,</p><p><b>Note:</b></p><p>Public administration: covers only central government administration (CGPO)</p>"
DATAFLOW,LU1:DSD_ESS_2@DF_C1337(1.1),Employment: percentage by economic activity and residence/nationality,I,PC_EMP_RESID,Percentage of total employment by category of residence,SAL_INT,Domestic payroll employment,A4,Quadrennial,_Z,Not applicable,R,"Arts, entertainment, and recreational activities",_Z,Not applicable,_Z,Not applicable,_Z,Not applicable,_T,Total,_Z,Not applicable,2018,,0.64,,0,Units,,,1,One,N05,"<b>Coverage:</b><p>Branches B-S;</p><p>Companies with 10 or more employees,</p><p><b>Note:</b></p><p>Public administration: covers only central government administration (CGPO)</p>"
DATAFLOW,LU1:DSD_ESS_2@DF_C1337(1.1),Employment: percentage by economic activity and residence/nationality,I,PC_EMP_RESID,Percentage of total employment by category of residence,SAL_INT,Domestic payroll employment,A4,Quadrennial,_Z,Not applicable,R,"Arts, entertainment, and recreational activities",_Z,Not applicable,_Z,Not applicable,_Z,Not applicable,_T,Total,_Z,Not applicable,2022,,0.98,,0,Units,,,1,One,N05,"<b>Coverage:</b><p>Branches B-S;</p><p>Companies with 10 or more employees,</p><p><b>Note:</b></p><p>Public administration: covers only central government administration (CGPO)</p>"
DATAFLOW,LU1:DSD_ESS_2@DF_C1337(1.1),Employment: percentage by economic activity and residence/nationality,I,PC_EMP_RESID,Percentage of total employment by category of residence,SAL_INT,Domestic payroll employment,A4,Quadrennial,_Z,Not applicable,J,Information and communication,_Z,Not applicable,_Z,Not applicable,_Z,Not applicable,LU,Luxembourgish residents,_Z,Not applicable,2010,,5.07,,0,Units,,,1,One,N05,"<b>Coverage:</b><p>Branches B-S;</p><p>Companies with 10 or more employees,</p><p><b>Note:</b></p><p>Public administration: covers only central government administration (CGPO)</p>"
DATAFLOW,LU1:DSD_ESS_2@DF_C1337(1.1),Employment: percentage by economic activity and residence/nationality,I,PC_EMP_RESID,Percentage of total employment by category of residence,SAL_INT,Domestic payroll employment,A4,Quadrennial,_Z,Not applicable,J,Information and communication,_Z,Not applicable,_Z,Not applicable,_Z,Not applicable,LU,Luxembourgish residents,_Z,Not applicable,2014,,4.63,,0,Units,,,1,One,N05,"<b>Coverage:</b><p>Branches B-S;</p><p>Companies with 10 or more employees,</p><p><b>Note:</b></p><p>Public administration: covers only central government administration (CGPO)</p>"
DATAFLOW,LU1:DSD_ESS_2@DF_C1337(1.1),Employment: percentage by economic activity and residence/nationality,I,PC_EMP_RESID,Percentage of total employment by category of residence,SAL_INT,Domestic payroll employment,A4,Quadrennial,_Z,Not applicable,J,Information and communication,_Z,Not applicable,_Z,Not applicable,_Z,Not applicable,LU,Luxembourgish residents,_Z,Not applicable,2018,,4.31,,0,Units,,,1,One,N05,"<b>Coverage:</b><p>Branches B-S;</p><p>Companies with 10 or more employees,</p><p><b>Note:</b></p><p>Public administration: covers only central government administration (CGPO)</p>"
DATAFLOW,LU1:DSD_ESS_2@DF_C1337(1.1),Employment: percentage by economic activity and residence/nationality,I,PC_EMP_RESID,Percentage of total employment by category of residence,SAL_INT,Domestic payroll employment,A4,Quadrennial,_Z,Not applicable,J,Information and communication,_Z,Not applicable,_Z,Not applicable,_Z,Not applicable,LU,Luxembourgish residents,_Z,Not applicable,2022,,3.87,,0,Units,,,1,One,N05,"<b>Coverage:</b><p>Branches B-S;</p><p>Companies with 10 or more employees,</p><p><b>Note:</b></p><p>Public administration: covers only central government administration (CGPO)</p>"
DATAFLOW,LU1:DSD_ESS_2@DF_C1337(1.1),Employment: percentage by economic activity and residence/nationality,I,PC_EMP_RESID,Percentage of total employment by category of residence,SAL_INT,Domestic payroll employment,A4,Quadrennial,_Z,Not applicable,E,"Water supply; sewerage,waste management and remediation activities",_Z,Not applicable,_Z,Not applicable,_Z,Not applicable,LU,Luxembourgish residents,_Z,Not applicable,2010,,0.71,,0,Units,,,1,One,N05,"<b>Coverage:</b><p>Branches B-S;</p><p>Companies with 10 or more employees,</p><p><b>Note:</b></p><p>Public administration: covers only central government administration (CGPO)</p>"
DATAFLOW,LU1:DSD_ESS_2@DF_C1337(1.1),Employment: percentage by economic activity and residence/nationality,I,PC_EMP_RESID,Percentage of total employment by category of residence,SAL_INT,Domestic payroll employment,A4,Quadrennial,_Z,Not applicable,E,"Water supply; sewerage,waste management and remediation activities",_Z,Not applicable,_Z,Not applicable,_Z,Not applicable,LU,Luxembourgish residents,_Z,Not applicable,2014,,0.57,,0,Units,,,1,One,N05,"<b>Coverage:</b><p>Branches B-S;</p><p>Companies with 10 or more employees,</p><p><b>Note:</b></p><p>Public administration: covers only central government administration (CGPO)</p>"
DATAFLOW,LU1:DSD_ESS_2@DF_C1337(1.1),Employment: percentage by economic activity and residence/nationality,I,PC_EMP_RESID,Percentage of total employment by category of residence,SAL_INT,Domestic payroll employment,A4,Quadrennial,_Z,Not applicable,E,"Water supply; sewerage,waste management and remediation activities",_Z,Not applicable,_Z,Not applicable,_Z,Not applicable,LU,Luxembourgish residents,_Z,Not applicable,2018,,0.7,,0,Units,,,1,One,N05,"<b>Coverage:</b><p>Branches B-S;</p><p>Companies with 10 or more employees,</p><p><b>Note:</b></p><p>Public administration: covers only central government administration (CGPO)</p>"
DATAFLOW,LU1:DSD_ESS_2@DF_C1337(1.1),Employment: percentage by economic activity and residence/nationality,I,PC_EMP_RESID,Percentage of total employment by category of residence,SAL_INT,Domestic payroll employment,A4,Quadrennial,_Z,Not applicable,E,"Water supply; sewerage,waste management and remediation activities",_Z,Not applicable,_Z,Not applicable,_Z,Not applicable,LU,Luxembourgish residents,_Z,Not applicable,2022,,1.18,,0,Units,,,1,One,N05,"<b>Coverage:</b><p>Branches B-S;</p><p>Companies with 10 or more employees,</p><p><b>Note:</b></p><p>Public administration: covers only central government administration (CGPO)</p>"
DATAFLOW,LU1:DSD_ESS_2@DF_C1337(1.1),Employment: percentage by economic activity and residence/nationality,I,PC_EMP_RESID,Percentage of total employment by category of residence,SAL_INT,Domestic payroll employment,A4,Quadrennial,_Z,Not applicable,F,Construction,_Z,Not applicable,_Z,Not applicable,_Z,Not applicable,LU,Luxembourgish residents,_Z,Not applicable,2010,,3.27,,0,Units,,,1,One,N05,"<b>Coverage:</b><p>Branches B-S;</p><p>Companies with 10 or more employees,</p><p><b>Note:</b></p><p>Public administration: covers only central government administration (CGPO)</p>"
DATAFLOW,LU1:DSD_ESS_2@DF_C1337(1.1),Employment: percentage by economic activity and residence/nationality,I,PC_EMP_RESID,Percentage of total employment by category of residence,SAL_INT,Domestic payroll employment,A4,Quadrennial,_Z,Not applicable,F,Construction,_Z,Not applicable,_Z,Not applicable,_Z,Not applicable,LU,Luxembourgish residents,_Z,Not applicable,2014,,3.98,,0,Units,,,1,One,N05,"<b>Coverage:</b><p>Branches B-S;</p><p>Companies with 10 or more employees,</p><p><b>Note:</b></p><p>Public administration: covers only central government administration (CGPO)</p>"
DATAFLOW,LU1:DSD_ESS_2@DF_C1337(1.1),Employment: percentage by economic activity and residence/nationality,I,PC_EMP_RESID,Percentage of total employment by category of residence,SAL_INT,Domestic payroll employment,A4,Quadrennial,_Z,Not applicable,F,Construction,_Z,Not applicable,_Z,Not applicable,_Z,Not applicable,LU,Luxembourgish residents,_Z,Not applicable,2018,,3.93,,0,Units,,,1,One,N05,"<b>Coverage:</b><p>Branches B-S;</p><p>Companies with 10 or more employees,</p><p><b>Note:</b></p><p>Public administration: covers only central government administration (CGPO)</p>"
DATAFLOW,LU1:DSD_ESS_2@DF_C1337(1.1),Employment: percentage by economic activity and residence/nationality,I,PC_EMP_RESID,Percentage of total employment by category of residence,SAL_INT,Domestic payroll employment,A4,Quadrennial,_Z,Not applicable,F,Construction,_Z,Not applicable,_Z,Not applicable,_Z,Not applicable,LU,Luxembourgish residents,_Z,Not applicable,2022,,3.47,,0,Units,,,1,One,N05,"<b>Coverage:</b><p>Branches B-S;</p><p>Companies with 10 or more employees,</p><p><b>Note:</b></p><p>Public administration: covers only central government administration (CGPO)</p>"
DATAFLOW,LU1:DSD_ESS_2@DF_C1337(1.1),Employment: percentage by economic activity and residence/nationality,I,PC_EMP_RESID,Percentage of total employment by category of residence,SAL_INT,Domestic payroll employment,A4,Quadrennial,_Z,Not applicable,N,Administrative and support service activities,_Z,Not applicable,_Z,Not applicable,_Z,Not applicable,_T,Total,_Z,Not applicable,2010,,7.67,,0,Units,,,1,One,N05,"<b>Coverage:</b><p>Branches B-S;</p><p>Companies with 10 or more employees,</p><p><b>Note:</b></p><p>Public administration: covers only central government administration (CGPO)</p>"
DATAFLOW,LU1:DSD_ESS_2@DF_C1337(1.1),Employment: percentage by economic activity and residence/nationality,I,PC_EMP_RESID,Percentage of total employment by category of residence,SAL_INT,Domestic payroll employment,A4,Quadrennial,_Z,Not applicable,N,Administrative and support service activities,_Z,Not applicable,_Z,Not applicable,_Z,Not applicable,_T,Total,_Z,Not applicable,2014,,8.5,,0,Units,,,1,One,N05,"<b>Coverage:</b><p>Branches B-S;</p><p>Companies with 10 or more employees,</p><p><b>Note:</b></p><p>Public administration: covers only central government administration (CGPO)</p>"
DATAFLOW,LU1:DSD_ESS_2@DF_C1337(1.1),Employment: percentage by economic activity and residence/nationality,I,PC_EMP_RESID,Percentage of total employment by category of residence,SAL_INT,Domestic payroll employment,A4,Quadrennial,_Z,Not applicable,N,Administrative and support service activities,_Z,Not applicable,_Z,Not applicable,_Z,Not applicable,_T,Total,_Z,Not applicable,2018,,9.43,,0,Units,,,1,One,N05,"<b>Coverage:</b><p>Branches B-S;</p><p>Companies with 10 or more employees,</p><p><b>Note:</b></p><p>Public administration: covers only central government administration (CGPO)</p>"
DATAFLOW,LU1:DSD_ESS_2@DF_C1337(1.1),Employment: percentage by economic activity and residence/nationality,I,PC_EMP_RESID,Percentage of total employment by category of residence,SAL_INT,Domestic payroll employment,A4,Quadrennial,_Z,Not applicable,N,Administrative and support service activities,_Z,Not applicable,_Z,Not applicable,_Z,Not applicable,_T,Total,_Z,Not applicable,2022,,8.96,,0,Units,,,1,One,N05,"<b>Coverage:</b><p>Branches B-S;</p><p>Companies with 10 or more employees,</p><p><b>Note:</b></p><p>Public administration: covers only central government administration (CGPO)</p>"
DATAFLOW,LU1:DSD_ESS_2@DF_C1337(1.1),Employment: percentage by economic activity and residence/nationality,I,PC_EMP_RESID,Percentage of total employment by category of residence,SAL_INT,Domestic payroll employment,A4,Quadrennial,_Z,Not applicable,B,Mining and quarrying,_Z,Not applicable,_Z,Not applicable,_Z,Not applicable,_T_F,Total cross-border,_Z,Not applicable,2010,,0.13,,0,Units,,,1,One,N05,"<b>Coverage:</b><p>Branches B-S;</p><p>Companies with 10 or more employees,</p><p><b>Note:</b></p><p>Public administration: covers only central government administration (CGPO)</p>"
DATAFLOW,LU1:DSD_ESS_2@DF_C1337(1.1),Employment: percentage by economic activity and residence/nationality,I,PC_EMP_RESID,Percentage of total employment by category of residence,SAL_INT,Domestic payroll employment,A4,Quadrennial,_Z,Not applicable,B,Mining and quarrying,_Z,Not applicable,_Z,Not applicable,_Z,Not applicable,_T_F,Total cross-border,_Z,Not applicable,2014,,0.06,,0,Units,,,1,One,N05,"<b>Coverage:</b><p>Branches B-S;</p><p>Companies with 10 or more employees,</p><p><b>Note:</b></p><p>Public administration: covers only central government administration (CGPO)</p>"
DATAFLOW,LU1:DSD_ESS_2@DF_C1337(1.1),Employment: percentage by economic activity and residence/nationality,I,PC_EMP_RESID,Percentage of total employment by category of residence,SAL_INT,Domestic payroll employment,A4,Quadrennial,_Z,Not applicable,B,Mining and quarrying,_Z,Not applicable,_Z,Not applicable,_Z,Not applicable,_T_F,Total cross-border,_Z,Not applicable,2018,,0.06,,0,Units,,,1,One,N05,"<b>Coverage:</b><p>Branches B-S;</p><p>Companies with 10 or more employees,</p><p><b>Note:</b></p><p>Public administration: covers only central government administration (CGPO)</p>"
DATAFLOW,LU1:DSD_ESS_2@DF_C1337(1.1),Employment: percentage by economic activity and residence/nationality,I,PC_EMP_RESID,Percentage of total employment by category of residence,SAL_INT,Domestic payroll employment,A4,Quadrennial,_Z,Not applicable,B,Mining and quarrying,_Z,Not applicable,_Z,Not applicable,_Z,Not applicable,_T_F,Total cross-border,_Z,Not applicable,2022,,0.14,,0,Units,,,1,One,N05,"<b>Coverage:</b><p>Branches B-S;</p><p>Companies with 10 or more employees,</p><p><b>Note:</b></p><p>Public administration: covers only central government administration (CGPO)</p>"
DATAFLOW,LU1:DSD_ESS_2@DF_C1337(1.1),Employment: percentage by economic activity and residence/nationality,I,PC_EMP_RESID,Percentage of total employment by category of residence,SAL_INT,Domestic payroll employment,A4,Quadrennial,_Z,Not applicable,D,"Electricity, gas, steam and air conditionning supply",_Z,Not applicable,_Z,Not applicable,_Z,Not applicable,_T_F,Total cross-border,_Z,Not applicable,2010,,0.11,,0,Units,,,1,One,N05,"<b>Coverage:</b><p>Branches B-S;</p><p>Companies with 10 or more employees,</p><p><b>Note:</b></p><p>Public administration: covers only central government administration (CGPO)</p>"
DATAFLOW,LU1:DSD_ESS_2@DF_C1337(1.1),Employment: percentage by economic activity and residence/nationality,I,PC_EMP_RESID,Percentage of total employment by category of residence,SAL_INT,Domestic payroll employment,A4,Quadrennial,_Z,Not applicable,D,"Electricity, gas, steam and air conditionning supply",_Z,Not applicable,_Z,Not applicable,_Z,Not applicable,_T_F,Total cross-border,_Z,Not applicable,2014,,0.13,,0,Units,,,1,One,N05,"<b>Coverage:</b><p>Branches B-S;</p><p>Companies with 10 or more employees,</p><p><b>Note:</b></p><p>Public administration: covers only central government administration (CGPO)</p>"
DATAFLOW,LU1:DSD_ESS_2@DF_C1337(1.1),Employment: percentage by economic activity and residence/nationality,I,PC_EMP_RESID,Percentage of total employment by category of residence,SAL_INT,Domestic payroll employment,A4,Quadrennial,_Z,Not applicable,D,"Electricity, gas, steam and air conditionning supply",_Z,Not applicable,_Z,Not applicable,_Z,Not applicable,_T_F,Total cross-border,_Z,Not applicable,2018,,0.22,,0,Units,,,1,One,N05,"<b>Coverage:</b><p>Branches B-S;</p><p>Companies with 10 or more employees,</p><p><b>Note:</b></p><p>Public administration: covers only central government administration (CGPO)</p>"
DATAFLOW,LU1:DSD_ESS_2@DF_C1337(1.1),Employment: percentage by economic activity and residence/nationality,I,PC_EMP_RESID,Percentage of total employment by category of residence,SAL_INT,Domestic payroll employment,A4,Quadrennial,_Z,Not applicable,D,"Electricity, gas, steam and air conditionning supply",_Z,Not applicable,_Z,Not applicable,_Z,Not applicable,_T_F,Total cross-border,_Z,Not applicable,2022,,0.36,,0,Units,,,1,One,N05,"<b>Coverage:</b><p>Branches B-S;</p><p>Companies with 10 or more employees,</p><p><b>Note:</b></p><p>Public administration: covers only central government administration (CGPO)</p>"
DATAFLOW,LU1:DSD_ESS_2@DF_C1337(1.1),Employment: percentage by economic activity and residence/nationality,I,PC_EMP_RESID,Percentage of total employment by category of residence,SAL_INT,Domestic payroll employment,A4,Quadrennial,_Z,Not applicable,J,Information and communication,_Z,Not applicable,_Z,Not applicable,_Z,Not applicable,_T_F,Total cross-border,_Z,Not applicable,2010,,4.98,,0,Units,,,1,One,N05,"<b>Coverage:</b><p>Branches B-S;</p><p>Companies with 10 or more employees,</p><p><b>Note:</b></p><p>Public administration: covers only central government administration (CGPO)</p>"
DATAFLOW,LU1:DSD_ESS_2@DF_C1337(1.1),Employment: percentage by economic activity and residence/nationality,I,PC_EMP_RESID,Percentage of total employment by category of residence,SAL_INT,Domestic payroll employment,A4,Quadrennial,_Z,Not applicable,J,Information and communication,_Z,Not applicable,_Z,Not applicable,_Z,Not applicable,_T_F,Total cross-border,_Z,Not applicable,2014,,5.16,,0,Units,,,1,One,N05,"<b>Coverage:</b><p>Branches B-S;</p><p>Companies with 10 or more employees,</p><p><b>Note:</b></p><p>Public administration: covers only central government administration (CGPO)</p>"
DATAFLOW,LU1:DSD_ESS_2@DF_C1337(1.1),Employment: percentage by economic activity and residence/nationality,I,PC_EMP_RESID,Percentage of total employment by category of residence,SAL_INT,Domestic payroll employment,A4,Quadrennial,_Z,Not applicable,J,Information and communication,_Z,Not applicable,_Z,Not applicable,_Z,Not applicable,_T_F,Total cross-border,_Z,Not applicable,2018,,5.47,,0,Units,,,1,One,N05,"<b>Coverage:</b><p>Branches B-S;</p><p>Companies with 10 or more employees,</p><p><b>Note:</b></p><p>Public administration: covers only central government administration (CGPO)</p>"
DATAFLOW,LU1:DSD_ESS_2@DF_C1337(1.1),Employment: percentage by economic activity and residence/nationality,I,PC_EMP_RESID,Percentage of total employment by category of residence,SAL_INT,Domestic payroll employment,A4,Quadrennial,_Z,Not applicable,J,Information and communication,_Z,Not applicable,_Z,Not applicable,_Z,Not applicable,_T_F,Total cross-border,_Z,Not applicable,2022,,5.11,,0,Units,,,1,One,N05,"<b>Coverage:</b><p>Branches B-S;</p><p>Companies with 10 or more employees,</p><p><b>Note:</b></p><p>Public administration: covers only central government administration (CGPO)</p>"
DATAFLOW,LU1:DSD_ESS_2@DF_C1337(1.1),Employment: percentage by economic activity and residence/nationality,I,PC_EMP_NACE,Percentage of total branch employment,SAL_INT,Domestic payroll employment,A4,Quadrennial,_Z,Not applicable,P,Education,_Z,Not applicable,_Z,Not applicable,_Z,Not applicable,_T_F,Total cross-border,_Z,Not applicable,2010,,9.3,,0,Units,,,1,One,N05,"<b>Coverage:</b><p>Branches B-S;</p><p>Companies with 10 or more employees,</p><p><b>Note:</b></p><p>Public administration: covers only central government administration (CGPO)</p>"
DATAFLOW,LU1:DSD_ESS_2@DF_C1337(1.1),Employment: percentage by economic activity and residence/nationality,I,PC_EMP_NACE,Percentage of total branch employment,SAL_INT,Domestic payroll employment,A4,Quadrennial,_Z,Not applicable,P,Education,_Z,Not applicable,_Z,Not applicable,_Z,Not applicable,_T_F,Total cross-border,_Z,Not applicable,2014,,9.8,,0,Units,,,1,One,N05,"<b>Coverage:</b><p>Branches B-S;</p><p>Companies with 10 or more employees,</p><p><b>Note:</b></p><p>Public administration: covers only central government administration (CGPO)</p>"
DATAFLOW,LU1:DSD_ESS_2@DF_C1337(1.1),Employment: percentage by economic activity and residence/nationality,I,PC_EMP_NACE,Percentage of total branch employment,SAL_INT,Domestic payroll employment,A4,Quadrennial,_Z,Not applicable,P,Education,_Z,Not applicable,_Z,Not applicable,_Z,Not applicable,_T_F,Total cross-border,_Z,Not applicable,2018,,9.9,,0,Units,,,1,One,N05,"<b>Coverage:</b><p>Branches B-S;</p><p>Companies with 10 or more employees,</p><p><b>Note:</b></p><p>Public administration: covers only central government administration (CGPO)</p>"
DATAFLOW,LU1:DSD_ESS_2@DF_C1337(1.1),Employment: percentage by economic activity and residence/nationality,I,PC_EMP_NACE,Percentage of total branch employment,SAL_INT,Domestic payroll employment,A4,Quadrennial,_Z,Not applicable,P,Education,_Z,Not applicable,_Z,Not applicable,_Z,Not applicable,_T_F,Total cross-border,_Z,Not applicable,2022,,11.5,,0,Units,,,1,One,N05,"<b>Coverage:</b><p>Branches B-S;</p><p>Companies with 10 or more employees,</p><p><b>Note:</b></p><p>Public administration: covers only central government administration (CGPO)</p>"
DATAFLOW,LU1:DSD_ESS_2@DF_C1337(1.1),Employment: percentage by economic activity and residence/nationality,I,PC_EMP_NACE,Percentage of total branch employment,SAL_INT,Domestic payroll employment,A4,Quadrennial,_Z,Not applicable,L,Real estate activities,_Z,Not applicable,_Z,Not applicable,_Z,Not applicable,LU,Luxembourgish residents,_Z,Not applicable,2010,,19.9,,0,Units,,,1,One,N05,"<b>Coverage:</b><p>Branches B-S;</p><p>Companies with 10 or more employees,</p><p><b>Note:</b></p><p>Public administration: covers only central government administration (CGPO)</p>"
DATAFLOW,LU1:DSD_ESS_2@DF_C1337(1.1),Employment: percentage by economic activity and residence/nationality,I,PC_EMP_NACE,Percentage of total branch employment,SAL_INT,Domestic payroll employment,A4,Quadrennial,_Z,Not applicable,L,Real estate activities,_Z,Not applicable,_Z,Not applicable,_Z,Not applicable,LU,Luxembourgish residents,_Z,Not applicable,2014,,24.8,,0,Units,,,1,One,N05,"<b>Coverage:</b><p>Branches B-S;</p><p>Companies with 10 or more employees,</p><p><b>Note:</b></p><p>Public administration: covers only central government administration (CGPO)</p>"
DATAFLOW,LU1:DSD_ESS_2@DF_C1337(1.1),Employment: percentage by economic activity and residence/nationality,I,PC_EMP_NACE,Percentage of total branch employment,SAL_INT,Domestic payroll employment,A4,Quadrennial,_Z,Not applicable,L,Real estate activities,_Z,Not applicable,_Z,Not applicable,_Z,Not applicable,LU,Luxembourgish residents,_Z,Not applicable,2018,,24.4,,0,Units,,,1,One,N05,"<b>Coverage:</b><p>Branches B-S;</p><p>Companies with 10 or more employees,</p><p><b>Note:</b></p><p>Public administration: covers only central government administration (CGPO)</p>"
DATAFLOW,LU1:DSD_ESS_2@DF_C1337(1.1),Employment: percentage by economic activity and residence/nationality,I,PC_EMP_NACE,Percentage of total branch employment,SAL_INT,Domestic payroll employment,A4,Quadrennial,_Z,Not applicable,L,Real estate activities,_Z,Not applicable,_Z,Not applicable,_Z,Not applicable,LU,Luxembourgish residents,_Z,Not applicable,2022,,27.9,,0,Units,,,1,One,N05,"<b>Coverage:</b><p>Branches B-S;</p><p>Companies with 10 or more employees,</p><p><b>Note:</b></p><p>Public administration: covers only central government administration (CGPO)</p>"
DATAFLOW,LU1:DSD_ESS_2@DF_C1337(1.1),Employment: percentage by economic activity and residence/nationality,I,PC_EMP_NACE,Percentage of total branch employment,SAL_INT,Domestic payroll employment,A4,Quadrennial,_Z,Not applicable,M,"Professional, scientific and technical activities",_Z,Not applicable,_Z,Not applicable,_Z,Not applicable,RES_FOR_ALL,Residents of foreign nationality (EU and non-EU),_Z,Not applicable,2010,,29.4,,0,Units,,,1,One,N05,"<b>Coverage:</b><p>Branches B-S;</p><p>Companies with 10 or more employees,</p><p><b>Note:</b></p><p>Public administration: covers only central government administration (CGPO)</p>"
DATAFLOW,LU1:DSD_ESS_2@DF_C1337(1.1),Employment: percentage by economic activity and residence/nationality,I,PC_EMP_NACE,Percentage of total branch employment,SAL_INT,Domestic payroll employment,A4,Quadrennial,_Z,Not applicable,M,"Professional, scientific and technical activities",_Z,Not applicable,_Z,Not applicable,_Z,Not applicable,RES_FOR_ALL,Residents of foreign nationality (EU and non-EU),_Z,Not applicable,2014,,30.8,,0,Units,,,1,One,N05,"<b>Coverage:</b><p>Branches B-S;</p><p>Companies with 10 or more employees,</p><p><b>Note:</b></p><p>Public administration: covers only central government administration (CGPO)</p>"
DATAFLOW,LU1:DSD_ESS_2@DF_C1337(1.1),Employment: percentage by economic activity and residence/nationality,I,PC_EMP_NACE,Percentage of total branch employment,SAL_INT,Domestic payroll employment,A4,Quadrennial,_Z,Not applicable,M,"Professional, scientific and technical activities",_Z,Not applicable,_Z,Not applicable,_Z,Not applicable,RES_FOR_ALL,Residents of foreign nationality (EU and non-EU),_Z,Not applicable,2018,,34.2,,0,Units,,,1,One,N05,"<b>Coverage:</b><p>Branches B-S;</p><p>Companies with 10 or more employees,</p><p><b>Note:</b></p><p>Public administration: covers only central government administration (CGPO)</p>"
DATAFLOW,LU1:DSD_ESS_2@DF_C1337(1.1),Employment: percentage by economic activity and residence/nationality,I,PC_EMP_NACE,Percentage of total branch employment,SAL_INT,Domestic payroll employment,A4,Quadrennial,_Z,Not applicable,M,"Professional, scientific and technical activities",_Z,Not applicable,_Z,Not applicable,_Z,Not applicable,RES_FOR_ALL,Residents of foreign nationality (EU and non-EU),_Z,Not applicable,2022,,40.2,,0,Units,,,1,One,N05,"<b>Coverage:</b><p>Branches B-S;</p><p>Companies with 10 or more employees,</p><p><b>Note:</b></p><p>Public administration: covers only central government administration (CGPO)</p>"
DATAFLOW,LU1:DSD_ESS_2@DF_C1337(1.1),Employment: percentage by economic activity and residence/nationality,I,PC_EMP_RESID,Percentage of total employment by category of residence,SAL_INT,Domestic payroll employment,A4,Quadrennial,_Z,Not applicable,O,Public administration and defence; compulsory social security public,_Z,Not applicable,_Z,Not applicable,_Z,Not applicable,LU,Luxembourgish residents,_Z,Not applicable,2010,,16.27,,0,Units,,,1,One,N05,"<b>Coverage:</b><p>Branches B-S;</p><p>Companies with 10 or more employees,</p><p><b>Note:</b></p><p>Public administration: covers only central government administration (CGPO)</p>"
DATAFLOW,LU1:DSD_ESS_2@DF_C1337(1.1),Employment: percentage by economic activity and residence/nationality,I,PC_EMP_RESID,Percentage of total employment by category of residence,SAL_INT,Domestic payroll employment,A4,Quadrennial,_Z,Not applicable,O,Public administration and defence; compulsory social security public,_Z,Not applicable,_Z,Not applicable,_Z,Not applicable,LU,Luxembourgish residents,_Z,Not applicable,2014,,13.14,,0,Units,,,1,One,N05,"<b>Coverage:</b><p>Branches B-S;</p><p>Companies with 10 or more employees,</p><p><b>Note:</b></p><p>Public administration: covers only central government administration (CGPO)</p>"
DATAFLOW,LU1:DSD_ESS_2@DF_C1337(1.1),Employment: percentage by economic activity and residence/nationality,I,PC_EMP_RESID,Percentage of total employment by category of residence,SAL_INT,Domestic payroll employment,A4,Quadrennial,_Z,Not applicable,O,Public administration and defence; compulsory social security public,_Z,Not applicable,_Z,Not applicable,_Z,Not applicable,LU,Luxembourgish residents,_Z,Not applicable,2018,,13.11,,0,Units,,,1,One,N05,"<b>Coverage:</b><p>Branches B-S;</p><p>Companies with 10 or more employees,</p><p><b>Note:</b></p><p>Public administration: covers only central government administration (CGPO)</p>"
DATAFLOW,LU1:DSD_ESS_2@DF_C1337(1.1),Employment: percentage by economic activity and residence/nationality,I,PC_EMP_RESID,Percentage of total employment by category of residence,SAL_INT,Domestic payroll employment,A4,Quadrennial,_Z,Not applicable,O,Public administration and defence; compulsory social security public,_Z,Not applicable,_Z,Not applicable,_Z,Not applicable,LU,Luxembourgish residents,_Z,Not applicable,2022,,16.73,,0,Units,,,1,One,N05,"<b>Coverage:</b><p>Branches B-S;</p><p>Companies with 10 or more employees,</p><p><b>Note:</b></p><p>Public administration: covers only central government administration (CGPO)</p>"
DATAFLOW,LU1:DSD_ESS_2@DF_C1337(1.1),Employment: percentage by economic activity and residence/nationality,I,PC_EMP_NACE,Percentage of total branch employment,SAL_INT,Domestic payroll employment,A4,Quadrennial,_Z,Not applicable,Q,Human health and social work activities,_Z,Not applicable,_Z,Not applicable,_Z,Not applicable,LU,Luxembourgish residents,_Z,Not applicable,2010,,47.5,,0,Units,,,1,One,N05,"<b>Coverage:</b><p>Branches B-S;</p><p>Companies with 10 or more employees,</p><p><b>Note:</b></p><p>Public administration: covers only central government administration (CGPO)</p>"
DATAFLOW,LU1:DSD_ESS_2@DF_C1337(1.1),Employment: percentage by economic activity and residence/nationality,I,PC_EMP_NACE,Percentage of total branch employment,SAL_INT,Domestic payroll employment,A4,Quadrennial,_Z,Not applicable,Q,Human health and social work activities,_Z,Not applicable,_Z,Not applicable,_Z,Not applicable,LU,Luxembourgish residents,_Z,Not applicable,2014,,46.4,,0,Units,,,1,One,N05,"<b>Coverage:</b><p>Branches B-S;</p><p>Companies with 10 or more employees,</p><p><b>Note:</b></p><p>Public administration: covers only central government administration (CGPO)</p>"
DATAFLOW,LU1:DSD_ESS_2@DF_C1337(1.1),Employment: percentage by economic activity and residence/nationality,I,PC_EMP_NACE,Percentage of total branch employment,SAL_INT,Domestic payroll employment,A4,Quadrennial,_Z,Not applicable,Q,Human health and social work activities,_Z,Not applicable,_Z,Not applicable,_Z,Not applicable,LU,Luxembourgish residents,_Z,Not applicable,2018,,44.8,,0,Units,,,1,One,N05,"<b>Coverage:</b><p>Branches B-S;</p><p>Companies with 10 or more employees,</p><p><b>Note:</b></p><p>Public administration: covers only central government administration (CGPO)</p>"
DATAFLOW,LU1:DSD_ESS_2@DF_C1337(1.1),Employment: percentage by economic activity and residence/nationality,I,PC_EMP_NACE,Percentage of total branch employment,SAL_INT,Domestic payroll employment,A4,Quadrennial,_Z,Not applicable,Q,Human health and social work activities,_Z,Not applicable,_Z,Not applicable,_Z,Not applicable,LU,Luxembourgish residents,_Z,Not applicable,2022,,41.4,,0,Units,,,1,One,N05,"<b>Coverage:</b><p>Branches B-S;</p><p>Companies with 10 or more employees,</p><p><b>Note:</b></p><p>Public administration: covers only central government administration (CGPO)</p>"
DATAFLOW,LU1:DSD_ESS_2@DF_C1337(1.1),Employment: percentage by economic activity and residence/nationality,I,PC_EMP_RESID,Percentage of total employment by category of residence,SAL_INT,Domestic payroll employment,A4,Quadrennial,_Z,Not applicable,K,Financial and insurance activities,_Z,Not applicable,_Z,Not applicable,_Z,Not applicable,_T,Total,_Z,Not applicable,2010,,13.9,,0,Units,,,1,One,N05,"<b>Coverage:</b><p>Branches B-S;</p><p>Companies with 10 or more employees,</p><p><b>Note:</b></p><p>Public administration: covers only central government administration (CGPO)</p>"
DATAFLOW,LU1:DSD_ESS_2@DF_C1337(1.1),Employment: percentage by economic activity and residence/nationality,I,PC_EMP_RESID,Percentage of total employment by category of residence,SAL_INT,Domestic payroll employment,A4,Quadrennial,_Z,Not applicable,K,Financial and insurance activities,_Z,Not applicable,_Z,Not applicable,_Z,Not applicable,_T,Total,_Z,Not applicable,2014,,12.09,,0,Units,,,1,One,N05,"<b>Coverage:</b><p>Branches B-S;</p><p>Companies with 10 or more employees,</p><p><b>Note:</b></p><p>Public administration: covers only central government administration (CGPO)</p>"
DATAFLOW,LU1:DSD_ESS_2@DF_C1337(1.1),Employment: percentage by economic activity and residence/nationality,I,PC_EMP_RESID,Percentage of total employment by category of residence,SAL_INT,Domestic payroll employment,A4,Quadrennial,_Z,Not applicable,K,Financial and insurance activities,_Z,Not applicable,_Z,Not applicable,_Z,Not applicable,_T,Total,_Z,Not applicable,2018,,12.27,,0,Units,,,1,One,N05,"<b>Coverage:</b><p>Branches B-S;</p><p>Companies with 10 or more employees,</p><p><b>Note:</b></p><p>Public administration: covers only central government administration (CGPO)</p>"
DATAFLOW,LU1:DSD_ESS_2@DF_C1337(1.1),Employment: percentage by economic activity and residence/nationality,I,PC_EMP_RESID,Percentage of total employment by category of residence,SAL_INT,Domestic payroll employment,A4,Quadrennial,_Z,Not applicable,K,Financial and insurance activities,_Z,Not applicable,_Z,Not applicable,_Z,Not applicable,_T,Total,_Z,Not applicable,2022,,11.52,,0,Units,,,1,One,N05,"<b>Coverage:</b><p>Branches B-S;</p><p>Companies with 10 or more employees,</p><p><b>Note:</b></p><p>Public administration: covers only central government administration (CGPO)</p>"
DATAFLOW,LU1:DSD_ESS_2@DF_C1337(1.1),Employment: percentage by economic activity and residence/nationality,I,PC_EMP_NACE,Percentage of total branch employment,SAL_INT,Domestic payroll employment,A4,Quadrennial,_Z,Not applicable,H,Transportation and storage,_Z,Not applicable,_Z,Not applicable,_Z,Not applicable,_T,Total,_Z,Not applicable,2010,,100,,0,Units,,,1,One,N05,"<b>Coverage:</b><p>Branches B-S;</p><p>Companies with 10 or more employees,</p><p><b>Note:</b></p><p>Public administration: covers only central government administration (CGPO)</p>"
DATAFLOW,LU1:DSD_ESS_2@DF_C1337(1.1),Employment: percentage by economic activity and residence/nationality,I,PC_EMP_NACE,Percentage of total branch employment,SAL_INT,Domestic payroll employment,A4,Quadrennial,_Z,Not applicable,H,Transportation and storage,_Z,Not applicable,_Z,Not applicable,_Z,Not applicable,_T,Total,_Z,Not applicable,2014,,100,,0,Units,,,1,One,N05,"<b>Coverage:</b><p>Branches B-S;</p><p>Companies with 10 or more employees,</p><p><b>Note:</b></p><p>Public administration: covers only central government administration (CGPO)</p>"
DATAFLOW,LU1:DSD_ESS_2@DF_C1337(1.1),Employment: percentage by economic activity and residence/nationality,I,PC_EMP_NACE,Percentage of total branch employment,SAL_INT,Domestic payroll employment,A4,Quadrennial,_Z,Not applicable,H,Transportation and storage,_Z,Not applicable,_Z,Not applicable,_Z,Not applicable,_T,Total,_Z,Not applicable,2018,,100,,0,Units,,,1,One,N05,"<b>Coverage:</b><p>Branches B-S;</p><p>Companies with 10 or more employees,</p><p><b>Note:</b></p><p>Public administration: covers only central government administration (CGPO)</p>"
DATAFLOW,LU1:DSD_ESS_2@DF_C1337(1.1),Employment: percentage by economic activity and residence/nationality,I,PC_EMP_NACE,Percentage of total branch employment,SAL_INT,Domestic payroll employment,A4,Quadrennial,_Z,Not applicable,H,Transportation and storage,_Z,Not applicable,_Z,Not applicable,_Z,Not applicable,_T,Total,_Z,Not applicable,2022,,100,,0,Units,,,1,One,N05,"<b>Coverage:</b><p>Branches B-S;</p><p>Companies with 10 or more employees,</p><p><b>Note:</b></p><p>Public administration: covers only central government administration (CGPO)</p>"
DATAFLOW,LU1:DSD_ESS_2@DF_C1337(1.1),Employment: percentage by economic activity and residence/nationality,I,PC_EMP_NACE,Percentage of total branch employment,SAL_INT,Domestic payroll employment,A4,Quadrennial,_Z,Not applicable,G,Wholesale and retail trade; repair of motor and motorcycles,_Z,Not applicable,_Z,Not applicable,_Z,Not applicable,_T,Total,_Z,Not applicable,2010,,100,,0,Units,,,1,One,N05,"<b>Coverage:</b><p>Branches B-S;</p><p>Companies with 10 or more employees,</p><p><b>Note:</b></p><p>Public administration: covers only central government administration (CGPO)</p>"
DATAFLOW,LU1:DSD_ESS_2@DF_C1337(1.1),Employment: percentage by economic activity and residence/nationality,I,PC_EMP_NACE,Percentage of total branch employment,SAL_INT,Domestic payroll employment,A4,Quadrennial,_Z,Not applicable,G,Wholesale and retail trade; repair of motor and motorcycles,_Z,Not applicable,_Z,Not applicable,_Z,Not applicable,_T,Total,_Z,Not applicable,2014,,100,,0,Units,,,1,One,N05,"<b>Coverage:</b><p>Branches B-S;</p><p>Companies with 10 or more employees,</p><p><b>Note:</b></p><p>Public administration: covers only central government administration (CGPO)</p>"
DATAFLOW,LU1:DSD_ESS_2@DF_C1337(1.1),Employment: percentage by economic activity and residence/nationality,I,PC_EMP_NACE,Percentage of total branch employment,SAL_INT,Domestic payroll employment,A4,Quadrennial,_Z,Not applicable,G,Wholesale and retail trade; repair of motor and motorcycles,_Z,Not applicable,_Z,Not applicable,_Z,Not applicable,_T,Total,_Z,Not applicable,2018,,100,,0,Units,,,1,One,N05,"<b>Coverage:</b><p>Branches B-S;</p><p>Companies with 10 or more employees,</p><p><b>Note:</b></p><p>Public administration: covers only central government administration (CGPO)</p>"
DATAFLOW,LU1:DSD_ESS_2@DF_C1337(1.1),Employment: percentage by economic activity and residence/nationality,I,PC_EMP_NACE,Percentage of total branch employment,SAL_INT,Domestic payroll employment,A4,Quadrennial,_Z,Not applicable,G,Wholesale and retail trade; repair of motor and motorcycles,_Z,Not applicable,_Z,Not applicable,_Z,Not applicable,_T,Total,_Z,Not applicable,2022,,100,,0,Units,,,1,One,N05,"<b>Coverage:</b><p>Branches B-S;</p><p>Companies with 10 or more employees,</p><p><b>Note:</b></p><p>Public administration: covers only central government administration (CGPO)</p>"
DATAFLOW,LU1:DSD_ESS_2@DF_C1337(1.1),Employment: percentage by economic activity and residence/nationality,I,PC_EMP_RESID,Percentage of total employment by category of residence,SAL_INT,Domestic payroll employment,A4,Quadrennial,_Z,Not applicable,C,Manufacturing,_Z,Not applicable,_Z,Not applicable,_Z,Not applicable,_T_F,Total cross-border,_Z,Not applicable,2010,,13.32,,0,Units,,,1,One,N05,"<b>Coverage:</b><p>Branches B-S;</p><p>Companies with 10 or more employees,</p><p><b>Note:</b></p><p>Public administration: covers only central government administration (CGPO)</p>"
DATAFLOW,LU1:DSD_ESS_2@DF_C1337(1.1),Employment: percentage by economic activity and residence/nationality,I,PC_EMP_RESID,Percentage of total employment by category of residence,SAL_INT,Domestic payroll employment,A4,Quadrennial,_Z,Not applicable,C,Manufacturing,_Z,Not applicable,_Z,Not applicable,_Z,Not applicable,_T_F,Total cross-border,_Z,Not applicable,2014,,12.62,,0,Units,,,1,One,N05,"<b>Coverage:</b><p>Branches B-S;</p><p>Companies with 10 or more employees,</p><p><b>Note:</b></p><p>Public administration: covers only central government administration (CGPO)</p>"
DATAFLOW,LU1:DSD_ESS_2@DF_C1337(1.1),Employment: percentage by economic activity and residence/nationality,I,PC_EMP_RESID,Percentage of total employment by category of residence,SAL_INT,Domestic payroll employment,A4,Quadrennial,_Z,Not applicable,C,Manufacturing,_Z,Not applicable,_Z,Not applicable,_Z,Not applicable,_T_F,Total cross-border,_Z,Not applicable,2018,,11.8,,0,Units,,,1,One,N05,"<b>Coverage:</b><p>Branches B-S;</p><p>Companies with 10 or more employees,</p><p><b>Note:</b></p><p>Public administration: covers only central government administration (CGPO)</p>"
DATAFLOW,LU1:DSD_ESS_2@DF_C1337(1.1),Employment: percentage by economic activity and residence/nationality,I,PC_EMP_RESID,Percentage of total employment by category of residence,SAL_INT,Domestic payroll employment,A4,Quadrennial,_Z,Not applicable,C,Manufacturing,_Z,Not applicable,_Z,Not applicable,_Z,Not applicable,_T_F,Total cross-border,_Z,Not applicable,2022,,10.96,,0,Units,,,1,One,N05,"<b>Coverage:</b><p>Branches B-S;</p><p>Companies with 10 or more employees,</p><p><b>Note:</b></p><p>Public administration: covers only central government administration (CGPO)</p>"
DATAFLOW,LU1:DSD_ESS_2@DF_C1337(1.1),Employment: percentage by economic activity and residence/nationality,I,PC_EMP_RESID,Percentage of total employment by category of residence,SAL_INT,Domestic payroll employment,A4,Quadrennial,_Z,Not applicable,Q,Human health and social work activities,_Z,Not applicable,_Z,Not applicable,_Z,Not applicable,_T_F,Total cross-border,_Z,Not applicable,2010,,6.11,,0,Units,,,1,One,N05,"<b>Coverage:</b><p>Branches B-S;</p><p>Companies with 10 or more employees,</p><p><b>Note:</b></p><p>Public administration: covers only central government administration (CGPO)</p>"
DATAFLOW,LU1:DSD_ESS_2@DF_C1337(1.1),Employment: percentage by economic activity and residence/nationality,I,PC_EMP_RESID,Percentage of total employment by category of residence,SAL_INT,Domestic payroll employment,A4,Quadrennial,_Z,Not applicable,Q,Human health and social work activities,_Z,Not applicable,_Z,Not applicable,_Z,Not applicable,_T_F,Total cross-border,_Z,Not applicable,2014,,7.63,,0,Units,,,1,One,N05,"<b>Coverage:</b><p>Branches B-S;</p><p>Companies with 10 or more employees,</p><p><b>Note:</b></p><p>Public administration: covers only central government administration (CGPO)</p>"
DATAFLOW,LU1:DSD_ESS_2@DF_C1337(1.1),Employment: percentage by economic activity and residence/nationality,I,PC_EMP_RESID,Percentage of total employment by category of residence,SAL_INT,Domestic payroll employment,A4,Quadrennial,_Z,Not applicable,Q,Human health and social work activities,_Z,Not applicable,_Z,Not applicable,_Z,Not applicable,_T_F,Total cross-border,_Z,Not applicable,2018,,7.47,,0,Units,,,1,One,N05,"<b>Coverage:</b><p>Branches B-S;</p><p>Companies with 10 or more employees,</p><p><b>Note:</b></p><p>Public administration: covers only central government administration (CGPO)</p>"
DATAFLOW,LU1:DSD_ESS_2@DF_C1337(1.1),Employment: percentage by economic activity and residence/nationality,I,PC_EMP_RESID,Percentage of total employment by category of residence,SAL_INT,Domestic payroll employment,A4,Quadrennial,_Z,Not applicable,Q,Human health and social work activities,_Z,Not applicable,_Z,Not applicable,_Z,Not applicable,_T_F,Total cross-border,_Z,Not applicable,2022,,8.91,,0,Units,,,1,One,N05,"<b>Coverage:</b><p>Branches B-S;</p><p>Companies with 10 or more employees,</p><p><b>Note:</b></p><p>Public administration: covers only central government administration (CGPO)</p>"
DATAFLOW,LU1:DSD_ESS_2@DF_C1337(1.1),Employment: percentage by economic activity and residence/nationality,I,PC_EMP_NACE,Percentage of total branch employment,SAL_INT,Domestic payroll employment,A4,Quadrennial,_Z,Not applicable,C,Manufacturing,_Z,Not applicable,_Z,Not applicable,_Z,Not applicable,LU,Luxembourgish residents,_Z,Not applicable,2010,,19.6,,0,Units,,,1,One,N05,"<b>Coverage:</b><p>Branches B-S;</p><p>Companies with 10 or more employees,</p><p><b>Note:</b></p><p>Public administration: covers only central government administration (CGPO)</p>"
DATAFLOW,LU1:DSD_ESS_2@DF_C1337(1.1),Employment: percentage by economic activity and residence/nationality,I,PC_EMP_NACE,Percentage of total branch employment,SAL_INT,Domestic payroll employment,A4,Quadrennial,_Z,Not applicable,C,Manufacturing,_Z,Not applicable,_Z,Not applicable,_Z,Not applicable,LU,Luxembourgish residents,_Z,Not applicable,2014,,17,,0,Units,,,1,One,N05,"<b>Coverage:</b><p>Branches B-S;</p><p>Companies with 10 or more employees,</p><p><b>Note:</b></p><p>Public administration: covers only central government administration (CGPO)</p>"
DATAFLOW,LU1:DSD_ESS_2@DF_C1337(1.1),Employment: percentage by economic activity and residence/nationality,I,PC_EMP_NACE,Percentage of total branch employment,SAL_INT,Domestic payroll employment,A4,Quadrennial,_Z,Not applicable,C,Manufacturing,_Z,Not applicable,_Z,Not applicable,_Z,Not applicable,LU,Luxembourgish residents,_Z,Not applicable,2018,,13.9,,0,Units,,,1,One,N05,"<b>Coverage:</b><p>Branches B-S;</p><p>Companies with 10 or more employees,</p><p><b>Note:</b></p><p>Public administration: covers only central government administration (CGPO)</p>"
DATAFLOW,LU1:DSD_ESS_2@DF_C1337(1.1),Employment: percentage by economic activity and residence/nationality,I,PC_EMP_NACE,Percentage of total branch employment,SAL_INT,Domestic payroll employment,A4,Quadrennial,_Z,Not applicable,C,Manufacturing,_Z,Not applicable,_Z,Not applicable,_Z,Not applicable,LU,Luxembourgish residents,_Z,Not applicable,2022,,11.5,,0,Units,,,1,One,N05,"<b>Coverage:</b><p>Branches B-S;</p><p>Companies with 10 or more employees,</p><p><b>Note:</b></p><p>Public administration: covers only central government administration (CGPO)</p>"
DATAFLOW,LU1:DSD_ESS_2@DF_C1337(1.1),Employment: percentage by economic activity and residence/nationality,I,PC_EMP_NACE,Percentage of total branch employment,SAL_INT,Domestic payroll employment,A4,Quadrennial,_Z,Not applicable,B-S,"Industry, construction and services (except activities of households as employers and extra-territorial organisations and bodies)",_Z,Not applicable,_Z,Not applicable,_Z,Not applicable,_T,Total,_Z,Not applicable,2010,,100,,0,Units,,,1,One,N05,"<b>Coverage:</b><p>Branches B-S;</p><p>Companies with 10 or more employees,</p><p><b>Note:</b></p><p>Public administration: covers only central government administration (CGPO)</p>"
DATAFLOW,LU1:DSD_ESS_2@DF_C1337(1.1),Employment: percentage by economic activity and residence/nationality,I,PC_EMP_NACE,Percentage of total branch employment,SAL_INT,Domestic payroll employment,A4,Quadrennial,_Z,Not applicable,B-S,"Industry, construction and services (except activities of households as employers and extra-territorial organisations and bodies)",_Z,Not applicable,_Z,Not applicable,_Z,Not applicable,_T,Total,_Z,Not applicable,2014,,100,,0,Units,,,1,One,N05,"<b>Coverage:</b><p>Branches B-S;</p><p>Companies with 10 or more employees,</p><p><b>Note:</b></p><p>Public administration: covers only central government administration (CGPO)</p>"
DATAFLOW,LU1:DSD_ESS_2@DF_C1337(1.1),Employment: percentage by economic activity and residence/nationality,I,PC_EMP_NACE,Percentage of total branch employment,SAL_INT,Domestic payroll employment,A4,Quadrennial,_Z,Not applicable,B-S,"Industry, construction and services (except activities of households as employers and extra-territorial organisations and bodies)",_Z,Not applicable,_Z,Not applicable,_Z,Not applicable,_T,Total,_Z,Not applicable,2018,,100,,0,Units,,,1,One,N05,"<b>Coverage:</b><p>Branches B-S;</p><p>Companies with 10 or more employees,</p><p><b>Note:</b></p><p>Public administration: covers only central government administration (CGPO)</p>"
DATAFLOW,LU1:DSD_ESS_2@DF_C1337(1.1),Employment: percentage by economic activity and residence/nationality,I,PC_EMP_NACE,Percentage of total branch employment,SAL_INT,Domestic payroll employment,A4,Quadrennial,_Z,Not applicable,B-S,"Industry, construction and services (except activities of households as employers and extra-territorial organisations and bodies)",_Z,Not applicable,_Z,Not applicable,_Z,Not applicable,_T,Total,_Z,Not applicable,2022,,100,,0,Units,,,1,One,N05,"<b>Coverage:</b><p>Branches B-S;</p><p>Companies with 10 or more employees,</p><p><b>Note:</b></p><p>Public administration: covers only central government administration (CGPO)</p>"
DATAFLOW,LU1:DSD_ESS_2@DF_C1337(1.1),Employment: percentage by economic activity and residence/nationality,I,PC_EMP_NACE,Percentage of total branch employment,SAL_INT,Domestic payroll employment,A4,Quadrennial,_Z,Not applicable,F,Construction,_Z,Not applicable,_Z,Not applicable,_Z,Not applicable,_T_F,Total cross-border,_Z,Not applicable,2010,,49.4,,0,Units,,,1,One,N05,"<b>Coverage:</b><p>Branches B-S;</p><p>Companies with 10 or more employees,</p><p><b>Note:</b></p><p>Public administration: covers only central government administration (CGPO)</p>"
DATAFLOW,LU1:DSD_ESS_2@DF_C1337(1.1),Employment: percentage by economic activity and residence/nationality,I,PC_EMP_NACE,Percentage of total branch employment,SAL_INT,Domestic payroll employment,A4,Quadrennial,_Z,Not applicable,F,Construction,_Z,Not applicable,_Z,Not applicable,_Z,Not applicable,_T_F,Total cross-border,_Z,Not applicable,2014,,52.3,,0,Units,,,1,One,N05,"<b>Coverage:</b><p>Branches B-S;</p><p>Companies with 10 or more employees,</p><p><b>Note:</b></p><p>Public administration: covers only central government administration (CGPO)</p>"
DATAFLOW,LU1:DSD_ESS_2@DF_C1337(1.1),Employment: percentage by economic activity and residence/nationality,I,PC_EMP_NACE,Percentage of total branch employment,SAL_INT,Domestic payroll employment,A4,Quadrennial,_Z,Not applicable,F,Construction,_Z,Not applicable,_Z,Not applicable,_Z,Not applicable,_T_F,Total cross-border,_Z,Not applicable,2018,,55,,0,Units,,,1,One,N05,"<b>Coverage:</b><p>Branches B-S;</p><p>Companies with 10 or more employees,</p><p><b>Note:</b></p><p>Public administration: covers only central government administration (CGPO)</p>"
DATAFLOW,LU1:DSD_ESS_2@DF_C1337(1.1),Employment: percentage by economic activity and residence/nationality,I,PC_EMP_NACE,Percentage of total branch employment,SAL_INT,Domestic payroll employment,A4,Quadrennial,_Z,Not applicable,F,Construction,_Z,Not applicable,_Z,Not applicable,_Z,Not applicable,_T_F,Total cross-border,_Z,Not applicable,2022,,59.6,,0,Units,,,1,One,N05,"<b>Coverage:</b><p>Branches B-S;</p><p>Companies with 10 or more employees,</p><p><b>Note:</b></p><p>Public administration: covers only central government administration (CGPO)</p>"
DATAFLOW,LU1:DSD_ESS_2@DF_C1337(1.1),Employment: percentage by economic activity and residence/nationality,I,PC_EMP_RESID,Percentage of total employment by category of residence,SAL_INT,Domestic payroll employment,A4,Quadrennial,_Z,Not applicable,L,Real estate activities,_Z,Not applicable,_Z,Not applicable,_Z,Not applicable,_T_F,Total cross-border,_Z,Not applicable,2010,,0.27,,0,Units,,,1,One,N05,"<b>Coverage:</b><p>Branches B-S;</p><p>Companies with 10 or more employees,</p><p><b>Note:</b></p><p>Public administration: covers only central government administration (CGPO)</p>"
DATAFLOW,LU1:DSD_ESS_2@DF_C1337(1.1),Employment: percentage by economic activity and residence/nationality,I,PC_EMP_RESID,Percentage of total employment by category of residence,SAL_INT,Domestic payroll employment,A4,Quadrennial,_Z,Not applicable,L,Real estate activities,_Z,Not applicable,_Z,Not applicable,_Z,Not applicable,_T_F,Total cross-border,_Z,Not applicable,2014,,0.25,,0,Units,,,1,One,N05,"<b>Coverage:</b><p>Branches B-S;</p><p>Companies with 10 or more employees,</p><p><b>Note:</b></p><p>Public administration: covers only central government administration (CGPO)</p>"
DATAFLOW,LU1:DSD_ESS_2@DF_C1337(1.1),Employment: percentage by economic activity and residence/nationality,I,PC_EMP_RESID,Percentage of total employment by category of residence,SAL_INT,Domestic payroll employment,A4,Quadrennial,_Z,Not applicable,L,Real estate activities,_Z,Not applicable,_Z,Not applicable,_Z,Not applicable,_T_F,Total cross-border,_Z,Not applicable,2018,,0.28,,0,Units,,,1,One,N05,"<b>Coverage:</b><p>Branches B-S;</p><p>Companies with 10 or more employees,</p><p><b>Note:</b></p><p>Public administration: covers only central government administration (CGPO)</p>"
DATAFLOW,LU1:DSD_ESS_2@DF_C1337(1.1),Employment: percentage by economic activity and residence/nationality,I,PC_EMP_RESID,Percentage of total employment by category of residence,SAL_INT,Domestic payroll employment,A4,Quadrennial,_Z,Not applicable,L,Real estate activities,_Z,Not applicable,_Z,Not applicable,_Z,Not applicable,_T_F,Total cross-border,_Z,Not applicable,2022,,0.55,,0,Units,,,1,One,N05,"<b>Coverage:</b><p>Branches B-S;</p><p>Companies with 10 or more employees,</p><p><b>Note:</b></p><p>Public administration: covers only central government administration (CGPO)</p>"
DATAFLOW,LU1:DSD_ESS_2@DF_C1337(1.1),Employment: percentage by economic activity and residence/nationality,I,PC_EMP_NACE,Percentage of total branch employment,SAL_INT,Domestic payroll employment,A4,Quadrennial,_Z,Not applicable,J,Information and communication,_Z,Not applicable,_Z,Not applicable,_Z,Not applicable,LU,Luxembourgish residents,_Z,Not applicable,2010,,30.2,,0,Units,,,1,One,N05,"<b>Coverage:</b><p>Branches B-S;</p><p>Companies with 10 or more employees,</p><p><b>Note:</b></p><p>Public administration: covers only central government administration (CGPO)</p>"
DATAFLOW,LU1:DSD_ESS_2@DF_C1337(1.1),Employment: percentage by economic activity and residence/nationality,I,PC_EMP_NACE,Percentage of total branch employment,SAL_INT,Domestic payroll employment,A4,Quadrennial,_Z,Not applicable,J,Information and communication,_Z,Not applicable,_Z,Not applicable,_Z,Not applicable,LU,Luxembourgish residents,_Z,Not applicable,2014,,26.2,,0,Units,,,1,One,N05,"<b>Coverage:</b><p>Branches B-S;</p><p>Companies with 10 or more employees,</p><p><b>Note:</b></p><p>Public administration: covers only central government administration (CGPO)</p>"
DATAFLOW,LU1:DSD_ESS_2@DF_C1337(1.1),Employment: percentage by economic activity and residence/nationality,I,PC_EMP_NACE,Percentage of total branch employment,SAL_INT,Domestic payroll employment,A4,Quadrennial,_Z,Not applicable,J,Information and communication,_Z,Not applicable,_Z,Not applicable,_Z,Not applicable,LU,Luxembourgish residents,_Z,Not applicable,2018,,21.2,,0,Units,,,1,One,N05,"<b>Coverage:</b><p>Branches B-S;</p><p>Companies with 10 or more employees,</p><p><b>Note:</b></p><p>Public administration: covers only central government administration (CGPO)</p>"
DATAFLOW,LU1:DSD_ESS_2@DF_C1337(1.1),Employment: percentage by economic activity and residence/nationality,I,PC_EMP_NACE,Percentage of total branch employment,SAL_INT,Domestic payroll employment,A4,Quadrennial,_Z,Not applicable,J,Information and communication,_Z,Not applicable,_Z,Not applicable,_Z,Not applicable,LU,Luxembourgish residents,_Z,Not applicable,2022,,19.9,,0,Units,,,1,One,N05,"<b>Coverage:</b><p>Branches B-S;</p><p>Companies with 10 or more employees,</p><p><b>Note:</b></p><p>Public administration: covers only central government administration (CGPO)</p>"
DATAFLOW,LU1:DSD_ESS_2@DF_C1337(1.1),Employment: percentage by economic activity and residence/nationality,I,PC_EMP_NACE,Percentage of total branch employment,SAL_INT,Domestic payroll employment,A4,Quadrennial,_Z,Not applicable,D,"Electricity, gas, steam and air conditionning supply",_Z,Not applicable,_Z,Not applicable,_Z,Not applicable,LU,Luxembourgish residents,_Z,Not applicable,2010,,79.1,,0,Units,,,1,One,N05,"<b>Coverage:</b><p>Branches B-S;</p><p>Companies with 10 or more employees,</p><p><b>Note:</b></p><p>Public administration: covers only central government administration (CGPO)</p>"
DATAFLOW,LU1:DSD_ESS_2@DF_C1337(1.1),Employment: percentage by economic activity and residence/nationality,I,PC_EMP_NACE,Percentage of total branch employment,SAL_INT,Domestic payroll employment,A4,Quadrennial,_Z,Not applicable,D,"Electricity, gas, steam and air conditionning supply",_Z,Not applicable,_Z,Not applicable,_Z,Not applicable,LU,Luxembourgish residents,_Z,Not applicable,2014,,77.1,,0,Units,,,1,One,N05,"<b>Coverage:</b><p>Branches B-S;</p><p>Companies with 10 or more employees,</p><p><b>Note:</b></p><p>Public administration: covers only central government administration (CGPO)</p>"
DATAFLOW,LU1:DSD_ESS_2@DF_C1337(1.1),Employment: percentage by economic activity and residence/nationality,I,PC_EMP_NACE,Percentage of total branch employment,SAL_INT,Domestic payroll employment,A4,Quadrennial,_Z,Not applicable,D,"Electricity, gas, steam and air conditionning supply",_Z,Not applicable,_Z,Not applicable,_Z,Not applicable,LU,Luxembourgish residents,_Z,Not applicable,2018,,69.5,,0,Units,,,1,One,N05,"<b>Coverage:</b><p>Branches B-S;</p><p>Companies with 10 or more employees,</p><p><b>Note:</b></p><p>Public administration: covers only central government administration (CGPO)</p>"
DATAFLOW,LU1:DSD_ESS_2@DF_C1337(1.1),Employment: percentage by economic activity and residence/nationality,I,PC_EMP_NACE,Percentage of total branch employment,SAL_INT,Domestic payroll employment,A4,Quadrennial,_Z,Not applicable,D,"Electricity, gas, steam and air conditionning supply",_Z,Not applicable,_Z,Not applicable,_Z,Not applicable,LU,Luxembourgish residents,_Z,Not applicable,2022,,55.5,,0,Units,,,1,One,N05,"<b>Coverage:</b><p>Branches B-S;</p><p>Companies with 10 or more employees,</p><p><b>Note:</b></p><p>Public administration: covers only central government administration (CGPO)</p>"
DATAFLOW,LU1:DSD_ESS_2@DF_C1337(1.1),Employment: percentage by economic activity and residence/nationality,I,PC_EMP_NACE,Percentage of total branch employment,SAL_INT,Domestic payroll employment,A4,Quadrennial,_Z,Not applicable,E,"Water supply; sewerage,waste management and remediation activities",_Z,Not applicable,_Z,Not applicable,_Z,Not applicable,LU,Luxembourgish residents,_Z,Not applicable,2010,,46.3,,0,Units,,,1,One,N05,"<b>Coverage:</b><p>Branches B-S;</p><p>Companies with 10 or more employees,</p><p><b>Note:</b></p><p>Public administration: covers only central government administration (CGPO)</p>"
DATAFLOW,LU1:DSD_ESS_2@DF_C1337(1.1),Employment: percentage by economic activity and residence/nationality,I,PC_EMP_NACE,Percentage of total branch employment,SAL_INT,Domestic payroll employment,A4,Quadrennial,_Z,Not applicable,E,"Water supply; sewerage,waste management and remediation activities",_Z,Not applicable,_Z,Not applicable,_Z,Not applicable,LU,Luxembourgish residents,_Z,Not applicable,2014,,37.3,,0,Units,,,1,One,N05,"<b>Coverage:</b><p>Branches B-S;</p><p>Companies with 10 or more employees,</p><p><b>Note:</b></p><p>Public administration: covers only central government administration (CGPO)</p>"
DATAFLOW,LU1:DSD_ESS_2@DF_C1337(1.1),Employment: percentage by economic activity and residence/nationality,I,PC_EMP_NACE,Percentage of total branch employment,SAL_INT,Domestic payroll employment,A4,Quadrennial,_Z,Not applicable,E,"Water supply; sewerage,waste management and remediation activities",_Z,Not applicable,_Z,Not applicable,_Z,Not applicable,LU,Luxembourgish residents,_Z,Not applicable,2018,,34.1,,0,Units,,,1,One,N05,"<b>Coverage:</b><p>Branches B-S;</p><p>Companies with 10 or more employees,</p><p><b>Note:</b></p><p>Public administration: covers only central government administration (CGPO)</p>"
DATAFLOW,LU1:DSD_ESS_2@DF_C1337(1.1),Employment: percentage by economic activity and residence/nationality,I,PC_EMP_NACE,Percentage of total branch employment,SAL_INT,Domestic payroll employment,A4,Quadrennial,_Z,Not applicable,E,"Water supply; sewerage,waste management and remediation activities",_Z,Not applicable,_Z,Not applicable,_Z,Not applicable,LU,Luxembourgish residents,_Z,Not applicable,2022,,42.4,,0,Units,,,1,One,N05,"<b>Coverage:</b><p>Branches B-S;</p><p>Companies with 10 or more employees,</p><p><b>Note:</b></p><p>Public administration: covers only central government administration (CGPO)</p>"
DATAFLOW,LU1:DSD_ESS_2@DF_C1337(1.1),Employment: percentage by economic activity and residence/nationality,I,PC_EMP_NACE,Percentage of total branch employment,SAL_INT,Domestic payroll employment,A4,Quadrennial,_Z,Not applicable,B,Mining and quarrying,_Z,Not applicable,_Z,Not applicable,_Z,Not applicable,RES_FOR_ALL,Residents of foreign nationality (EU and non-EU),_Z,Not applicable,2010,,28.8,,0,Units,,,1,One,N05,"<b>Coverage:</b><p>Branches B-S;</p><p>Companies with 10 or more employees,</p><p><b>Note:</b></p><p>Public administration: covers only central government administration (CGPO)</p>"
DATAFLOW,LU1:DSD_ESS_2@DF_C1337(1.1),Employment: percentage by economic activity and residence/nationality,I,PC_EMP_NACE,Percentage of total branch employment,SAL_INT,Domestic payroll employment,A4,Quadrennial,_Z,Not applicable,B,Mining and quarrying,_Z,Not applicable,_Z,Not applicable,_Z,Not applicable,RES_FOR_ALL,Residents of foreign nationality (EU and non-EU),_Z,Not applicable,2014,,22.6,,0,Units,,,1,One,N05,"<b>Coverage:</b><p>Branches B-S;</p><p>Companies with 10 or more employees,</p><p><b>Note:</b></p><p>Public administration: covers only central government administration (CGPO)</p>"
DATAFLOW,LU1:DSD_ESS_2@DF_C1337(1.1),Employment: percentage by economic activity and residence/nationality,I,PC_EMP_NACE,Percentage of total branch employment,SAL_INT,Domestic payroll employment,A4,Quadrennial,_Z,Not applicable,B,Mining and quarrying,_Z,Not applicable,_Z,Not applicable,_Z,Not applicable,RES_FOR_ALL,Residents of foreign nationality (EU and non-EU),_Z,Not applicable,2018,,34.5,,0,Units,,,1,One,N05,"<b>Coverage:</b><p>Branches B-S;</p><p>Companies with 10 or more employees,</p><p><b>Note:</b></p><p>Public administration: covers only central government administration (CGPO)</p>"
DATAFLOW,LU1:DSD_ESS_2@DF_C1337(1.1),Employment: percentage by economic activity and residence/nationality,I,PC_EMP_NACE,Percentage of total branch employment,SAL_INT,Domestic payroll employment,A4,Quadrennial,_Z,Not applicable,B,Mining and quarrying,_Z,Not applicable,_Z,Not applicable,_Z,Not applicable,RES_FOR_ALL,Residents of foreign nationality (EU and non-EU),_Z,Not applicable,2022,,23.3,,0,Units,,,1,One,N05,"<b>Coverage:</b><p>Branches B-S;</p><p>Companies with 10 or more employees,</p><p><b>Note:</b></p><p>Public administration: covers only central government administration (CGPO)</p>"
DATAFLOW,LU1:DSD_ESS_2@DF_C1337(1.1),Employment: percentage by economic activity and residence/nationality,I,PC_EMP_NACE,Percentage of total branch employment,SAL_INT,Domestic payroll employment,A4,Quadrennial,_Z,Not applicable,M,"Professional, scientific and technical activities",_Z,Not applicable,_Z,Not applicable,_Z,Not applicable,LU,Luxembourgish residents,_Z,Not applicable,2010,,17.7,,0,Units,,,1,One,N05,"<b>Coverage:</b><p>Branches B-S;</p><p>Companies with 10 or more employees,</p><p><b>Note:</b></p><p>Public administration: covers only central government administration (CGPO)</p>"
DATAFLOW,LU1:DSD_ESS_2@DF_C1337(1.1),Employment: percentage by economic activity and residence/nationality,I,PC_EMP_NACE,Percentage of total branch employment,SAL_INT,Domestic payroll employment,A4,Quadrennial,_Z,Not applicable,M,"Professional, scientific and technical activities",_Z,Not applicable,_Z,Not applicable,_Z,Not applicable,LU,Luxembourgish residents,_Z,Not applicable,2014,,16.5,,0,Units,,,1,One,N05,"<b>Coverage:</b><p>Branches B-S;</p><p>Companies with 10 or more employees,</p><p><b>Note:</b></p><p>Public administration: covers only central government administration (CGPO)</p>"
DATAFLOW,LU1:DSD_ESS_2@DF_C1337(1.1),Employment: percentage by economic activity and residence/nationality,I,PC_EMP_NACE,Percentage of total branch employment,SAL_INT,Domestic payroll employment,A4,Quadrennial,_Z,Not applicable,M,"Professional, scientific and technical activities",_Z,Not applicable,_Z,Not applicable,_Z,Not applicable,LU,Luxembourgish residents,_Z,Not applicable,2018,,14.7,,0,Units,,,1,One,N05,"<b>Coverage:</b><p>Branches B-S;</p><p>Companies with 10 or more employees,</p><p><b>Note:</b></p><p>Public administration: covers only central government administration (CGPO)</p>"
DATAFLOW,LU1:DSD_ESS_2@DF_C1337(1.1),Employment: percentage by economic activity and residence/nationality,I,PC_EMP_NACE,Percentage of total branch employment,SAL_INT,Domestic payroll employment,A4,Quadrennial,_Z,Not applicable,M,"Professional, scientific and technical activities",_Z,Not applicable,_Z,Not applicable,_Z,Not applicable,LU,Luxembourgish residents,_Z,Not applicable,2022,,13.5,,0,Units,,,1,One,N05,"<b>Coverage:</b><p>Branches B-S;</p><p>Companies with 10 or more employees,</p><p><b>Note:</b></p><p>Public administration: covers only central government administration (CGPO)</p>"
DATAFLOW,LU1:DSD_ESS_2@DF_C1337(1.1),Employment: percentage by economic activity and residence/nationality,I,PC_EMP_RESID,Percentage of total employment by category of residence,SAL_INT,Domestic payroll employment,A4,Quadrennial,_Z,Not applicable,D,"Electricity, gas, steam and air conditionning supply",_Z,Not applicable,_Z,Not applicable,_Z,Not applicable,RES_FOR_ALL,Residents of foreign nationality (EU and non-EU),_Z,Not applicable,2010,,0.11,,0,Units,,,1,One,N05,"<b>Coverage:</b><p>Branches B-S;</p><p>Companies with 10 or more employees,</p><p><b>Note:</b></p><p>Public administration: covers only central government administration (CGPO)</p>"
DATAFLOW,LU1:DSD_ESS_2@DF_C1337(1.1),Employment: percentage by economic activity and residence/nationality,I,PC_EMP_RESID,Percentage of total employment by category of residence,SAL_INT,Domestic payroll employment,A4,Quadrennial,_Z,Not applicable,D,"Electricity, gas, steam and air conditionning supply",_Z,Not applicable,_Z,Not applicable,_Z,Not applicable,RES_FOR_ALL,Residents of foreign nationality (EU and non-EU),_Z,Not applicable,2014,,0.12,,0,Units,,,1,One,N05,"<b>Coverage:</b><p>Branches B-S;</p><p>Companies with 10 or more employees,</p><p><b>Note:</b></p><p>Public administration: covers only central government administration (CGPO)</p>"
DATAFLOW,LU1:DSD_ESS_2@DF_C1337(1.1),Employment: percentage by economic activity and residence/nationality,I,PC_EMP_RESID,Percentage of total employment by category of residence,SAL_INT,Domestic payroll employment,A4,Quadrennial,_Z,Not applicable,D,"Electricity, gas, steam and air conditionning supply",_Z,Not applicable,_Z,Not applicable,_Z,Not applicable,RES_FOR_ALL,Residents of foreign nationality (EU and non-EU),_Z,Not applicable,2018,,0.09,,0,Units,,,1,One,N05,"<b>Coverage:</b><p>Branches B-S;</p><p>Companies with 10 or more employees,</p><p><b>Note:</b></p><p>Public administration: covers only central government administration (CGPO)</p>"
DATAFLOW,LU1:DSD_ESS_2@DF_C1337(1.1),Employment: percentage by economic activity and residence/nationality,I,PC_EMP_RESID,Percentage of total employment by category of residence,SAL_INT,Domestic payroll employment,A4,Quadrennial,_Z,Not applicable,D,"Electricity, gas, steam and air conditionning supply",_Z,Not applicable,_Z,Not applicable,_Z,Not applicable,RES_FOR_ALL,Residents of foreign nationality (EU and non-EU),_Z,Not applicable,2022,,0.23,,0,Units,,,1,One,N05,"<b>Coverage:</b><p>Branches B-S;</p><p>Companies with 10 or more employees,</p><p><b>Note:</b></p><p>Public administration: covers only central government administration (CGPO)</p>"
DATAFLOW,LU1:DSD_ESS_2@DF_C1337(1.1),Employment: percentage by economic activity and residence/nationality,I,PC_EMP_RESID,Percentage of total employment by category of residence,SAL_INT,Domestic payroll employment,A4,Quadrennial,_Z,Not applicable,C,Manufacturing,_Z,Not applicable,_Z,Not applicable,_Z,Not applicable,RES_FOR_ALL,Residents of foreign nationality (EU and non-EU),_Z,Not applicable,2010,,7.7,,0,Units,,,1,One,N05,"<b>Coverage:</b><p>Branches B-S;</p><p>Companies with 10 or more employees,</p><p><b>Note:</b></p><p>Public administration: covers only central government administration (CGPO)</p>"
DATAFLOW,LU1:DSD_ESS_2@DF_C1337(1.1),Employment: percentage by economic activity and residence/nationality,I,PC_EMP_RESID,Percentage of total employment by category of residence,SAL_INT,Domestic payroll employment,A4,Quadrennial,_Z,Not applicable,C,Manufacturing,_Z,Not applicable,_Z,Not applicable,_Z,Not applicable,RES_FOR_ALL,Residents of foreign nationality (EU and non-EU),_Z,Not applicable,2014,,7.3,,0,Units,,,1,One,N05,"<b>Coverage:</b><p>Branches B-S;</p><p>Companies with 10 or more employees,</p><p><b>Note:</b></p><p>Public administration: covers only central government administration (CGPO)</p>"
DATAFLOW,LU1:DSD_ESS_2@DF_C1337(1.1),Employment: percentage by economic activity and residence/nationality,I,PC_EMP_RESID,Percentage of total employment by category of residence,SAL_INT,Domestic payroll employment,A4,Quadrennial,_Z,Not applicable,C,Manufacturing,_Z,Not applicable,_Z,Not applicable,_Z,Not applicable,RES_FOR_ALL,Residents of foreign nationality (EU and non-EU),_Z,Not applicable,2018,,6.35,,0,Units,,,1,One,N05,"<b>Coverage:</b><p>Branches B-S;</p><p>Companies with 10 or more employees,</p><p><b>Note:</b></p><p>Public administration: covers only central government administration (CGPO)</p>"
DATAFLOW,LU1:DSD_ESS_2@DF_C1337(1.1),Employment: percentage by economic activity and residence/nationality,I,PC_EMP_RESID,Percentage of total employment by category of residence,SAL_INT,Domestic payroll employment,A4,Quadrennial,_Z,Not applicable,C,Manufacturing,_Z,Not applicable,_Z,Not applicable,_Z,Not applicable,RES_FOR_ALL,Residents of foreign nationality (EU and non-EU),_Z,Not applicable,2022,,5.2,,0,Units,,,1,One,N05,"<b>Coverage:</b><p>Branches B-S;</p><p>Companies with 10 or more employees,</p><p><b>Note:</b></p><p>Public administration: covers only central government administration (CGPO)</p>"
DATAFLOW,LU1:DSD_ESS_2@DF_C1337(1.1),Employment: percentage by economic activity and residence/nationality,I,PC_EMP_NACE,Percentage of total branch employment,SAL_INT,Domestic payroll employment,A4,Quadrennial,_Z,Not applicable,K,Financial and insurance activities,_Z,Not applicable,_Z,Not applicable,_Z,Not applicable,_T_F,Total cross-border,_Z,Not applicable,2010,,51.2,,0,Units,,,1,One,N05,"<b>Coverage:</b><p>Branches B-S;</p><p>Companies with 10 or more employees,</p><p><b>Note:</b></p><p>Public administration: covers only central government administration (CGPO)</p>"
DATAFLOW,LU1:DSD_ESS_2@DF_C1337(1.1),Employment: percentage by economic activity and residence/nationality,I,PC_EMP_NACE,Percentage of total branch employment,SAL_INT,Domestic payroll employment,A4,Quadrennial,_Z,Not applicable,K,Financial and insurance activities,_Z,Not applicable,_Z,Not applicable,_Z,Not applicable,_T_F,Total cross-border,_Z,Not applicable,2014,,51.7,,0,Units,,,1,One,N05,"<b>Coverage:</b><p>Branches B-S;</p><p>Companies with 10 or more employees,</p><p><b>Note:</b></p><p>Public administration: covers only central government administration (CGPO)</p>"
DATAFLOW,LU1:DSD_ESS_2@DF_C1337(1.1),Employment: percentage by economic activity and residence/nationality,I,PC_EMP_NACE,Percentage of total branch employment,SAL_INT,Domestic payroll employment,A4,Quadrennial,_Z,Not applicable,K,Financial and insurance activities,_Z,Not applicable,_Z,Not applicable,_Z,Not applicable,_T_F,Total cross-border,_Z,Not applicable,2018,,50.4,,0,Units,,,1,One,N05,"<b>Coverage:</b><p>Branches B-S;</p><p>Companies with 10 or more employees,</p><p><b>Note:</b></p><p>Public administration: covers only central government administration (CGPO)</p>"
DATAFLOW,LU1:DSD_ESS_2@DF_C1337(1.1),Employment: percentage by economic activity and residence/nationality,I,PC_EMP_NACE,Percentage of total branch employment,SAL_INT,Domestic payroll employment,A4,Quadrennial,_Z,Not applicable,K,Financial and insurance activities,_Z,Not applicable,_Z,Not applicable,_Z,Not applicable,_T_F,Total cross-border,_Z,Not applicable,2022,,49.9,,0,Units,,,1,One,N05,"<b>Coverage:</b><p>Branches B-S;</p><p>Companies with 10 or more employees,</p><p><b>Note:</b></p><p>Public administration: covers only central government administration (CGPO)</p>"
DATAFLOW,LU1:DSD_ESS_2@DF_C1337(1.1),Employment: percentage by economic activity and residence/nationality,I,PC_EMP_NACE,Percentage of total branch employment,SAL_INT,Domestic payroll employment,A4,Quadrennial,_Z,Not applicable,D,"Electricity, gas, steam and air conditionning supply",_Z,Not applicable,_Z,Not applicable,_Z,Not applicable,RES_FOR_ALL,Residents of foreign nationality (EU and non-EU),_Z,Not applicable,2010,,6.8,,0,Units,,,1,One,N05,"<b>Coverage:</b><p>Branches B-S;</p><p>Companies with 10 or more employees,</p><p><b>Note:</b></p><p>Public administration: covers only central government administration (CGPO)</p>"
DATAFLOW,LU1:DSD_ESS_2@DF_C1337(1.1),Employment: percentage by economic activity and residence/nationality,I,PC_EMP_NACE,Percentage of total branch employment,SAL_INT,Domestic payroll employment,A4,Quadrennial,_Z,Not applicable,D,"Electricity, gas, steam and air conditionning supply",_Z,Not applicable,_Z,Not applicable,_Z,Not applicable,RES_FOR_ALL,Residents of foreign nationality (EU and non-EU),_Z,Not applicable,2014,,8.1,,0,Units,,,1,One,N05,"<b>Coverage:</b><p>Branches B-S;</p><p>Companies with 10 or more employees,</p><p><b>Note:</b></p><p>Public administration: covers only central government administration (CGPO)</p>"
DATAFLOW,LU1:DSD_ESS_2@DF_C1337(1.1),Employment: percentage by economic activity and residence/nationality,I,PC_EMP_NACE,Percentage of total branch employment,SAL_INT,Domestic payroll employment,A4,Quadrennial,_Z,Not applicable,D,"Electricity, gas, steam and air conditionning supply",_Z,Not applicable,_Z,Not applicable,_Z,Not applicable,RES_FOR_ALL,Residents of foreign nationality (EU and non-EU),_Z,Not applicable,2018,,6,,0,Units,,,1,One,N05,"<b>Coverage:</b><p>Branches B-S;</p><p>Companies with 10 or more employees,</p><p><b>Note:</b></p><p>Public administration: covers only central government administration (CGPO)</p>"
DATAFLOW,LU1:DSD_ESS_2@DF_C1337(1.1),Employment: percentage by economic activity and residence/nationality,I,PC_EMP_NACE,Percentage of total branch employment,SAL_INT,Domestic payroll employment,A4,Quadrennial,_Z,Not applicable,D,"Electricity, gas, steam and air conditionning supply",_Z,Not applicable,_Z,Not applicable,_Z,Not applicable,RES_FOR_ALL,Residents of foreign nationality (EU and non-EU),_Z,Not applicable,2022,,11.5,,0,Units,,,1,One,N05,"<b>Coverage:</b><p>Branches B-S;</p><p>Companies with 10 or more employees,</p><p><b>Note:</b></p><p>Public administration: covers only central government administration (CGPO)</p>"
DATAFLOW,LU1:DSD_ESS_2@DF_C1337(1.1),Employment: percentage by economic activity and residence/nationality,I,PC_EMP_NACE,Percentage of total branch employment,SAL_INT,Domestic payroll employment,A4,Quadrennial,_Z,Not applicable,Q,Human health and social work activities,_Z,Not applicable,_Z,Not applicable,_Z,Not applicable,RES_FOR_ALL,Residents of foreign nationality (EU and non-EU),_Z,Not applicable,2010,,19.1,,0,Units,,,1,One,N05,"<b>Coverage:</b><p>Branches B-S;</p><p>Companies with 10 or more employees,</p><p><b>Note:</b></p><p>Public administration: covers only central government administration (CGPO)</p>"
DATAFLOW,LU1:DSD_ESS_2@DF_C1337(1.1),Employment: percentage by economic activity and residence/nationality,I,PC_EMP_NACE,Percentage of total branch employment,SAL_INT,Domestic payroll employment,A4,Quadrennial,_Z,Not applicable,Q,Human health and social work activities,_Z,Not applicable,_Z,Not applicable,_Z,Not applicable,RES_FOR_ALL,Residents of foreign nationality (EU and non-EU),_Z,Not applicable,2014,,20.5,,0,Units,,,1,One,N05,"<b>Coverage:</b><p>Branches B-S;</p><p>Companies with 10 or more employees,</p><p><b>Note:</b></p><p>Public administration: covers only central government administration (CGPO)</p>"
DATAFLOW,LU1:DSD_ESS_2@DF_C1337(1.1),Employment: percentage by economic activity and residence/nationality,I,PC_EMP_NACE,Percentage of total branch employment,SAL_INT,Domestic payroll employment,A4,Quadrennial,_Z,Not applicable,Q,Human health and social work activities,_Z,Not applicable,_Z,Not applicable,_Z,Not applicable,RES_FOR_ALL,Residents of foreign nationality (EU and non-EU),_Z,Not applicable,2018,,19.7,,0,Units,,,1,One,N05,"<b>Coverage:</b><p>Branches B-S;</p><p>Companies with 10 or more employees,</p><p><b>Note:</b></p><p>Public administration: covers only central government administration (CGPO)</p>"
DATAFLOW,LU1:DSD_ESS_2@DF_C1337(1.1),Employment: percentage by economic activity and residence/nationality,I,PC_EMP_NACE,Percentage of total branch employment,SAL_INT,Domestic payroll employment,A4,Quadrennial,_Z,Not applicable,Q,Human health and social work activities,_Z,Not applicable,_Z,Not applicable,_Z,Not applicable,RES_FOR_ALL,Residents of foreign nationality (EU and non-EU),_Z,Not applicable,2022,,17.9,,0,Units,,,1,One,N05,"<b>Coverage:</b><p>Branches B-S;</p><p>Companies with 10 or more employees,</p><p><b>Note:</b></p><p>Public administration: covers only central government administration (CGPO)</p>"
DATAFLOW,LU1:DSD_ESS_2@DF_C1337(1.1),Employment: percentage by economic activity and residence/nationality,I,PC_EMP_NACE,Percentage of total branch employment,SAL_INT,Domestic payroll employment,A4,Quadrennial,_Z,Not applicable,R,"Arts, entertainment, and recreational activities",_Z,Not applicable,_Z,Not applicable,_Z,Not applicable,_T,Total,_Z,Not applicable,2010,,100,,0,Units,,,1,One,N05,"<b>Coverage:</b><p>Branches B-S;</p><p>Companies with 10 or more employees,</p><p><b>Note:</b></p><p>Public administration: covers only central government administration (CGPO)</p>"
DATAFLOW,LU1:DSD_ESS_2@DF_C1337(1.1),Employment: percentage by economic activity and residence/nationality,I,PC_EMP_NACE,Percentage of total branch employment,SAL_INT,Domestic payroll employment,A4,Quadrennial,_Z,Not applicable,R,"Arts, entertainment, and recreational activities",_Z,Not applicable,_Z,Not applicable,_Z,Not applicable,_T,Total,_Z,Not applicable,2014,,100,,0,Units,,,1,One,N05,"<b>Coverage:</b><p>Branches B-S;</p><p>Companies with 10 or more employees,</p><p><b>Note:</b></p><p>Public administration: covers only central government administration (CGPO)</p>"
DATAFLOW,LU1:DSD_ESS_2@DF_C1337(1.1),Employment: percentage by economic activity and residence/nationality,I,PC_EMP_NACE,Percentage of total branch employment,SAL_INT,Domestic payroll employment,A4,Quadrennial,_Z,Not applicable,R,"Arts, entertainment, and recreational activities",_Z,Not applicable,_Z,Not applicable,_Z,Not applicable,_T,Total,_Z,Not applicable,2018,,100,,0,Units,,,1,One,N05,"<b>Coverage:</b><p>Branches B-S;</p><p>Companies with 10 or more employees,</p><p><b>Note:</b></p><p>Public administration: covers only central government administration (CGPO)</p>"
DATAFLOW,LU1:DSD_ESS_2@DF_C1337(1.1),Employment: percentage by economic activity and residence/nationality,I,PC_EMP_NACE,Percentage of total branch employment,SAL_INT,Domestic payroll employment,A4,Quadrennial,_Z,Not applicable,R,"Arts, entertainment, and recreational activities",_Z,Not applicable,_Z,Not applicable,_Z,Not applicable,_T,Total,_Z,Not applicable,2022,,100,,0,Units,,,1,One,N05,"<b>Coverage:</b><p>Branches B-S;</p><p>Companies with 10 or more employees,</p><p><b>Note:</b></p><p>Public administration: covers only central government administration (CGPO)</p>"
DATAFLOW,LU1:DSD_ESS_2@DF_C1337(1.1),Employment: percentage by economic activity and residence/nationality,I,PC_EMP_RESID,Percentage of total employment by category of residence,SAL_INT,Domestic payroll employment,A4,Quadrennial,_Z,Not applicable,L,Real estate activities,_Z,Not applicable,_Z,Not applicable,_Z,Not applicable,RES_FOR_ALL,Residents of foreign nationality (EU and non-EU),_Z,Not applicable,2010,,0.42,,0,Units,,,1,One,N05,"<b>Coverage:</b><p>Branches B-S;</p><p>Companies with 10 or more employees,</p><p><b>Note:</b></p><p>Public administration: covers only central government administration (CGPO)</p>"
DATAFLOW,LU1:DSD_ESS_2@DF_C1337(1.1),Employment: percentage by economic activity and residence/nationality,I,PC_EMP_RESID,Percentage of total employment by category of residence,SAL_INT,Domestic payroll employment,A4,Quadrennial,_Z,Not applicable,L,Real estate activities,_Z,Not applicable,_Z,Not applicable,_Z,Not applicable,RES_FOR_ALL,Residents of foreign nationality (EU and non-EU),_Z,Not applicable,2014,,0.22,,0,Units,,,1,One,N05,"<b>Coverage:</b><p>Branches B-S;</p><p>Companies with 10 or more employees,</p><p><b>Note:</b></p><p>Public administration: covers only central government administration (CGPO)</p>"
DATAFLOW,LU1:DSD_ESS_2@DF_C1337(1.1),Employment: percentage by economic activity and residence/nationality,I,PC_EMP_RESID,Percentage of total employment by category of residence,SAL_INT,Domestic payroll employment,A4,Quadrennial,_Z,Not applicable,L,Real estate activities,_Z,Not applicable,_Z,Not applicable,_Z,Not applicable,RES_FOR_ALL,Residents of foreign nationality (EU and non-EU),_Z,Not applicable,2018,,0.46,,0,Units,,,1,One,N05,"<b>Coverage:</b><p>Branches B-S;</p><p>Companies with 10 or more employees,</p><p><b>Note:</b></p><p>Public administration: covers only central government administration (CGPO)</p>"
DATAFLOW,LU1:DSD_ESS_2@DF_C1337(1.1),Employment: percentage by economic activity and residence/nationality,I,PC_EMP_RESID,Percentage of total employment by category of residence,SAL_INT,Domestic payroll employment,A4,Quadrennial,_Z,Not applicable,L,Real estate activities,_Z,Not applicable,_Z,Not applicable,_Z,Not applicable,RES_FOR_ALL,Residents of foreign nationality (EU and non-EU),_Z,Not applicable,2022,,0.62,,0,Units,,,1,One,N05,"<b>Coverage:</b><p>Branches B-S;</p><p>Companies with 10 or more employees,</p><p><b>Note:</b></p><p>Public administration: covers only central government administration (CGPO)</p>"
DATAFLOW,LU1:DSD_ESS_2@DF_C1337(1.1),Employment: percentage by economic activity and residence/nationality,I,PC_EMP_NACE,Percentage of total branch employment,SAL_INT,Domestic payroll employment,A4,Quadrennial,_Z,Not applicable,N,Administrative and support service activities,_Z,Not applicable,_Z,Not applicable,_Z,Not applicable,_T_F,Total cross-border,_Z,Not applicable,2010,,62.1,,0,Units,,,1,One,N05,"<b>Coverage:</b><p>Branches B-S;</p><p>Companies with 10 or more employees,</p><p><b>Note:</b></p><p>Public administration: covers only central government administration (CGPO)</p>"
DATAFLOW,LU1:DSD_ESS_2@DF_C1337(1.1),Employment: percentage by economic activity and residence/nationality,I,PC_EMP_NACE,Percentage of total branch employment,SAL_INT,Domestic payroll employment,A4,Quadrennial,_Z,Not applicable,N,Administrative and support service activities,_Z,Not applicable,_Z,Not applicable,_Z,Not applicable,_T_F,Total cross-border,_Z,Not applicable,2014,,54.8,,0,Units,,,1,One,N05,"<b>Coverage:</b><p>Branches B-S;</p><p>Companies with 10 or more employees,</p><p><b>Note:</b></p><p>Public administration: covers only central government administration (CGPO)</p>"
DATAFLOW,LU1:DSD_ESS_2@DF_C1337(1.1),Employment: percentage by economic activity and residence/nationality,I,PC_EMP_NACE,Percentage of total branch employment,SAL_INT,Domestic payroll employment,A4,Quadrennial,_Z,Not applicable,N,Administrative and support service activities,_Z,Not applicable,_Z,Not applicable,_Z,Not applicable,_T_F,Total cross-border,_Z,Not applicable,2018,,59.5,,0,Units,,,1,One,N05,"<b>Coverage:</b><p>Branches B-S;</p><p>Companies with 10 or more employees,</p><p><b>Note:</b></p><p>Public administration: covers only central government administration (CGPO)</p>"
DATAFLOW,LU1:DSD_ESS_2@DF_C1337(1.1),Employment: percentage by economic activity and residence/nationality,I,PC_EMP_NACE,Percentage of total branch employment,SAL_INT,Domestic payroll employment,A4,Quadrennial,_Z,Not applicable,N,Administrative and support service activities,_Z,Not applicable,_Z,Not applicable,_Z,Not applicable,_T_F,Total cross-border,_Z,Not applicable,2022,,60.3,,0,Units,,,1,One,N05,"<b>Coverage:</b><p>Branches B-S;</p><p>Companies with 10 or more employees,</p><p><b>Note:</b></p><p>Public administration: covers only central government administration (CGPO)</p>"
DATAFLOW,LU1:DSD_ESS_2@DF_C1337(1.1),Employment: percentage by economic activity and residence/nationality,I,PC_EMP_RESID,Percentage of total employment by category of residence,SAL_INT,Domestic payroll employment,A4,Quadrennial,_Z,Not applicable,J,Information and communication,_Z,Not applicable,_Z,Not applicable,_Z,Not applicable,_T,Total,_Z,Not applicable,2010,,4.73,,0,Units,,,1,One,N05,"<b>Coverage:</b><p>Branches B-S;</p><p>Companies with 10 or more employees,</p><p><b>Note:</b></p><p>Public administration: covers only central government administration (CGPO)</p>"
DATAFLOW,LU1:DSD_ESS_2@DF_C1337(1.1),Employment: percentage by economic activity and residence/nationality,I,PC_EMP_RESID,Percentage of total employment by category of residence,SAL_INT,Domestic payroll employment,A4,Quadrennial,_Z,Not applicable,J,Information and communication,_Z,Not applicable,_Z,Not applicable,_Z,Not applicable,_T,Total,_Z,Not applicable,2014,,4.89,,0,Units,,,1,One,N05,"<b>Coverage:</b><p>Branches B-S;</p><p>Companies with 10 or more employees,</p><p><b>Note:</b></p><p>Public administration: covers only central government administration (CGPO)</p>"
DATAFLOW,LU1:DSD_ESS_2@DF_C1337(1.1),Employment: percentage by economic activity and residence/nationality,I,PC_EMP_RESID,Percentage of total employment by category of residence,SAL_INT,Domestic payroll employment,A4,Quadrennial,_Z,Not applicable,J,Information and communication,_Z,Not applicable,_Z,Not applicable,_Z,Not applicable,_T,Total,_Z,Not applicable,2018,,5.17,,0,Units,,,1,One,N05,"<b>Coverage:</b><p>Branches B-S;</p><p>Companies with 10 or more employees,</p><p><b>Note:</b></p><p>Public administration: covers only central government administration (CGPO)</p>"
DATAFLOW,LU1:DSD_ESS_2@DF_C1337(1.1),Employment: percentage by economic activity and residence/nationality,I,PC_EMP_RESID,Percentage of total employment by category of residence,SAL_INT,Domestic payroll employment,A4,Quadrennial,_Z,Not applicable,J,Information and communication,_Z,Not applicable,_Z,Not applicable,_Z,Not applicable,_T,Total,_Z,Not applicable,2022,,4.89,,0,Units,,,1,One,N05,"<b>Coverage:</b><p>Branches B-S;</p><p>Companies with 10 or more employees,</p><p><b>Note:</b></p><p>Public administration: covers only central government administration (CGPO)</p>"
DATAFLOW,LU1:DSD_ESS_2@DF_C1337(1.1),Employment: percentage by economic activity and residence/nationality,I,PC_EMP_RESID,Percentage of total employment by category of residence,SAL_INT,Domestic payroll employment,A4,Quadrennial,_Z,Not applicable,B,Mining and quarrying,_Z,Not applicable,_Z,Not applicable,_Z,Not applicable,_T,Total,_Z,Not applicable,2010,,0.15,,0,Units,,,1,One,N05,"<b>Coverage:</b><p>Branches B-S;</p><p>Companies with 10 or more employees,</p><p><b>Note:</b></p><p>Public administration: covers only central government administration (CGPO)</p>"
DATAFLOW,LU1:DSD_ESS_2@DF_C1337(1.1),Employment: percentage by economic activity and residence/nationality,I,PC_EMP_RESID,Percentage of total employment by category of residence,SAL_INT,Domestic payroll employment,A4,Quadrennial,_Z,Not applicable,B,Mining and quarrying,_Z,Not applicable,_Z,Not applicable,_Z,Not applicable,_T,Total,_Z,Not applicable,2014,,0.05,,0,Units,,,1,One,N05,"<b>Coverage:</b><p>Branches B-S;</p><p>Companies with 10 or more employees,</p><p><b>Note:</b></p><p>Public administration: covers only central government administration (CGPO)</p>"
DATAFLOW,LU1:DSD_ESS_2@DF_C1337(1.1),Employment: percentage by economic activity and residence/nationality,I,PC_EMP_RESID,Percentage of total employment by category of residence,SAL_INT,Domestic payroll employment,A4,Quadrennial,_Z,Not applicable,B,Mining and quarrying,_Z,Not applicable,_Z,Not applicable,_Z,Not applicable,_T,Total,_Z,Not applicable,2018,,0.08,,0,Units,,,1,One,N05,"<b>Coverage:</b><p>Branches B-S;</p><p>Companies with 10 or more employees,</p><p><b>Note:</b></p><p>Public administration: covers only central government administration (CGPO)</p>"
DATAFLOW,LU1:DSD_ESS_2@DF_C1337(1.1),Employment: percentage by economic activity and residence/nationality,I,PC_EMP_RESID,Percentage of total employment by category of residence,SAL_INT,Domestic payroll employment,A4,Quadrennial,_Z,Not applicable,B,Mining and quarrying,_Z,Not applicable,_Z,Not applicable,_Z,Not applicable,_T,Total,_Z,Not applicable,2022,,0.11,,0,Units,,,1,One,N05,"<b>Coverage:</b><p>Branches B-S;</p><p>Companies with 10 or more employees,</p><p><b>Note:</b></p><p>Public administration: covers only central government administration (CGPO)</p>"
DATAFLOW,LU1:DSD_ESS_2@DF_C1337(1.1),Employment: percentage by economic activity and residence/nationality,I,PC_EMP_NACE,Percentage of total branch employment,SAL_INT,Domestic payroll employment,A4,Quadrennial,_Z,Not applicable,F,Construction,_Z,Not applicable,_Z,Not applicable,_Z,Not applicable,_T,Total,_Z,Not applicable,2010,,100,,0,Units,,,1,One,N05,"<b>Coverage:</b><p>Branches B-S;</p><p>Companies with 10 or more employees,</p><p><b>Note:</b></p><p>Public administration: covers only central government administration (CGPO)</p>"
DATAFLOW,LU1:DSD_ESS_2@DF_C1337(1.1),Employment: percentage by economic activity and residence/nationality,I,PC_EMP_NACE,Percentage of total branch employment,SAL_INT,Domestic payroll employment,A4,Quadrennial,_Z,Not applicable,F,Construction,_Z,Not applicable,_Z,Not applicable,_Z,Not applicable,_T,Total,_Z,Not applicable,2014,,100,,0,Units,,,1,One,N05,"<b>Coverage:</b><p>Branches B-S;</p><p>Companies with 10 or more employees,</p><p><b>Note:</b></p><p>Public administration: covers only central government administration (CGPO)</p>"
DATAFLOW,LU1:DSD_ESS_2@DF_C1337(1.1),Employment: percentage by economic activity and residence/nationality,I,PC_EMP_NACE,Percentage of total branch employment,SAL_INT,Domestic payroll employment,A4,Quadrennial,_Z,Not applicable,F,Construction,_Z,Not applicable,_Z,Not applicable,_Z,Not applicable,_T,Total,_Z,Not applicable,2018,,100,,0,Units,,,1,One,N05,"<b>Coverage:</b><p>Branches B-S;</p><p>Companies with 10 or more employees,</p><p><b>Note:</b></p><p>Public administration: covers only central government administration (CGPO)</p>"
DATAFLOW,LU1:DSD_ESS_2@DF_C1337(1.1),Employment: percentage by economic activity and residence/nationality,I,PC_EMP_NACE,Percentage of total branch employment,SAL_INT,Domestic payroll employment,A4,Quadrennial,_Z,Not applicable,F,Construction,_Z,Not applicable,_Z,Not applicable,_Z,Not applicable,_T,Total,_Z,Not applicable,2022,,100,,0,Units,,,1,One,N05,"<b>Coverage:</b><p>Branches B-S;</p><p>Companies with 10 or more employees,</p><p><b>Note:</b></p><p>Public administration: covers only central government administration (CGPO)</p>"
DATAFLOW,LU1:DSD_ESS_2@DF_C1337(1.1),Employment: percentage by economic activity and residence/nationality,I,PC_EMP_NACE,Percentage of total branch employment,SAL_INT,Domestic payroll employment,A4,Quadrennial,_Z,Not applicable,B,Mining and quarrying,_Z,Not applicable,_Z,Not applicable,_Z,Not applicable,LU,Luxembourgish residents,_Z,Not applicable,2010,,30.2,,0,Units,,,1,One,N05,"<b>Coverage:</b><p>Branches B-S;</p><p>Companies with 10 or more employees,</p><p><b>Note:</b></p><p>Public administration: covers only central government administration (CGPO)</p>"
DATAFLOW,LU1:DSD_ESS_2@DF_C1337(1.1),Employment: percentage by economic activity and residence/nationality,I,PC_EMP_NACE,Percentage of total branch employment,SAL_INT,Domestic payroll employment,A4,Quadrennial,_Z,Not applicable,B,Mining and quarrying,_Z,Not applicable,_Z,Not applicable,_Z,Not applicable,LU,Luxembourgish residents,_Z,Not applicable,2014,,18.8,,0,Units,,,1,One,N05,"<b>Coverage:</b><p>Branches B-S;</p><p>Companies with 10 or more employees,</p><p><b>Note:</b></p><p>Public administration: covers only central government administration (CGPO)</p>"
DATAFLOW,LU1:DSD_ESS_2@DF_C1337(1.1),Employment: percentage by economic activity and residence/nationality,I,PC_EMP_NACE,Percentage of total branch employment,SAL_INT,Domestic payroll employment,A4,Quadrennial,_Z,Not applicable,B,Mining and quarrying,_Z,Not applicable,_Z,Not applicable,_Z,Not applicable,LU,Luxembourgish residents,_Z,Not applicable,2018,,27.3,,0,Units,,,1,One,N05,"<b>Coverage:</b><p>Branches B-S;</p><p>Companies with 10 or more employees,</p><p><b>Note:</b></p><p>Public administration: covers only central government administration (CGPO)</p>"
DATAFLOW,LU1:DSD_ESS_2@DF_C1337(1.1),Employment: percentage by economic activity and residence/nationality,I,PC_EMP_NACE,Percentage of total branch employment,SAL_INT,Domestic payroll employment,A4,Quadrennial,_Z,Not applicable,B,Mining and quarrying,_Z,Not applicable,_Z,Not applicable,_Z,Not applicable,LU,Luxembourgish residents,_Z,Not applicable,2022,,17.2,,0,Units,,,1,One,N05,"<b>Coverage:</b><p>Branches B-S;</p><p>Companies with 10 or more employees,</p><p><b>Note:</b></p><p>Public administration: covers only central government administration (CGPO)</p>"
DATAFLOW,LU1:DSD_ESS_2@DF_C1337(1.1),Employment: percentage by economic activity and residence/nationality,I,PC_EMP_RESID,Percentage of total employment by category of residence,SAL_INT,Domestic payroll employment,A4,Quadrennial,_Z,Not applicable,S,Other service activities,_Z,Not applicable,_Z,Not applicable,_Z,Not applicable,LU,Luxembourgish residents,_Z,Not applicable,2010,,1.27,,0,Units,,,1,One,N05,"<b>Coverage:</b><p>Branches B-S;</p><p>Companies with 10 or more employees,</p><p><b>Note:</b></p><p>Public administration: covers only central government administration (CGPO)</p>"
DATAFLOW,LU1:DSD_ESS_2@DF_C1337(1.1),Employment: percentage by economic activity and residence/nationality,I,PC_EMP_RESID,Percentage of total employment by category of residence,SAL_INT,Domestic payroll employment,A4,Quadrennial,_Z,Not applicable,S,Other service activities,_Z,Not applicable,_Z,Not applicable,_Z,Not applicable,LU,Luxembourgish residents,_Z,Not applicable,2014,,1.78,,0,Units,,,1,One,N05,"<b>Coverage:</b><p>Branches B-S;</p><p>Companies with 10 or more employees,</p><p><b>Note:</b></p><p>Public administration: covers only central government administration (CGPO)</p>"
DATAFLOW,LU1:DSD_ESS_2@DF_C1337(1.1),Employment: percentage by economic activity and residence/nationality,I,PC_EMP_RESID,Percentage of total employment by category of residence,SAL_INT,Domestic payroll employment,A4,Quadrennial,_Z,Not applicable,S,Other service activities,_Z,Not applicable,_Z,Not applicable,_Z,Not applicable,LU,Luxembourgish residents,_Z,Not applicable,2018,,1.73,,0,Units,,,1,One,N05,"<b>Coverage:</b><p>Branches B-S;</p><p>Companies with 10 or more employees,</p><p><b>Note:</b></p><p>Public administration: covers only central government administration (CGPO)</p>"
DATAFLOW,LU1:DSD_ESS_2@DF_C1337(1.1),Employment: percentage by economic activity and residence/nationality,I,PC_EMP_RESID,Percentage of total employment by category of residence,SAL_INT,Domestic payroll employment,A4,Quadrennial,_Z,Not applicable,S,Other service activities,_Z,Not applicable,_Z,Not applicable,_Z,Not applicable,LU,Luxembourgish residents,_Z,Not applicable,2022,,1.46,,0,Units,,,1,One,N05,"<b>Coverage:</b><p>Branches B-S;</p><p>Companies with 10 or more employees,</p><p><b>Note:</b></p><p>Public administration: covers only central government administration (CGPO)</p>"
DATAFLOW,LU1:DSD_ESS_2@DF_C1337(1.1),Employment: percentage by economic activity and residence/nationality,I,PC_EMP_RESID,Percentage of total employment by category of residence,SAL_INT,Domestic payroll employment,A4,Quadrennial,_Z,Not applicable,I,Accommodation and food service activities,_Z,Not applicable,_Z,Not applicable,_Z,Not applicable,LU,Luxembourgish residents,_Z,Not applicable,2010,,1.36,,0,Units,,,1,One,N05,"<b>Coverage:</b><p>Branches B-S;</p><p>Companies with 10 or more employees,</p><p><b>Note:</b></p><p>Public administration: covers only central government administration (CGPO)</p>"
DATAFLOW,LU1:DSD_ESS_2@DF_C1337(1.1),Employment: percentage by economic activity and residence/nationality,I,PC_EMP_RESID,Percentage of total employment by category of residence,SAL_INT,Domestic payroll employment,A4,Quadrennial,_Z,Not applicable,I,Accommodation and food service activities,_Z,Not applicable,_Z,Not applicable,_Z,Not applicable,LU,Luxembourgish residents,_Z,Not applicable,2014,,1.2,,0,Units,,,1,One,N05,"<b>Coverage:</b><p>Branches B-S;</p><p>Companies with 10 or more employees,</p><p><b>Note:</b></p><p>Public administration: covers only central government administration (CGPO)</p>"
DATAFLOW,LU1:DSD_ESS_2@DF_C1337(1.1),Employment: percentage by economic activity and residence/nationality,I,PC_EMP_RESID,Percentage of total employment by category of residence,SAL_INT,Domestic payroll employment,A4,Quadrennial,_Z,Not applicable,I,Accommodation and food service activities,_Z,Not applicable,_Z,Not applicable,_Z,Not applicable,LU,Luxembourgish residents,_Z,Not applicable,2018,,1.51,,0,Units,,,1,One,N05,"<b>Coverage:</b><p>Branches B-S;</p><p>Companies with 10 or more employees,</p><p><b>Note:</b></p><p>Public administration: covers only central government administration (CGPO)</p>"
DATAFLOW,LU1:DSD_ESS_2@DF_C1337(1.1),Employment: percentage by economic activity and residence/nationality,I,PC_EMP_RESID,Percentage of total employment by category of residence,SAL_INT,Domestic payroll employment,A4,Quadrennial,_Z,Not applicable,I,Accommodation and food service activities,_Z,Not applicable,_Z,Not applicable,_Z,Not applicable,LU,Luxembourgish residents,_Z,Not applicable,2022,,1.66,,0,Units,,,1,One,N05,"<b>Coverage:</b><p>Branches B-S;</p><p>Companies with 10 or more employees,</p><p><b>Note:</b></p><p>Public administration: covers only central government administration (CGPO)</p>"
DATAFLOW,LU1:DSD_ESS_2@DF_C1337(1.1),Employment: percentage by economic activity and residence/nationality,I,PC_EMP_NACE,Percentage of total branch employment,SAL_INT,Domestic payroll employment,A4,Quadrennial,_Z,Not applicable,K,Financial and insurance activities,_Z,Not applicable,_Z,Not applicable,_Z,Not applicable,RES_FOR_ALL,Residents of foreign nationality (EU and non-EU),_Z,Not applicable,2010,,27.6,,0,Units,,,1,One,N05,"<b>Coverage:</b><p>Branches B-S;</p><p>Companies with 10 or more employees,</p><p><b>Note:</b></p><p>Public administration: covers only central government administration (CGPO)</p>"
DATAFLOW,LU1:DSD_ESS_2@DF_C1337(1.1),Employment: percentage by economic activity and residence/nationality,I,PC_EMP_NACE,Percentage of total branch employment,SAL_INT,Domestic payroll employment,A4,Quadrennial,_Z,Not applicable,K,Financial and insurance activities,_Z,Not applicable,_Z,Not applicable,_Z,Not applicable,RES_FOR_ALL,Residents of foreign nationality (EU and non-EU),_Z,Not applicable,2014,,27.4,,0,Units,,,1,One,N05,"<b>Coverage:</b><p>Branches B-S;</p><p>Companies with 10 or more employees,</p><p><b>Note:</b></p><p>Public administration: covers only central government administration (CGPO)</p>"
DATAFLOW,LU1:DSD_ESS_2@DF_C1337(1.1),Employment: percentage by economic activity and residence/nationality,I,PC_EMP_NACE,Percentage of total branch employment,SAL_INT,Domestic payroll employment,A4,Quadrennial,_Z,Not applicable,K,Financial and insurance activities,_Z,Not applicable,_Z,Not applicable,_Z,Not applicable,RES_FOR_ALL,Residents of foreign nationality (EU and non-EU),_Z,Not applicable,2018,,30.2,,0,Units,,,1,One,N05,"<b>Coverage:</b><p>Branches B-S;</p><p>Companies with 10 or more employees,</p><p><b>Note:</b></p><p>Public administration: covers only central government administration (CGPO)</p>"
DATAFLOW,LU1:DSD_ESS_2@DF_C1337(1.1),Employment: percentage by economic activity and residence/nationality,I,PC_EMP_NACE,Percentage of total branch employment,SAL_INT,Domestic payroll employment,A4,Quadrennial,_Z,Not applicable,K,Financial and insurance activities,_Z,Not applicable,_Z,Not applicable,_Z,Not applicable,RES_FOR_ALL,Residents of foreign nationality (EU and non-EU),_Z,Not applicable,2022,,32.2,,0,Units,,,1,One,N05,"<b>Coverage:</b><p>Branches B-S;</p><p>Companies with 10 or more employees,</p><p><b>Note:</b></p><p>Public administration: covers only central government administration (CGPO)</p>"
DATAFLOW,LU1:DSD_ESS_2@DF_C1337(1.1),Employment: percentage by economic activity and residence/nationality,I,PC_EMP_NACE,Percentage of total branch employment,SAL_INT,Domestic payroll employment,A4,Quadrennial,_Z,Not applicable,R,"Arts, entertainment, and recreational activities",_Z,Not applicable,_Z,Not applicable,_Z,Not applicable,_T_F,Total cross-border,_Z,Not applicable,2010,,40.2,,0,Units,,,1,One,N05,"<b>Coverage:</b><p>Branches B-S;</p><p>Companies with 10 or more employees,</p><p><b>Note:</b></p><p>Public administration: covers only central government administration (CGPO)</p>"
DATAFLOW,LU1:DSD_ESS_2@DF_C1337(1.1),Employment: percentage by economic activity and residence/nationality,I,PC_EMP_NACE,Percentage of total branch employment,SAL_INT,Domestic payroll employment,A4,Quadrennial,_Z,Not applicable,R,"Arts, entertainment, and recreational activities",_Z,Not applicable,_Z,Not applicable,_Z,Not applicable,_T_F,Total cross-border,_Z,Not applicable,2014,,38.5,,0,Units,,,1,One,N05,"<b>Coverage:</b><p>Branches B-S;</p><p>Companies with 10 or more employees,</p><p><b>Note:</b></p><p>Public administration: covers only central government administration (CGPO)</p>"
DATAFLOW,LU1:DSD_ESS_2@DF_C1337(1.1),Employment: percentage by economic activity and residence/nationality,I,PC_EMP_NACE,Percentage of total branch employment,SAL_INT,Domestic payroll employment,A4,Quadrennial,_Z,Not applicable,R,"Arts, entertainment, and recreational activities",_Z,Not applicable,_Z,Not applicable,_Z,Not applicable,_T_F,Total cross-border,_Z,Not applicable,2018,,34.3,,0,Units,,,1,One,N05,"<b>Coverage:</b><p>Branches B-S;</p><p>Companies with 10 or more employees,</p><p><b>Note:</b></p><p>Public administration: covers only central government administration (CGPO)</p>"
DATAFLOW,LU1:DSD_ESS_2@DF_C1337(1.1),Employment: percentage by economic activity and residence/nationality,I,PC_EMP_NACE,Percentage of total branch employment,SAL_INT,Domestic payroll employment,A4,Quadrennial,_Z,Not applicable,R,"Arts, entertainment, and recreational activities",_Z,Not applicable,_Z,Not applicable,_Z,Not applicable,_T_F,Total cross-border,_Z,Not applicable,2022,,33,,0,Units,,,1,One,N05,"<b>Coverage:</b><p>Branches B-S;</p><p>Companies with 10 or more employees,</p><p><b>Note:</b></p><p>Public administration: covers only central government administration (CGPO)</p>"
DATAFLOW,LU1:DSD_ESS_2@DF_C1337(1.1),Employment: percentage by economic activity and residence/nationality,I,PC_EMP_RESID,Percentage of total employment by category of residence,SAL_INT,Domestic payroll employment,A4,Quadrennial,_Z,Not applicable,E,"Water supply; sewerage,waste management and remediation activities",_Z,Not applicable,_Z,Not applicable,_Z,Not applicable,_T_F,Total cross-border,_Z,Not applicable,2010,,0.31,,0,Units,,,1,One,N05,"<b>Coverage:</b><p>Branches B-S;</p><p>Companies with 10 or more employees,</p><p><b>Note:</b></p><p>Public administration: covers only central government administration (CGPO)</p>"
DATAFLOW,LU1:DSD_ESS_2@DF_C1337(1.1),Employment: percentage by economic activity and residence/nationality,I,PC_EMP_RESID,Percentage of total employment by category of residence,SAL_INT,Domestic payroll employment,A4,Quadrennial,_Z,Not applicable,E,"Water supply; sewerage,waste management and remediation activities",_Z,Not applicable,_Z,Not applicable,_Z,Not applicable,_T_F,Total cross-border,_Z,Not applicable,2014,,0.47,,0,Units,,,1,One,N05,"<b>Coverage:</b><p>Branches B-S;</p><p>Companies with 10 or more employees,</p><p><b>Note:</b></p><p>Public administration: covers only central government administration (CGPO)</p>"
DATAFLOW,LU1:DSD_ESS_2@DF_C1337(1.1),Employment: percentage by economic activity and residence/nationality,I,PC_EMP_RESID,Percentage of total employment by category of residence,SAL_INT,Domestic payroll employment,A4,Quadrennial,_Z,Not applicable,E,"Water supply; sewerage,waste management and remediation activities",_Z,Not applicable,_Z,Not applicable,_Z,Not applicable,_T_F,Total cross-border,_Z,Not applicable,2018,,0.63,,0,Units,,,1,One,N05,"<b>Coverage:</b><p>Branches B-S;</p><p>Companies with 10 or more employees,</p><p><b>Note:</b></p><p>Public administration: covers only central government administration (CGPO)</p>"
DATAFLOW,LU1:DSD_ESS_2@DF_C1337(1.1),Employment: percentage by economic activity and residence/nationality,I,PC_EMP_RESID,Percentage of total employment by category of residence,SAL_INT,Domestic payroll employment,A4,Quadrennial,_Z,Not applicable,E,"Water supply; sewerage,waste management and remediation activities",_Z,Not applicable,_Z,Not applicable,_Z,Not applicable,_T_F,Total cross-border,_Z,Not applicable,2022,,0.7,,0,Units,,,1,One,N05,"<b>Coverage:</b><p>Branches B-S;</p><p>Companies with 10 or more employees,</p><p><b>Note:</b></p><p>Public administration: covers only central government administration (CGPO)</p>"
DATAFLOW,LU1:DSD_ESS_2@DF_C1337(1.1),Employment: percentage by economic activity and residence/nationality,I,PC_EMP_RESID,Percentage of total employment by category of residence,SAL_INT,Domestic payroll employment,A4,Quadrennial,_Z,Not applicable,N,Administrative and support service activities,_Z,Not applicable,_Z,Not applicable,_Z,Not applicable,_T_F,Total cross-border,_Z,Not applicable,2010,,9.95,,0,Units,,,1,One,N05,"<b>Coverage:</b><p>Branches B-S;</p><p>Companies with 10 or more employees,</p><p><b>Note:</b></p><p>Public administration: covers only central government administration (CGPO)</p>"
DATAFLOW,LU1:DSD_ESS_2@DF_C1337(1.1),Employment: percentage by economic activity and residence/nationality,I,PC_EMP_RESID,Percentage of total employment by category of residence,SAL_INT,Domestic payroll employment,A4,Quadrennial,_Z,Not applicable,N,Administrative and support service activities,_Z,Not applicable,_Z,Not applicable,_Z,Not applicable,_T_F,Total cross-border,_Z,Not applicable,2014,,10.15,,0,Units,,,1,One,N05,"<b>Coverage:</b><p>Branches B-S;</p><p>Companies with 10 or more employees,</p><p><b>Note:</b></p><p>Public administration: covers only central government administration (CGPO)</p>"
DATAFLOW,LU1:DSD_ESS_2@DF_C1337(1.1),Employment: percentage by economic activity and residence/nationality,I,PC_EMP_RESID,Percentage of total employment by category of residence,SAL_INT,Domestic payroll employment,A4,Quadrennial,_Z,Not applicable,N,Administrative and support service activities,_Z,Not applicable,_Z,Not applicable,_Z,Not applicable,_T_F,Total cross-border,_Z,Not applicable,2018,,11.74,,0,Units,,,1,One,N05,"<b>Coverage:</b><p>Branches B-S;</p><p>Companies with 10 or more employees,</p><p><b>Note:</b></p><p>Public administration: covers only central government administration (CGPO)</p>"
DATAFLOW,LU1:DSD_ESS_2@DF_C1337(1.1),Employment: percentage by economic activity and residence/nationality,I,PC_EMP_RESID,Percentage of total employment by category of residence,SAL_INT,Domestic payroll employment,A4,Quadrennial,_Z,Not applicable,N,Administrative and support service activities,_Z,Not applicable,_Z,Not applicable,_Z,Not applicable,_T_F,Total cross-border,_Z,Not applicable,2022,,11.17,,0,Units,,,1,One,N05,"<b>Coverage:</b><p>Branches B-S;</p><p>Companies with 10 or more employees,</p><p><b>Note:</b></p><p>Public administration: covers only central government administration (CGPO)</p>"
DATAFLOW,LU1:DSD_ESS_2@DF_C1337(1.1),Employment: percentage by economic activity and residence/nationality,I,PC_EMP_NACE,Percentage of total branch employment,SAL_INT,Domestic payroll employment,A4,Quadrennial,_Z,Not applicable,O,Public administration and defence; compulsory social security public,_Z,Not applicable,_Z,Not applicable,_Z,Not applicable,_T,Total,_Z,Not applicable,2010,,100,,0,Units,,,1,One,N05,"<b>Coverage:</b><p>Branches B-S;</p><p>Companies with 10 or more employees,</p><p><b>Note:</b></p><p>Public administration: covers only central government administration (CGPO)</p>"
DATAFLOW,LU1:DSD_ESS_2@DF_C1337(1.1),Employment: percentage by economic activity and residence/nationality,I,PC_EMP_NACE,Percentage of total branch employment,SAL_INT,Domestic payroll employment,A4,Quadrennial,_Z,Not applicable,O,Public administration and defence; compulsory social security public,_Z,Not applicable,_Z,Not applicable,_Z,Not applicable,_T,Total,_Z,Not applicable,2014,,100,,0,Units,,,1,One,N05,"<b>Coverage:</b><p>Branches B-S;</p><p>Companies with 10 or more employees,</p><p><b>Note:</b></p><p>Public administration: covers only central government administration (CGPO)</p>"
DATAFLOW,LU1:DSD_ESS_2@DF_C1337(1.1),Employment: percentage by economic activity and residence/nationality,I,PC_EMP_NACE,Percentage of total branch employment,SAL_INT,Domestic payroll employment,A4,Quadrennial,_Z,Not applicable,O,Public administration and defence; compulsory social security public,_Z,Not applicable,_Z,Not applicable,_Z,Not applicable,_T,Total,_Z,Not applicable,2018,,100,,0,Units,,,1,One,N05,"<b>Coverage:</b><p>Branches B-S;</p><p>Companies with 10 or more employees,</p><p><b>Note:</b></p><p>Public administration: covers only central government administration (CGPO)</p>"
DATAFLOW,LU1:DSD_ESS_2@DF_C1337(1.1),Employment: percentage by economic activity and residence/nationality,I,PC_EMP_NACE,Percentage of total branch employment,SAL_INT,Domestic payroll employment,A4,Quadrennial,_Z,Not applicable,O,Public administration and defence; compulsory social security public,_Z,Not applicable,_Z,Not applicable,_Z,Not applicable,_T,Total,_Z,Not applicable,2022,,100,,0,Units,,,1,One,N05,"<b>Coverage:</b><p>Branches B-S;</p><p>Companies with 10 or more employees,</p><p><b>Note:</b></p><p>Public administration: covers only central government administration (CGPO)</p>"
DATAFLOW,LU1:DSD_ESS_2@DF_C1337(1.1),Employment: percentage by economic activity and residence/nationality,I,PC_EMP_NACE,Percentage of total branch employment,SAL_INT,Domestic payroll employment,A4,Quadrennial,_Z,Not applicable,B,Mining and quarrying,_Z,Not applicable,_Z,Not applicable,_Z,Not applicable,_T_F,Total cross-border,_Z,Not applicable,2010,,40.9,,0,Units,,,1,One,N05,"<b>Coverage:</b><p>Branches B-S;</p><p>Companies with 10 or more employees,</p><p><b>Note:</b></p><p>Public administration: covers only central government administration (CGPO)</p>"
DATAFLOW,LU1:DSD_ESS_2@DF_C1337(1.1),Employment: percentage by economic activity and residence/nationality,I,PC_EMP_NACE,Percentage of total branch employment,SAL_INT,Domestic payroll employment,A4,Quadrennial,_Z,Not applicable,B,Mining and quarrying,_Z,Not applicable,_Z,Not applicable,_Z,Not applicable,_T_F,Total cross-border,_Z,Not applicable,2014,,58.5,,0,Units,,,1,One,N05,"<b>Coverage:</b><p>Branches B-S;</p><p>Companies with 10 or more employees,</p><p><b>Note:</b></p><p>Public administration: covers only central government administration (CGPO)</p>"
DATAFLOW,LU1:DSD_ESS_2@DF_C1337(1.1),Employment: percentage by economic activity and residence/nationality,I,PC_EMP_NACE,Percentage of total branch employment,SAL_INT,Domestic payroll employment,A4,Quadrennial,_Z,Not applicable,B,Mining and quarrying,_Z,Not applicable,_Z,Not applicable,_Z,Not applicable,_T_F,Total cross-border,_Z,Not applicable,2018,,38.3,,0,Units,,,1,One,N05,"<b>Coverage:</b><p>Branches B-S;</p><p>Companies with 10 or more employees,</p><p><b>Note:</b></p><p>Public administration: covers only central government administration (CGPO)</p>"
DATAFLOW,LU1:DSD_ESS_2@DF_C1337(1.1),Employment: percentage by economic activity and residence/nationality,I,PC_EMP_NACE,Percentage of total branch employment,SAL_INT,Domestic payroll employment,A4,Quadrennial,_Z,Not applicable,B,Mining and quarrying,_Z,Not applicable,_Z,Not applicable,_Z,Not applicable,_T_F,Total cross-border,_Z,Not applicable,2022,,59.5,,0,Units,,,1,One,N05,"<b>Coverage:</b><p>Branches B-S;</p><p>Companies with 10 or more employees,</p><p><b>Note:</b></p><p>Public administration: covers only central government administration (CGPO)</p>"
DATAFLOW,LU1:DSD_ESS_2@DF_C1337(1.1),Employment: percentage by economic activity and residence/nationality,I,PC_EMP_RESID,Percentage of total employment by category of residence,SAL_INT,Domestic payroll employment,A4,Quadrennial,_Z,Not applicable,Q,Human health and social work activities,_Z,Not applicable,_Z,Not applicable,_Z,Not applicable,LU,Luxembourgish residents,_Z,Not applicable,2010,,14.74,,0,Units,,,1,One,N05,"<b>Coverage:</b><p>Branches B-S;</p><p>Companies with 10 or more employees,</p><p><b>Note:</b></p><p>Public administration: covers only central government administration (CGPO)</p>"
DATAFLOW,LU1:DSD_ESS_2@DF_C1337(1.1),Employment: percentage by economic activity and residence/nationality,I,PC_EMP_RESID,Percentage of total employment by category of residence,SAL_INT,Domestic payroll employment,A4,Quadrennial,_Z,Not applicable,Q,Human health and social work activities,_Z,Not applicable,_Z,Not applicable,_Z,Not applicable,LU,Luxembourgish residents,_Z,Not applicable,2014,,17.71,,0,Units,,,1,One,N05,"<b>Coverage:</b><p>Branches B-S;</p><p>Companies with 10 or more employees,</p><p><b>Note:</b></p><p>Public administration: covers only central government administration (CGPO)</p>"
DATAFLOW,LU1:DSD_ESS_2@DF_C1337(1.1),Employment: percentage by economic activity and residence/nationality,I,PC_EMP_RESID,Percentage of total employment by category of residence,SAL_INT,Domestic payroll employment,A4,Quadrennial,_Z,Not applicable,Q,Human health and social work activities,_Z,Not applicable,_Z,Not applicable,_Z,Not applicable,LU,Luxembourgish residents,_Z,Not applicable,2018,,17.67,,0,Units,,,1,One,N05,"<b>Coverage:</b><p>Branches B-S;</p><p>Companies with 10 or more employees,</p><p><b>Note:</b></p><p>Public administration: covers only central government administration (CGPO)</p>"
DATAFLOW,LU1:DSD_ESS_2@DF_C1337(1.1),Employment: percentage by economic activity and residence/nationality,I,PC_EMP_RESID,Percentage of total employment by category of residence,SAL_INT,Domestic payroll employment,A4,Quadrennial,_Z,Not applicable,Q,Human health and social work activities,_Z,Not applicable,_Z,Not applicable,_Z,Not applicable,LU,Luxembourgish residents,_Z,Not applicable,2022,,17.41,,0,Units,,,1,One,N05,"<b>Coverage:</b><p>Branches B-S;</p><p>Companies with 10 or more employees,</p><p><b>Note:</b></p><p>Public administration: covers only central government administration (CGPO)</p>"
DATAFLOW,LU1:DSD_ESS_2@DF_C1337(1.1),Employment: percentage by economic activity and residence/nationality,I,PC_EMP_RESID,Percentage of total employment by category of residence,SAL_INT,Domestic payroll employment,A4,Quadrennial,_Z,Not applicable,M,"Professional, scientific and technical activities",_Z,Not applicable,_Z,Not applicable,_Z,Not applicable,RES_FOR_ALL,Residents of foreign nationality (EU and non-EU),_Z,Not applicable,2010,,8.69,,0,Units,,,1,One,N05,"<b>Coverage:</b><p>Branches B-S;</p><p>Companies with 10 or more employees,</p><p><b>Note:</b></p><p>Public administration: covers only central government administration (CGPO)</p>"
DATAFLOW,LU1:DSD_ESS_2@DF_C1337(1.1),Employment: percentage by economic activity and residence/nationality,I,PC_EMP_RESID,Percentage of total employment by category of residence,SAL_INT,Domestic payroll employment,A4,Quadrennial,_Z,Not applicable,M,"Professional, scientific and technical activities",_Z,Not applicable,_Z,Not applicable,_Z,Not applicable,RES_FOR_ALL,Residents of foreign nationality (EU and non-EU),_Z,Not applicable,2014,,9.36,,0,Units,,,1,One,N05,"<b>Coverage:</b><p>Branches B-S;</p><p>Companies with 10 or more employees,</p><p><b>Note:</b></p><p>Public administration: covers only central government administration (CGPO)</p>"
DATAFLOW,LU1:DSD_ESS_2@DF_C1337(1.1),Employment: percentage by economic activity and residence/nationality,I,PC_EMP_RESID,Percentage of total employment by category of residence,SAL_INT,Domestic payroll employment,A4,Quadrennial,_Z,Not applicable,M,"Professional, scientific and technical activities",_Z,Not applicable,_Z,Not applicable,_Z,Not applicable,RES_FOR_ALL,Residents of foreign nationality (EU and non-EU),_Z,Not applicable,2018,,11.49,,0,Units,,,1,One,N05,"<b>Coverage:</b><p>Branches B-S;</p><p>Companies with 10 or more employees,</p><p><b>Note:</b></p><p>Public administration: covers only central government administration (CGPO)</p>"
DATAFLOW,LU1:DSD_ESS_2@DF_C1337(1.1),Employment: percentage by economic activity and residence/nationality,I,PC_EMP_RESID,Percentage of total employment by category of residence,SAL_INT,Domestic payroll employment,A4,Quadrennial,_Z,Not applicable,M,"Professional, scientific and technical activities",_Z,Not applicable,_Z,Not applicable,_Z,Not applicable,RES_FOR_ALL,Residents of foreign nationality (EU and non-EU),_Z,Not applicable,2022,,15.33,,0,Units,,,1,One,N05,"<b>Coverage:</b><p>Branches B-S;</p><p>Companies with 10 or more employees,</p><p><b>Note:</b></p><p>Public administration: covers only central government administration (CGPO)</p>"
DATAFLOW,LU1:DSD_ESS_2@DF_C1337(1.1),Employment: percentage by economic activity and residence/nationality,I,PC_EMP_RESID,Percentage of total employment by category of residence,SAL_INT,Domestic payroll employment,A4,Quadrennial,_Z,Not applicable,S,Other service activities,_Z,Not applicable,_Z,Not applicable,_Z,Not applicable,RES_FOR_ALL,Residents of foreign nationality (EU and non-EU),_Z,Not applicable,2010,,0.73,,0,Units,,,1,One,N05,"<b>Coverage:</b><p>Branches B-S;</p><p>Companies with 10 or more employees,</p><p><b>Note:</b></p><p>Public administration: covers only central government administration (CGPO)</p>"
DATAFLOW,LU1:DSD_ESS_2@DF_C1337(1.1),Employment: percentage by economic activity and residence/nationality,I,PC_EMP_RESID,Percentage of total employment by category of residence,SAL_INT,Domestic payroll employment,A4,Quadrennial,_Z,Not applicable,S,Other service activities,_Z,Not applicable,_Z,Not applicable,_Z,Not applicable,RES_FOR_ALL,Residents of foreign nationality (EU and non-EU),_Z,Not applicable,2014,,1.24,,0,Units,,,1,One,N05,"<b>Coverage:</b><p>Branches B-S;</p><p>Companies with 10 or more employees,</p><p><b>Note:</b></p><p>Public administration: covers only central government administration (CGPO)</p>"
DATAFLOW,LU1:DSD_ESS_2@DF_C1337(1.1),Employment: percentage by economic activity and residence/nationality,I,PC_EMP_RESID,Percentage of total employment by category of residence,SAL_INT,Domestic payroll employment,A4,Quadrennial,_Z,Not applicable,S,Other service activities,_Z,Not applicable,_Z,Not applicable,_Z,Not applicable,RES_FOR_ALL,Residents of foreign nationality (EU and non-EU),_Z,Not applicable,2018,,1.13,,0,Units,,,1,One,N05,"<b>Coverage:</b><p>Branches B-S;</p><p>Companies with 10 or more employees,</p><p><b>Note:</b></p><p>Public administration: covers only central government administration (CGPO)</p>"
DATAFLOW,LU1:DSD_ESS_2@DF_C1337(1.1),Employment: percentage by economic activity and residence/nationality,I,PC_EMP_RESID,Percentage of total employment by category of residence,SAL_INT,Domestic payroll employment,A4,Quadrennial,_Z,Not applicable,S,Other service activities,_Z,Not applicable,_Z,Not applicable,_Z,Not applicable,RES_FOR_ALL,Residents of foreign nationality (EU and non-EU),_Z,Not applicable,2022,,0.99,,0,Units,,,1,One,N05,"<b>Coverage:</b><p>Branches B-S;</p><p>Companies with 10 or more employees,</p><p><b>Note:</b></p><p>Public administration: covers only central government administration (CGPO)</p>"
DATAFLOW,LU1:DSD_ESS_2@DF_C1337(1.1),Employment: percentage by economic activity and residence/nationality,I,PC_EMP_RESID,Percentage of total employment by category of residence,SAL_INT,Domestic payroll employment,A4,Quadrennial,_Z,Not applicable,B,Mining and quarrying,_Z,Not applicable,_Z,Not applicable,_Z,Not applicable,RES_FOR_ALL,Residents of foreign nationality (EU and non-EU),_Z,Not applicable,2010,,0.18,,0,Units,,,1,One,N05,"<b>Coverage:</b><p>Branches B-S;</p><p>Companies with 10 or more employees,</p><p><b>Note:</b></p><p>Public administration: covers only central government administration (CGPO)</p>"
DATAFLOW,LU1:DSD_ESS_2@DF_C1337(1.1),Employment: percentage by economic activity and residence/nationality,I,PC_EMP_RESID,Percentage of total employment by category of residence,SAL_INT,Domestic payroll employment,A4,Quadrennial,_Z,Not applicable,B,Mining and quarrying,_Z,Not applicable,_Z,Not applicable,_Z,Not applicable,RES_FOR_ALL,Residents of foreign nationality (EU and non-EU),_Z,Not applicable,2014,,0.04,,0,Units,,,1,One,N05,"<b>Coverage:</b><p>Branches B-S;</p><p>Companies with 10 or more employees,</p><p><b>Note:</b></p><p>Public administration: covers only central government administration (CGPO)</p>"
DATAFLOW,LU1:DSD_ESS_2@DF_C1337(1.1),Employment: percentage by economic activity and residence/nationality,I,PC_EMP_RESID,Percentage of total employment by category of residence,SAL_INT,Domestic payroll employment,A4,Quadrennial,_Z,Not applicable,B,Mining and quarrying,_Z,Not applicable,_Z,Not applicable,_Z,Not applicable,RES_FOR_ALL,Residents of foreign nationality (EU and non-EU),_Z,Not applicable,2018,,0.1,,0,Units,,,1,One,N05,"<b>Coverage:</b><p>Branches B-S;</p><p>Companies with 10 or more employees,</p><p><b>Note:</b></p><p>Public administration: covers only central government administration (CGPO)</p>"
DATAFLOW,LU1:DSD_ESS_2@DF_C1337(1.1),Employment: percentage by economic activity and residence/nationality,I,PC_EMP_RESID,Percentage of total employment by category of residence,SAL_INT,Domestic payroll employment,A4,Quadrennial,_Z,Not applicable,B,Mining and quarrying,_Z,Not applicable,_Z,Not applicable,_Z,Not applicable,RES_FOR_ALL,Residents of foreign nationality (EU and non-EU),_Z,Not applicable,2022,,0.1,,0,Units,,,1,One,N05,"<b>Coverage:</b><p>Branches B-S;</p><p>Companies with 10 or more employees,</p><p><b>Note:</b></p><p>Public administration: covers only central government administration (CGPO)</p>"
DATAFLOW,LU1:DSD_ESS_2@DF_C1337(1.1),Employment: percentage by economic activity and residence/nationality,I,PC_EMP_RESID,Percentage of total employment by category of residence,SAL_INT,Domestic payroll employment,A4,Quadrennial,_Z,Not applicable,B-S,"Industry, construction and services (except activities of households as employers and extra-territorial organisations and bodies)",_Z,Not applicable,_Z,Not applicable,_Z,Not applicable,_T,Total,_Z,Not applicable,2010,,100,,0,Units,,,1,One,N05,"<b>Coverage:</b><p>Branches B-S;</p><p>Companies with 10 or more employees,</p><p><b>Note:</b></p><p>Public administration: covers only central government administration (CGPO)</p>"
DATAFLOW,LU1:DSD_ESS_2@DF_C1337(1.1),Employment: percentage by economic activity and residence/nationality,I,PC_EMP_RESID,Percentage of total employment by category of residence,SAL_INT,Domestic payroll employment,A4,Quadrennial,_Z,Not applicable,B-S,"Industry, construction and services (except activities of households as employers and extra-territorial organisations and bodies)",_Z,Not applicable,_Z,Not applicable,_Z,Not applicable,_T,Total,_Z,Not applicable,2014,,100,,0,Units,,,1,One,N05,"<b>Coverage:</b><p>Branches B-S;</p><p>Companies with 10 or more employees,</p><p><b>Note:</b></p><p>Public administration: covers only central government administration (CGPO)</p>"
DATAFLOW,LU1:DSD_ESS_2@DF_C1337(1.1),Employment: percentage by economic activity and residence/nationality,I,PC_EMP_RESID,Percentage of total employment by category of residence,SAL_INT,Domestic payroll employment,A4,Quadrennial,_Z,Not applicable,B-S,"Industry, construction and services (except activities of households as employers and extra-territorial organisations and bodies)",_Z,Not applicable,_Z,Not applicable,_Z,Not applicable,_T,Total,_Z,Not applicable,2018,,100,,0,Units,,,1,One,N05,"<b>Coverage:</b><p>Branches B-S;</p><p>Companies with 10 or more employees,</p><p><b>Note:</b></p><p>Public administration: covers only central government administration (CGPO)</p>"
DATAFLOW,LU1:DSD_ESS_2@DF_C1337(1.1),Employment: percentage by economic activity and residence/nationality,I,PC_EMP_RESID,Percentage of total employment by category of residence,SAL_INT,Domestic payroll employment,A4,Quadrennial,_Z,Not applicable,B-S,"Industry, construction and services (except activities of households as employers and extra-territorial organisations and bodies)",_Z,Not applicable,_Z,Not applicable,_Z,Not applicable,_T,Total,_Z,Not applicable,2022,,100,,0,Units,,,1,One,N05,"<b>Coverage:</b><p>Branches B-S;</p><p>Companies with 10 or more employees,</p><p><b>Note:</b></p><p>Public administration: covers only central government administration (CGPO)</p>"
DATAFLOW,LU1:DSD_ESS_2@DF_C1337(1.1),Employment: percentage by economic activity and residence/nationality,I,PC_EMP_NACE,Percentage of total branch employment,SAL_INT,Domestic payroll employment,A4,Quadrennial,_Z,Not applicable,J,Information and communication,_Z,Not applicable,_Z,Not applicable,_Z,Not applicable,_T_F,Total cross-border,_Z,Not applicable,2010,,50.4,,0,Units,,,1,One,N05,"<b>Coverage:</b><p>Branches B-S;</p><p>Companies with 10 or more employees,</p><p><b>Note:</b></p><p>Public administration: covers only central government administration (CGPO)</p>"
DATAFLOW,LU1:DSD_ESS_2@DF_C1337(1.1),Employment: percentage by economic activity and residence/nationality,I,PC_EMP_NACE,Percentage of total branch employment,SAL_INT,Domestic payroll employment,A4,Quadrennial,_Z,Not applicable,J,Information and communication,_Z,Not applicable,_Z,Not applicable,_Z,Not applicable,_T_F,Total cross-border,_Z,Not applicable,2014,,48.4,,0,Units,,,1,One,N05,"<b>Coverage:</b><p>Branches B-S;</p><p>Companies with 10 or more employees,</p><p><b>Note:</b></p><p>Public administration: covers only central government administration (CGPO)</p>"
DATAFLOW,LU1:DSD_ESS_2@DF_C1337(1.1),Employment: percentage by economic activity and residence/nationality,I,PC_EMP_NACE,Percentage of total branch employment,SAL_INT,Domestic payroll employment,A4,Quadrennial,_Z,Not applicable,J,Information and communication,_Z,Not applicable,_Z,Not applicable,_Z,Not applicable,_T_F,Total cross-border,_Z,Not applicable,2018,,50.6,,0,Units,,,1,One,N05,"<b>Coverage:</b><p>Branches B-S;</p><p>Companies with 10 or more employees,</p><p><b>Note:</b></p><p>Public administration: covers only central government administration (CGPO)</p>"
DATAFLOW,LU1:DSD_ESS_2@DF_C1337(1.1),Employment: percentage by economic activity and residence/nationality,I,PC_EMP_NACE,Percentage of total branch employment,SAL_INT,Domestic payroll employment,A4,Quadrennial,_Z,Not applicable,J,Information and communication,_Z,Not applicable,_Z,Not applicable,_Z,Not applicable,_T_F,Total cross-border,_Z,Not applicable,2022,,50.6,,0,Units,,,1,One,N05,"<b>Coverage:</b><p>Branches B-S;</p><p>Companies with 10 or more employees,</p><p><b>Note:</b></p><p>Public administration: covers only central government administration (CGPO)</p>"
DATAFLOW,LU1:DSD_ESS_2@DF_C1337(1.1),Employment: percentage by economic activity and residence/nationality,I,PC_EMP_RESID,Percentage of total employment by category of residence,SAL_INT,Domestic payroll employment,A4,Quadrennial,_Z,Not applicable,G,Wholesale and retail trade; repair of motor and motorcycles,_Z,Not applicable,_Z,Not applicable,_Z,Not applicable,_T,Total,_Z,Not applicable,2010,,10.89,,0,Units,,,1,One,N05,"<b>Coverage:</b><p>Branches B-S;</p><p>Companies with 10 or more employees,</p><p><b>Note:</b></p><p>Public administration: covers only central government administration (CGPO)</p>"
DATAFLOW,LU1:DSD_ESS_2@DF_C1337(1.1),Employment: percentage by economic activity and residence/nationality,I,PC_EMP_RESID,Percentage of total employment by category of residence,SAL_INT,Domestic payroll employment,A4,Quadrennial,_Z,Not applicable,G,Wholesale and retail trade; repair of motor and motorcycles,_Z,Not applicable,_Z,Not applicable,_Z,Not applicable,_T,Total,_Z,Not applicable,2014,,11.81,,0,Units,,,1,One,N05,"<b>Coverage:</b><p>Branches B-S;</p><p>Companies with 10 or more employees,</p><p><b>Note:</b></p><p>Public administration: covers only central government administration (CGPO)</p>"
DATAFLOW,LU1:DSD_ESS_2@DF_C1337(1.1),Employment: percentage by economic activity and residence/nationality,I,PC_EMP_RESID,Percentage of total employment by category of residence,SAL_INT,Domestic payroll employment,A4,Quadrennial,_Z,Not applicable,G,Wholesale and retail trade; repair of motor and motorcycles,_Z,Not applicable,_Z,Not applicable,_Z,Not applicable,_T,Total,_Z,Not applicable,2018,,11,,0,Units,,,1,One,N05,"<b>Coverage:</b><p>Branches B-S;</p><p>Companies with 10 or more employees,</p><p><b>Note:</b></p><p>Public administration: covers only central government administration (CGPO)</p>"
DATAFLOW,LU1:DSD_ESS_2@DF_C1337(1.1),Employment: percentage by economic activity and residence/nationality,I,PC_EMP_RESID,Percentage of total employment by category of residence,SAL_INT,Domestic payroll employment,A4,Quadrennial,_Z,Not applicable,G,Wholesale and retail trade; repair of motor and motorcycles,_Z,Not applicable,_Z,Not applicable,_Z,Not applicable,_T,Total,_Z,Not applicable,2022,,10.54,,0,Units,,,1,One,N05,"<b>Coverage:</b><p>Branches B-S;</p><p>Companies with 10 or more employees,</p><p><b>Note:</b></p><p>Public administration: covers only central government administration (CGPO)</p>"
DATAFLOW,LU1:DSD_ESS_2@DF_C1337(1.1),Employment: percentage by economic activity and residence/nationality,I,PC_EMP_NACE,Percentage of total branch employment,SAL_INT,Domestic payroll employment,A4,Quadrennial,_Z,Not applicable,S,Other service activities,_Z,Not applicable,_Z,Not applicable,_Z,Not applicable,_T_F,Total cross-border,_Z,Not applicable,2010,,42.5,,0,Units,,,1,One,N05,"<b>Coverage:</b><p>Branches B-S;</p><p>Companies with 10 or more employees,</p><p><b>Note:</b></p><p>Public administration: covers only central government administration (CGPO)</p>"
DATAFLOW,LU1:DSD_ESS_2@DF_C1337(1.1),Employment: percentage by economic activity and residence/nationality,I,PC_EMP_NACE,Percentage of total branch employment,SAL_INT,Domestic payroll employment,A4,Quadrennial,_Z,Not applicable,S,Other service activities,_Z,Not applicable,_Z,Not applicable,_Z,Not applicable,_T_F,Total cross-border,_Z,Not applicable,2014,,32.9,,0,Units,,,1,One,N05,"<b>Coverage:</b><p>Branches B-S;</p><p>Companies with 10 or more employees,</p><p><b>Note:</b></p><p>Public administration: covers only central government administration (CGPO)</p>"
DATAFLOW,LU1:DSD_ESS_2@DF_C1337(1.1),Employment: percentage by economic activity and residence/nationality,I,PC_EMP_NACE,Percentage of total branch employment,SAL_INT,Domestic payroll employment,A4,Quadrennial,_Z,Not applicable,S,Other service activities,_Z,Not applicable,_Z,Not applicable,_Z,Not applicable,_T_F,Total cross-border,_Z,Not applicable,2018,,28.9,,0,Units,,,1,One,N05,"<b>Coverage:</b><p>Branches B-S;</p><p>Companies with 10 or more employees,</p><p><b>Note:</b></p><p>Public administration: covers only central government administration (CGPO)</p>"
DATAFLOW,LU1:DSD_ESS_2@DF_C1337(1.1),Employment: percentage by economic activity and residence/nationality,I,PC_EMP_NACE,Percentage of total branch employment,SAL_INT,Domestic payroll employment,A4,Quadrennial,_Z,Not applicable,S,Other service activities,_Z,Not applicable,_Z,Not applicable,_Z,Not applicable,_T_F,Total cross-border,_Z,Not applicable,2022,,38.7,,0,Units,,,1,One,N05,"<b>Coverage:</b><p>Branches B-S;</p><p>Companies with 10 or more employees,</p><p><b>Note:</b></p><p>Public administration: covers only central government administration (CGPO)</p>"
DATAFLOW,LU1:DSD_ESS_2@DF_C1337(1.1),Employment: percentage by economic activity and residence/nationality,I,PC_EMP_RESID,Percentage of total employment by category of residence,SAL_INT,Domestic payroll employment,A4,Quadrennial,_Z,Not applicable,H,Transportation and storage,_Z,Not applicable,_Z,Not applicable,_Z,Not applicable,RES_FOR_ALL,Residents of foreign nationality (EU and non-EU),_Z,Not applicable,2010,,5.02,,0,Units,,,1,One,N05,"<b>Coverage:</b><p>Branches B-S;</p><p>Companies with 10 or more employees,</p><p><b>Note:</b></p><p>Public administration: covers only central government administration (CGPO)</p>"
DATAFLOW,LU1:DSD_ESS_2@DF_C1337(1.1),Employment: percentage by economic activity and residence/nationality,I,PC_EMP_RESID,Percentage of total employment by category of residence,SAL_INT,Domestic payroll employment,A4,Quadrennial,_Z,Not applicable,H,Transportation and storage,_Z,Not applicable,_Z,Not applicable,_Z,Not applicable,RES_FOR_ALL,Residents of foreign nationality (EU and non-EU),_Z,Not applicable,2014,,5.68,,0,Units,,,1,One,N05,"<b>Coverage:</b><p>Branches B-S;</p><p>Companies with 10 or more employees,</p><p><b>Note:</b></p><p>Public administration: covers only central government administration (CGPO)</p>"
DATAFLOW,LU1:DSD_ESS_2@DF_C1337(1.1),Employment: percentage by economic activity and residence/nationality,I,PC_EMP_RESID,Percentage of total employment by category of residence,SAL_INT,Domestic payroll employment,A4,Quadrennial,_Z,Not applicable,H,Transportation and storage,_Z,Not applicable,_Z,Not applicable,_Z,Not applicable,RES_FOR_ALL,Residents of foreign nationality (EU and non-EU),_Z,Not applicable,2018,,7.01,,0,Units,,,1,One,N05,"<b>Coverage:</b><p>Branches B-S;</p><p>Companies with 10 or more employees,</p><p><b>Note:</b></p><p>Public administration: covers only central government administration (CGPO)</p>"
DATAFLOW,LU1:DSD_ESS_2@DF_C1337(1.1),Employment: percentage by economic activity and residence/nationality,I,PC_EMP_RESID,Percentage of total employment by category of residence,SAL_INT,Domestic payroll employment,A4,Quadrennial,_Z,Not applicable,H,Transportation and storage,_Z,Not applicable,_Z,Not applicable,_Z,Not applicable,RES_FOR_ALL,Residents of foreign nationality (EU and non-EU),_Z,Not applicable,2022,,8.24,,0,Units,,,1,One,N05,"<b>Coverage:</b><p>Branches B-S;</p><p>Companies with 10 or more employees,</p><p><b>Note:</b></p><p>Public administration: covers only central government administration (CGPO)</p>"
DATAFLOW,LU1:DSD_ESS_2@DF_C1337(1.1),Employment: percentage by economic activity and residence/nationality,I,PC_EMP_NACE,Percentage of total branch employment,SAL_INT,Domestic payroll employment,A4,Quadrennial,_Z,Not applicable,P,Education,_Z,Not applicable,_Z,Not applicable,_Z,Not applicable,LU,Luxembourgish residents,_Z,Not applicable,2010,,81.5,,0,Units,,,1,One,N05,"<b>Coverage:</b><p>Branches B-S;</p><p>Companies with 10 or more employees,</p><p><b>Note:</b></p><p>Public administration: covers only central government administration (CGPO)</p>"
DATAFLOW,LU1:DSD_ESS_2@DF_C1337(1.1),Employment: percentage by economic activity and residence/nationality,I,PC_EMP_NACE,Percentage of total branch employment,SAL_INT,Domestic payroll employment,A4,Quadrennial,_Z,Not applicable,P,Education,_Z,Not applicable,_Z,Not applicable,_Z,Not applicable,LU,Luxembourgish residents,_Z,Not applicable,2014,,77.4,,0,Units,,,1,One,N05,"<b>Coverage:</b><p>Branches B-S;</p><p>Companies with 10 or more employees,</p><p><b>Note:</b></p><p>Public administration: covers only central government administration (CGPO)</p>"
DATAFLOW,LU1:DSD_ESS_2@DF_C1337(1.1),Employment: percentage by economic activity and residence/nationality,I,PC_EMP_NACE,Percentage of total branch employment,SAL_INT,Domestic payroll employment,A4,Quadrennial,_Z,Not applicable,P,Education,_Z,Not applicable,_Z,Not applicable,_Z,Not applicable,LU,Luxembourgish residents,_Z,Not applicable,2018,,76,,0,Units,,,1,One,N05,"<b>Coverage:</b><p>Branches B-S;</p><p>Companies with 10 or more employees,</p><p><b>Note:</b></p><p>Public administration: covers only central government administration (CGPO)</p>"
DATAFLOW,LU1:DSD_ESS_2@DF_C1337(1.1),Employment: percentage by economic activity and residence/nationality,I,PC_EMP_NACE,Percentage of total branch employment,SAL_INT,Domestic payroll employment,A4,Quadrennial,_Z,Not applicable,P,Education,_Z,Not applicable,_Z,Not applicable,_Z,Not applicable,LU,Luxembourgish residents,_Z,Not applicable,2022,,74.4,,0,Units,,,1,One,N05,"<b>Coverage:</b><p>Branches B-S;</p><p>Companies with 10 or more employees,</p><p><b>Note:</b></p><p>Public administration: covers only central government administration (CGPO)</p>"
DATAFLOW,LU1:DSD_ESS_2@DF_C1337(1.1),Employment: percentage by economic activity and residence/nationality,I,PC_EMP_RESID,Percentage of total employment by category of residence,SAL_INT,Domestic payroll employment,A4,Quadrennial,_Z,Not applicable,O,Public administration and defence; compulsory social security public,_Z,Not applicable,_Z,Not applicable,_Z,Not applicable,_T_F,Total cross-border,_Z,Not applicable,2010,,0.48,,0,Units,,,1,One,N05,"<b>Coverage:</b><p>Branches B-S;</p><p>Companies with 10 or more employees,</p><p><b>Note:</b></p><p>Public administration: covers only central government administration (CGPO)</p>"
DATAFLOW,LU1:DSD_ESS_2@DF_C1337(1.1),Employment: percentage by economic activity and residence/nationality,I,PC_EMP_RESID,Percentage of total employment by category of residence,SAL_INT,Domestic payroll employment,A4,Quadrennial,_Z,Not applicable,O,Public administration and defence; compulsory social security public,_Z,Not applicable,_Z,Not applicable,_Z,Not applicable,_T_F,Total cross-border,_Z,Not applicable,2014,,0.39,,0,Units,,,1,One,N05,"<b>Coverage:</b><p>Branches B-S;</p><p>Companies with 10 or more employees,</p><p><b>Note:</b></p><p>Public administration: covers only central government administration (CGPO)</p>"
DATAFLOW,LU1:DSD_ESS_2@DF_C1337(1.1),Employment: percentage by economic activity and residence/nationality,I,PC_EMP_RESID,Percentage of total employment by category of residence,SAL_INT,Domestic payroll employment,A4,Quadrennial,_Z,Not applicable,O,Public administration and defence; compulsory social security public,_Z,Not applicable,_Z,Not applicable,_Z,Not applicable,_T_F,Total cross-border,_Z,Not applicable,2018,,0.39,,0,Units,,,1,One,N05,"<b>Coverage:</b><p>Branches B-S;</p><p>Companies with 10 or more employees,</p><p><b>Note:</b></p><p>Public administration: covers only central government administration (CGPO)</p>"
DATAFLOW,LU1:DSD_ESS_2@DF_C1337(1.1),Employment: percentage by economic activity and residence/nationality,I,PC_EMP_RESID,Percentage of total employment by category of residence,SAL_INT,Domestic payroll employment,A4,Quadrennial,_Z,Not applicable,O,Public administration and defence; compulsory social security public,_Z,Not applicable,_Z,Not applicable,_Z,Not applicable,_T_F,Total cross-border,_Z,Not applicable,2022,,0.8,,0,Units,,,1,One,N05,"<b>Coverage:</b><p>Branches B-S;</p><p>Companies with 10 or more employees,</p><p><b>Note:</b></p><p>Public administration: covers only central government administration (CGPO)</p>"
DATAFLOW,LU1:DSD_ESS_2@DF_C1337(1.1),Employment: percentage by economic activity and residence/nationality,I,PC_EMP_NACE,Percentage of total branch employment,SAL_INT,Domestic payroll employment,A4,Quadrennial,_Z,Not applicable,M,"Professional, scientific and technical activities",_Z,Not applicable,_Z,Not applicable,_Z,Not applicable,_T_F,Total cross-border,_Z,Not applicable,2010,,52.9,,0,Units,,,1,One,N05,"<b>Coverage:</b><p>Branches B-S;</p><p>Companies with 10 or more employees,</p><p><b>Note:</b></p><p>Public administration: covers only central government administration (CGPO)</p>"
DATAFLOW,LU1:DSD_ESS_2@DF_C1337(1.1),Employment: percentage by economic activity and residence/nationality,I,PC_EMP_NACE,Percentage of total branch employment,SAL_INT,Domestic payroll employment,A4,Quadrennial,_Z,Not applicable,M,"Professional, scientific and technical activities",_Z,Not applicable,_Z,Not applicable,_Z,Not applicable,_T_F,Total cross-border,_Z,Not applicable,2014,,52.7,,0,Units,,,1,One,N05,"<b>Coverage:</b><p>Branches B-S;</p><p>Companies with 10 or more employees,</p><p><b>Note:</b></p><p>Public administration: covers only central government administration (CGPO)</p>"
DATAFLOW,LU1:DSD_ESS_2@DF_C1337(1.1),Employment: percentage by economic activity and residence/nationality,I,PC_EMP_NACE,Percentage of total branch employment,SAL_INT,Domestic payroll employment,A4,Quadrennial,_Z,Not applicable,M,"Professional, scientific and technical activities",_Z,Not applicable,_Z,Not applicable,_Z,Not applicable,_T_F,Total cross-border,_Z,Not applicable,2018,,51.1,,0,Units,,,1,One,N05,"<b>Coverage:</b><p>Branches B-S;</p><p>Companies with 10 or more employees,</p><p><b>Note:</b></p><p>Public administration: covers only central government administration (CGPO)</p>"
DATAFLOW,LU1:DSD_ESS_2@DF_C1337(1.1),Employment: percentage by economic activity and residence/nationality,I,PC_EMP_NACE,Percentage of total branch employment,SAL_INT,Domestic payroll employment,A4,Quadrennial,_Z,Not applicable,M,"Professional, scientific and technical activities",_Z,Not applicable,_Z,Not applicable,_Z,Not applicable,_T_F,Total cross-border,_Z,Not applicable,2022,,46.3,,0,Units,,,1,One,N05,"<b>Coverage:</b><p>Branches B-S;</p><p>Companies with 10 or more employees,</p><p><b>Note:</b></p><p>Public administration: covers only central government administration (CGPO)</p>"
DATAFLOW,LU1:DSD_ESS_2@DF_C1337(1.1),Employment: percentage by economic activity and residence/nationality,I,PC_EMP_RESID,Percentage of total employment by category of residence,SAL_INT,Domestic payroll employment,A4,Quadrennial,_Z,Not applicable,H,Transportation and storage,_Z,Not applicable,_Z,Not applicable,_Z,Not applicable,_T,Total,_Z,Not applicable,2010,,9.25,,0,Units,,,1,One,N05,"<b>Coverage:</b><p>Branches B-S;</p><p>Companies with 10 or more employees,</p><p><b>Note:</b></p><p>Public administration: covers only central government administration (CGPO)</p>"
DATAFLOW,LU1:DSD_ESS_2@DF_C1337(1.1),Employment: percentage by economic activity and residence/nationality,I,PC_EMP_RESID,Percentage of total employment by category of residence,SAL_INT,Domestic payroll employment,A4,Quadrennial,_Z,Not applicable,H,Transportation and storage,_Z,Not applicable,_Z,Not applicable,_Z,Not applicable,_T,Total,_Z,Not applicable,2014,,7.35,,0,Units,,,1,One,N05,"<b>Coverage:</b><p>Branches B-S;</p><p>Companies with 10 or more employees,</p><p><b>Note:</b></p><p>Public administration: covers only central government administration (CGPO)</p>"
DATAFLOW,LU1:DSD_ESS_2@DF_C1337(1.1),Employment: percentage by economic activity and residence/nationality,I,PC_EMP_RESID,Percentage of total employment by category of residence,SAL_INT,Domestic payroll employment,A4,Quadrennial,_Z,Not applicable,H,Transportation and storage,_Z,Not applicable,_Z,Not applicable,_Z,Not applicable,_T,Total,_Z,Not applicable,2018,,7.72,,0,Units,,,1,One,N05,"<b>Coverage:</b><p>Branches B-S;</p><p>Companies with 10 or more employees,</p><p><b>Note:</b></p><p>Public administration: covers only central government administration (CGPO)</p>"
DATAFLOW,LU1:DSD_ESS_2@DF_C1337(1.1),Employment: percentage by economic activity and residence/nationality,I,PC_EMP_RESID,Percentage of total employment by category of residence,SAL_INT,Domestic payroll employment,A4,Quadrennial,_Z,Not applicable,H,Transportation and storage,_Z,Not applicable,_Z,Not applicable,_Z,Not applicable,_T,Total,_Z,Not applicable,2022,,7.44,,0,Units,,,1,One,N05,"<b>Coverage:</b><p>Branches B-S;</p><p>Companies with 10 or more employees,</p><p><b>Note:</b></p><p>Public administration: covers only central government administration (CGPO)</p>"
DATAFLOW,LU1:DSD_ESS_2@DF_C1337(1.1),Employment: percentage by economic activity and residence/nationality,I,PC_EMP_RESID,Percentage of total employment by category of residence,SAL_INT,Domestic payroll employment,A4,Quadrennial,_Z,Not applicable,P,Education,_Z,Not applicable,_Z,Not applicable,_Z,Not applicable,_T_F,Total cross-border,_Z,Not applicable,2010,,1.02,,0,Units,,,1,One,N05,"<b>Coverage:</b><p>Branches B-S;</p><p>Companies with 10 or more employees,</p><p><b>Note:</b></p><p>Public administration: covers only central government administration (CGPO)</p>"
DATAFLOW,LU1:DSD_ESS_2@DF_C1337(1.1),Employment: percentage by economic activity and residence/nationality,I,PC_EMP_RESID,Percentage of total employment by category of residence,SAL_INT,Domestic payroll employment,A4,Quadrennial,_Z,Not applicable,P,Education,_Z,Not applicable,_Z,Not applicable,_Z,Not applicable,_T_F,Total cross-border,_Z,Not applicable,2014,,1.21,,0,Units,,,1,One,N05,"<b>Coverage:</b><p>Branches B-S;</p><p>Companies with 10 or more employees,</p><p><b>Note:</b></p><p>Public administration: covers only central government administration (CGPO)</p>"
DATAFLOW,LU1:DSD_ESS_2@DF_C1337(1.1),Employment: percentage by economic activity and residence/nationality,I,PC_EMP_RESID,Percentage of total employment by category of residence,SAL_INT,Domestic payroll employment,A4,Quadrennial,_Z,Not applicable,P,Education,_Z,Not applicable,_Z,Not applicable,_Z,Not applicable,_T_F,Total cross-border,_Z,Not applicable,2018,,1.1,,0,Units,,,1,One,N05,"<b>Coverage:</b><p>Branches B-S;</p><p>Companies with 10 or more employees,</p><p><b>Note:</b></p><p>Public administration: covers only central government administration (CGPO)</p>"
DATAFLOW,LU1:DSD_ESS_2@DF_C1337(1.1),Employment: percentage by economic activity and residence/nationality,I,PC_EMP_RESID,Percentage of total employment by category of residence,SAL_INT,Domestic payroll employment,A4,Quadrennial,_Z,Not applicable,P,Education,_Z,Not applicable,_Z,Not applicable,_Z,Not applicable,_T_F,Total cross-border,_Z,Not applicable,2022,,1.32,,0,Units,,,1,One,N05,"<b>Coverage:</b><p>Branches B-S;</p><p>Companies with 10 or more employees,</p><p><b>Note:</b></p><p>Public administration: covers only central government administration (CGPO)</p>"
DATAFLOW,LU1:DSD_ESS_2@DF_C1337(1.1),Employment: percentage by economic activity and residence/nationality,I,PC_EMP_RESID,Percentage of total employment by category of residence,SAL_INT,Domestic payroll employment,A4,Quadrennial,_Z,Not applicable,I,Accommodation and food service activities,_Z,Not applicable,_Z,Not applicable,_Z,Not applicable,_T_F,Total cross-border,_Z,Not applicable,2010,,3.32,,0,Units,,,1,One,N05,"<b>Coverage:</b><p>Branches B-S;</p><p>Companies with 10 or more employees,</p><p><b>Note:</b></p><p>Public administration: covers only central government administration (CGPO)</p>"
DATAFLOW,LU1:DSD_ESS_2@DF_C1337(1.1),Employment: percentage by economic activity and residence/nationality,I,PC_EMP_RESID,Percentage of total employment by category of residence,SAL_INT,Domestic payroll employment,A4,Quadrennial,_Z,Not applicable,I,Accommodation and food service activities,_Z,Not applicable,_Z,Not applicable,_Z,Not applicable,_T_F,Total cross-border,_Z,Not applicable,2014,,3.6,,0,Units,,,1,One,N05,"<b>Coverage:</b><p>Branches B-S;</p><p>Companies with 10 or more employees,</p><p><b>Note:</b></p><p>Public administration: covers only central government administration (CGPO)</p>"
DATAFLOW,LU1:DSD_ESS_2@DF_C1337(1.1),Employment: percentage by economic activity and residence/nationality,I,PC_EMP_RESID,Percentage of total employment by category of residence,SAL_INT,Domestic payroll employment,A4,Quadrennial,_Z,Not applicable,I,Accommodation and food service activities,_Z,Not applicable,_Z,Not applicable,_Z,Not applicable,_T_F,Total cross-border,_Z,Not applicable,2018,,3.6,,0,Units,,,1,One,N05,"<b>Coverage:</b><p>Branches B-S;</p><p>Companies with 10 or more employees,</p><p><b>Note:</b></p><p>Public administration: covers only central government administration (CGPO)</p>"
DATAFLOW,LU1:DSD_ESS_2@DF_C1337(1.1),Employment: percentage by economic activity and residence/nationality,I,PC_EMP_RESID,Percentage of total employment by category of residence,SAL_INT,Domestic payroll employment,A4,Quadrennial,_Z,Not applicable,I,Accommodation and food service activities,_Z,Not applicable,_Z,Not applicable,_Z,Not applicable,_T_F,Total cross-border,_Z,Not applicable,2022,,3.5,,0,Units,,,1,One,N05,"<b>Coverage:</b><p>Branches B-S;</p><p>Companies with 10 or more employees,</p><p><b>Note:</b></p><p>Public administration: covers only central government administration (CGPO)</p>"
DATAFLOW,LU1:DSD_ESS_2@DF_C1337(1.1),Employment: percentage by economic activity and residence/nationality,I,PC_EMP_RESID,Percentage of total employment by category of residence,SAL_INT,Domestic payroll employment,A4,Quadrennial,_Z,Not applicable,G,Wholesale and retail trade; repair of motor and motorcycles,_Z,Not applicable,_Z,Not applicable,_Z,Not applicable,RES_FOR_ALL,Residents of foreign nationality (EU and non-EU),_Z,Not applicable,2010,,10.88,,0,Units,,,1,One,N05,"<b>Coverage:</b><p>Branches B-S;</p><p>Companies with 10 or more employees,</p><p><b>Note:</b></p><p>Public administration: covers only central government administration (CGPO)</p>"
DATAFLOW,LU1:DSD_ESS_2@DF_C1337(1.1),Employment: percentage by economic activity and residence/nationality,I,PC_EMP_RESID,Percentage of total employment by category of residence,SAL_INT,Domestic payroll employment,A4,Quadrennial,_Z,Not applicable,G,Wholesale and retail trade; repair of motor and motorcycles,_Z,Not applicable,_Z,Not applicable,_Z,Not applicable,RES_FOR_ALL,Residents of foreign nationality (EU and non-EU),_Z,Not applicable,2014,,11.3,,0,Units,,,1,One,N05,"<b>Coverage:</b><p>Branches B-S;</p><p>Companies with 10 or more employees,</p><p><b>Note:</b></p><p>Public administration: covers only central government administration (CGPO)</p>"
DATAFLOW,LU1:DSD_ESS_2@DF_C1337(1.1),Employment: percentage by economic activity and residence/nationality,I,PC_EMP_RESID,Percentage of total employment by category of residence,SAL_INT,Domestic payroll employment,A4,Quadrennial,_Z,Not applicable,G,Wholesale and retail trade; repair of motor and motorcycles,_Z,Not applicable,_Z,Not applicable,_Z,Not applicable,RES_FOR_ALL,Residents of foreign nationality (EU and non-EU),_Z,Not applicable,2018,,9.27,,0,Units,,,1,One,N05,"<b>Coverage:</b><p>Branches B-S;</p><p>Companies with 10 or more employees,</p><p><b>Note:</b></p><p>Public administration: covers only central government administration (CGPO)</p>"
DATAFLOW,LU1:DSD_ESS_2@DF_C1337(1.1),Employment: percentage by economic activity and residence/nationality,I,PC_EMP_RESID,Percentage of total employment by category of residence,SAL_INT,Domestic payroll employment,A4,Quadrennial,_Z,Not applicable,G,Wholesale and retail trade; repair of motor and motorcycles,_Z,Not applicable,_Z,Not applicable,_Z,Not applicable,RES_FOR_ALL,Residents of foreign nationality (EU and non-EU),_Z,Not applicable,2022,,8.37,,0,Units,,,1,One,N05,"<b>Coverage:</b><p>Branches B-S;</p><p>Companies with 10 or more employees,</p><p><b>Note:</b></p><p>Public administration: covers only central government administration (CGPO)</p>"
DATAFLOW,LU1:DSD_ESS_2@DF_C1337(1.1),Employment: percentage by economic activity and residence/nationality,I,PC_EMP_RESID,Percentage of total employment by category of residence,SAL_INT,Domestic payroll employment,A4,Quadrennial,_Z,Not applicable,E,"Water supply; sewerage,waste management and remediation activities",_Z,Not applicable,_Z,Not applicable,_Z,Not applicable,RES_FOR_ALL,Residents of foreign nationality (EU and non-EU),_Z,Not applicable,2010,,0.34,,0,Units,,,1,One,N05,"<b>Coverage:</b><p>Branches B-S;</p><p>Companies with 10 or more employees,</p><p><b>Note:</b></p><p>Public administration: covers only central government administration (CGPO)</p>"
DATAFLOW,LU1:DSD_ESS_2@DF_C1337(1.1),Employment: percentage by economic activity and residence/nationality,I,PC_EMP_RESID,Percentage of total employment by category of residence,SAL_INT,Domestic payroll employment,A4,Quadrennial,_Z,Not applicable,E,"Water supply; sewerage,waste management and remediation activities",_Z,Not applicable,_Z,Not applicable,_Z,Not applicable,RES_FOR_ALL,Residents of foreign nationality (EU and non-EU),_Z,Not applicable,2014,,0.2,,0,Units,,,1,One,N05,"<b>Coverage:</b><p>Branches B-S;</p><p>Companies with 10 or more employees,</p><p><b>Note:</b></p><p>Public administration: covers only central government administration (CGPO)</p>"
DATAFLOW,LU1:DSD_ESS_2@DF_C1337(1.1),Employment: percentage by economic activity and residence/nationality,I,PC_EMP_RESID,Percentage of total employment by category of residence,SAL_INT,Domestic payroll employment,A4,Quadrennial,_Z,Not applicable,E,"Water supply; sewerage,waste management and remediation activities",_Z,Not applicable,_Z,Not applicable,_Z,Not applicable,RES_FOR_ALL,Residents of foreign nationality (EU and non-EU),_Z,Not applicable,2018,,0.17,,0,Units,,,1,One,N05,"<b>Coverage:</b><p>Branches B-S;</p><p>Companies with 10 or more employees,</p><p><b>Note:</b></p><p>Public administration: covers only central government administration (CGPO)</p>"
DATAFLOW,LU1:DSD_ESS_2@DF_C1337(1.1),Employment: percentage by economic activity and residence/nationality,I,PC_EMP_RESID,Percentage of total employment by category of residence,SAL_INT,Domestic payroll employment,A4,Quadrennial,_Z,Not applicable,E,"Water supply; sewerage,waste management and remediation activities",_Z,Not applicable,_Z,Not applicable,_Z,Not applicable,RES_FOR_ALL,Residents of foreign nationality (EU and non-EU),_Z,Not applicable,2022,,0.25,,0,Units,,,1,One,N05,"<b>Coverage:</b><p>Branches B-S;</p><p>Companies with 10 or more employees,</p><p><b>Note:</b></p><p>Public administration: covers only central government administration (CGPO)</p>"
DATAFLOW,LU1:DSD_ESS_2@DF_C1337(1.1),Employment: percentage by economic activity and residence/nationality,I,PC_EMP_NACE,Percentage of total branch employment,SAL_INT,Domestic payroll employment,A4,Quadrennial,_Z,Not applicable,G,Wholesale and retail trade; repair of motor and motorcycles,_Z,Not applicable,_Z,Not applicable,_Z,Not applicable,_T_F,Total cross-border,_Z,Not applicable,2010,,55.1,,0,Units,,,1,One,N05,"<b>Coverage:</b><p>Branches B-S;</p><p>Companies with 10 or more employees,</p><p><b>Note:</b></p><p>Public administration: covers only central government administration (CGPO)</p>"
DATAFLOW,LU1:DSD_ESS_2@DF_C1337(1.1),Employment: percentage by economic activity and residence/nationality,I,PC_EMP_NACE,Percentage of total branch employment,SAL_INT,Domestic payroll employment,A4,Quadrennial,_Z,Not applicable,G,Wholesale and retail trade; repair of motor and motorcycles,_Z,Not applicable,_Z,Not applicable,_Z,Not applicable,_T_F,Total cross-border,_Z,Not applicable,2014,,53,,0,Units,,,1,One,N05,"<b>Coverage:</b><p>Branches B-S;</p><p>Companies with 10 or more employees,</p><p><b>Note:</b></p><p>Public administration: covers only central government administration (CGPO)</p>"
DATAFLOW,LU1:DSD_ESS_2@DF_C1337(1.1),Employment: percentage by economic activity and residence/nationality,I,PC_EMP_NACE,Percentage of total branch employment,SAL_INT,Domestic payroll employment,A4,Quadrennial,_Z,Not applicable,G,Wholesale and retail trade; repair of motor and motorcycles,_Z,Not applicable,_Z,Not applicable,_Z,Not applicable,_T_F,Total cross-border,_Z,Not applicable,2018,,56.7,,0,Units,,,1,One,N05,"<b>Coverage:</b><p>Branches B-S;</p><p>Companies with 10 or more employees,</p><p><b>Note:</b></p><p>Public administration: covers only central government administration (CGPO)</p>"
DATAFLOW,LU1:DSD_ESS_2@DF_C1337(1.1),Employment: percentage by economic activity and residence/nationality,I,PC_EMP_NACE,Percentage of total branch employment,SAL_INT,Domestic payroll employment,A4,Quadrennial,_Z,Not applicable,G,Wholesale and retail trade; repair of motor and motorcycles,_Z,Not applicable,_Z,Not applicable,_Z,Not applicable,_T_F,Total cross-border,_Z,Not applicable,2022,,61.7,,0,Units,,,1,One,N05,"<b>Coverage:</b><p>Branches B-S;</p><p>Companies with 10 or more employees,</p><p><b>Note:</b></p><p>Public administration: covers only central government administration (CGPO)</p>"
DATAFLOW,LU1:DSD_ESS_2@DF_C1337(1.1),Employment: percentage by economic activity and residence/nationality,I,PC_EMP_NACE,Percentage of total branch employment,SAL_INT,Domestic payroll employment,A4,Quadrennial,_Z,Not applicable,E,"Water supply; sewerage,waste management and remediation activities",_Z,Not applicable,_Z,Not applicable,_Z,Not applicable,_T_F,Total cross-border,_Z,Not applicable,2010,,34.8,,0,Units,,,1,One,N05,"<b>Coverage:</b><p>Branches B-S;</p><p>Companies with 10 or more employees,</p><p><b>Note:</b></p><p>Public administration: covers only central government administration (CGPO)</p>"
DATAFLOW,LU1:DSD_ESS_2@DF_C1337(1.1),Employment: percentage by economic activity and residence/nationality,I,PC_EMP_NACE,Percentage of total branch employment,SAL_INT,Domestic payroll employment,A4,Quadrennial,_Z,Not applicable,E,"Water supply; sewerage,waste management and remediation activities",_Z,Not applicable,_Z,Not applicable,_Z,Not applicable,_T_F,Total cross-border,_Z,Not applicable,2014,,50.1,,0,Units,,,1,One,N05,"<b>Coverage:</b><p>Branches B-S;</p><p>Companies with 10 or more employees,</p><p><b>Note:</b></p><p>Public administration: covers only central government administration (CGPO)</p>"
DATAFLOW,LU1:DSD_ESS_2@DF_C1337(1.1),Employment: percentage by economic activity and residence/nationality,I,PC_EMP_NACE,Percentage of total branch employment,SAL_INT,Domestic payroll employment,A4,Quadrennial,_Z,Not applicable,E,"Water supply; sewerage,waste management and remediation activities",_Z,Not applicable,_Z,Not applicable,_Z,Not applicable,_T_F,Total cross-border,_Z,Not applicable,2018,,57.3,,0,Units,,,1,One,N05,"<b>Coverage:</b><p>Branches B-S;</p><p>Companies with 10 or more employees,</p><p><b>Note:</b></p><p>Public administration: covers only central government administration (CGPO)</p>"
DATAFLOW,LU1:DSD_ESS_2@DF_C1337(1.1),Employment: percentage by economic activity and residence/nationality,I,PC_EMP_NACE,Percentage of total branch employment,SAL_INT,Domestic payroll employment,A4,Quadrennial,_Z,Not applicable,E,"Water supply; sewerage,waste management and remediation activities",_Z,Not applicable,_Z,Not applicable,_Z,Not applicable,_T_F,Total cross-border,_Z,Not applicable,2022,,48.1,,0,Units,,,1,One,N05,"<b>Coverage:</b><p>Branches B-S;</p><p>Companies with 10 or more employees,</p><p><b>Note:</b></p><p>Public administration: covers only central government administration (CGPO)</p>"
DATAFLOW,LU1:DSD_ESS_2@DF_C1337(1.1),Employment: percentage by economic activity and residence/nationality,I,PC_EMP_NACE,Percentage of total branch employment,SAL_INT,Domestic payroll employment,A4,Quadrennial,_Z,Not applicable,I,Accommodation and food service activities,_Z,Not applicable,_Z,Not applicable,_Z,Not applicable,_T,Total,_Z,Not applicable,2010,,100,,0,Units,,,1,One,N05,"<b>Coverage:</b><p>Branches B-S;</p><p>Companies with 10 or more employees,</p><p><b>Note:</b></p><p>Public administration: covers only central government administration (CGPO)</p>"
DATAFLOW,LU1:DSD_ESS_2@DF_C1337(1.1),Employment: percentage by economic activity and residence/nationality,I,PC_EMP_NACE,Percentage of total branch employment,SAL_INT,Domestic payroll employment,A4,Quadrennial,_Z,Not applicable,I,Accommodation and food service activities,_Z,Not applicable,_Z,Not applicable,_Z,Not applicable,_T,Total,_Z,Not applicable,2014,,100,,0,Units,,,1,One,N05,"<b>Coverage:</b><p>Branches B-S;</p><p>Companies with 10 or more employees,</p><p><b>Note:</b></p><p>Public administration: covers only central government administration (CGPO)</p>"
DATAFLOW,LU1:DSD_ESS_2@DF_C1337(1.1),Employment: percentage by economic activity and residence/nationality,I,PC_EMP_NACE,Percentage of total branch employment,SAL_INT,Domestic payroll employment,A4,Quadrennial,_Z,Not applicable,I,Accommodation and food service activities,_Z,Not applicable,_Z,Not applicable,_Z,Not applicable,_T,Total,_Z,Not applicable,2018,,100,,0,Units,,,1,One,N05,"<b>Coverage:</b><p>Branches B-S;</p><p>Companies with 10 or more employees,</p><p><b>Note:</b></p><p>Public administration: covers only central government administration (CGPO)</p>"
DATAFLOW,LU1:DSD_ESS_2@DF_C1337(1.1),Employment: percentage by economic activity and residence/nationality,I,PC_EMP_NACE,Percentage of total branch employment,SAL_INT,Domestic payroll employment,A4,Quadrennial,_Z,Not applicable,I,Accommodation and food service activities,_Z,Not applicable,_Z,Not applicable,_Z,Not applicable,_T,Total,_Z,Not applicable,2022,,100,,0,Units,,,1,One,N05,"<b>Coverage:</b><p>Branches B-S;</p><p>Companies with 10 or more employees,</p><p><b>Note:</b></p><p>Public administration: covers only central government administration (CGPO)</p>"
DATAFLOW,LU1:DSD_ESS_2@DF_C1337(1.1),Employment: percentage by economic activity and residence/nationality,I,PC_EMP_RESID,Percentage of total employment by category of residence,SAL_INT,Domestic payroll employment,A4,Quadrennial,_Z,Not applicable,M,"Professional, scientific and technical activities",_Z,Not applicable,_Z,Not applicable,_Z,Not applicable,_T,Total,_Z,Not applicable,2010,,7.05,,0,Units,,,1,One,N05,"<b>Coverage:</b><p>Branches B-S;</p><p>Companies with 10 or more employees,</p><p><b>Note:</b></p><p>Public administration: covers only central government administration (CGPO)</p>"
DATAFLOW,LU1:DSD_ESS_2@DF_C1337(1.1),Employment: percentage by economic activity and residence/nationality,I,PC_EMP_RESID,Percentage of total employment by category of residence,SAL_INT,Domestic payroll employment,A4,Quadrennial,_Z,Not applicable,M,"Professional, scientific and technical activities",_Z,Not applicable,_Z,Not applicable,_Z,Not applicable,_T,Total,_Z,Not applicable,2014,,8.03,,0,Units,,,1,One,N05,"<b>Coverage:</b><p>Branches B-S;</p><p>Companies with 10 or more employees,</p><p><b>Note:</b></p><p>Public administration: covers only central government administration (CGPO)</p>"
DATAFLOW,LU1:DSD_ESS_2@DF_C1337(1.1),Employment: percentage by economic activity and residence/nationality,I,PC_EMP_RESID,Percentage of total employment by category of residence,SAL_INT,Domestic payroll employment,A4,Quadrennial,_Z,Not applicable,M,"Professional, scientific and technical activities",_Z,Not applicable,_Z,Not applicable,_Z,Not applicable,_T,Total,_Z,Not applicable,2018,,8.96,,0,Units,,,1,One,N05,"<b>Coverage:</b><p>Branches B-S;</p><p>Companies with 10 or more employees,</p><p><b>Note:</b></p><p>Public administration: covers only central government administration (CGPO)</p>"
DATAFLOW,LU1:DSD_ESS_2@DF_C1337(1.1),Employment: percentage by economic activity and residence/nationality,I,PC_EMP_RESID,Percentage of total employment by category of residence,SAL_INT,Domestic payroll employment,A4,Quadrennial,_Z,Not applicable,M,"Professional, scientific and technical activities",_Z,Not applicable,_Z,Not applicable,_Z,Not applicable,_T,Total,_Z,Not applicable,2022,,10.1,,0,Units,,,1,One,N05,"<b>Coverage:</b><p>Branches B-S;</p><p>Companies with 10 or more employees,</p><p><b>Note:</b></p><p>Public administration: covers only central government administration (CGPO)</p>"
DATAFLOW,LU1:DSD_ESS_2@DF_C1337(1.1),Employment: percentage by economic activity and residence/nationality,I,PC_EMP_NACE,Percentage of total branch employment,SAL_INT,Domestic payroll employment,A4,Quadrennial,_Z,Not applicable,B-S,"Industry, construction and services (except activities of households as employers and extra-territorial organisations and bodies)",_Z,Not applicable,_Z,Not applicable,_Z,Not applicable,_T_F,Total cross-border,_Z,Not applicable,2010,,47.9,,0,Units,,,1,One,N05,"<b>Coverage:</b><p>Branches B-S;</p><p>Companies with 10 or more employees,</p><p><b>Note:</b></p><p>Public administration: covers only central government administration (CGPO)</p>"
DATAFLOW,LU1:DSD_ESS_2@DF_C1337(1.1),Employment: percentage by economic activity and residence/nationality,I,PC_EMP_NACE,Percentage of total branch employment,SAL_INT,Domestic payroll employment,A4,Quadrennial,_Z,Not applicable,B-S,"Industry, construction and services (except activities of households as employers and extra-territorial organisations and bodies)",_Z,Not applicable,_Z,Not applicable,_Z,Not applicable,_T_F,Total cross-border,_Z,Not applicable,2014,,45.9,,0,Units,,,1,One,N05,"<b>Coverage:</b><p>Branches B-S;</p><p>Companies with 10 or more employees,</p><p><b>Note:</b></p><p>Public administration: covers only central government administration (CGPO)</p>"
DATAFLOW,LU1:DSD_ESS_2@DF_C1337(1.1),Employment: percentage by economic activity and residence/nationality,I,PC_EMP_NACE,Percentage of total branch employment,SAL_INT,Domestic payroll employment,A4,Quadrennial,_Z,Not applicable,B-S,"Industry, construction and services (except activities of households as employers and extra-territorial organisations and bodies)",_Z,Not applicable,_Z,Not applicable,_Z,Not applicable,_T_F,Total cross-border,_Z,Not applicable,2018,,47.8,,0,Units,,,1,One,N05,"<b>Coverage:</b><p>Branches B-S;</p><p>Companies with 10 or more employees,</p><p><b>Note:</b></p><p>Public administration: covers only central government administration (CGPO)</p>"
DATAFLOW,LU1:DSD_ESS_2@DF_C1337(1.1),Employment: percentage by economic activity and residence/nationality,I,PC_EMP_NACE,Percentage of total branch employment,SAL_INT,Domestic payroll employment,A4,Quadrennial,_Z,Not applicable,B-S,"Industry, construction and services (except activities of households as employers and extra-territorial organisations and bodies)",_Z,Not applicable,_Z,Not applicable,_Z,Not applicable,_T_F,Total cross-border,_Z,Not applicable,2022,,48.4,,0,Units,,,1,One,N05,"<b>Coverage:</b><p>Branches B-S;</p><p>Companies with 10 or more employees,</p><p><b>Note:</b></p><p>Public administration: covers only central government administration (CGPO)</p>"
DATAFLOW,LU1:DSD_ESS_2@DF_C1337(1.1),Employment: percentage by economic activity and residence/nationality,I,PC_EMP_NACE,Percentage of total branch employment,SAL_INT,Domestic payroll employment,A4,Quadrennial,_Z,Not applicable,P,Education,_Z,Not applicable,_Z,Not applicable,_Z,Not applicable,_T,Total,_Z,Not applicable,2010,,100,,0,Units,,,1,One,N05,"<b>Coverage:</b><p>Branches B-S;</p><p>Companies with 10 or more employees,</p><p><b>Note:</b></p><p>Public administration: covers only central government administration (CGPO)</p>"
DATAFLOW,LU1:DSD_ESS_2@DF_C1337(1.1),Employment: percentage by economic activity and residence/nationality,I,PC_EMP_NACE,Percentage of total branch employment,SAL_INT,Domestic payroll employment,A4,Quadrennial,_Z,Not applicable,P,Education,_Z,Not applicable,_Z,Not applicable,_Z,Not applicable,_T,Total,_Z,Not applicable,2014,,100,,0,Units,,,1,One,N05,"<b>Coverage:</b><p>Branches B-S;</p><p>Companies with 10 or more employees,</p><p><b>Note:</b></p><p>Public administration: covers only central government administration (CGPO)</p>"
DATAFLOW,LU1:DSD_ESS_2@DF_C1337(1.1),Employment: percentage by economic activity and residence/nationality,I,PC_EMP_NACE,Percentage of total branch employment,SAL_INT,Domestic payroll employment,A4,Quadrennial,_Z,Not applicable,P,Education,_Z,Not applicable,_Z,Not applicable,_Z,Not applicable,_T,Total,_Z,Not applicable,2018,,100,,0,Units,,,1,One,N05,"<b>Coverage:</b><p>Branches B-S;</p><p>Companies with 10 or more employees,</p><p><b>Note:</b></p><p>Public administration: covers only central government administration (CGPO)</p>"
DATAFLOW,LU1:DSD_ESS_2@DF_C1337(1.1),Employment: percentage by economic activity and residence/nationality,I,PC_EMP_NACE,Percentage of total branch employment,SAL_INT,Domestic payroll employment,A4,Quadrennial,_Z,Not applicable,P,Education,_Z,Not applicable,_Z,Not applicable,_Z,Not applicable,_T,Total,_Z,Not applicable,2022,,100,,0,Units,,,1,One,N05,"<b>Coverage:</b><p>Branches B-S;</p><p>Companies with 10 or more employees,</p><p><b>Note:</b></p><p>Public administration: covers only central government administration (CGPO)</p>"
DATAFLOW,LU1:DSD_ESS_2@DF_C1337(1.1),Employment: percentage by economic activity and residence/nationality,I,PC_EMP_RESID,Percentage of total employment by category of residence,SAL_INT,Domestic payroll employment,A4,Quadrennial,_Z,Not applicable,S,Other service activities,_Z,Not applicable,_Z,Not applicable,_Z,Not applicable,_T,Total,_Z,Not applicable,2010,,0.92,,0,Units,,,1,One,N05,"<b>Coverage:</b><p>Branches B-S;</p><p>Companies with 10 or more employees,</p><p><b>Note:</b></p><p>Public administration: covers only central government administration (CGPO)</p>"
DATAFLOW,LU1:DSD_ESS_2@DF_C1337(1.1),Employment: percentage by economic activity and residence/nationality,I,PC_EMP_RESID,Percentage of total employment by category of residence,SAL_INT,Domestic payroll employment,A4,Quadrennial,_Z,Not applicable,S,Other service activities,_Z,Not applicable,_Z,Not applicable,_Z,Not applicable,_T,Total,_Z,Not applicable,2014,,1.22,,0,Units,,,1,One,N05,"<b>Coverage:</b><p>Branches B-S;</p><p>Companies with 10 or more employees,</p><p><b>Note:</b></p><p>Public administration: covers only central government administration (CGPO)</p>"
DATAFLOW,LU1:DSD_ESS_2@DF_C1337(1.1),Employment: percentage by economic activity and residence/nationality,I,PC_EMP_RESID,Percentage of total employment by category of residence,SAL_INT,Domestic payroll employment,A4,Quadrennial,_Z,Not applicable,S,Other service activities,_Z,Not applicable,_Z,Not applicable,_Z,Not applicable,_T,Total,_Z,Not applicable,2018,,1.04,,0,Units,,,1,One,N05,"<b>Coverage:</b><p>Branches B-S;</p><p>Companies with 10 or more employees,</p><p><b>Note:</b></p><p>Public administration: covers only central government administration (CGPO)</p>"
DATAFLOW,LU1:DSD_ESS_2@DF_C1337(1.1),Employment: percentage by economic activity and residence/nationality,I,PC_EMP_RESID,Percentage of total employment by category of residence,SAL_INT,Domestic payroll employment,A4,Quadrennial,_Z,Not applicable,S,Other service activities,_Z,Not applicable,_Z,Not applicable,_Z,Not applicable,_T,Total,_Z,Not applicable,2022,,1.03,,0,Units,,,1,One,N05,"<b>Coverage:</b><p>Branches B-S;</p><p>Companies with 10 or more employees,</p><p><b>Note:</b></p><p>Public administration: covers only central government administration (CGPO)</p>"
DATAFLOW,LU1:DSD_ESS_2@DF_C1337(1.1),Employment: percentage by economic activity and residence/nationality,I,PC_EMP_NACE,Percentage of total branch employment,SAL_INT,Domestic payroll employment,A4,Quadrennial,_Z,Not applicable,H,Transportation and storage,_Z,Not applicable,_Z,Not applicable,_Z,Not applicable,_T_F,Total cross-border,_Z,Not applicable,2010,,62.6,,0,Units,,,1,One,N05,"<b>Coverage:</b><p>Branches B-S;</p><p>Companies with 10 or more employees,</p><p><b>Note:</b></p><p>Public administration: covers only central government administration (CGPO)</p>"
DATAFLOW,LU1:DSD_ESS_2@DF_C1337(1.1),Employment: percentage by economic activity and residence/nationality,I,PC_EMP_NACE,Percentage of total branch employment,SAL_INT,Domestic payroll employment,A4,Quadrennial,_Z,Not applicable,H,Transportation and storage,_Z,Not applicable,_Z,Not applicable,_Z,Not applicable,_T_F,Total cross-border,_Z,Not applicable,2014,,48.5,,0,Units,,,1,One,N05,"<b>Coverage:</b><p>Branches B-S;</p><p>Companies with 10 or more employees,</p><p><b>Note:</b></p><p>Public administration: covers only central government administration (CGPO)</p>"
DATAFLOW,LU1:DSD_ESS_2@DF_C1337(1.1),Employment: percentage by economic activity and residence/nationality,I,PC_EMP_NACE,Percentage of total branch employment,SAL_INT,Domestic payroll employment,A4,Quadrennial,_Z,Not applicable,H,Transportation and storage,_Z,Not applicable,_Z,Not applicable,_Z,Not applicable,_T_F,Total cross-border,_Z,Not applicable,2018,,49.6,,0,Units,,,1,One,N05,"<b>Coverage:</b><p>Branches B-S;</p><p>Companies with 10 or more employees,</p><p><b>Note:</b></p><p>Public administration: covers only central government administration (CGPO)</p>"
DATAFLOW,LU1:DSD_ESS_2@DF_C1337(1.1),Employment: percentage by economic activity and residence/nationality,I,PC_EMP_NACE,Percentage of total branch employment,SAL_INT,Domestic payroll employment,A4,Quadrennial,_Z,Not applicable,H,Transportation and storage,_Z,Not applicable,_Z,Not applicable,_Z,Not applicable,_T_F,Total cross-border,_Z,Not applicable,2022,,45.9,,0,Units,,,1,One,N05,"<b>Coverage:</b><p>Branches B-S;</p><p>Companies with 10 or more employees,</p><p><b>Note:</b></p><p>Public administration: covers only central government administration (CGPO)</p>"
DATAFLOW,LU1:DSD_ESS_2@DF_C1337(1.1),Employment: percentage by economic activity and residence/nationality,I,PC_EMP_NACE,Percentage of total branch employment,SAL_INT,Domestic payroll employment,A4,Quadrennial,_Z,Not applicable,F,Construction,_Z,Not applicable,_Z,Not applicable,_Z,Not applicable,LU,Luxembourgish residents,_Z,Not applicable,2010,,8.2,,0,Units,,,1,One,N05,"<b>Coverage:</b><p>Branches B-S;</p><p>Companies with 10 or more employees,</p><p><b>Note:</b></p><p>Public administration: covers only central government administration (CGPO)</p>"
DATAFLOW,LU1:DSD_ESS_2@DF_C1337(1.1),Employment: percentage by economic activity and residence/nationality,I,PC_EMP_NACE,Percentage of total branch employment,SAL_INT,Domestic payroll employment,A4,Quadrennial,_Z,Not applicable,F,Construction,_Z,Not applicable,_Z,Not applicable,_Z,Not applicable,LU,Luxembourgish residents,_Z,Not applicable,2014,,9.9,,0,Units,,,1,One,N05,"<b>Coverage:</b><p>Branches B-S;</p><p>Companies with 10 or more employees,</p><p><b>Note:</b></p><p>Public administration: covers only central government administration (CGPO)</p>"
DATAFLOW,LU1:DSD_ESS_2@DF_C1337(1.1),Employment: percentage by economic activity and residence/nationality,I,PC_EMP_NACE,Percentage of total branch employment,SAL_INT,Domestic payroll employment,A4,Quadrennial,_Z,Not applicable,F,Construction,_Z,Not applicable,_Z,Not applicable,_Z,Not applicable,LU,Luxembourgish residents,_Z,Not applicable,2018,,9.2,,0,Units,,,1,One,N05,"<b>Coverage:</b><p>Branches B-S;</p><p>Companies with 10 or more employees,</p><p><b>Note:</b></p><p>Public administration: covers only central government administration (CGPO)</p>"
DATAFLOW,LU1:DSD_ESS_2@DF_C1337(1.1),Employment: percentage by economic activity and residence/nationality,I,PC_EMP_NACE,Percentage of total branch employment,SAL_INT,Domestic payroll employment,A4,Quadrennial,_Z,Not applicable,F,Construction,_Z,Not applicable,_Z,Not applicable,_Z,Not applicable,LU,Luxembourgish residents,_Z,Not applicable,2022,,8.3,,0,Units,,,1,One,N05,"<b>Coverage:</b><p>Branches B-S;</p><p>Companies with 10 or more employees,</p><p><b>Note:</b></p><p>Public administration: covers only central government administration (CGPO)</p>"
DATAFLOW,LU1:DSD_ESS_2@DF_C1337(1.1),Employment: percentage by economic activity and residence/nationality,I,PC_EMP_RESID,Percentage of total employment by category of residence,SAL_INT,Domestic payroll employment,A4,Quadrennial,_Z,Not applicable,J,Information and communication,_Z,Not applicable,_Z,Not applicable,_Z,Not applicable,RES_FOR_ALL,Residents of foreign nationality (EU and non-EU),_Z,Not applicable,2010,,3.85,,0,Units,,,1,One,N05,"<b>Coverage:</b><p>Branches B-S;</p><p>Companies with 10 or more employees,</p><p><b>Note:</b></p><p>Public administration: covers only central government administration (CGPO)</p>"
DATAFLOW,LU1:DSD_ESS_2@DF_C1337(1.1),Employment: percentage by economic activity and residence/nationality,I,PC_EMP_RESID,Percentage of total employment by category of residence,SAL_INT,Domestic payroll employment,A4,Quadrennial,_Z,Not applicable,J,Information and communication,_Z,Not applicable,_Z,Not applicable,_Z,Not applicable,RES_FOR_ALL,Residents of foreign nationality (EU and non-EU),_Z,Not applicable,2014,,4.71,,0,Units,,,1,One,N05,"<b>Coverage:</b><p>Branches B-S;</p><p>Companies with 10 or more employees,</p><p><b>Note:</b></p><p>Public administration: covers only central government administration (CGPO)</p>"
DATAFLOW,LU1:DSD_ESS_2@DF_C1337(1.1),Employment: percentage by economic activity and residence/nationality,I,PC_EMP_RESID,Percentage of total employment by category of residence,SAL_INT,Domestic payroll employment,A4,Quadrennial,_Z,Not applicable,J,Information and communication,_Z,Not applicable,_Z,Not applicable,_Z,Not applicable,RES_FOR_ALL,Residents of foreign nationality (EU and non-EU),_Z,Not applicable,2018,,5.45,,0,Units,,,1,One,N05,"<b>Coverage:</b><p>Branches B-S;</p><p>Companies with 10 or more employees,</p><p><b>Note:</b></p><p>Public administration: covers only central government administration (CGPO)</p>"
DATAFLOW,LU1:DSD_ESS_2@DF_C1337(1.1),Employment: percentage by economic activity and residence/nationality,I,PC_EMP_RESID,Percentage of total employment by category of residence,SAL_INT,Domestic payroll employment,A4,Quadrennial,_Z,Not applicable,J,Information and communication,_Z,Not applicable,_Z,Not applicable,_Z,Not applicable,RES_FOR_ALL,Residents of foreign nationality (EU and non-EU),_Z,Not applicable,2022,,5.43,,0,Units,,,1,One,N05,"<b>Coverage:</b><p>Branches B-S;</p><p>Companies with 10 or more employees,</p><p><b>Note:</b></p><p>Public administration: covers only central government administration (CGPO)</p>"
DATAFLOW,LU1:DSD_ESS_2@DF_C1337(1.1),Employment: percentage by economic activity and residence/nationality,I,PC_EMP_NACE,Percentage of total branch employment,SAL_INT,Domestic payroll employment,A4,Quadrennial,_Z,Not applicable,D,"Electricity, gas, steam and air conditionning supply",_Z,Not applicable,_Z,Not applicable,_Z,Not applicable,_T,Total,_Z,Not applicable,2010,,100,,0,Units,,,1,One,N05,"<b>Coverage:</b><p>Branches B-S;</p><p>Companies with 10 or more employees,</p><p><b>Note:</b></p><p>Public administration: covers only central government administration (CGPO)</p>"
DATAFLOW,LU1:DSD_ESS_2@DF_C1337(1.1),Employment: percentage by economic activity and residence/nationality,I,PC_EMP_NACE,Percentage of total branch employment,SAL_INT,Domestic payroll employment,A4,Quadrennial,_Z,Not applicable,D,"Electricity, gas, steam and air conditionning supply",_Z,Not applicable,_Z,Not applicable,_Z,Not applicable,_T,Total,_Z,Not applicable,2014,,100,,0,Units,,,1,One,N05,"<b>Coverage:</b><p>Branches B-S;</p><p>Companies with 10 or more employees,</p><p><b>Note:</b></p><p>Public administration: covers only central government administration (CGPO)</p>"
DATAFLOW,LU1:DSD_ESS_2@DF_C1337(1.1),Employment: percentage by economic activity and residence/nationality,I,PC_EMP_NACE,Percentage of total branch employment,SAL_INT,Domestic payroll employment,A4,Quadrennial,_Z,Not applicable,D,"Electricity, gas, steam and air conditionning supply",_Z,Not applicable,_Z,Not applicable,_Z,Not applicable,_T,Total,_Z,Not applicable,2018,,100,,0,Units,,,1,One,N05,"<b>Coverage:</b><p>Branches B-S;</p><p>Companies with 10 or more employees,</p><p><b>Note:</b></p><p>Public administration: covers only central government administration (CGPO)</p>"
DATAFLOW,LU1:DSD_ESS_2@DF_C1337(1.1),Employment: percentage by economic activity and residence/nationality,I,PC_EMP_NACE,Percentage of total branch employment,SAL_INT,Domestic payroll employment,A4,Quadrennial,_Z,Not applicable,D,"Electricity, gas, steam and air conditionning supply",_Z,Not applicable,_Z,Not applicable,_Z,Not applicable,_T,Total,_Z,Not applicable,2022,,100,,0,Units,,,1,One,N05,"<b>Coverage:</b><p>Branches B-S;</p><p>Companies with 10 or more employees,</p><p><b>Note:</b></p><p>Public administration: covers only central government administration (CGPO)</p>"
DATAFLOW,LU1:DSD_ESS_2@DF_C1337(1.1),Employment: percentage by economic activity and residence/nationality,I,PC_EMP_NACE,Percentage of total branch employment,SAL_INT,Domestic payroll employment,A4,Quadrennial,_Z,Not applicable,N,Administrative and support service activities,_Z,Not applicable,_Z,Not applicable,_Z,Not applicable,RES_FOR_ALL,Residents of foreign nationality (EU and non-EU),_Z,Not applicable,2010,,30,,0,Units,,,1,One,N05,"<b>Coverage:</b><p>Branches B-S;</p><p>Companies with 10 or more employees,</p><p><b>Note:</b></p><p>Public administration: covers only central government administration (CGPO)</p>"
DATAFLOW,LU1:DSD_ESS_2@DF_C1337(1.1),Employment: percentage by economic activity and residence/nationality,I,PC_EMP_NACE,Percentage of total branch employment,SAL_INT,Domestic payroll employment,A4,Quadrennial,_Z,Not applicable,N,Administrative and support service activities,_Z,Not applicable,_Z,Not applicable,_Z,Not applicable,RES_FOR_ALL,Residents of foreign nationality (EU and non-EU),_Z,Not applicable,2014,,38.8,,0,Units,,,1,One,N05,"<b>Coverage:</b><p>Branches B-S;</p><p>Companies with 10 or more employees,</p><p><b>Note:</b></p><p>Public administration: covers only central government administration (CGPO)</p>"
DATAFLOW,LU1:DSD_ESS_2@DF_C1337(1.1),Employment: percentage by economic activity and residence/nationality,I,PC_EMP_NACE,Percentage of total branch employment,SAL_INT,Domestic payroll employment,A4,Quadrennial,_Z,Not applicable,N,Administrative and support service activities,_Z,Not applicable,_Z,Not applicable,_Z,Not applicable,RES_FOR_ALL,Residents of foreign nationality (EU and non-EU),_Z,Not applicable,2018,,34.1,,0,Units,,,1,One,N05,"<b>Coverage:</b><p>Branches B-S;</p><p>Companies with 10 or more employees,</p><p><b>Note:</b></p><p>Public administration: covers only central government administration (CGPO)</p>"
DATAFLOW,LU1:DSD_ESS_2@DF_C1337(1.1),Employment: percentage by economic activity and residence/nationality,I,PC_EMP_NACE,Percentage of total branch employment,SAL_INT,Domestic payroll employment,A4,Quadrennial,_Z,Not applicable,N,Administrative and support service activities,_Z,Not applicable,_Z,Not applicable,_Z,Not applicable,RES_FOR_ALL,Residents of foreign nationality (EU and non-EU),_Z,Not applicable,2022,,32.8,,0,Units,,,1,One,N05,"<b>Coverage:</b><p>Branches B-S;</p><p>Companies with 10 or more employees,</p><p><b>Note:</b></p><p>Public administration: covers only central government administration (CGPO)</p>"
DATAFLOW,LU1:DSD_ESS_2@DF_C1337(1.1),Employment: percentage by economic activity and residence/nationality,I,PC_EMP_NACE,Percentage of total branch employment,SAL_INT,Domestic payroll employment,A4,Quadrennial,_Z,Not applicable,R,"Arts, entertainment, and recreational activities",_Z,Not applicable,_Z,Not applicable,_Z,Not applicable,LU,Luxembourgish residents,_Z,Not applicable,2010,,31.2,,0,Units,,,1,One,N05,"<b>Coverage:</b><p>Branches B-S;</p><p>Companies with 10 or more employees,</p><p><b>Note:</b></p><p>Public administration: covers only central government administration (CGPO)</p>"
DATAFLOW,LU1:DSD_ESS_2@DF_C1337(1.1),Employment: percentage by economic activity and residence/nationality,I,PC_EMP_NACE,Percentage of total branch employment,SAL_INT,Domestic payroll employment,A4,Quadrennial,_Z,Not applicable,R,"Arts, entertainment, and recreational activities",_Z,Not applicable,_Z,Not applicable,_Z,Not applicable,LU,Luxembourgish residents,_Z,Not applicable,2014,,37.7,,0,Units,,,1,One,N05,"<b>Coverage:</b><p>Branches B-S;</p><p>Companies with 10 or more employees,</p><p><b>Note:</b></p><p>Public administration: covers only central government administration (CGPO)</p>"
DATAFLOW,LU1:DSD_ESS_2@DF_C1337(1.1),Employment: percentage by economic activity and residence/nationality,I,PC_EMP_NACE,Percentage of total branch employment,SAL_INT,Domestic payroll employment,A4,Quadrennial,_Z,Not applicable,R,"Arts, entertainment, and recreational activities",_Z,Not applicable,_Z,Not applicable,_Z,Not applicable,LU,Luxembourgish residents,_Z,Not applicable,2018,,48.1,,0,Units,,,1,One,N05,"<b>Coverage:</b><p>Branches B-S;</p><p>Companies with 10 or more employees,</p><p><b>Note:</b></p><p>Public administration: covers only central government administration (CGPO)</p>"
DATAFLOW,LU1:DSD_ESS_2@DF_C1337(1.1),Employment: percentage by economic activity and residence/nationality,I,PC_EMP_NACE,Percentage of total branch employment,SAL_INT,Domestic payroll employment,A4,Quadrennial,_Z,Not applicable,R,"Arts, entertainment, and recreational activities",_Z,Not applicable,_Z,Not applicable,_Z,Not applicable,LU,Luxembourgish residents,_Z,Not applicable,2022,,47.6,,0,Units,,,1,One,N05,"<b>Coverage:</b><p>Branches B-S;</p><p>Companies with 10 or more employees,</p><p><b>Note:</b></p><p>Public administration: covers only central government administration (CGPO)</p>"
