STRUCTURE,STRUCTURE_ID,STRUCTURE_NAME,ACTION,FREQ,Frequency,SPECIFICATION,Specification,EMPLOYMENT,Employment,TIME_PERIOD,Time period,OBS_VALUE,Observation value,OBS_STATUS,Observation status,DECIMALS,Decimals,NOTE_YEAR_2,Note year 2,NOTE_YEAR_1,Note year 1,NOTE_SPECIFICATION_2,Note specification 2,NOTE_SPECIFICATION_1,Note specification 1,NOTE_EMPLOYMENT_2,Note Employment 2,NOTE_EMPLOYMENT_1,Note Employment 1
DATAFLOW,LU1:DF_B3102(1.2),"Employment in the Luxembourg credit institutions, financial sector professionals and managment companies",I,A,Annual,C02,Financial sector professionals,SL07,Foreigners,1999,,2330,,,,0,Zero,,,N01,Data may vary from CSSF annual reports due to reporting deadlines or winding-up procedures.,,,C02,"FSP include specialised financial sector professionals, support financial sector professionals and investment firms",,,spec,- Situation at the end of period.   - Management companies acording to Chapter 13 of the law of 20 December 2002.
DATAFLOW,LU1:DF_B3102(1.2),"Employment in the Luxembourg credit institutions, financial sector professionals and managment companies",I,A,Annual,C02,Financial sector professionals,SL07,Foreigners,2000,,2997,,,,0,Zero,,,N01,Data may vary from CSSF annual reports due to reporting deadlines or winding-up procedures.,,,C02,"FSP include specialised financial sector professionals, support financial sector professionals and investment firms",,,spec,- Situation at the end of period.   - Management companies acording to Chapter 13 of the law of 20 December 2002.
DATAFLOW,LU1:DF_B3102(1.2),"Employment in the Luxembourg credit institutions, financial sector professionals and managment companies",I,A,Annual,C02,Financial sector professionals,SL07,Foreigners,2001,,3556,,,,0,Zero,,,N01,Data may vary from CSSF annual reports due to reporting deadlines or winding-up procedures.,,,C02,"FSP include specialised financial sector professionals, support financial sector professionals and investment firms",,,spec,- Situation at the end of period.   - Management companies acording to Chapter 13 of the law of 20 December 2002.
DATAFLOW,LU1:DF_B3102(1.2),"Employment in the Luxembourg credit institutions, financial sector professionals and managment companies",I,A,Annual,C02,Financial sector professionals,SL07,Foreigners,2002,,3698,,,,0,Zero,,,N01,Data may vary from CSSF annual reports due to reporting deadlines or winding-up procedures.,,,C02,"FSP include specialised financial sector professionals, support financial sector professionals and investment firms",,,spec,- Situation at the end of period.   - Management companies acording to Chapter 13 of the law of 20 December 2002.
DATAFLOW,LU1:DF_B3102(1.2),"Employment in the Luxembourg credit institutions, financial sector professionals and managment companies",I,A,Annual,C02,Financial sector professionals,SL07,Foreigners,2003,,3800,,,,0,Zero,,,N01,Data may vary from CSSF annual reports due to reporting deadlines or winding-up procedures.,,,C02,"FSP include specialised financial sector professionals, support financial sector professionals and investment firms",,,spec,- Situation at the end of period.   - Management companies acording to Chapter 13 of the law of 20 December 2002.
DATAFLOW,LU1:DF_B3102(1.2),"Employment in the Luxembourg credit institutions, financial sector professionals and managment companies",I,A,Annual,C02,Financial sector professionals,SL07,Foreigners,2004,,5029,,,,0,Zero,,,N01,Data may vary from CSSF annual reports due to reporting deadlines or winding-up procedures.,,,C02,"FSP include specialised financial sector professionals, support financial sector professionals and investment firms",,,spec,- Situation at the end of period.   - Management companies acording to Chapter 13 of the law of 20 December 2002.
DATAFLOW,LU1:DF_B3102(1.2),"Employment in the Luxembourg credit institutions, financial sector professionals and managment companies",I,A,Annual,C02,Financial sector professionals,SL07,Foreigners,2005,,5426,,,,0,Zero,,,N01,Data may vary from CSSF annual reports due to reporting deadlines or winding-up procedures.,,,C02,"FSP include specialised financial sector professionals, support financial sector professionals and investment firms",,,spec,- Situation at the end of period.   - Management companies acording to Chapter 13 of the law of 20 December 2002.
DATAFLOW,LU1:DF_B3102(1.2),"Employment in the Luxembourg credit institutions, financial sector professionals and managment companies",I,A,Annual,C02,Financial sector professionals,SL07,Foreigners,2006,,8176,,,,0,Zero,,,N01,Data may vary from CSSF annual reports due to reporting deadlines or winding-up procedures.,,,C02,"FSP include specialised financial sector professionals, support financial sector professionals and investment firms",,,spec,- Situation at the end of period.   - Management companies acording to Chapter 13 of the law of 20 December 2002.
DATAFLOW,LU1:DF_B3102(1.2),"Employment in the Luxembourg credit institutions, financial sector professionals and managment companies",I,A,Annual,C02,Financial sector professionals,SL07,Foreigners,2007,,9996,,,,0,Zero,,,N01,Data may vary from CSSF annual reports due to reporting deadlines or winding-up procedures.,,,C02,"FSP include specialised financial sector professionals, support financial sector professionals and investment firms",,,spec,- Situation at the end of period.   - Management companies acording to Chapter 13 of the law of 20 December 2002.
DATAFLOW,LU1:DF_B3102(1.2),"Employment in the Luxembourg credit institutions, financial sector professionals and managment companies",I,A,Annual,C02,Financial sector professionals,SL07,Foreigners,2008,,11215,,,,0,Zero,,,N01,Data may vary from CSSF annual reports due to reporting deadlines or winding-up procedures.,,,C02,"FSP include specialised financial sector professionals, support financial sector professionals and investment firms",,,spec,- Situation at the end of period.   - Management companies acording to Chapter 13 of the law of 20 December 2002.
DATAFLOW,LU1:DF_B3102(1.2),"Employment in the Luxembourg credit institutions, financial sector professionals and managment companies",I,A,Annual,C02,Financial sector professionals,SL07,Foreigners,2009,,11628,,,,0,Zero,,,N01,Data may vary from CSSF annual reports due to reporting deadlines or winding-up procedures.,,,C02,"FSP include specialised financial sector professionals, support financial sector professionals and investment firms",,,spec,- Situation at the end of period.   - Management companies acording to Chapter 13 of the law of 20 December 2002.
DATAFLOW,LU1:DF_B3102(1.2),"Employment in the Luxembourg credit institutions, financial sector professionals and managment companies",I,A,Annual,C02,Financial sector professionals,SL07,Foreigners,2010,,12254,,,,0,Zero,,,N01,Data may vary from CSSF annual reports due to reporting deadlines or winding-up procedures.,,,C02,"FSP include specialised financial sector professionals, support financial sector professionals and investment firms",,,spec,- Situation at the end of period.   - Management companies acording to Chapter 13 of the law of 20 December 2002.
DATAFLOW,LU1:DF_B3102(1.2),"Employment in the Luxembourg credit institutions, financial sector professionals and managment companies",I,A,Annual,C02,Financial sector professionals,SL07,Foreigners,2011,,12103,,,,0,Zero,,,N01,Data may vary from CSSF annual reports due to reporting deadlines or winding-up procedures.,,,C02,"FSP include specialised financial sector professionals, support financial sector professionals and investment firms",,,spec,- Situation at the end of period.   - Management companies acording to Chapter 13 of the law of 20 December 2002.
DATAFLOW,LU1:DF_B3102(1.2),"Employment in the Luxembourg credit institutions, financial sector professionals and managment companies",I,A,Annual,C02,Financial sector professionals,SL07,Foreigners,2012,,12824,,,,0,Zero,,,N01,Data may vary from CSSF annual reports due to reporting deadlines or winding-up procedures.,,,C02,"FSP include specialised financial sector professionals, support financial sector professionals and investment firms",,,spec,- Situation at the end of period.   - Management companies acording to Chapter 13 of the law of 20 December 2002.
DATAFLOW,LU1:DF_B3102(1.2),"Employment in the Luxembourg credit institutions, financial sector professionals and managment companies",I,A,Annual,C02,Financial sector professionals,SL07,Foreigners,2013,,12670,,,,0,Zero,,,N01,Data may vary from CSSF annual reports due to reporting deadlines or winding-up procedures.,,,C02,"FSP include specialised financial sector professionals, support financial sector professionals and investment firms",,,spec,- Situation at the end of period.   - Management companies acording to Chapter 13 of the law of 20 December 2002.
DATAFLOW,LU1:DF_B3102(1.2),"Employment in the Luxembourg credit institutions, financial sector professionals and managment companies",I,A,Annual,C02,Financial sector professionals,SL07,Foreigners,2014,,,,l,Not available,0,Zero,,,N01,Data may vary from CSSF annual reports due to reporting deadlines or winding-up procedures.,,,C02,"FSP include specialised financial sector professionals, support financial sector professionals and investment firms",,,spec,- Situation at the end of period.   - Management companies acording to Chapter 13 of the law of 20 December 2002.
DATAFLOW,LU1:DF_B3102(1.2),"Employment in the Luxembourg credit institutions, financial sector professionals and managment companies",I,A,Annual,C02,Financial sector professionals,SL07,Foreigners,2015,,,,l,Not available,0,Zero,,,N01,Data may vary from CSSF annual reports due to reporting deadlines or winding-up procedures.,,,C02,"FSP include specialised financial sector professionals, support financial sector professionals and investment firms",,,spec,- Situation at the end of period.   - Management companies acording to Chapter 13 of the law of 20 December 2002.
DATAFLOW,LU1:DF_B3102(1.2),"Employment in the Luxembourg credit institutions, financial sector professionals and managment companies",I,A,Annual,C02,Financial sector professionals,SL07,Foreigners,2016,,,,l,Not available,0,Zero,,,N01,Data may vary from CSSF annual reports due to reporting deadlines or winding-up procedures.,,,C02,"FSP include specialised financial sector professionals, support financial sector professionals and investment firms",,,spec,- Situation at the end of period.   - Management companies acording to Chapter 13 of the law of 20 December 2002.
DATAFLOW,LU1:DF_B3102(1.2),"Employment in the Luxembourg credit institutions, financial sector professionals and managment companies",I,A,Annual,C02,Financial sector professionals,SL07,Foreigners,2017,,,,l,Not available,0,Zero,,,N01,Data may vary from CSSF annual reports due to reporting deadlines or winding-up procedures.,,,C02,"FSP include specialised financial sector professionals, support financial sector professionals and investment firms",,,spec,- Situation at the end of period.   - Management companies acording to Chapter 13 of the law of 20 December 2002.
DATAFLOW,LU1:DF_B3102(1.2),"Employment in the Luxembourg credit institutions, financial sector professionals and managment companies",I,A,Annual,C02,Financial sector professionals,SL07,Foreigners,2018,,,,l,Not available,0,Zero,,,N01,Data may vary from CSSF annual reports due to reporting deadlines or winding-up procedures.,,,C02,"FSP include specialised financial sector professionals, support financial sector professionals and investment firms",,,spec,- Situation at the end of period.   - Management companies acording to Chapter 13 of the law of 20 December 2002.
DATAFLOW,LU1:DF_B3102(1.2),"Employment in the Luxembourg credit institutions, financial sector professionals and managment companies",I,A,Annual,C02,Financial sector professionals,SL07,Foreigners,2019,,,,l,Not available,0,Zero,,,N01,Data may vary from CSSF annual reports due to reporting deadlines or winding-up procedures.,,,C02,"FSP include specialised financial sector professionals, support financial sector professionals and investment firms",,,spec,- Situation at the end of period.   - Management companies acording to Chapter 13 of the law of 20 December 2002.
DATAFLOW,LU1:DF_B3102(1.2),"Employment in the Luxembourg credit institutions, financial sector professionals and managment companies",I,A,Annual,C02,Financial sector professionals,SL07,Foreigners,2020,,,,l,Not available,0,Zero,,,N01,Data may vary from CSSF annual reports due to reporting deadlines or winding-up procedures.,,,C02,"FSP include specialised financial sector professionals, support financial sector professionals and investment firms",,,spec,- Situation at the end of period.   - Management companies acording to Chapter 13 of the law of 20 December 2002.
DATAFLOW,LU1:DF_B3102(1.2),"Employment in the Luxembourg credit institutions, financial sector professionals and managment companies",I,A,Annual,C02,Financial sector professionals,SL07,Foreigners,2021,,,,l,Not available,0,Zero,,,N01,Data may vary from CSSF annual reports due to reporting deadlines or winding-up procedures.,,,C02,"FSP include specialised financial sector professionals, support financial sector professionals and investment firms",,,spec,- Situation at the end of period.   - Management companies acording to Chapter 13 of the law of 20 December 2002.
DATAFLOW,LU1:DF_B3102(1.2),"Employment in the Luxembourg credit institutions, financial sector professionals and managment companies",I,A,Annual,C02,Financial sector professionals,SL07,Foreigners,2022,,,,l,Not available,0,Zero,,,N01,Data may vary from CSSF annual reports due to reporting deadlines or winding-up procedures.,,,C02,"FSP include specialised financial sector professionals, support financial sector professionals and investment firms",,,spec,- Situation at the end of period.   - Management companies acording to Chapter 13 of the law of 20 December 2002.
DATAFLOW,LU1:DF_B3102(1.2),"Employment in the Luxembourg credit institutions, financial sector professionals and managment companies",I,A,Annual,C02,Financial sector professionals,SL07,Foreigners,2023,,,,l,Not available,0,Zero,,,N01,Data may vary from CSSF annual reports due to reporting deadlines or winding-up procedures.,,,C02,"FSP include specialised financial sector professionals, support financial sector professionals and investment firms",,,spec,- Situation at the end of period.   - Management companies acording to Chapter 13 of the law of 20 December 2002.
DATAFLOW,LU1:DF_B3102(1.2),"Employment in the Luxembourg credit institutions, financial sector professionals and managment companies",I,A,Annual,C02,Financial sector professionals,SL07,Foreigners,2024,,,,l,Not available,0,Zero,,,N01,Data may vary from CSSF annual reports due to reporting deadlines or winding-up procedures.,,,C02,"FSP include specialised financial sector professionals, support financial sector professionals and investment firms",,,spec,- Situation at the end of period.   - Management companies acording to Chapter 13 of the law of 20 December 2002.
DATAFLOW,LU1:DF_B3102(1.2),"Employment in the Luxembourg credit institutions, financial sector professionals and managment companies",I,A,Annual,C02,Financial sector professionals,SL07,Foreigners,2025,,,,l,Not available,0,Zero,,,N01,Data may vary from CSSF annual reports due to reporting deadlines or winding-up procedures.,,,C02,"FSP include specialised financial sector professionals, support financial sector professionals and investment firms",,,spec,- Situation at the end of period.   - Management companies acording to Chapter 13 of the law of 20 December 2002.
DATAFLOW,LU1:DF_B3102(1.2),"Employment in the Luxembourg credit institutions, financial sector professionals and managment companies",I,A,Annual,C03,Management companies,SL05,Men,1999,,,,z,Not applicable,0,Zero,,,N01,Data may vary from CSSF annual reports due to reporting deadlines or winding-up procedures.,,,C03,"Since 2019, CSSF uses the concept of ""investment fund managers"" (authorised IFMs include the following fund managers: management companies governed by chapter 15 of the law of 17 December 2010 on undertakings for collective investment, authorised alternative investment fund managers (AIFMs) governed by the law of 12 July 2013 on alternative investment fund managers) and has adjusted the calculation of the statistics accordingly.",,,spec,- Situation at the end of period.   - Management companies acording to Chapter 13 of the law of 20 December 2002.
DATAFLOW,LU1:DF_B3102(1.2),"Employment in the Luxembourg credit institutions, financial sector professionals and managment companies",I,A,Annual,C03,Management companies,SL05,Men,2000,,,,z,Not applicable,0,Zero,,,N01,Data may vary from CSSF annual reports due to reporting deadlines or winding-up procedures.,,,C03,"Since 2019, CSSF uses the concept of ""investment fund managers"" (authorised IFMs include the following fund managers: management companies governed by chapter 15 of the law of 17 December 2010 on undertakings for collective investment, authorised alternative investment fund managers (AIFMs) governed by the law of 12 July 2013 on alternative investment fund managers) and has adjusted the calculation of the statistics accordingly.",,,spec,- Situation at the end of period.   - Management companies acording to Chapter 13 of the law of 20 December 2002.
DATAFLOW,LU1:DF_B3102(1.2),"Employment in the Luxembourg credit institutions, financial sector professionals and managment companies",I,A,Annual,C03,Management companies,SL05,Men,2001,,,,z,Not applicable,0,Zero,,,N01,Data may vary from CSSF annual reports due to reporting deadlines or winding-up procedures.,,,C03,"Since 2019, CSSF uses the concept of ""investment fund managers"" (authorised IFMs include the following fund managers: management companies governed by chapter 15 of the law of 17 December 2010 on undertakings for collective investment, authorised alternative investment fund managers (AIFMs) governed by the law of 12 July 2013 on alternative investment fund managers) and has adjusted the calculation of the statistics accordingly.",,,spec,- Situation at the end of period.   - Management companies acording to Chapter 13 of the law of 20 December 2002.
DATAFLOW,LU1:DF_B3102(1.2),"Employment in the Luxembourg credit institutions, financial sector professionals and managment companies",I,A,Annual,C03,Management companies,SL05,Men,2002,,,,z,Not applicable,0,Zero,,,N01,Data may vary from CSSF annual reports due to reporting deadlines or winding-up procedures.,,,C03,"Since 2019, CSSF uses the concept of ""investment fund managers"" (authorised IFMs include the following fund managers: management companies governed by chapter 15 of the law of 17 December 2010 on undertakings for collective investment, authorised alternative investment fund managers (AIFMs) governed by the law of 12 July 2013 on alternative investment fund managers) and has adjusted the calculation of the statistics accordingly.",,,spec,- Situation at the end of period.   - Management companies acording to Chapter 13 of the law of 20 December 2002.
DATAFLOW,LU1:DF_B3102(1.2),"Employment in the Luxembourg credit institutions, financial sector professionals and managment companies",I,A,Annual,C03,Management companies,SL05,Men,2003,,1,,,,0,Zero,,,N01,Data may vary from CSSF annual reports due to reporting deadlines or winding-up procedures.,,,C03,"Since 2019, CSSF uses the concept of ""investment fund managers"" (authorised IFMs include the following fund managers: management companies governed by chapter 15 of the law of 17 December 2010 on undertakings for collective investment, authorised alternative investment fund managers (AIFMs) governed by the law of 12 July 2013 on alternative investment fund managers) and has adjusted the calculation of the statistics accordingly.",,,spec,- Situation at the end of period.   - Management companies acording to Chapter 13 of the law of 20 December 2002.
DATAFLOW,LU1:DF_B3102(1.2),"Employment in the Luxembourg credit institutions, financial sector professionals and managment companies",I,A,Annual,C03,Management companies,SL05,Men,2004,,29,,,,0,Zero,,,N01,Data may vary from CSSF annual reports due to reporting deadlines or winding-up procedures.,,,C03,"Since 2019, CSSF uses the concept of ""investment fund managers"" (authorised IFMs include the following fund managers: management companies governed by chapter 15 of the law of 17 December 2010 on undertakings for collective investment, authorised alternative investment fund managers (AIFMs) governed by the law of 12 July 2013 on alternative investment fund managers) and has adjusted the calculation of the statistics accordingly.",,,spec,- Situation at the end of period.   - Management companies acording to Chapter 13 of the law of 20 December 2002.
DATAFLOW,LU1:DF_B3102(1.2),"Employment in the Luxembourg credit institutions, financial sector professionals and managment companies",I,A,Annual,C03,Management companies,SL05,Men,2005,,41,,,,0,Zero,,,N01,Data may vary from CSSF annual reports due to reporting deadlines or winding-up procedures.,,,C03,"Since 2019, CSSF uses the concept of ""investment fund managers"" (authorised IFMs include the following fund managers: management companies governed by chapter 15 of the law of 17 December 2010 on undertakings for collective investment, authorised alternative investment fund managers (AIFMs) governed by the law of 12 July 2013 on alternative investment fund managers) and has adjusted the calculation of the statistics accordingly.",,,spec,- Situation at the end of period.   - Management companies acording to Chapter 13 of the law of 20 December 2002.
DATAFLOW,LU1:DF_B3102(1.2),"Employment in the Luxembourg credit institutions, financial sector professionals and managment companies",I,A,Annual,C03,Management companies,SL05,Men,2006,,123,,,,0,Zero,,,N01,Data may vary from CSSF annual reports due to reporting deadlines or winding-up procedures.,,,C03,"Since 2019, CSSF uses the concept of ""investment fund managers"" (authorised IFMs include the following fund managers: management companies governed by chapter 15 of the law of 17 December 2010 on undertakings for collective investment, authorised alternative investment fund managers (AIFMs) governed by the law of 12 July 2013 on alternative investment fund managers) and has adjusted the calculation of the statistics accordingly.",,,spec,- Situation at the end of period.   - Management companies acording to Chapter 13 of the law of 20 December 2002.
DATAFLOW,LU1:DF_B3102(1.2),"Employment in the Luxembourg credit institutions, financial sector professionals and managment companies",I,A,Annual,C03,Management companies,SL05,Men,2007,,135,,,,0,Zero,,,N01,Data may vary from CSSF annual reports due to reporting deadlines or winding-up procedures.,,,C03,"Since 2019, CSSF uses the concept of ""investment fund managers"" (authorised IFMs include the following fund managers: management companies governed by chapter 15 of the law of 17 December 2010 on undertakings for collective investment, authorised alternative investment fund managers (AIFMs) governed by the law of 12 July 2013 on alternative investment fund managers) and has adjusted the calculation of the statistics accordingly.",,,spec,- Situation at the end of period.   - Management companies acording to Chapter 13 of the law of 20 December 2002.
DATAFLOW,LU1:DF_B3102(1.2),"Employment in the Luxembourg credit institutions, financial sector professionals and managment companies",I,A,Annual,C03,Management companies,SL05,Men,2008,,146,,,,0,Zero,,,N01,Data may vary from CSSF annual reports due to reporting deadlines or winding-up procedures.,,,C03,"Since 2019, CSSF uses the concept of ""investment fund managers"" (authorised IFMs include the following fund managers: management companies governed by chapter 15 of the law of 17 December 2010 on undertakings for collective investment, authorised alternative investment fund managers (AIFMs) governed by the law of 12 July 2013 on alternative investment fund managers) and has adjusted the calculation of the statistics accordingly.",,,spec,- Situation at the end of period.   - Management companies acording to Chapter 13 of the law of 20 December 2002.
DATAFLOW,LU1:DF_B3102(1.2),"Employment in the Luxembourg credit institutions, financial sector professionals and managment companies",I,A,Annual,C03,Management companies,SL05,Men,2009,,147,,,,0,Zero,,,N01,Data may vary from CSSF annual reports due to reporting deadlines or winding-up procedures.,,,C03,"Since 2019, CSSF uses the concept of ""investment fund managers"" (authorised IFMs include the following fund managers: management companies governed by chapter 15 of the law of 17 December 2010 on undertakings for collective investment, authorised alternative investment fund managers (AIFMs) governed by the law of 12 July 2013 on alternative investment fund managers) and has adjusted the calculation of the statistics accordingly.",,,spec,- Situation at the end of period.   - Management companies acording to Chapter 13 of the law of 20 December 2002.
DATAFLOW,LU1:DF_B3102(1.2),"Employment in the Luxembourg credit institutions, financial sector professionals and managment companies",I,A,Annual,C03,Management companies,SL05,Men,2010,,133,,,,0,Zero,,,N01,Data may vary from CSSF annual reports due to reporting deadlines or winding-up procedures.,,,C03,"Since 2019, CSSF uses the concept of ""investment fund managers"" (authorised IFMs include the following fund managers: management companies governed by chapter 15 of the law of 17 December 2010 on undertakings for collective investment, authorised alternative investment fund managers (AIFMs) governed by the law of 12 July 2013 on alternative investment fund managers) and has adjusted the calculation of the statistics accordingly.",,,spec,- Situation at the end of period.   - Management companies acording to Chapter 13 of the law of 20 December 2002.
DATAFLOW,LU1:DF_B3102(1.2),"Employment in the Luxembourg credit institutions, financial sector professionals and managment companies",I,A,Annual,C03,Management companies,SL05,Men,2011,,132,,,,0,Zero,,,N01,Data may vary from CSSF annual reports due to reporting deadlines or winding-up procedures.,,,C03,"Since 2019, CSSF uses the concept of ""investment fund managers"" (authorised IFMs include the following fund managers: management companies governed by chapter 15 of the law of 17 December 2010 on undertakings for collective investment, authorised alternative investment fund managers (AIFMs) governed by the law of 12 July 2013 on alternative investment fund managers) and has adjusted the calculation of the statistics accordingly.",,,spec,- Situation at the end of period.   - Management companies acording to Chapter 13 of the law of 20 December 2002.
DATAFLOW,LU1:DF_B3102(1.2),"Employment in the Luxembourg credit institutions, financial sector professionals and managment companies",I,A,Annual,C03,Management companies,SL05,Men,2012,,152,,,,0,Zero,,,N01,Data may vary from CSSF annual reports due to reporting deadlines or winding-up procedures.,,,C03,"Since 2019, CSSF uses the concept of ""investment fund managers"" (authorised IFMs include the following fund managers: management companies governed by chapter 15 of the law of 17 December 2010 on undertakings for collective investment, authorised alternative investment fund managers (AIFMs) governed by the law of 12 July 2013 on alternative investment fund managers) and has adjusted the calculation of the statistics accordingly.",,,spec,- Situation at the end of period.   - Management companies acording to Chapter 13 of the law of 20 December 2002.
DATAFLOW,LU1:DF_B3102(1.2),"Employment in the Luxembourg credit institutions, financial sector professionals and managment companies",I,A,Annual,C03,Management companies,SL05,Men,2013,,151,,,,0,Zero,,,N01,Data may vary from CSSF annual reports due to reporting deadlines or winding-up procedures.,,,C03,"Since 2019, CSSF uses the concept of ""investment fund managers"" (authorised IFMs include the following fund managers: management companies governed by chapter 15 of the law of 17 December 2010 on undertakings for collective investment, authorised alternative investment fund managers (AIFMs) governed by the law of 12 July 2013 on alternative investment fund managers) and has adjusted the calculation of the statistics accordingly.",,,spec,- Situation at the end of period.   - Management companies acording to Chapter 13 of the law of 20 December 2002.
DATAFLOW,LU1:DF_B3102(1.2),"Employment in the Luxembourg credit institutions, financial sector professionals and managment companies",I,A,Annual,C03,Management companies,SL05,Men,2014,,,,l,Not available,0,Zero,,,N01,Data may vary from CSSF annual reports due to reporting deadlines or winding-up procedures.,,,C03,"Since 2019, CSSF uses the concept of ""investment fund managers"" (authorised IFMs include the following fund managers: management companies governed by chapter 15 of the law of 17 December 2010 on undertakings for collective investment, authorised alternative investment fund managers (AIFMs) governed by the law of 12 July 2013 on alternative investment fund managers) and has adjusted the calculation of the statistics accordingly.",,,spec,- Situation at the end of period.   - Management companies acording to Chapter 13 of the law of 20 December 2002.
DATAFLOW,LU1:DF_B3102(1.2),"Employment in the Luxembourg credit institutions, financial sector professionals and managment companies",I,A,Annual,C03,Management companies,SL05,Men,2015,,,,l,Not available,0,Zero,,,N01,Data may vary from CSSF annual reports due to reporting deadlines or winding-up procedures.,,,C03,"Since 2019, CSSF uses the concept of ""investment fund managers"" (authorised IFMs include the following fund managers: management companies governed by chapter 15 of the law of 17 December 2010 on undertakings for collective investment, authorised alternative investment fund managers (AIFMs) governed by the law of 12 July 2013 on alternative investment fund managers) and has adjusted the calculation of the statistics accordingly.",,,spec,- Situation at the end of period.   - Management companies acording to Chapter 13 of the law of 20 December 2002.
DATAFLOW,LU1:DF_B3102(1.2),"Employment in the Luxembourg credit institutions, financial sector professionals and managment companies",I,A,Annual,C03,Management companies,SL05,Men,2016,,,,l,Not available,0,Zero,,,N01,Data may vary from CSSF annual reports due to reporting deadlines or winding-up procedures.,,,C03,"Since 2019, CSSF uses the concept of ""investment fund managers"" (authorised IFMs include the following fund managers: management companies governed by chapter 15 of the law of 17 December 2010 on undertakings for collective investment, authorised alternative investment fund managers (AIFMs) governed by the law of 12 July 2013 on alternative investment fund managers) and has adjusted the calculation of the statistics accordingly.",,,spec,- Situation at the end of period.   - Management companies acording to Chapter 13 of the law of 20 December 2002.
DATAFLOW,LU1:DF_B3102(1.2),"Employment in the Luxembourg credit institutions, financial sector professionals and managment companies",I,A,Annual,C03,Management companies,SL05,Men,2017,,,,l,Not available,0,Zero,,,N01,Data may vary from CSSF annual reports due to reporting deadlines or winding-up procedures.,,,C03,"Since 2019, CSSF uses the concept of ""investment fund managers"" (authorised IFMs include the following fund managers: management companies governed by chapter 15 of the law of 17 December 2010 on undertakings for collective investment, authorised alternative investment fund managers (AIFMs) governed by the law of 12 July 2013 on alternative investment fund managers) and has adjusted the calculation of the statistics accordingly.",,,spec,- Situation at the end of period.   - Management companies acording to Chapter 13 of the law of 20 December 2002.
DATAFLOW,LU1:DF_B3102(1.2),"Employment in the Luxembourg credit institutions, financial sector professionals and managment companies",I,A,Annual,C03,Management companies,SL05,Men,2018,,,,l,Not available,0,Zero,,,N01,Data may vary from CSSF annual reports due to reporting deadlines or winding-up procedures.,,,C03,"Since 2019, CSSF uses the concept of ""investment fund managers"" (authorised IFMs include the following fund managers: management companies governed by chapter 15 of the law of 17 December 2010 on undertakings for collective investment, authorised alternative investment fund managers (AIFMs) governed by the law of 12 July 2013 on alternative investment fund managers) and has adjusted the calculation of the statistics accordingly.",,,spec,- Situation at the end of period.   - Management companies acording to Chapter 13 of the law of 20 December 2002.
DATAFLOW,LU1:DF_B3102(1.2),"Employment in the Luxembourg credit institutions, financial sector professionals and managment companies",I,A,Annual,C03,Management companies,SL05,Men,2019,,,,z,Not applicable,0,Zero,,,N01,Data may vary from CSSF annual reports due to reporting deadlines or winding-up procedures.,,,C03,"Since 2019, CSSF uses the concept of ""investment fund managers"" (authorised IFMs include the following fund managers: management companies governed by chapter 15 of the law of 17 December 2010 on undertakings for collective investment, authorised alternative investment fund managers (AIFMs) governed by the law of 12 July 2013 on alternative investment fund managers) and has adjusted the calculation of the statistics accordingly.",,,spec,- Situation at the end of period.   - Management companies acording to Chapter 13 of the law of 20 December 2002.
DATAFLOW,LU1:DF_B3102(1.2),"Employment in the Luxembourg credit institutions, financial sector professionals and managment companies",I,A,Annual,C03,Management companies,SL05,Men,2020,,,,z,Not applicable,0,Zero,,,N01,Data may vary from CSSF annual reports due to reporting deadlines or winding-up procedures.,,,C03,"Since 2019, CSSF uses the concept of ""investment fund managers"" (authorised IFMs include the following fund managers: management companies governed by chapter 15 of the law of 17 December 2010 on undertakings for collective investment, authorised alternative investment fund managers (AIFMs) governed by the law of 12 July 2013 on alternative investment fund managers) and has adjusted the calculation of the statistics accordingly.",,,spec,- Situation at the end of period.   - Management companies acording to Chapter 13 of the law of 20 December 2002.
DATAFLOW,LU1:DF_B3102(1.2),"Employment in the Luxembourg credit institutions, financial sector professionals and managment companies",I,A,Annual,C03,Management companies,SL05,Men,2021,,,,z,Not applicable,0,Zero,,,N01,Data may vary from CSSF annual reports due to reporting deadlines or winding-up procedures.,,,C03,"Since 2019, CSSF uses the concept of ""investment fund managers"" (authorised IFMs include the following fund managers: management companies governed by chapter 15 of the law of 17 December 2010 on undertakings for collective investment, authorised alternative investment fund managers (AIFMs) governed by the law of 12 July 2013 on alternative investment fund managers) and has adjusted the calculation of the statistics accordingly.",,,spec,- Situation at the end of period.   - Management companies acording to Chapter 13 of the law of 20 December 2002.
DATAFLOW,LU1:DF_B3102(1.2),"Employment in the Luxembourg credit institutions, financial sector professionals and managment companies",I,A,Annual,C03,Management companies,SL05,Men,2022,,,,z,Not applicable,0,Zero,,,N01,Data may vary from CSSF annual reports due to reporting deadlines or winding-up procedures.,,,C03,"Since 2019, CSSF uses the concept of ""investment fund managers"" (authorised IFMs include the following fund managers: management companies governed by chapter 15 of the law of 17 December 2010 on undertakings for collective investment, authorised alternative investment fund managers (AIFMs) governed by the law of 12 July 2013 on alternative investment fund managers) and has adjusted the calculation of the statistics accordingly.",,,spec,- Situation at the end of period.   - Management companies acording to Chapter 13 of the law of 20 December 2002.
DATAFLOW,LU1:DF_B3102(1.2),"Employment in the Luxembourg credit institutions, financial sector professionals and managment companies",I,A,Annual,C03,Management companies,SL05,Men,2023,,,,z,Not applicable,0,Zero,,,N01,Data may vary from CSSF annual reports due to reporting deadlines or winding-up procedures.,,,C03,"Since 2019, CSSF uses the concept of ""investment fund managers"" (authorised IFMs include the following fund managers: management companies governed by chapter 15 of the law of 17 December 2010 on undertakings for collective investment, authorised alternative investment fund managers (AIFMs) governed by the law of 12 July 2013 on alternative investment fund managers) and has adjusted the calculation of the statistics accordingly.",,,spec,- Situation at the end of period.   - Management companies acording to Chapter 13 of the law of 20 December 2002.
DATAFLOW,LU1:DF_B3102(1.2),"Employment in the Luxembourg credit institutions, financial sector professionals and managment companies",I,A,Annual,C03,Management companies,SL05,Men,2024,,,,z,Not applicable,0,Zero,,,N01,Data may vary from CSSF annual reports due to reporting deadlines or winding-up procedures.,,,C03,"Since 2019, CSSF uses the concept of ""investment fund managers"" (authorised IFMs include the following fund managers: management companies governed by chapter 15 of the law of 17 December 2010 on undertakings for collective investment, authorised alternative investment fund managers (AIFMs) governed by the law of 12 July 2013 on alternative investment fund managers) and has adjusted the calculation of the statistics accordingly.",,,spec,- Situation at the end of period.   - Management companies acording to Chapter 13 of the law of 20 December 2002.
DATAFLOW,LU1:DF_B3102(1.2),"Employment in the Luxembourg credit institutions, financial sector professionals and managment companies",I,A,Annual,C03,Management companies,SL05,Men,2025,,,,z,Not applicable,0,Zero,,,N01,Data may vary from CSSF annual reports due to reporting deadlines or winding-up procedures.,,,C03,"Since 2019, CSSF uses the concept of ""investment fund managers"" (authorised IFMs include the following fund managers: management companies governed by chapter 15 of the law of 17 December 2010 on undertakings for collective investment, authorised alternative investment fund managers (AIFMs) governed by the law of 12 July 2013 on alternative investment fund managers) and has adjusted the calculation of the statistics accordingly.",,,spec,- Situation at the end of period.   - Management companies acording to Chapter 13 of the law of 20 December 2002.
DATAFLOW,LU1:DF_B3102(1.2),"Employment in the Luxembourg credit institutions, financial sector professionals and managment companies",I,A,Annual,C04,Investment fund managers,SL06,Women,1999,,,,z,Not applicable,0,Zero,,,N01,Data may vary from CSSF annual reports due to reporting deadlines or winding-up procedures.,,,C03,"Since 2019, CSSF uses the concept of ""investment fund managers"" (authorised IFMs include the following fund managers: management companies governed by chapter 15 of the law of 17 December 2010 on undertakings for collective investment, authorised alternative investment fund managers (AIFMs) governed by the law of 12 July 2013 on alternative investment fund managers) and has adjusted the calculation of the statistics accordingly.",,,spec,- Situation at the end of period.   - Management companies acording to Chapter 13 of the law of 20 December 2002.
DATAFLOW,LU1:DF_B3102(1.2),"Employment in the Luxembourg credit institutions, financial sector professionals and managment companies",I,A,Annual,C04,Investment fund managers,SL06,Women,2000,,,,z,Not applicable,0,Zero,,,N01,Data may vary from CSSF annual reports due to reporting deadlines or winding-up procedures.,,,C03,"Since 2019, CSSF uses the concept of ""investment fund managers"" (authorised IFMs include the following fund managers: management companies governed by chapter 15 of the law of 17 December 2010 on undertakings for collective investment, authorised alternative investment fund managers (AIFMs) governed by the law of 12 July 2013 on alternative investment fund managers) and has adjusted the calculation of the statistics accordingly.",,,spec,- Situation at the end of period.   - Management companies acording to Chapter 13 of the law of 20 December 2002.
DATAFLOW,LU1:DF_B3102(1.2),"Employment in the Luxembourg credit institutions, financial sector professionals and managment companies",I,A,Annual,C04,Investment fund managers,SL06,Women,2001,,,,z,Not applicable,0,Zero,,,N01,Data may vary from CSSF annual reports due to reporting deadlines or winding-up procedures.,,,C03,"Since 2019, CSSF uses the concept of ""investment fund managers"" (authorised IFMs include the following fund managers: management companies governed by chapter 15 of the law of 17 December 2010 on undertakings for collective investment, authorised alternative investment fund managers (AIFMs) governed by the law of 12 July 2013 on alternative investment fund managers) and has adjusted the calculation of the statistics accordingly.",,,spec,- Situation at the end of period.   - Management companies acording to Chapter 13 of the law of 20 December 2002.
DATAFLOW,LU1:DF_B3102(1.2),"Employment in the Luxembourg credit institutions, financial sector professionals and managment companies",I,A,Annual,C04,Investment fund managers,SL06,Women,2002,,,,z,Not applicable,0,Zero,,,N01,Data may vary from CSSF annual reports due to reporting deadlines or winding-up procedures.,,,C03,"Since 2019, CSSF uses the concept of ""investment fund managers"" (authorised IFMs include the following fund managers: management companies governed by chapter 15 of the law of 17 December 2010 on undertakings for collective investment, authorised alternative investment fund managers (AIFMs) governed by the law of 12 July 2013 on alternative investment fund managers) and has adjusted the calculation of the statistics accordingly.",,,spec,- Situation at the end of period.   - Management companies acording to Chapter 13 of the law of 20 December 2002.
DATAFLOW,LU1:DF_B3102(1.2),"Employment in the Luxembourg credit institutions, financial sector professionals and managment companies",I,A,Annual,C04,Investment fund managers,SL06,Women,2003,,,,z,Not applicable,0,Zero,,,N01,Data may vary from CSSF annual reports due to reporting deadlines or winding-up procedures.,,,C03,"Since 2019, CSSF uses the concept of ""investment fund managers"" (authorised IFMs include the following fund managers: management companies governed by chapter 15 of the law of 17 December 2010 on undertakings for collective investment, authorised alternative investment fund managers (AIFMs) governed by the law of 12 July 2013 on alternative investment fund managers) and has adjusted the calculation of the statistics accordingly.",,,spec,- Situation at the end of period.   - Management companies acording to Chapter 13 of the law of 20 December 2002.
DATAFLOW,LU1:DF_B3102(1.2),"Employment in the Luxembourg credit institutions, financial sector professionals and managment companies",I,A,Annual,C04,Investment fund managers,SL06,Women,2004,,,,z,Not applicable,0,Zero,,,N01,Data may vary from CSSF annual reports due to reporting deadlines or winding-up procedures.,,,C03,"Since 2019, CSSF uses the concept of ""investment fund managers"" (authorised IFMs include the following fund managers: management companies governed by chapter 15 of the law of 17 December 2010 on undertakings for collective investment, authorised alternative investment fund managers (AIFMs) governed by the law of 12 July 2013 on alternative investment fund managers) and has adjusted the calculation of the statistics accordingly.",,,spec,- Situation at the end of period.   - Management companies acording to Chapter 13 of the law of 20 December 2002.
DATAFLOW,LU1:DF_B3102(1.2),"Employment in the Luxembourg credit institutions, financial sector professionals and managment companies",I,A,Annual,C04,Investment fund managers,SL06,Women,2005,,,,z,Not applicable,0,Zero,,,N01,Data may vary from CSSF annual reports due to reporting deadlines or winding-up procedures.,,,C03,"Since 2019, CSSF uses the concept of ""investment fund managers"" (authorised IFMs include the following fund managers: management companies governed by chapter 15 of the law of 17 December 2010 on undertakings for collective investment, authorised alternative investment fund managers (AIFMs) governed by the law of 12 July 2013 on alternative investment fund managers) and has adjusted the calculation of the statistics accordingly.",,,spec,- Situation at the end of period.   - Management companies acording to Chapter 13 of the law of 20 December 2002.
DATAFLOW,LU1:DF_B3102(1.2),"Employment in the Luxembourg credit institutions, financial sector professionals and managment companies",I,A,Annual,C04,Investment fund managers,SL06,Women,2006,,,,z,Not applicable,0,Zero,,,N01,Data may vary from CSSF annual reports due to reporting deadlines or winding-up procedures.,,,C03,"Since 2019, CSSF uses the concept of ""investment fund managers"" (authorised IFMs include the following fund managers: management companies governed by chapter 15 of the law of 17 December 2010 on undertakings for collective investment, authorised alternative investment fund managers (AIFMs) governed by the law of 12 July 2013 on alternative investment fund managers) and has adjusted the calculation of the statistics accordingly.",,,spec,- Situation at the end of period.   - Management companies acording to Chapter 13 of the law of 20 December 2002.
DATAFLOW,LU1:DF_B3102(1.2),"Employment in the Luxembourg credit institutions, financial sector professionals and managment companies",I,A,Annual,C04,Investment fund managers,SL06,Women,2007,,,,z,Not applicable,0,Zero,,,N01,Data may vary from CSSF annual reports due to reporting deadlines or winding-up procedures.,,,C03,"Since 2019, CSSF uses the concept of ""investment fund managers"" (authorised IFMs include the following fund managers: management companies governed by chapter 15 of the law of 17 December 2010 on undertakings for collective investment, authorised alternative investment fund managers (AIFMs) governed by the law of 12 July 2013 on alternative investment fund managers) and has adjusted the calculation of the statistics accordingly.",,,spec,- Situation at the end of period.   - Management companies acording to Chapter 13 of the law of 20 December 2002.
DATAFLOW,LU1:DF_B3102(1.2),"Employment in the Luxembourg credit institutions, financial sector professionals and managment companies",I,A,Annual,C04,Investment fund managers,SL06,Women,2008,,,,z,Not applicable,0,Zero,,,N01,Data may vary from CSSF annual reports due to reporting deadlines or winding-up procedures.,,,C03,"Since 2019, CSSF uses the concept of ""investment fund managers"" (authorised IFMs include the following fund managers: management companies governed by chapter 15 of the law of 17 December 2010 on undertakings for collective investment, authorised alternative investment fund managers (AIFMs) governed by the law of 12 July 2013 on alternative investment fund managers) and has adjusted the calculation of the statistics accordingly.",,,spec,- Situation at the end of period.   - Management companies acording to Chapter 13 of the law of 20 December 2002.
DATAFLOW,LU1:DF_B3102(1.2),"Employment in the Luxembourg credit institutions, financial sector professionals and managment companies",I,A,Annual,C04,Investment fund managers,SL06,Women,2009,,,,z,Not applicable,0,Zero,,,N01,Data may vary from CSSF annual reports due to reporting deadlines or winding-up procedures.,,,C03,"Since 2019, CSSF uses the concept of ""investment fund managers"" (authorised IFMs include the following fund managers: management companies governed by chapter 15 of the law of 17 December 2010 on undertakings for collective investment, authorised alternative investment fund managers (AIFMs) governed by the law of 12 July 2013 on alternative investment fund managers) and has adjusted the calculation of the statistics accordingly.",,,spec,- Situation at the end of period.   - Management companies acording to Chapter 13 of the law of 20 December 2002.
DATAFLOW,LU1:DF_B3102(1.2),"Employment in the Luxembourg credit institutions, financial sector professionals and managment companies",I,A,Annual,C04,Investment fund managers,SL06,Women,2010,,,,z,Not applicable,0,Zero,,,N01,Data may vary from CSSF annual reports due to reporting deadlines or winding-up procedures.,,,C03,"Since 2019, CSSF uses the concept of ""investment fund managers"" (authorised IFMs include the following fund managers: management companies governed by chapter 15 of the law of 17 December 2010 on undertakings for collective investment, authorised alternative investment fund managers (AIFMs) governed by the law of 12 July 2013 on alternative investment fund managers) and has adjusted the calculation of the statistics accordingly.",,,spec,- Situation at the end of period.   - Management companies acording to Chapter 13 of the law of 20 December 2002.
DATAFLOW,LU1:DF_B3102(1.2),"Employment in the Luxembourg credit institutions, financial sector professionals and managment companies",I,A,Annual,C04,Investment fund managers,SL06,Women,2011,,,,z,Not applicable,0,Zero,,,N01,Data may vary from CSSF annual reports due to reporting deadlines or winding-up procedures.,,,C03,"Since 2019, CSSF uses the concept of ""investment fund managers"" (authorised IFMs include the following fund managers: management companies governed by chapter 15 of the law of 17 December 2010 on undertakings for collective investment, authorised alternative investment fund managers (AIFMs) governed by the law of 12 July 2013 on alternative investment fund managers) and has adjusted the calculation of the statistics accordingly.",,,spec,- Situation at the end of period.   - Management companies acording to Chapter 13 of the law of 20 December 2002.
DATAFLOW,LU1:DF_B3102(1.2),"Employment in the Luxembourg credit institutions, financial sector professionals and managment companies",I,A,Annual,C04,Investment fund managers,SL06,Women,2012,,,,z,Not applicable,0,Zero,,,N01,Data may vary from CSSF annual reports due to reporting deadlines or winding-up procedures.,,,C03,"Since 2019, CSSF uses the concept of ""investment fund managers"" (authorised IFMs include the following fund managers: management companies governed by chapter 15 of the law of 17 December 2010 on undertakings for collective investment, authorised alternative investment fund managers (AIFMs) governed by the law of 12 July 2013 on alternative investment fund managers) and has adjusted the calculation of the statistics accordingly.",,,spec,- Situation at the end of period.   - Management companies acording to Chapter 13 of the law of 20 December 2002.
DATAFLOW,LU1:DF_B3102(1.2),"Employment in the Luxembourg credit institutions, financial sector professionals and managment companies",I,A,Annual,C04,Investment fund managers,SL06,Women,2013,,,,z,Not applicable,0,Zero,,,N01,Data may vary from CSSF annual reports due to reporting deadlines or winding-up procedures.,,,C03,"Since 2019, CSSF uses the concept of ""investment fund managers"" (authorised IFMs include the following fund managers: management companies governed by chapter 15 of the law of 17 December 2010 on undertakings for collective investment, authorised alternative investment fund managers (AIFMs) governed by the law of 12 July 2013 on alternative investment fund managers) and has adjusted the calculation of the statistics accordingly.",,,spec,- Situation at the end of period.   - Management companies acording to Chapter 13 of the law of 20 December 2002.
DATAFLOW,LU1:DF_B3102(1.2),"Employment in the Luxembourg credit institutions, financial sector professionals and managment companies",I,A,Annual,C04,Investment fund managers,SL06,Women,2014,,,,z,Not applicable,0,Zero,,,N01,Data may vary from CSSF annual reports due to reporting deadlines or winding-up procedures.,,,C03,"Since 2019, CSSF uses the concept of ""investment fund managers"" (authorised IFMs include the following fund managers: management companies governed by chapter 15 of the law of 17 December 2010 on undertakings for collective investment, authorised alternative investment fund managers (AIFMs) governed by the law of 12 July 2013 on alternative investment fund managers) and has adjusted the calculation of the statistics accordingly.",,,spec,- Situation at the end of period.   - Management companies acording to Chapter 13 of the law of 20 December 2002.
DATAFLOW,LU1:DF_B3102(1.2),"Employment in the Luxembourg credit institutions, financial sector professionals and managment companies",I,A,Annual,C04,Investment fund managers,SL06,Women,2015,,,,z,Not applicable,0,Zero,,,N01,Data may vary from CSSF annual reports due to reporting deadlines or winding-up procedures.,,,C03,"Since 2019, CSSF uses the concept of ""investment fund managers"" (authorised IFMs include the following fund managers: management companies governed by chapter 15 of the law of 17 December 2010 on undertakings for collective investment, authorised alternative investment fund managers (AIFMs) governed by the law of 12 July 2013 on alternative investment fund managers) and has adjusted the calculation of the statistics accordingly.",,,spec,- Situation at the end of period.   - Management companies acording to Chapter 13 of the law of 20 December 2002.
DATAFLOW,LU1:DF_B3102(1.2),"Employment in the Luxembourg credit institutions, financial sector professionals and managment companies",I,A,Annual,C04,Investment fund managers,SL06,Women,2016,,,,z,Not applicable,0,Zero,,,N01,Data may vary from CSSF annual reports due to reporting deadlines or winding-up procedures.,,,C03,"Since 2019, CSSF uses the concept of ""investment fund managers"" (authorised IFMs include the following fund managers: management companies governed by chapter 15 of the law of 17 December 2010 on undertakings for collective investment, authorised alternative investment fund managers (AIFMs) governed by the law of 12 July 2013 on alternative investment fund managers) and has adjusted the calculation of the statistics accordingly.",,,spec,- Situation at the end of period.   - Management companies acording to Chapter 13 of the law of 20 December 2002.
DATAFLOW,LU1:DF_B3102(1.2),"Employment in the Luxembourg credit institutions, financial sector professionals and managment companies",I,A,Annual,C04,Investment fund managers,SL06,Women,2017,,,,z,Not applicable,0,Zero,,,N01,Data may vary from CSSF annual reports due to reporting deadlines or winding-up procedures.,,,C03,"Since 2019, CSSF uses the concept of ""investment fund managers"" (authorised IFMs include the following fund managers: management companies governed by chapter 15 of the law of 17 December 2010 on undertakings for collective investment, authorised alternative investment fund managers (AIFMs) governed by the law of 12 July 2013 on alternative investment fund managers) and has adjusted the calculation of the statistics accordingly.",,,spec,- Situation at the end of period.   - Management companies acording to Chapter 13 of the law of 20 December 2002.
DATAFLOW,LU1:DF_B3102(1.2),"Employment in the Luxembourg credit institutions, financial sector professionals and managment companies",I,A,Annual,C04,Investment fund managers,SL06,Women,2018,,,,z,Not applicable,0,Zero,,,N01,Data may vary from CSSF annual reports due to reporting deadlines or winding-up procedures.,,,C03,"Since 2019, CSSF uses the concept of ""investment fund managers"" (authorised IFMs include the following fund managers: management companies governed by chapter 15 of the law of 17 December 2010 on undertakings for collective investment, authorised alternative investment fund managers (AIFMs) governed by the law of 12 July 2013 on alternative investment fund managers) and has adjusted the calculation of the statistics accordingly.",,,spec,- Situation at the end of period.   - Management companies acording to Chapter 13 of the law of 20 December 2002.
DATAFLOW,LU1:DF_B3102(1.2),"Employment in the Luxembourg credit institutions, financial sector professionals and managment companies",I,A,Annual,C04,Investment fund managers,SL06,Women,2019,,,,l,Not available,0,Zero,,,N01,Data may vary from CSSF annual reports due to reporting deadlines or winding-up procedures.,,,C03,"Since 2019, CSSF uses the concept of ""investment fund managers"" (authorised IFMs include the following fund managers: management companies governed by chapter 15 of the law of 17 December 2010 on undertakings for collective investment, authorised alternative investment fund managers (AIFMs) governed by the law of 12 July 2013 on alternative investment fund managers) and has adjusted the calculation of the statistics accordingly.",,,spec,- Situation at the end of period.   - Management companies acording to Chapter 13 of the law of 20 December 2002.
DATAFLOW,LU1:DF_B3102(1.2),"Employment in the Luxembourg credit institutions, financial sector professionals and managment companies",I,A,Annual,C04,Investment fund managers,SL06,Women,2020,,,,l,Not available,0,Zero,,,N01,Data may vary from CSSF annual reports due to reporting deadlines or winding-up procedures.,,,C03,"Since 2019, CSSF uses the concept of ""investment fund managers"" (authorised IFMs include the following fund managers: management companies governed by chapter 15 of the law of 17 December 2010 on undertakings for collective investment, authorised alternative investment fund managers (AIFMs) governed by the law of 12 July 2013 on alternative investment fund managers) and has adjusted the calculation of the statistics accordingly.",,,spec,- Situation at the end of period.   - Management companies acording to Chapter 13 of the law of 20 December 2002.
DATAFLOW,LU1:DF_B3102(1.2),"Employment in the Luxembourg credit institutions, financial sector professionals and managment companies",I,A,Annual,C04,Investment fund managers,SL06,Women,2021,,,,l,Not available,0,Zero,,,N01,Data may vary from CSSF annual reports due to reporting deadlines or winding-up procedures.,,,C03,"Since 2019, CSSF uses the concept of ""investment fund managers"" (authorised IFMs include the following fund managers: management companies governed by chapter 15 of the law of 17 December 2010 on undertakings for collective investment, authorised alternative investment fund managers (AIFMs) governed by the law of 12 July 2013 on alternative investment fund managers) and has adjusted the calculation of the statistics accordingly.",,,spec,- Situation at the end of period.   - Management companies acording to Chapter 13 of the law of 20 December 2002.
DATAFLOW,LU1:DF_B3102(1.2),"Employment in the Luxembourg credit institutions, financial sector professionals and managment companies",I,A,Annual,C04,Investment fund managers,SL06,Women,2022,,,,l,Not available,0,Zero,,,N01,Data may vary from CSSF annual reports due to reporting deadlines or winding-up procedures.,,,C03,"Since 2019, CSSF uses the concept of ""investment fund managers"" (authorised IFMs include the following fund managers: management companies governed by chapter 15 of the law of 17 December 2010 on undertakings for collective investment, authorised alternative investment fund managers (AIFMs) governed by the law of 12 July 2013 on alternative investment fund managers) and has adjusted the calculation of the statistics accordingly.",,,spec,- Situation at the end of period.   - Management companies acording to Chapter 13 of the law of 20 December 2002.
DATAFLOW,LU1:DF_B3102(1.2),"Employment in the Luxembourg credit institutions, financial sector professionals and managment companies",I,A,Annual,C04,Investment fund managers,SL06,Women,2023,,,,l,Not available,0,Zero,,,N01,Data may vary from CSSF annual reports due to reporting deadlines or winding-up procedures.,,,C03,"Since 2019, CSSF uses the concept of ""investment fund managers"" (authorised IFMs include the following fund managers: management companies governed by chapter 15 of the law of 17 December 2010 on undertakings for collective investment, authorised alternative investment fund managers (AIFMs) governed by the law of 12 July 2013 on alternative investment fund managers) and has adjusted the calculation of the statistics accordingly.",,,spec,- Situation at the end of period.   - Management companies acording to Chapter 13 of the law of 20 December 2002.
DATAFLOW,LU1:DF_B3102(1.2),"Employment in the Luxembourg credit institutions, financial sector professionals and managment companies",I,A,Annual,C04,Investment fund managers,SL06,Women,2024,,,,l,Not available,0,Zero,,,N01,Data may vary from CSSF annual reports due to reporting deadlines or winding-up procedures.,,,C03,"Since 2019, CSSF uses the concept of ""investment fund managers"" (authorised IFMs include the following fund managers: management companies governed by chapter 15 of the law of 17 December 2010 on undertakings for collective investment, authorised alternative investment fund managers (AIFMs) governed by the law of 12 July 2013 on alternative investment fund managers) and has adjusted the calculation of the statistics accordingly.",,,spec,- Situation at the end of period.   - Management companies acording to Chapter 13 of the law of 20 December 2002.
DATAFLOW,LU1:DF_B3102(1.2),"Employment in the Luxembourg credit institutions, financial sector professionals and managment companies",I,A,Annual,C04,Investment fund managers,SL06,Women,2025,,,,l,Not available,0,Zero,,,N01,Data may vary from CSSF annual reports due to reporting deadlines or winding-up procedures.,,,C03,"Since 2019, CSSF uses the concept of ""investment fund managers"" (authorised IFMs include the following fund managers: management companies governed by chapter 15 of the law of 17 December 2010 on undertakings for collective investment, authorised alternative investment fund managers (AIFMs) governed by the law of 12 July 2013 on alternative investment fund managers) and has adjusted the calculation of the statistics accordingly.",,,spec,- Situation at the end of period.   - Management companies acording to Chapter 13 of the law of 20 December 2002.
DATAFLOW,LU1:DF_B3102(1.2),"Employment in the Luxembourg credit institutions, financial sector professionals and managment companies",I,A,Annual,C01,Credit institutions,SL09,Women,1999,,6165,,,,0,Zero,,,N01,Data may vary from CSSF annual reports due to reporting deadlines or winding-up procedures.,,,,,,,spec,- Situation at the end of period.   - Management companies acording to Chapter 13 of the law of 20 December 2002.
DATAFLOW,LU1:DF_B3102(1.2),"Employment in the Luxembourg credit institutions, financial sector professionals and managment companies",I,A,Annual,C01,Credit institutions,SL09,Women,2000,,7013,,,,0,Zero,,,N01,Data may vary from CSSF annual reports due to reporting deadlines or winding-up procedures.,,,,,,,spec,- Situation at the end of period.   - Management companies acording to Chapter 13 of the law of 20 December 2002.
DATAFLOW,LU1:DF_B3102(1.2),"Employment in the Luxembourg credit institutions, financial sector professionals and managment companies",I,A,Annual,C01,Credit institutions,SL09,Women,2001,,7488,,,,0,Zero,,,N01,Data may vary from CSSF annual reports due to reporting deadlines or winding-up procedures.,,,,,,,spec,- Situation at the end of period.   - Management companies acording to Chapter 13 of the law of 20 December 2002.
DATAFLOW,LU1:DF_B3102(1.2),"Employment in the Luxembourg credit institutions, financial sector professionals and managment companies",I,A,Annual,C01,Credit institutions,SL09,Women,2002,,7317,,,,0,Zero,,,N01,Data may vary from CSSF annual reports due to reporting deadlines or winding-up procedures.,,,,,,,spec,- Situation at the end of period.   - Management companies acording to Chapter 13 of the law of 20 December 2002.
DATAFLOW,LU1:DF_B3102(1.2),"Employment in the Luxembourg credit institutions, financial sector professionals and managment companies",I,A,Annual,C01,Credit institutions,SL09,Women,2003,,7070,,,,0,Zero,,,N01,Data may vary from CSSF annual reports due to reporting deadlines or winding-up procedures.,,,,,,,spec,- Situation at the end of period.   - Management companies acording to Chapter 13 of the law of 20 December 2002.
DATAFLOW,LU1:DF_B3102(1.2),"Employment in the Luxembourg credit institutions, financial sector professionals and managment companies",I,A,Annual,C01,Credit institutions,SL09,Women,2004,,7113,,,,0,Zero,,,N01,Data may vary from CSSF annual reports due to reporting deadlines or winding-up procedures.,,,,,,,spec,- Situation at the end of period.   - Management companies acording to Chapter 13 of the law of 20 December 2002.
DATAFLOW,LU1:DF_B3102(1.2),"Employment in the Luxembourg credit institutions, financial sector professionals and managment companies",I,A,Annual,C01,Credit institutions,SL09,Women,2005,,7537,,,,0,Zero,,,N01,Data may vary from CSSF annual reports due to reporting deadlines or winding-up procedures.,,,,,,,spec,- Situation at the end of period.   - Management companies acording to Chapter 13 of the law of 20 December 2002.
DATAFLOW,LU1:DF_B3102(1.2),"Employment in the Luxembourg credit institutions, financial sector professionals and managment companies",I,A,Annual,C01,Credit institutions,SL09,Women,2006,,8201,,,,0,Zero,,,N01,Data may vary from CSSF annual reports due to reporting deadlines or winding-up procedures.,,,,,,,spec,- Situation at the end of period.   - Management companies acording to Chapter 13 of the law of 20 December 2002.
DATAFLOW,LU1:DF_B3102(1.2),"Employment in the Luxembourg credit institutions, financial sector professionals and managment companies",I,A,Annual,C01,Credit institutions,SL09,Women,2007,,8752,,,,0,Zero,,,N01,Data may vary from CSSF annual reports due to reporting deadlines or winding-up procedures.,,,,,,,spec,- Situation at the end of period.   - Management companies acording to Chapter 13 of the law of 20 December 2002.
DATAFLOW,LU1:DF_B3102(1.2),"Employment in the Luxembourg credit institutions, financial sector professionals and managment companies",I,A,Annual,C01,Credit institutions,SL09,Women,2008,,9263,,,,0,Zero,,,N01,Data may vary from CSSF annual reports due to reporting deadlines or winding-up procedures.,,,,,,,spec,- Situation at the end of period.   - Management companies acording to Chapter 13 of the law of 20 December 2002.
DATAFLOW,LU1:DF_B3102(1.2),"Employment in the Luxembourg credit institutions, financial sector professionals and managment companies",I,A,Annual,C01,Credit institutions,SL09,Women,2009,,8972,,,,0,Zero,,,N01,Data may vary from CSSF annual reports due to reporting deadlines or winding-up procedures.,,,,,,,spec,- Situation at the end of period.   - Management companies acording to Chapter 13 of the law of 20 December 2002.
DATAFLOW,LU1:DF_B3102(1.2),"Employment in the Luxembourg credit institutions, financial sector professionals and managment companies",I,A,Annual,C01,Credit institutions,SL09,Women,2010,,9034,,,,0,Zero,,,N01,Data may vary from CSSF annual reports due to reporting deadlines or winding-up procedures.,,,,,,,spec,- Situation at the end of period.   - Management companies acording to Chapter 13 of the law of 20 December 2002.
DATAFLOW,LU1:DF_B3102(1.2),"Employment in the Luxembourg credit institutions, financial sector professionals and managment companies",I,A,Annual,C01,Credit institutions,SL09,Women,2011,,9355,,,,0,Zero,,,N01,Data may vary from CSSF annual reports due to reporting deadlines or winding-up procedures.,,,,,,,spec,- Situation at the end of period.   - Management companies acording to Chapter 13 of the law of 20 December 2002.
DATAFLOW,LU1:DF_B3102(1.2),"Employment in the Luxembourg credit institutions, financial sector professionals and managment companies",I,A,Annual,C01,Credit institutions,SL09,Women,2012,,9281,,,,0,Zero,,,N01,Data may vary from CSSF annual reports due to reporting deadlines or winding-up procedures.,,,,,,,spec,- Situation at the end of period.   - Management companies acording to Chapter 13 of the law of 20 December 2002.
DATAFLOW,LU1:DF_B3102(1.2),"Employment in the Luxembourg credit institutions, financial sector professionals and managment companies",I,A,Annual,C01,Credit institutions,SL09,Women,2013,,9240,,,,0,Zero,,,N01,Data may vary from CSSF annual reports due to reporting deadlines or winding-up procedures.,,,,,,,spec,- Situation at the end of period.   - Management companies acording to Chapter 13 of the law of 20 December 2002.
DATAFLOW,LU1:DF_B3102(1.2),"Employment in the Luxembourg credit institutions, financial sector professionals and managment companies",I,A,Annual,C01,Credit institutions,SL09,Women,2014,,,,l,Not available,0,Zero,,,N01,Data may vary from CSSF annual reports due to reporting deadlines or winding-up procedures.,,,,,,,spec,- Situation at the end of period.   - Management companies acording to Chapter 13 of the law of 20 December 2002.
DATAFLOW,LU1:DF_B3102(1.2),"Employment in the Luxembourg credit institutions, financial sector professionals and managment companies",I,A,Annual,C01,Credit institutions,SL09,Women,2015,,,,l,Not available,0,Zero,,,N01,Data may vary from CSSF annual reports due to reporting deadlines or winding-up procedures.,,,,,,,spec,- Situation at the end of period.   - Management companies acording to Chapter 13 of the law of 20 December 2002.
DATAFLOW,LU1:DF_B3102(1.2),"Employment in the Luxembourg credit institutions, financial sector professionals and managment companies",I,A,Annual,C01,Credit institutions,SL09,Women,2016,,,,l,Not available,0,Zero,,,N01,Data may vary from CSSF annual reports due to reporting deadlines or winding-up procedures.,,,,,,,spec,- Situation at the end of period.   - Management companies acording to Chapter 13 of the law of 20 December 2002.
DATAFLOW,LU1:DF_B3102(1.2),"Employment in the Luxembourg credit institutions, financial sector professionals and managment companies",I,A,Annual,C01,Credit institutions,SL09,Women,2017,,,,l,Not available,0,Zero,,,N01,Data may vary from CSSF annual reports due to reporting deadlines or winding-up procedures.,,,,,,,spec,- Situation at the end of period.   - Management companies acording to Chapter 13 of the law of 20 December 2002.
DATAFLOW,LU1:DF_B3102(1.2),"Employment in the Luxembourg credit institutions, financial sector professionals and managment companies",I,A,Annual,C01,Credit institutions,SL09,Women,2018,,,,l,Not available,0,Zero,,,N01,Data may vary from CSSF annual reports due to reporting deadlines or winding-up procedures.,,,,,,,spec,- Situation at the end of period.   - Management companies acording to Chapter 13 of the law of 20 December 2002.
DATAFLOW,LU1:DF_B3102(1.2),"Employment in the Luxembourg credit institutions, financial sector professionals and managment companies",I,A,Annual,C01,Credit institutions,SL09,Women,2019,,,,l,Not available,0,Zero,,,N01,Data may vary from CSSF annual reports due to reporting deadlines or winding-up procedures.,,,,,,,spec,- Situation at the end of period.   - Management companies acording to Chapter 13 of the law of 20 December 2002.
DATAFLOW,LU1:DF_B3102(1.2),"Employment in the Luxembourg credit institutions, financial sector professionals and managment companies",I,A,Annual,C01,Credit institutions,SL09,Women,2020,,,,l,Not available,0,Zero,,,N01,Data may vary from CSSF annual reports due to reporting deadlines or winding-up procedures.,,,,,,,spec,- Situation at the end of period.   - Management companies acording to Chapter 13 of the law of 20 December 2002.
DATAFLOW,LU1:DF_B3102(1.2),"Employment in the Luxembourg credit institutions, financial sector professionals and managment companies",I,A,Annual,C01,Credit institutions,SL09,Women,2021,,,,l,Not available,0,Zero,,,N01,Data may vary from CSSF annual reports due to reporting deadlines or winding-up procedures.,,,,,,,spec,- Situation at the end of period.   - Management companies acording to Chapter 13 of the law of 20 December 2002.
DATAFLOW,LU1:DF_B3102(1.2),"Employment in the Luxembourg credit institutions, financial sector professionals and managment companies",I,A,Annual,C01,Credit institutions,SL09,Women,2022,,,,l,Not available,0,Zero,,,N01,Data may vary from CSSF annual reports due to reporting deadlines or winding-up procedures.,,,,,,,spec,- Situation at the end of period.   - Management companies acording to Chapter 13 of the law of 20 December 2002.
DATAFLOW,LU1:DF_B3102(1.2),"Employment in the Luxembourg credit institutions, financial sector professionals and managment companies",I,A,Annual,C01,Credit institutions,SL09,Women,2023,,,,l,Not available,0,Zero,,,N01,Data may vary from CSSF annual reports due to reporting deadlines or winding-up procedures.,,,,,,,spec,- Situation at the end of period.   - Management companies acording to Chapter 13 of the law of 20 December 2002.
DATAFLOW,LU1:DF_B3102(1.2),"Employment in the Luxembourg credit institutions, financial sector professionals and managment companies",I,A,Annual,C01,Credit institutions,SL09,Women,2024,,,,l,Not available,0,Zero,,,N01,Data may vary from CSSF annual reports due to reporting deadlines or winding-up procedures.,,,,,,,spec,- Situation at the end of period.   - Management companies acording to Chapter 13 of the law of 20 December 2002.
DATAFLOW,LU1:DF_B3102(1.2),"Employment in the Luxembourg credit institutions, financial sector professionals and managment companies",I,A,Annual,C01,Credit institutions,SL09,Women,2025,,,,l,Not available,0,Zero,,,N01,Data may vary from CSSF annual reports due to reporting deadlines or winding-up procedures.,,,,,,,spec,- Situation at the end of period.   - Management companies acording to Chapter 13 of the law of 20 December 2002.
DATAFLOW,LU1:DF_B3102(1.2),"Employment in the Luxembourg credit institutions, financial sector professionals and managment companies",I,A,Annual,C02,Financial sector professionals,SL03,Women,1999,,1272,,,,0,Zero,,,N01,Data may vary from CSSF annual reports due to reporting deadlines or winding-up procedures.,,,C02,"FSP include specialised financial sector professionals, support financial sector professionals and investment firms",,,spec,- Situation at the end of period.   - Management companies acording to Chapter 13 of the law of 20 December 2002.
DATAFLOW,LU1:DF_B3102(1.2),"Employment in the Luxembourg credit institutions, financial sector professionals and managment companies",I,A,Annual,C02,Financial sector professionals,SL03,Women,2000,,1682,,,,0,Zero,,,N01,Data may vary from CSSF annual reports due to reporting deadlines or winding-up procedures.,,,C02,"FSP include specialised financial sector professionals, support financial sector professionals and investment firms",,,spec,- Situation at the end of period.   - Management companies acording to Chapter 13 of the law of 20 December 2002.
DATAFLOW,LU1:DF_B3102(1.2),"Employment in the Luxembourg credit institutions, financial sector professionals and managment companies",I,A,Annual,C02,Financial sector professionals,SL03,Women,2001,,1993,,,,0,Zero,,,N01,Data may vary from CSSF annual reports due to reporting deadlines or winding-up procedures.,,,C02,"FSP include specialised financial sector professionals, support financial sector professionals and investment firms",,,spec,- Situation at the end of period.   - Management companies acording to Chapter 13 of the law of 20 December 2002.
DATAFLOW,LU1:DF_B3102(1.2),"Employment in the Luxembourg credit institutions, financial sector professionals and managment companies",I,A,Annual,C02,Financial sector professionals,SL03,Women,2002,,2125,,,,0,Zero,,,N01,Data may vary from CSSF annual reports due to reporting deadlines or winding-up procedures.,,,C02,"FSP include specialised financial sector professionals, support financial sector professionals and investment firms",,,spec,- Situation at the end of period.   - Management companies acording to Chapter 13 of the law of 20 December 2002.
DATAFLOW,LU1:DF_B3102(1.2),"Employment in the Luxembourg credit institutions, financial sector professionals and managment companies",I,A,Annual,C02,Financial sector professionals,SL03,Women,2003,,2068,,,,0,Zero,,,N01,Data may vary from CSSF annual reports due to reporting deadlines or winding-up procedures.,,,C02,"FSP include specialised financial sector professionals, support financial sector professionals and investment firms",,,spec,- Situation at the end of period.   - Management companies acording to Chapter 13 of the law of 20 December 2002.
DATAFLOW,LU1:DF_B3102(1.2),"Employment in the Luxembourg credit institutions, financial sector professionals and managment companies",I,A,Annual,C02,Financial sector professionals,SL03,Women,2004,,2491,,,,0,Zero,,,N01,Data may vary from CSSF annual reports due to reporting deadlines or winding-up procedures.,,,C02,"FSP include specialised financial sector professionals, support financial sector professionals and investment firms",,,spec,- Situation at the end of period.   - Management companies acording to Chapter 13 of the law of 20 December 2002.
DATAFLOW,LU1:DF_B3102(1.2),"Employment in the Luxembourg credit institutions, financial sector professionals and managment companies",I,A,Annual,C02,Financial sector professionals,SL03,Women,2005,,2545,,,,0,Zero,,,N01,Data may vary from CSSF annual reports due to reporting deadlines or winding-up procedures.,,,C02,"FSP include specialised financial sector professionals, support financial sector professionals and investment firms",,,spec,- Situation at the end of period.   - Management companies acording to Chapter 13 of the law of 20 December 2002.
DATAFLOW,LU1:DF_B3102(1.2),"Employment in the Luxembourg credit institutions, financial sector professionals and managment companies",I,A,Annual,C02,Financial sector professionals,SL03,Women,2006,,3180,,,,0,Zero,,,N01,Data may vary from CSSF annual reports due to reporting deadlines or winding-up procedures.,,,C02,"FSP include specialised financial sector professionals, support financial sector professionals and investment firms",,,spec,- Situation at the end of period.   - Management companies acording to Chapter 13 of the law of 20 December 2002.
DATAFLOW,LU1:DF_B3102(1.2),"Employment in the Luxembourg credit institutions, financial sector professionals and managment companies",I,A,Annual,C02,Financial sector professionals,SL03,Women,2007,,4061,,,,0,Zero,,,N01,Data may vary from CSSF annual reports due to reporting deadlines or winding-up procedures.,,,C02,"FSP include specialised financial sector professionals, support financial sector professionals and investment firms",,,spec,- Situation at the end of period.   - Management companies acording to Chapter 13 of the law of 20 December 2002.
DATAFLOW,LU1:DF_B3102(1.2),"Employment in the Luxembourg credit institutions, financial sector professionals and managment companies",I,A,Annual,C02,Financial sector professionals,SL03,Women,2008,,4475,,,,0,Zero,,,N01,Data may vary from CSSF annual reports due to reporting deadlines or winding-up procedures.,,,C02,"FSP include specialised financial sector professionals, support financial sector professionals and investment firms",,,spec,- Situation at the end of period.   - Management companies acording to Chapter 13 of the law of 20 December 2002.
DATAFLOW,LU1:DF_B3102(1.2),"Employment in the Luxembourg credit institutions, financial sector professionals and managment companies",I,A,Annual,C02,Financial sector professionals,SL03,Women,2009,,4499,,,,0,Zero,,,N01,Data may vary from CSSF annual reports due to reporting deadlines or winding-up procedures.,,,C02,"FSP include specialised financial sector professionals, support financial sector professionals and investment firms",,,spec,- Situation at the end of period.   - Management companies acording to Chapter 13 of the law of 20 December 2002.
DATAFLOW,LU1:DF_B3102(1.2),"Employment in the Luxembourg credit institutions, financial sector professionals and managment companies",I,A,Annual,C02,Financial sector professionals,SL03,Women,2010,,4782,,,,0,Zero,,,N01,Data may vary from CSSF annual reports due to reporting deadlines or winding-up procedures.,,,C02,"FSP include specialised financial sector professionals, support financial sector professionals and investment firms",,,spec,- Situation at the end of period.   - Management companies acording to Chapter 13 of the law of 20 December 2002.
DATAFLOW,LU1:DF_B3102(1.2),"Employment in the Luxembourg credit institutions, financial sector professionals and managment companies",I,A,Annual,C02,Financial sector professionals,SL03,Women,2011,,4554,,,,0,Zero,,,N01,Data may vary from CSSF annual reports due to reporting deadlines or winding-up procedures.,,,C02,"FSP include specialised financial sector professionals, support financial sector professionals and investment firms",,,spec,- Situation at the end of period.   - Management companies acording to Chapter 13 of the law of 20 December 2002.
DATAFLOW,LU1:DF_B3102(1.2),"Employment in the Luxembourg credit institutions, financial sector professionals and managment companies",I,A,Annual,C02,Financial sector professionals,SL03,Women,2012,,4755,,,,0,Zero,,,N01,Data may vary from CSSF annual reports due to reporting deadlines or winding-up procedures.,,,C02,"FSP include specialised financial sector professionals, support financial sector professionals and investment firms",,,spec,- Situation at the end of period.   - Management companies acording to Chapter 13 of the law of 20 December 2002.
DATAFLOW,LU1:DF_B3102(1.2),"Employment in the Luxembourg credit institutions, financial sector professionals and managment companies",I,A,Annual,C02,Financial sector professionals,SL03,Women,2013,,4714,,,,0,Zero,,,N01,Data may vary from CSSF annual reports due to reporting deadlines or winding-up procedures.,,,C02,"FSP include specialised financial sector professionals, support financial sector professionals and investment firms",,,spec,- Situation at the end of period.   - Management companies acording to Chapter 13 of the law of 20 December 2002.
DATAFLOW,LU1:DF_B3102(1.2),"Employment in the Luxembourg credit institutions, financial sector professionals and managment companies",I,A,Annual,C02,Financial sector professionals,SL03,Women,2014,,4746,,,,0,Zero,,,N01,Data may vary from CSSF annual reports due to reporting deadlines or winding-up procedures.,,,C02,"FSP include specialised financial sector professionals, support financial sector professionals and investment firms",,,spec,- Situation at the end of period.   - Management companies acording to Chapter 13 of the law of 20 December 2002.
DATAFLOW,LU1:DF_B3102(1.2),"Employment in the Luxembourg credit institutions, financial sector professionals and managment companies",I,A,Annual,C02,Financial sector professionals,SL03,Women,2015,,5009,,,,0,Zero,,,N01,Data may vary from CSSF annual reports due to reporting deadlines or winding-up procedures.,,,C02,"FSP include specialised financial sector professionals, support financial sector professionals and investment firms",,,spec,- Situation at the end of period.   - Management companies acording to Chapter 13 of the law of 20 December 2002.
DATAFLOW,LU1:DF_B3102(1.2),"Employment in the Luxembourg credit institutions, financial sector professionals and managment companies",I,A,Annual,C02,Financial sector professionals,SL03,Women,2016,,5025,,,,0,Zero,,,N01,Data may vary from CSSF annual reports due to reporting deadlines or winding-up procedures.,,,C02,"FSP include specialised financial sector professionals, support financial sector professionals and investment firms",,,spec,- Situation at the end of period.   - Management companies acording to Chapter 13 of the law of 20 December 2002.
DATAFLOW,LU1:DF_B3102(1.2),"Employment in the Luxembourg credit institutions, financial sector professionals and managment companies",I,A,Annual,C02,Financial sector professionals,SL03,Women,2017,,5279,,,,0,Zero,,,N01,Data may vary from CSSF annual reports due to reporting deadlines or winding-up procedures.,,,C02,"FSP include specialised financial sector professionals, support financial sector professionals and investment firms",,,spec,- Situation at the end of period.   - Management companies acording to Chapter 13 of the law of 20 December 2002.
DATAFLOW,LU1:DF_B3102(1.2),"Employment in the Luxembourg credit institutions, financial sector professionals and managment companies",I,A,Annual,C02,Financial sector professionals,SL03,Women,2018,,5423,,,,0,Zero,,,N01,Data may vary from CSSF annual reports due to reporting deadlines or winding-up procedures.,,,C02,"FSP include specialised financial sector professionals, support financial sector professionals and investment firms",,,spec,- Situation at the end of period.   - Management companies acording to Chapter 13 of the law of 20 December 2002.
DATAFLOW,LU1:DF_B3102(1.2),"Employment in the Luxembourg credit institutions, financial sector professionals and managment companies",I,A,Annual,C02,Financial sector professionals,SL03,Women,2019,,5398,,,,0,Zero,,,N01,Data may vary from CSSF annual reports due to reporting deadlines or winding-up procedures.,,,C02,"FSP include specialised financial sector professionals, support financial sector professionals and investment firms",,,spec,- Situation at the end of period.   - Management companies acording to Chapter 13 of the law of 20 December 2002.
DATAFLOW,LU1:DF_B3102(1.2),"Employment in the Luxembourg credit institutions, financial sector professionals and managment companies",I,A,Annual,C02,Financial sector professionals,SL03,Women,2020,,5402,,,,0,Zero,,,N01,Data may vary from CSSF annual reports due to reporting deadlines or winding-up procedures.,,,C02,"FSP include specialised financial sector professionals, support financial sector professionals and investment firms",,,spec,- Situation at the end of period.   - Management companies acording to Chapter 13 of the law of 20 December 2002.
DATAFLOW,LU1:DF_B3102(1.2),"Employment in the Luxembourg credit institutions, financial sector professionals and managment companies",I,A,Annual,C02,Financial sector professionals,SL03,Women,2021,,5638,,,,0,Zero,,,N01,Data may vary from CSSF annual reports due to reporting deadlines or winding-up procedures.,,,C02,"FSP include specialised financial sector professionals, support financial sector professionals and investment firms",,,spec,- Situation at the end of period.   - Management companies acording to Chapter 13 of the law of 20 December 2002.
DATAFLOW,LU1:DF_B3102(1.2),"Employment in the Luxembourg credit institutions, financial sector professionals and managment companies",I,A,Annual,C02,Financial sector professionals,SL03,Women,2022,,6025,,,,0,Zero,,,N01,Data may vary from CSSF annual reports due to reporting deadlines or winding-up procedures.,,,C02,"FSP include specialised financial sector professionals, support financial sector professionals and investment firms",,,spec,- Situation at the end of period.   - Management companies acording to Chapter 13 of the law of 20 December 2002.
DATAFLOW,LU1:DF_B3102(1.2),"Employment in the Luxembourg credit institutions, financial sector professionals and managment companies",I,A,Annual,C02,Financial sector professionals,SL03,Women,2023,,5877,,,,0,Zero,,,N01,Data may vary from CSSF annual reports due to reporting deadlines or winding-up procedures.,,,C02,"FSP include specialised financial sector professionals, support financial sector professionals and investment firms",,,spec,- Situation at the end of period.   - Management companies acording to Chapter 13 of the law of 20 December 2002.
DATAFLOW,LU1:DF_B3102(1.2),"Employment in the Luxembourg credit institutions, financial sector professionals and managment companies",I,A,Annual,C02,Financial sector professionals,SL03,Women,2024,,5986,,,,0,Zero,,,N01,Data may vary from CSSF annual reports due to reporting deadlines or winding-up procedures.,,,C02,"FSP include specialised financial sector professionals, support financial sector professionals and investment firms",,,spec,- Situation at the end of period.   - Management companies acording to Chapter 13 of the law of 20 December 2002.
DATAFLOW,LU1:DF_B3102(1.2),"Employment in the Luxembourg credit institutions, financial sector professionals and managment companies",I,A,Annual,C02,Financial sector professionals,SL03,Women,2025,,5967,,,,0,Zero,,,N01,Data may vary from CSSF annual reports due to reporting deadlines or winding-up procedures.,,,C02,"FSP include specialised financial sector professionals, support financial sector professionals and investment firms",,,spec,- Situation at the end of period.   - Management companies acording to Chapter 13 of the law of 20 December 2002.
DATAFLOW,LU1:DF_B3102(1.2),"Employment in the Luxembourg credit institutions, financial sector professionals and managment companies",I,A,Annual,C04,Investment fund managers,SL04,Luxembourgers,1999,,,,z,Not applicable,0,Zero,,,N01,Data may vary from CSSF annual reports due to reporting deadlines or winding-up procedures.,,,C03,"Since 2019, CSSF uses the concept of ""investment fund managers"" (authorised IFMs include the following fund managers: management companies governed by chapter 15 of the law of 17 December 2010 on undertakings for collective investment, authorised alternative investment fund managers (AIFMs) governed by the law of 12 July 2013 on alternative investment fund managers) and has adjusted the calculation of the statistics accordingly.",,,spec,- Situation at the end of period.   - Management companies acording to Chapter 13 of the law of 20 December 2002.
DATAFLOW,LU1:DF_B3102(1.2),"Employment in the Luxembourg credit institutions, financial sector professionals and managment companies",I,A,Annual,C04,Investment fund managers,SL04,Luxembourgers,2000,,,,z,Not applicable,0,Zero,,,N01,Data may vary from CSSF annual reports due to reporting deadlines or winding-up procedures.,,,C03,"Since 2019, CSSF uses the concept of ""investment fund managers"" (authorised IFMs include the following fund managers: management companies governed by chapter 15 of the law of 17 December 2010 on undertakings for collective investment, authorised alternative investment fund managers (AIFMs) governed by the law of 12 July 2013 on alternative investment fund managers) and has adjusted the calculation of the statistics accordingly.",,,spec,- Situation at the end of period.   - Management companies acording to Chapter 13 of the law of 20 December 2002.
DATAFLOW,LU1:DF_B3102(1.2),"Employment in the Luxembourg credit institutions, financial sector professionals and managment companies",I,A,Annual,C04,Investment fund managers,SL04,Luxembourgers,2001,,,,z,Not applicable,0,Zero,,,N01,Data may vary from CSSF annual reports due to reporting deadlines or winding-up procedures.,,,C03,"Since 2019, CSSF uses the concept of ""investment fund managers"" (authorised IFMs include the following fund managers: management companies governed by chapter 15 of the law of 17 December 2010 on undertakings for collective investment, authorised alternative investment fund managers (AIFMs) governed by the law of 12 July 2013 on alternative investment fund managers) and has adjusted the calculation of the statistics accordingly.",,,spec,- Situation at the end of period.   - Management companies acording to Chapter 13 of the law of 20 December 2002.
DATAFLOW,LU1:DF_B3102(1.2),"Employment in the Luxembourg credit institutions, financial sector professionals and managment companies",I,A,Annual,C04,Investment fund managers,SL04,Luxembourgers,2002,,,,z,Not applicable,0,Zero,,,N01,Data may vary from CSSF annual reports due to reporting deadlines or winding-up procedures.,,,C03,"Since 2019, CSSF uses the concept of ""investment fund managers"" (authorised IFMs include the following fund managers: management companies governed by chapter 15 of the law of 17 December 2010 on undertakings for collective investment, authorised alternative investment fund managers (AIFMs) governed by the law of 12 July 2013 on alternative investment fund managers) and has adjusted the calculation of the statistics accordingly.",,,spec,- Situation at the end of period.   - Management companies acording to Chapter 13 of the law of 20 December 2002.
DATAFLOW,LU1:DF_B3102(1.2),"Employment in the Luxembourg credit institutions, financial sector professionals and managment companies",I,A,Annual,C04,Investment fund managers,SL04,Luxembourgers,2003,,,,z,Not applicable,0,Zero,,,N01,Data may vary from CSSF annual reports due to reporting deadlines or winding-up procedures.,,,C03,"Since 2019, CSSF uses the concept of ""investment fund managers"" (authorised IFMs include the following fund managers: management companies governed by chapter 15 of the law of 17 December 2010 on undertakings for collective investment, authorised alternative investment fund managers (AIFMs) governed by the law of 12 July 2013 on alternative investment fund managers) and has adjusted the calculation of the statistics accordingly.",,,spec,- Situation at the end of period.   - Management companies acording to Chapter 13 of the law of 20 December 2002.
DATAFLOW,LU1:DF_B3102(1.2),"Employment in the Luxembourg credit institutions, financial sector professionals and managment companies",I,A,Annual,C04,Investment fund managers,SL04,Luxembourgers,2004,,,,z,Not applicable,0,Zero,,,N01,Data may vary from CSSF annual reports due to reporting deadlines or winding-up procedures.,,,C03,"Since 2019, CSSF uses the concept of ""investment fund managers"" (authorised IFMs include the following fund managers: management companies governed by chapter 15 of the law of 17 December 2010 on undertakings for collective investment, authorised alternative investment fund managers (AIFMs) governed by the law of 12 July 2013 on alternative investment fund managers) and has adjusted the calculation of the statistics accordingly.",,,spec,- Situation at the end of period.   - Management companies acording to Chapter 13 of the law of 20 December 2002.
DATAFLOW,LU1:DF_B3102(1.2),"Employment in the Luxembourg credit institutions, financial sector professionals and managment companies",I,A,Annual,C04,Investment fund managers,SL04,Luxembourgers,2005,,,,z,Not applicable,0,Zero,,,N01,Data may vary from CSSF annual reports due to reporting deadlines or winding-up procedures.,,,C03,"Since 2019, CSSF uses the concept of ""investment fund managers"" (authorised IFMs include the following fund managers: management companies governed by chapter 15 of the law of 17 December 2010 on undertakings for collective investment, authorised alternative investment fund managers (AIFMs) governed by the law of 12 July 2013 on alternative investment fund managers) and has adjusted the calculation of the statistics accordingly.",,,spec,- Situation at the end of period.   - Management companies acording to Chapter 13 of the law of 20 December 2002.
DATAFLOW,LU1:DF_B3102(1.2),"Employment in the Luxembourg credit institutions, financial sector professionals and managment companies",I,A,Annual,C04,Investment fund managers,SL04,Luxembourgers,2006,,,,z,Not applicable,0,Zero,,,N01,Data may vary from CSSF annual reports due to reporting deadlines or winding-up procedures.,,,C03,"Since 2019, CSSF uses the concept of ""investment fund managers"" (authorised IFMs include the following fund managers: management companies governed by chapter 15 of the law of 17 December 2010 on undertakings for collective investment, authorised alternative investment fund managers (AIFMs) governed by the law of 12 July 2013 on alternative investment fund managers) and has adjusted the calculation of the statistics accordingly.",,,spec,- Situation at the end of period.   - Management companies acording to Chapter 13 of the law of 20 December 2002.
DATAFLOW,LU1:DF_B3102(1.2),"Employment in the Luxembourg credit institutions, financial sector professionals and managment companies",I,A,Annual,C04,Investment fund managers,SL04,Luxembourgers,2007,,,,z,Not applicable,0,Zero,,,N01,Data may vary from CSSF annual reports due to reporting deadlines or winding-up procedures.,,,C03,"Since 2019, CSSF uses the concept of ""investment fund managers"" (authorised IFMs include the following fund managers: management companies governed by chapter 15 of the law of 17 December 2010 on undertakings for collective investment, authorised alternative investment fund managers (AIFMs) governed by the law of 12 July 2013 on alternative investment fund managers) and has adjusted the calculation of the statistics accordingly.",,,spec,- Situation at the end of period.   - Management companies acording to Chapter 13 of the law of 20 December 2002.
DATAFLOW,LU1:DF_B3102(1.2),"Employment in the Luxembourg credit institutions, financial sector professionals and managment companies",I,A,Annual,C04,Investment fund managers,SL04,Luxembourgers,2008,,,,z,Not applicable,0,Zero,,,N01,Data may vary from CSSF annual reports due to reporting deadlines or winding-up procedures.,,,C03,"Since 2019, CSSF uses the concept of ""investment fund managers"" (authorised IFMs include the following fund managers: management companies governed by chapter 15 of the law of 17 December 2010 on undertakings for collective investment, authorised alternative investment fund managers (AIFMs) governed by the law of 12 July 2013 on alternative investment fund managers) and has adjusted the calculation of the statistics accordingly.",,,spec,- Situation at the end of period.   - Management companies acording to Chapter 13 of the law of 20 December 2002.
DATAFLOW,LU1:DF_B3102(1.2),"Employment in the Luxembourg credit institutions, financial sector professionals and managment companies",I,A,Annual,C04,Investment fund managers,SL04,Luxembourgers,2009,,,,z,Not applicable,0,Zero,,,N01,Data may vary from CSSF annual reports due to reporting deadlines or winding-up procedures.,,,C03,"Since 2019, CSSF uses the concept of ""investment fund managers"" (authorised IFMs include the following fund managers: management companies governed by chapter 15 of the law of 17 December 2010 on undertakings for collective investment, authorised alternative investment fund managers (AIFMs) governed by the law of 12 July 2013 on alternative investment fund managers) and has adjusted the calculation of the statistics accordingly.",,,spec,- Situation at the end of period.   - Management companies acording to Chapter 13 of the law of 20 December 2002.
DATAFLOW,LU1:DF_B3102(1.2),"Employment in the Luxembourg credit institutions, financial sector professionals and managment companies",I,A,Annual,C04,Investment fund managers,SL04,Luxembourgers,2010,,,,z,Not applicable,0,Zero,,,N01,Data may vary from CSSF annual reports due to reporting deadlines or winding-up procedures.,,,C03,"Since 2019, CSSF uses the concept of ""investment fund managers"" (authorised IFMs include the following fund managers: management companies governed by chapter 15 of the law of 17 December 2010 on undertakings for collective investment, authorised alternative investment fund managers (AIFMs) governed by the law of 12 July 2013 on alternative investment fund managers) and has adjusted the calculation of the statistics accordingly.",,,spec,- Situation at the end of period.   - Management companies acording to Chapter 13 of the law of 20 December 2002.
DATAFLOW,LU1:DF_B3102(1.2),"Employment in the Luxembourg credit institutions, financial sector professionals and managment companies",I,A,Annual,C04,Investment fund managers,SL04,Luxembourgers,2011,,,,z,Not applicable,0,Zero,,,N01,Data may vary from CSSF annual reports due to reporting deadlines or winding-up procedures.,,,C03,"Since 2019, CSSF uses the concept of ""investment fund managers"" (authorised IFMs include the following fund managers: management companies governed by chapter 15 of the law of 17 December 2010 on undertakings for collective investment, authorised alternative investment fund managers (AIFMs) governed by the law of 12 July 2013 on alternative investment fund managers) and has adjusted the calculation of the statistics accordingly.",,,spec,- Situation at the end of period.   - Management companies acording to Chapter 13 of the law of 20 December 2002.
DATAFLOW,LU1:DF_B3102(1.2),"Employment in the Luxembourg credit institutions, financial sector professionals and managment companies",I,A,Annual,C04,Investment fund managers,SL04,Luxembourgers,2012,,,,z,Not applicable,0,Zero,,,N01,Data may vary from CSSF annual reports due to reporting deadlines or winding-up procedures.,,,C03,"Since 2019, CSSF uses the concept of ""investment fund managers"" (authorised IFMs include the following fund managers: management companies governed by chapter 15 of the law of 17 December 2010 on undertakings for collective investment, authorised alternative investment fund managers (AIFMs) governed by the law of 12 July 2013 on alternative investment fund managers) and has adjusted the calculation of the statistics accordingly.",,,spec,- Situation at the end of period.   - Management companies acording to Chapter 13 of the law of 20 December 2002.
DATAFLOW,LU1:DF_B3102(1.2),"Employment in the Luxembourg credit institutions, financial sector professionals and managment companies",I,A,Annual,C04,Investment fund managers,SL04,Luxembourgers,2013,,,,z,Not applicable,0,Zero,,,N01,Data may vary from CSSF annual reports due to reporting deadlines or winding-up procedures.,,,C03,"Since 2019, CSSF uses the concept of ""investment fund managers"" (authorised IFMs include the following fund managers: management companies governed by chapter 15 of the law of 17 December 2010 on undertakings for collective investment, authorised alternative investment fund managers (AIFMs) governed by the law of 12 July 2013 on alternative investment fund managers) and has adjusted the calculation of the statistics accordingly.",,,spec,- Situation at the end of period.   - Management companies acording to Chapter 13 of the law of 20 December 2002.
DATAFLOW,LU1:DF_B3102(1.2),"Employment in the Luxembourg credit institutions, financial sector professionals and managment companies",I,A,Annual,C04,Investment fund managers,SL04,Luxembourgers,2014,,,,z,Not applicable,0,Zero,,,N01,Data may vary from CSSF annual reports due to reporting deadlines or winding-up procedures.,,,C03,"Since 2019, CSSF uses the concept of ""investment fund managers"" (authorised IFMs include the following fund managers: management companies governed by chapter 15 of the law of 17 December 2010 on undertakings for collective investment, authorised alternative investment fund managers (AIFMs) governed by the law of 12 July 2013 on alternative investment fund managers) and has adjusted the calculation of the statistics accordingly.",,,spec,- Situation at the end of period.   - Management companies acording to Chapter 13 of the law of 20 December 2002.
DATAFLOW,LU1:DF_B3102(1.2),"Employment in the Luxembourg credit institutions, financial sector professionals and managment companies",I,A,Annual,C04,Investment fund managers,SL04,Luxembourgers,2015,,,,z,Not applicable,0,Zero,,,N01,Data may vary from CSSF annual reports due to reporting deadlines or winding-up procedures.,,,C03,"Since 2019, CSSF uses the concept of ""investment fund managers"" (authorised IFMs include the following fund managers: management companies governed by chapter 15 of the law of 17 December 2010 on undertakings for collective investment, authorised alternative investment fund managers (AIFMs) governed by the law of 12 July 2013 on alternative investment fund managers) and has adjusted the calculation of the statistics accordingly.",,,spec,- Situation at the end of period.   - Management companies acording to Chapter 13 of the law of 20 December 2002.
DATAFLOW,LU1:DF_B3102(1.2),"Employment in the Luxembourg credit institutions, financial sector professionals and managment companies",I,A,Annual,C04,Investment fund managers,SL04,Luxembourgers,2016,,,,z,Not applicable,0,Zero,,,N01,Data may vary from CSSF annual reports due to reporting deadlines or winding-up procedures.,,,C03,"Since 2019, CSSF uses the concept of ""investment fund managers"" (authorised IFMs include the following fund managers: management companies governed by chapter 15 of the law of 17 December 2010 on undertakings for collective investment, authorised alternative investment fund managers (AIFMs) governed by the law of 12 July 2013 on alternative investment fund managers) and has adjusted the calculation of the statistics accordingly.",,,spec,- Situation at the end of period.   - Management companies acording to Chapter 13 of the law of 20 December 2002.
DATAFLOW,LU1:DF_B3102(1.2),"Employment in the Luxembourg credit institutions, financial sector professionals and managment companies",I,A,Annual,C04,Investment fund managers,SL04,Luxembourgers,2017,,,,z,Not applicable,0,Zero,,,N01,Data may vary from CSSF annual reports due to reporting deadlines or winding-up procedures.,,,C03,"Since 2019, CSSF uses the concept of ""investment fund managers"" (authorised IFMs include the following fund managers: management companies governed by chapter 15 of the law of 17 December 2010 on undertakings for collective investment, authorised alternative investment fund managers (AIFMs) governed by the law of 12 July 2013 on alternative investment fund managers) and has adjusted the calculation of the statistics accordingly.",,,spec,- Situation at the end of period.   - Management companies acording to Chapter 13 of the law of 20 December 2002.
DATAFLOW,LU1:DF_B3102(1.2),"Employment in the Luxembourg credit institutions, financial sector professionals and managment companies",I,A,Annual,C04,Investment fund managers,SL04,Luxembourgers,2018,,,,z,Not applicable,0,Zero,,,N01,Data may vary from CSSF annual reports due to reporting deadlines or winding-up procedures.,,,C03,"Since 2019, CSSF uses the concept of ""investment fund managers"" (authorised IFMs include the following fund managers: management companies governed by chapter 15 of the law of 17 December 2010 on undertakings for collective investment, authorised alternative investment fund managers (AIFMs) governed by the law of 12 July 2013 on alternative investment fund managers) and has adjusted the calculation of the statistics accordingly.",,,spec,- Situation at the end of period.   - Management companies acording to Chapter 13 of the law of 20 December 2002.
DATAFLOW,LU1:DF_B3102(1.2),"Employment in the Luxembourg credit institutions, financial sector professionals and managment companies",I,A,Annual,C04,Investment fund managers,SL04,Luxembourgers,2019,,,,l,Not available,0,Zero,,,N01,Data may vary from CSSF annual reports due to reporting deadlines or winding-up procedures.,,,C03,"Since 2019, CSSF uses the concept of ""investment fund managers"" (authorised IFMs include the following fund managers: management companies governed by chapter 15 of the law of 17 December 2010 on undertakings for collective investment, authorised alternative investment fund managers (AIFMs) governed by the law of 12 July 2013 on alternative investment fund managers) and has adjusted the calculation of the statistics accordingly.",,,spec,- Situation at the end of period.   - Management companies acording to Chapter 13 of the law of 20 December 2002.
DATAFLOW,LU1:DF_B3102(1.2),"Employment in the Luxembourg credit institutions, financial sector professionals and managment companies",I,A,Annual,C04,Investment fund managers,SL04,Luxembourgers,2020,,,,l,Not available,0,Zero,,,N01,Data may vary from CSSF annual reports due to reporting deadlines or winding-up procedures.,,,C03,"Since 2019, CSSF uses the concept of ""investment fund managers"" (authorised IFMs include the following fund managers: management companies governed by chapter 15 of the law of 17 December 2010 on undertakings for collective investment, authorised alternative investment fund managers (AIFMs) governed by the law of 12 July 2013 on alternative investment fund managers) and has adjusted the calculation of the statistics accordingly.",,,spec,- Situation at the end of period.   - Management companies acording to Chapter 13 of the law of 20 December 2002.
DATAFLOW,LU1:DF_B3102(1.2),"Employment in the Luxembourg credit institutions, financial sector professionals and managment companies",I,A,Annual,C04,Investment fund managers,SL04,Luxembourgers,2021,,,,l,Not available,0,Zero,,,N01,Data may vary from CSSF annual reports due to reporting deadlines or winding-up procedures.,,,C03,"Since 2019, CSSF uses the concept of ""investment fund managers"" (authorised IFMs include the following fund managers: management companies governed by chapter 15 of the law of 17 December 2010 on undertakings for collective investment, authorised alternative investment fund managers (AIFMs) governed by the law of 12 July 2013 on alternative investment fund managers) and has adjusted the calculation of the statistics accordingly.",,,spec,- Situation at the end of period.   - Management companies acording to Chapter 13 of the law of 20 December 2002.
DATAFLOW,LU1:DF_B3102(1.2),"Employment in the Luxembourg credit institutions, financial sector professionals and managment companies",I,A,Annual,C04,Investment fund managers,SL04,Luxembourgers,2022,,,,l,Not available,0,Zero,,,N01,Data may vary from CSSF annual reports due to reporting deadlines or winding-up procedures.,,,C03,"Since 2019, CSSF uses the concept of ""investment fund managers"" (authorised IFMs include the following fund managers: management companies governed by chapter 15 of the law of 17 December 2010 on undertakings for collective investment, authorised alternative investment fund managers (AIFMs) governed by the law of 12 July 2013 on alternative investment fund managers) and has adjusted the calculation of the statistics accordingly.",,,spec,- Situation at the end of period.   - Management companies acording to Chapter 13 of the law of 20 December 2002.
DATAFLOW,LU1:DF_B3102(1.2),"Employment in the Luxembourg credit institutions, financial sector professionals and managment companies",I,A,Annual,C04,Investment fund managers,SL04,Luxembourgers,2023,,,,l,Not available,0,Zero,,,N01,Data may vary from CSSF annual reports due to reporting deadlines or winding-up procedures.,,,C03,"Since 2019, CSSF uses the concept of ""investment fund managers"" (authorised IFMs include the following fund managers: management companies governed by chapter 15 of the law of 17 December 2010 on undertakings for collective investment, authorised alternative investment fund managers (AIFMs) governed by the law of 12 July 2013 on alternative investment fund managers) and has adjusted the calculation of the statistics accordingly.",,,spec,- Situation at the end of period.   - Management companies acording to Chapter 13 of the law of 20 December 2002.
DATAFLOW,LU1:DF_B3102(1.2),"Employment in the Luxembourg credit institutions, financial sector professionals and managment companies",I,A,Annual,C04,Investment fund managers,SL04,Luxembourgers,2024,,,,l,Not available,0,Zero,,,N01,Data may vary from CSSF annual reports due to reporting deadlines or winding-up procedures.,,,C03,"Since 2019, CSSF uses the concept of ""investment fund managers"" (authorised IFMs include the following fund managers: management companies governed by chapter 15 of the law of 17 December 2010 on undertakings for collective investment, authorised alternative investment fund managers (AIFMs) governed by the law of 12 July 2013 on alternative investment fund managers) and has adjusted the calculation of the statistics accordingly.",,,spec,- Situation at the end of period.   - Management companies acording to Chapter 13 of the law of 20 December 2002.
DATAFLOW,LU1:DF_B3102(1.2),"Employment in the Luxembourg credit institutions, financial sector professionals and managment companies",I,A,Annual,C04,Investment fund managers,SL04,Luxembourgers,2025,,,,l,Not available,0,Zero,,,N01,Data may vary from CSSF annual reports due to reporting deadlines or winding-up procedures.,,,C03,"Since 2019, CSSF uses the concept of ""investment fund managers"" (authorised IFMs include the following fund managers: management companies governed by chapter 15 of the law of 17 December 2010 on undertakings for collective investment, authorised alternative investment fund managers (AIFMs) governed by the law of 12 July 2013 on alternative investment fund managers) and has adjusted the calculation of the statistics accordingly.",,,spec,- Situation at the end of period.   - Management companies acording to Chapter 13 of the law of 20 December 2002.
DATAFLOW,LU1:DF_B3102(1.2),"Employment in the Luxembourg credit institutions, financial sector professionals and managment companies",I,A,Annual,C01,Credit institutions,SL01,TOTAL,1999,,21197,,,,0,Zero,,,N01,Data may vary from CSSF annual reports due to reporting deadlines or winding-up procedures.,,,,,,,spec,- Situation at the end of period.   - Management companies acording to Chapter 13 of the law of 20 December 2002.
DATAFLOW,LU1:DF_B3102(1.2),"Employment in the Luxembourg credit institutions, financial sector professionals and managment companies",I,A,Annual,C01,Credit institutions,SL01,TOTAL,2000,,23035,,,,0,Zero,,,N01,Data may vary from CSSF annual reports due to reporting deadlines or winding-up procedures.,,,,,,,spec,- Situation at the end of period.   - Management companies acording to Chapter 13 of the law of 20 December 2002.
DATAFLOW,LU1:DF_B3102(1.2),"Employment in the Luxembourg credit institutions, financial sector professionals and managment companies",I,A,Annual,C01,Credit institutions,SL01,TOTAL,2001,,23894,,,,0,Zero,,,N01,Data may vary from CSSF annual reports due to reporting deadlines or winding-up procedures.,,,,,,,spec,- Situation at the end of period.   - Management companies acording to Chapter 13 of the law of 20 December 2002.
DATAFLOW,LU1:DF_B3102(1.2),"Employment in the Luxembourg credit institutions, financial sector professionals and managment companies",I,A,Annual,C01,Credit institutions,SL01,TOTAL,2002,,23300,,,,0,Zero,,,N01,Data may vary from CSSF annual reports due to reporting deadlines or winding-up procedures.,,,,,,,spec,- Situation at the end of period.   - Management companies acording to Chapter 13 of the law of 20 December 2002.
DATAFLOW,LU1:DF_B3102(1.2),"Employment in the Luxembourg credit institutions, financial sector professionals and managment companies",I,A,Annual,C01,Credit institutions,SL01,TOTAL,2003,,22513,,,,0,Zero,,,N01,Data may vary from CSSF annual reports due to reporting deadlines or winding-up procedures.,,,,,,,spec,- Situation at the end of period.   - Management companies acording to Chapter 13 of the law of 20 December 2002.
DATAFLOW,LU1:DF_B3102(1.2),"Employment in the Luxembourg credit institutions, financial sector professionals and managment companies",I,A,Annual,C01,Credit institutions,SL01,TOTAL,2004,,22549,,,,0,Zero,,,N01,Data may vary from CSSF annual reports due to reporting deadlines or winding-up procedures.,,,,,,,spec,- Situation at the end of period.   - Management companies acording to Chapter 13 of the law of 20 December 2002.
DATAFLOW,LU1:DF_B3102(1.2),"Employment in the Luxembourg credit institutions, financial sector professionals and managment companies",I,A,Annual,C01,Credit institutions,SL01,TOTAL,2005,,23224,,,,0,Zero,,,N01,Data may vary from CSSF annual reports due to reporting deadlines or winding-up procedures.,,,,,,,spec,- Situation at the end of period.   - Management companies acording to Chapter 13 of the law of 20 December 2002.
DATAFLOW,LU1:DF_B3102(1.2),"Employment in the Luxembourg credit institutions, financial sector professionals and managment companies",I,A,Annual,C01,Credit institutions,SL01,TOTAL,2006,,24752,,,,0,Zero,,,N01,Data may vary from CSSF annual reports due to reporting deadlines or winding-up procedures.,,,,,,,spec,- Situation at the end of period.   - Management companies acording to Chapter 13 of the law of 20 December 2002.
DATAFLOW,LU1:DF_B3102(1.2),"Employment in the Luxembourg credit institutions, financial sector professionals and managment companies",I,A,Annual,C01,Credit institutions,SL01,TOTAL,2007,,26139,,,,0,Zero,,,N01,Data may vary from CSSF annual reports due to reporting deadlines or winding-up procedures.,,,,,,,spec,- Situation at the end of period.   - Management companies acording to Chapter 13 of the law of 20 December 2002.
DATAFLOW,LU1:DF_B3102(1.2),"Employment in the Luxembourg credit institutions, financial sector professionals and managment companies",I,A,Annual,C01,Credit institutions,SL01,TOTAL,2008,,27208,,,,0,Zero,,,N01,Data may vary from CSSF annual reports due to reporting deadlines or winding-up procedures.,,,,,,,spec,- Situation at the end of period.   - Management companies acording to Chapter 13 of the law of 20 December 2002.
DATAFLOW,LU1:DF_B3102(1.2),"Employment in the Luxembourg credit institutions, financial sector professionals and managment companies",I,A,Annual,C01,Credit institutions,SL01,TOTAL,2009,,26416,,,,0,Zero,,,N01,Data may vary from CSSF annual reports due to reporting deadlines or winding-up procedures.,,,,,,,spec,- Situation at the end of period.   - Management companies acording to Chapter 13 of the law of 20 December 2002.
DATAFLOW,LU1:DF_B3102(1.2),"Employment in the Luxembourg credit institutions, financial sector professionals and managment companies",I,A,Annual,C01,Credit institutions,SL01,TOTAL,2010,,26255,,,,0,Zero,,,N01,Data may vary from CSSF annual reports due to reporting deadlines or winding-up procedures.,,,,,,,spec,- Situation at the end of period.   - Management companies acording to Chapter 13 of the law of 20 December 2002.
DATAFLOW,LU1:DF_B3102(1.2),"Employment in the Luxembourg credit institutions, financial sector professionals and managment companies",I,A,Annual,C01,Credit institutions,SL01,TOTAL,2011,,26694,,,,0,Zero,,,N01,Data may vary from CSSF annual reports due to reporting deadlines or winding-up procedures.,,,,,,,spec,- Situation at the end of period.   - Management companies acording to Chapter 13 of the law of 20 December 2002.
DATAFLOW,LU1:DF_B3102(1.2),"Employment in the Luxembourg credit institutions, financial sector professionals and managment companies",I,A,Annual,C01,Credit institutions,SL01,TOTAL,2012,,26534,,,,0,Zero,,,N01,Data may vary from CSSF annual reports due to reporting deadlines or winding-up procedures.,,,,,,,spec,- Situation at the end of period.   - Management companies acording to Chapter 13 of the law of 20 December 2002.
DATAFLOW,LU1:DF_B3102(1.2),"Employment in the Luxembourg credit institutions, financial sector professionals and managment companies",I,A,Annual,C01,Credit institutions,SL01,TOTAL,2013,,26237,,,,0,Zero,,,N01,Data may vary from CSSF annual reports due to reporting deadlines or winding-up procedures.,,,,,,,spec,- Situation at the end of period.   - Management companies acording to Chapter 13 of the law of 20 December 2002.
DATAFLOW,LU1:DF_B3102(1.2),"Employment in the Luxembourg credit institutions, financial sector professionals and managment companies",I,A,Annual,C01,Credit institutions,SL01,TOTAL,2014,,25823,,,,0,Zero,,,N01,Data may vary from CSSF annual reports due to reporting deadlines or winding-up procedures.,,,,,,,spec,- Situation at the end of period.   - Management companies acording to Chapter 13 of the law of 20 December 2002.
DATAFLOW,LU1:DF_B3102(1.2),"Employment in the Luxembourg credit institutions, financial sector professionals and managment companies",I,A,Annual,C01,Credit institutions,SL01,TOTAL,2015,,25897,,,,0,Zero,,,N01,Data may vary from CSSF annual reports due to reporting deadlines or winding-up procedures.,,,,,,,spec,- Situation at the end of period.   - Management companies acording to Chapter 13 of the law of 20 December 2002.
DATAFLOW,LU1:DF_B3102(1.2),"Employment in the Luxembourg credit institutions, financial sector professionals and managment companies",I,A,Annual,C01,Credit institutions,SL01,TOTAL,2016,,26063,,,,0,Zero,,,N01,Data may vary from CSSF annual reports due to reporting deadlines or winding-up procedures.,,,,,,,spec,- Situation at the end of period.   - Management companies acording to Chapter 13 of the law of 20 December 2002.
DATAFLOW,LU1:DF_B3102(1.2),"Employment in the Luxembourg credit institutions, financial sector professionals and managment companies",I,A,Annual,C01,Credit institutions,SL01,TOTAL,2017,,26111,,,,0,Zero,,,N01,Data may vary from CSSF annual reports due to reporting deadlines or winding-up procedures.,,,,,,,spec,- Situation at the end of period.   - Management companies acording to Chapter 13 of the law of 20 December 2002.
DATAFLOW,LU1:DF_B3102(1.2),"Employment in the Luxembourg credit institutions, financial sector professionals and managment companies",I,A,Annual,C01,Credit institutions,SL01,TOTAL,2018,,26317,,,,0,Zero,,,N01,Data may vary from CSSF annual reports due to reporting deadlines or winding-up procedures.,,,,,,,spec,- Situation at the end of period.   - Management companies acording to Chapter 13 of the law of 20 December 2002.
DATAFLOW,LU1:DF_B3102(1.2),"Employment in the Luxembourg credit institutions, financial sector professionals and managment companies",I,A,Annual,C01,Credit institutions,SL01,TOTAL,2019,,26334,,,,0,Zero,,,N01,Data may vary from CSSF annual reports due to reporting deadlines or winding-up procedures.,,,,,,,spec,- Situation at the end of period.   - Management companies acording to Chapter 13 of the law of 20 December 2002.
DATAFLOW,LU1:DF_B3102(1.2),"Employment in the Luxembourg credit institutions, financial sector professionals and managment companies",I,A,Annual,C01,Credit institutions,SL01,TOTAL,2020,,26059,,,,0,Zero,,,N01,Data may vary from CSSF annual reports due to reporting deadlines or winding-up procedures.,,,,,,,spec,- Situation at the end of period.   - Management companies acording to Chapter 13 of the law of 20 December 2002.
DATAFLOW,LU1:DF_B3102(1.2),"Employment in the Luxembourg credit institutions, financial sector professionals and managment companies",I,A,Annual,C01,Credit institutions,SL01,TOTAL,2021,,25966,,,,0,Zero,,,N01,Data may vary from CSSF annual reports due to reporting deadlines or winding-up procedures.,,,,,,,spec,- Situation at the end of period.   - Management companies acording to Chapter 13 of the law of 20 December 2002.
DATAFLOW,LU1:DF_B3102(1.2),"Employment in the Luxembourg credit institutions, financial sector professionals and managment companies",I,A,Annual,C01,Credit institutions,SL01,TOTAL,2022,,26012,,,,0,Zero,,,N01,Data may vary from CSSF annual reports due to reporting deadlines or winding-up procedures.,,,,,,,spec,- Situation at the end of period.   - Management companies acording to Chapter 13 of the law of 20 December 2002.
DATAFLOW,LU1:DF_B3102(1.2),"Employment in the Luxembourg credit institutions, financial sector professionals and managment companies",I,A,Annual,C01,Credit institutions,SL01,TOTAL,2023,,26254,,,,0,Zero,,,N01,Data may vary from CSSF annual reports due to reporting deadlines or winding-up procedures.,,,,,,,spec,- Situation at the end of period.   - Management companies acording to Chapter 13 of the law of 20 December 2002.
DATAFLOW,LU1:DF_B3102(1.2),"Employment in the Luxembourg credit institutions, financial sector professionals and managment companies",I,A,Annual,C01,Credit institutions,SL01,TOTAL,2024,,26148,,,,0,Zero,,,N01,Data may vary from CSSF annual reports due to reporting deadlines or winding-up procedures.,,,,,,,spec,- Situation at the end of period.   - Management companies acording to Chapter 13 of the law of 20 December 2002.
DATAFLOW,LU1:DF_B3102(1.2),"Employment in the Luxembourg credit institutions, financial sector professionals and managment companies",I,A,Annual,C01,Credit institutions,SL01,TOTAL,2025,,26284,,,,0,Zero,,,N01,Data may vary from CSSF annual reports due to reporting deadlines or winding-up procedures.,,,,,,,spec,- Situation at the end of period.   - Management companies acording to Chapter 13 of the law of 20 December 2002.
DATAFLOW,LU1:DF_B3102(1.2),"Employment in the Luxembourg credit institutions, financial sector professionals and managment companies",I,A,Annual,C02,Financial sector professionals,SL02,Men,1999,,1516,,,,0,Zero,,,N01,Data may vary from CSSF annual reports due to reporting deadlines or winding-up procedures.,,,C02,"FSP include specialised financial sector professionals, support financial sector professionals and investment firms",,,spec,- Situation at the end of period.   - Management companies acording to Chapter 13 of the law of 20 December 2002.
DATAFLOW,LU1:DF_B3102(1.2),"Employment in the Luxembourg credit institutions, financial sector professionals and managment companies",I,A,Annual,C02,Financial sector professionals,SL02,Men,2000,,1822,,,,0,Zero,,,N01,Data may vary from CSSF annual reports due to reporting deadlines or winding-up procedures.,,,C02,"FSP include specialised financial sector professionals, support financial sector professionals and investment firms",,,spec,- Situation at the end of period.   - Management companies acording to Chapter 13 of the law of 20 December 2002.
DATAFLOW,LU1:DF_B3102(1.2),"Employment in the Luxembourg credit institutions, financial sector professionals and managment companies",I,A,Annual,C02,Financial sector professionals,SL02,Men,2001,,2206,,,,0,Zero,,,N01,Data may vary from CSSF annual reports due to reporting deadlines or winding-up procedures.,,,C02,"FSP include specialised financial sector professionals, support financial sector professionals and investment firms",,,spec,- Situation at the end of period.   - Management companies acording to Chapter 13 of the law of 20 December 2002.
DATAFLOW,LU1:DF_B3102(1.2),"Employment in the Luxembourg credit institutions, financial sector professionals and managment companies",I,A,Annual,C02,Financial sector professionals,SL02,Men,2002,,2268,,,,0,Zero,,,N01,Data may vary from CSSF annual reports due to reporting deadlines or winding-up procedures.,,,C02,"FSP include specialised financial sector professionals, support financial sector professionals and investment firms",,,spec,- Situation at the end of period.   - Management companies acording to Chapter 13 of the law of 20 December 2002.
DATAFLOW,LU1:DF_B3102(1.2),"Employment in the Luxembourg credit institutions, financial sector professionals and managment companies",I,A,Annual,C02,Financial sector professionals,SL02,Men,2003,,2368,,,,0,Zero,,,N01,Data may vary from CSSF annual reports due to reporting deadlines or winding-up procedures.,,,C02,"FSP include specialised financial sector professionals, support financial sector professionals and investment firms",,,spec,- Situation at the end of period.   - Management companies acording to Chapter 13 of the law of 20 December 2002.
DATAFLOW,LU1:DF_B3102(1.2),"Employment in the Luxembourg credit institutions, financial sector professionals and managment companies",I,A,Annual,C02,Financial sector professionals,SL02,Men,2004,,3514,,,,0,Zero,,,N01,Data may vary from CSSF annual reports due to reporting deadlines or winding-up procedures.,,,C02,"FSP include specialised financial sector professionals, support financial sector professionals and investment firms",,,spec,- Situation at the end of period.   - Management companies acording to Chapter 13 of the law of 20 December 2002.
DATAFLOW,LU1:DF_B3102(1.2),"Employment in the Luxembourg credit institutions, financial sector professionals and managment companies",I,A,Annual,C02,Financial sector professionals,SL02,Men,2005,,3938,,,,0,Zero,,,N01,Data may vary from CSSF annual reports due to reporting deadlines or winding-up procedures.,,,C02,"FSP include specialised financial sector professionals, support financial sector professionals and investment firms",,,spec,- Situation at the end of period.   - Management companies acording to Chapter 13 of the law of 20 December 2002.
DATAFLOW,LU1:DF_B3102(1.2),"Employment in the Luxembourg credit institutions, financial sector professionals and managment companies",I,A,Annual,C02,Financial sector professionals,SL02,Men,2006,,6748,,,,0,Zero,,,N01,Data may vary from CSSF annual reports due to reporting deadlines or winding-up procedures.,,,C02,"FSP include specialised financial sector professionals, support financial sector professionals and investment firms",,,spec,- Situation at the end of period.   - Management companies acording to Chapter 13 of the law of 20 December 2002.
DATAFLOW,LU1:DF_B3102(1.2),"Employment in the Luxembourg credit institutions, financial sector professionals and managment companies",I,A,Annual,C02,Financial sector professionals,SL02,Men,2007,,7981,,,,0,Zero,,,N01,Data may vary from CSSF annual reports due to reporting deadlines or winding-up procedures.,,,C02,"FSP include specialised financial sector professionals, support financial sector professionals and investment firms",,,spec,- Situation at the end of period.   - Management companies acording to Chapter 13 of the law of 20 December 2002.
DATAFLOW,LU1:DF_B3102(1.2),"Employment in the Luxembourg credit institutions, financial sector professionals and managment companies",I,A,Annual,C02,Financial sector professionals,SL02,Men,2008,,9130,,,,0,Zero,,,N01,Data may vary from CSSF annual reports due to reporting deadlines or winding-up procedures.,,,C02,"FSP include specialised financial sector professionals, support financial sector professionals and investment firms",,,spec,- Situation at the end of period.   - Management companies acording to Chapter 13 of the law of 20 December 2002.
DATAFLOW,LU1:DF_B3102(1.2),"Employment in the Luxembourg credit institutions, financial sector professionals and managment companies",I,A,Annual,C02,Financial sector professionals,SL02,Men,2009,,8986,,,,0,Zero,,,N01,Data may vary from CSSF annual reports due to reporting deadlines or winding-up procedures.,,,C02,"FSP include specialised financial sector professionals, support financial sector professionals and investment firms",,,spec,- Situation at the end of period.   - Management companies acording to Chapter 13 of the law of 20 December 2002.
DATAFLOW,LU1:DF_B3102(1.2),"Employment in the Luxembourg credit institutions, financial sector professionals and managment companies",I,A,Annual,C02,Financial sector professionals,SL02,Men,2010,,9377,,,,0,Zero,,,N01,Data may vary from CSSF annual reports due to reporting deadlines or winding-up procedures.,,,C02,"FSP include specialised financial sector professionals, support financial sector professionals and investment firms",,,spec,- Situation at the end of period.   - Management companies acording to Chapter 13 of the law of 20 December 2002.
DATAFLOW,LU1:DF_B3102(1.2),"Employment in the Luxembourg credit institutions, financial sector professionals and managment companies",I,A,Annual,C02,Financial sector professionals,SL02,Men,2011,,9496,,,,0,Zero,,,N01,Data may vary from CSSF annual reports due to reporting deadlines or winding-up procedures.,,,C02,"FSP include specialised financial sector professionals, support financial sector professionals and investment firms",,,spec,- Situation at the end of period.   - Management companies acording to Chapter 13 of the law of 20 December 2002.
DATAFLOW,LU1:DF_B3102(1.2),"Employment in the Luxembourg credit institutions, financial sector professionals and managment companies",I,A,Annual,C02,Financial sector professionals,SL02,Men,2012,,9958,,,,0,Zero,,,N01,Data may vary from CSSF annual reports due to reporting deadlines or winding-up procedures.,,,C02,"FSP include specialised financial sector professionals, support financial sector professionals and investment firms",,,spec,- Situation at the end of period.   - Management companies acording to Chapter 13 of the law of 20 December 2002.
DATAFLOW,LU1:DF_B3102(1.2),"Employment in the Luxembourg credit institutions, financial sector professionals and managment companies",I,A,Annual,C02,Financial sector professionals,SL02,Men,2013,,9795,,,,0,Zero,,,N01,Data may vary from CSSF annual reports due to reporting deadlines or winding-up procedures.,,,C02,"FSP include specialised financial sector professionals, support financial sector professionals and investment firms",,,spec,- Situation at the end of period.   - Management companies acording to Chapter 13 of the law of 20 December 2002.
DATAFLOW,LU1:DF_B3102(1.2),"Employment in the Luxembourg credit institutions, financial sector professionals and managment companies",I,A,Annual,C02,Financial sector professionals,SL02,Men,2014,,10011,,,,0,Zero,,,N01,Data may vary from CSSF annual reports due to reporting deadlines or winding-up procedures.,,,C02,"FSP include specialised financial sector professionals, support financial sector professionals and investment firms",,,spec,- Situation at the end of period.   - Management companies acording to Chapter 13 of the law of 20 December 2002.
DATAFLOW,LU1:DF_B3102(1.2),"Employment in the Luxembourg credit institutions, financial sector professionals and managment companies",I,A,Annual,C02,Financial sector professionals,SL02,Men,2015,,10365,,,,0,Zero,,,N01,Data may vary from CSSF annual reports due to reporting deadlines or winding-up procedures.,,,C02,"FSP include specialised financial sector professionals, support financial sector professionals and investment firms",,,spec,- Situation at the end of period.   - Management companies acording to Chapter 13 of the law of 20 December 2002.
DATAFLOW,LU1:DF_B3102(1.2),"Employment in the Luxembourg credit institutions, financial sector professionals and managment companies",I,A,Annual,C02,Financial sector professionals,SL02,Men,2016,,10468,,,,0,Zero,,,N01,Data may vary from CSSF annual reports due to reporting deadlines or winding-up procedures.,,,C02,"FSP include specialised financial sector professionals, support financial sector professionals and investment firms",,,spec,- Situation at the end of period.   - Management companies acording to Chapter 13 of the law of 20 December 2002.
DATAFLOW,LU1:DF_B3102(1.2),"Employment in the Luxembourg credit institutions, financial sector professionals and managment companies",I,A,Annual,C02,Financial sector professionals,SL02,Men,2017,,10747,,,,0,Zero,,,N01,Data may vary from CSSF annual reports due to reporting deadlines or winding-up procedures.,,,C02,"FSP include specialised financial sector professionals, support financial sector professionals and investment firms",,,spec,- Situation at the end of period.   - Management companies acording to Chapter 13 of the law of 20 December 2002.
DATAFLOW,LU1:DF_B3102(1.2),"Employment in the Luxembourg credit institutions, financial sector professionals and managment companies",I,A,Annual,C02,Financial sector professionals,SL02,Men,2018,,11466,,,,0,Zero,,,N01,Data may vary from CSSF annual reports due to reporting deadlines or winding-up procedures.,,,C02,"FSP include specialised financial sector professionals, support financial sector professionals and investment firms",,,spec,- Situation at the end of period.   - Management companies acording to Chapter 13 of the law of 20 December 2002.
DATAFLOW,LU1:DF_B3102(1.2),"Employment in the Luxembourg credit institutions, financial sector professionals and managment companies",I,A,Annual,C02,Financial sector professionals,SL02,Men,2019,,11596,,,,0,Zero,,,N01,Data may vary from CSSF annual reports due to reporting deadlines or winding-up procedures.,,,C02,"FSP include specialised financial sector professionals, support financial sector professionals and investment firms",,,spec,- Situation at the end of period.   - Management companies acording to Chapter 13 of the law of 20 December 2002.
DATAFLOW,LU1:DF_B3102(1.2),"Employment in the Luxembourg credit institutions, financial sector professionals and managment companies",I,A,Annual,C02,Financial sector professionals,SL02,Men,2020,,10837,,,,0,Zero,,,N01,Data may vary from CSSF annual reports due to reporting deadlines or winding-up procedures.,,,C02,"FSP include specialised financial sector professionals, support financial sector professionals and investment firms",,,spec,- Situation at the end of period.   - Management companies acording to Chapter 13 of the law of 20 December 2002.
DATAFLOW,LU1:DF_B3102(1.2),"Employment in the Luxembourg credit institutions, financial sector professionals and managment companies",I,A,Annual,C02,Financial sector professionals,SL02,Men,2021,,11156,,,,0,Zero,,,N01,Data may vary from CSSF annual reports due to reporting deadlines or winding-up procedures.,,,C02,"FSP include specialised financial sector professionals, support financial sector professionals and investment firms",,,spec,- Situation at the end of period.   - Management companies acording to Chapter 13 of the law of 20 December 2002.
DATAFLOW,LU1:DF_B3102(1.2),"Employment in the Luxembourg credit institutions, financial sector professionals and managment companies",I,A,Annual,C02,Financial sector professionals,SL02,Men,2022,,11344,,,,0,Zero,,,N01,Data may vary from CSSF annual reports due to reporting deadlines or winding-up procedures.,,,C02,"FSP include specialised financial sector professionals, support financial sector professionals and investment firms",,,spec,- Situation at the end of period.   - Management companies acording to Chapter 13 of the law of 20 December 2002.
DATAFLOW,LU1:DF_B3102(1.2),"Employment in the Luxembourg credit institutions, financial sector professionals and managment companies",I,A,Annual,C02,Financial sector professionals,SL02,Men,2023,,10942,,,,0,Zero,,,N01,Data may vary from CSSF annual reports due to reporting deadlines or winding-up procedures.,,,C02,"FSP include specialised financial sector professionals, support financial sector professionals and investment firms",,,spec,- Situation at the end of period.   - Management companies acording to Chapter 13 of the law of 20 December 2002.
DATAFLOW,LU1:DF_B3102(1.2),"Employment in the Luxembourg credit institutions, financial sector professionals and managment companies",I,A,Annual,C02,Financial sector professionals,SL02,Men,2024,,11231,,,,0,Zero,,,N01,Data may vary from CSSF annual reports due to reporting deadlines or winding-up procedures.,,,C02,"FSP include specialised financial sector professionals, support financial sector professionals and investment firms",,,spec,- Situation at the end of period.   - Management companies acording to Chapter 13 of the law of 20 December 2002.
DATAFLOW,LU1:DF_B3102(1.2),"Employment in the Luxembourg credit institutions, financial sector professionals and managment companies",I,A,Annual,C02,Financial sector professionals,SL02,Men,2025,,11094,,,,0,Zero,,,N01,Data may vary from CSSF annual reports due to reporting deadlines or winding-up procedures.,,,C02,"FSP include specialised financial sector professionals, support financial sector professionals and investment firms",,,spec,- Situation at the end of period.   - Management companies acording to Chapter 13 of the law of 20 December 2002.
DATAFLOW,LU1:DF_B3102(1.2),"Employment in the Luxembourg credit institutions, financial sector professionals and managment companies",I,A,Annual,C01,Credit institutions,SL03,Women,1999,,9682,,,,0,Zero,,,N01,Data may vary from CSSF annual reports due to reporting deadlines or winding-up procedures.,,,,,,,spec,- Situation at the end of period.   - Management companies acording to Chapter 13 of the law of 20 December 2002.
DATAFLOW,LU1:DF_B3102(1.2),"Employment in the Luxembourg credit institutions, financial sector professionals and managment companies",I,A,Annual,C01,Credit institutions,SL03,Women,2000,,10613,,,,0,Zero,,,N01,Data may vary from CSSF annual reports due to reporting deadlines or winding-up procedures.,,,,,,,spec,- Situation at the end of period.   - Management companies acording to Chapter 13 of the law of 20 December 2002.
DATAFLOW,LU1:DF_B3102(1.2),"Employment in the Luxembourg credit institutions, financial sector professionals and managment companies",I,A,Annual,C01,Credit institutions,SL03,Women,2001,,11037,,,,0,Zero,,,N01,Data may vary from CSSF annual reports due to reporting deadlines or winding-up procedures.,,,,,,,spec,- Situation at the end of period.   - Management companies acording to Chapter 13 of the law of 20 December 2002.
DATAFLOW,LU1:DF_B3102(1.2),"Employment in the Luxembourg credit institutions, financial sector professionals and managment companies",I,A,Annual,C01,Credit institutions,SL03,Women,2002,,10680,,,,0,Zero,,,N01,Data may vary from CSSF annual reports due to reporting deadlines or winding-up procedures.,,,,,,,spec,- Situation at the end of period.   - Management companies acording to Chapter 13 of the law of 20 December 2002.
DATAFLOW,LU1:DF_B3102(1.2),"Employment in the Luxembourg credit institutions, financial sector professionals and managment companies",I,A,Annual,C01,Credit institutions,SL03,Women,2003,,10290,,,,0,Zero,,,N01,Data may vary from CSSF annual reports due to reporting deadlines or winding-up procedures.,,,,,,,spec,- Situation at the end of period.   - Management companies acording to Chapter 13 of the law of 20 December 2002.
DATAFLOW,LU1:DF_B3102(1.2),"Employment in the Luxembourg credit institutions, financial sector professionals and managment companies",I,A,Annual,C01,Credit institutions,SL03,Women,2004,,10281,,,,0,Zero,,,N01,Data may vary from CSSF annual reports due to reporting deadlines or winding-up procedures.,,,,,,,spec,- Situation at the end of period.   - Management companies acording to Chapter 13 of the law of 20 December 2002.
DATAFLOW,LU1:DF_B3102(1.2),"Employment in the Luxembourg credit institutions, financial sector professionals and managment companies",I,A,Annual,C01,Credit institutions,SL03,Women,2005,,10617,,,,0,Zero,,,N01,Data may vary from CSSF annual reports due to reporting deadlines or winding-up procedures.,,,,,,,spec,- Situation at the end of period.   - Management companies acording to Chapter 13 of the law of 20 December 2002.
DATAFLOW,LU1:DF_B3102(1.2),"Employment in the Luxembourg credit institutions, financial sector professionals and managment companies",I,A,Annual,C01,Credit institutions,SL03,Women,2006,,11298,,,,0,Zero,,,N01,Data may vary from CSSF annual reports due to reporting deadlines or winding-up procedures.,,,,,,,spec,- Situation at the end of period.   - Management companies acording to Chapter 13 of the law of 20 December 2002.
DATAFLOW,LU1:DF_B3102(1.2),"Employment in the Luxembourg credit institutions, financial sector professionals and managment companies",I,A,Annual,C01,Credit institutions,SL03,Women,2007,,11914,,,,0,Zero,,,N01,Data may vary from CSSF annual reports due to reporting deadlines or winding-up procedures.,,,,,,,spec,- Situation at the end of period.   - Management companies acording to Chapter 13 of the law of 20 December 2002.
DATAFLOW,LU1:DF_B3102(1.2),"Employment in the Luxembourg credit institutions, financial sector professionals and managment companies",I,A,Annual,C01,Credit institutions,SL03,Women,2008,,12430,,,,0,Zero,,,N01,Data may vary from CSSF annual reports due to reporting deadlines or winding-up procedures.,,,,,,,spec,- Situation at the end of period.   - Management companies acording to Chapter 13 of the law of 20 December 2002.
DATAFLOW,LU1:DF_B3102(1.2),"Employment in the Luxembourg credit institutions, financial sector professionals and managment companies",I,A,Annual,C01,Credit institutions,SL03,Women,2009,,11998,,,,0,Zero,,,N01,Data may vary from CSSF annual reports due to reporting deadlines or winding-up procedures.,,,,,,,spec,- Situation at the end of period.   - Management companies acording to Chapter 13 of the law of 20 December 2002.
DATAFLOW,LU1:DF_B3102(1.2),"Employment in the Luxembourg credit institutions, financial sector professionals and managment companies",I,A,Annual,C01,Credit institutions,SL03,Women,2010,,12040,,,,0,Zero,,,N01,Data may vary from CSSF annual reports due to reporting deadlines or winding-up procedures.,,,,,,,spec,- Situation at the end of period.   - Management companies acording to Chapter 13 of the law of 20 December 2002.
DATAFLOW,LU1:DF_B3102(1.2),"Employment in the Luxembourg credit institutions, financial sector professionals and managment companies",I,A,Annual,C01,Credit institutions,SL03,Women,2011,,12250,,,,0,Zero,,,N01,Data may vary from CSSF annual reports due to reporting deadlines or winding-up procedures.,,,,,,,spec,- Situation at the end of period.   - Management companies acording to Chapter 13 of the law of 20 December 2002.
DATAFLOW,LU1:DF_B3102(1.2),"Employment in the Luxembourg credit institutions, financial sector professionals and managment companies",I,A,Annual,C01,Credit institutions,SL03,Women,2012,,12156,,,,0,Zero,,,N01,Data may vary from CSSF annual reports due to reporting deadlines or winding-up procedures.,,,,,,,spec,- Situation at the end of period.   - Management companies acording to Chapter 13 of the law of 20 December 2002.
DATAFLOW,LU1:DF_B3102(1.2),"Employment in the Luxembourg credit institutions, financial sector professionals and managment companies",I,A,Annual,C01,Credit institutions,SL03,Women,2013,,12089,,,,0,Zero,,,N01,Data may vary from CSSF annual reports due to reporting deadlines or winding-up procedures.,,,,,,,spec,- Situation at the end of period.   - Management companies acording to Chapter 13 of the law of 20 December 2002.
DATAFLOW,LU1:DF_B3102(1.2),"Employment in the Luxembourg credit institutions, financial sector professionals and managment companies",I,A,Annual,C01,Credit institutions,SL03,Women,2014,,11768,,,,0,Zero,,,N01,Data may vary from CSSF annual reports due to reporting deadlines or winding-up procedures.,,,,,,,spec,- Situation at the end of period.   - Management companies acording to Chapter 13 of the law of 20 December 2002.
DATAFLOW,LU1:DF_B3102(1.2),"Employment in the Luxembourg credit institutions, financial sector professionals and managment companies",I,A,Annual,C01,Credit institutions,SL03,Women,2015,,11879,,,,0,Zero,,,N01,Data may vary from CSSF annual reports due to reporting deadlines or winding-up procedures.,,,,,,,spec,- Situation at the end of period.   - Management companies acording to Chapter 13 of the law of 20 December 2002.
DATAFLOW,LU1:DF_B3102(1.2),"Employment in the Luxembourg credit institutions, financial sector professionals and managment companies",I,A,Annual,C01,Credit institutions,SL03,Women,2016,,11924,,,,0,Zero,,,N01,Data may vary from CSSF annual reports due to reporting deadlines or winding-up procedures.,,,,,,,spec,- Situation at the end of period.   - Management companies acording to Chapter 13 of the law of 20 December 2002.
DATAFLOW,LU1:DF_B3102(1.2),"Employment in the Luxembourg credit institutions, financial sector professionals and managment companies",I,A,Annual,C01,Credit institutions,SL03,Women,2017,,11857,,,,0,Zero,,,N01,Data may vary from CSSF annual reports due to reporting deadlines or winding-up procedures.,,,,,,,spec,- Situation at the end of period.   - Management companies acording to Chapter 13 of the law of 20 December 2002.
DATAFLOW,LU1:DF_B3102(1.2),"Employment in the Luxembourg credit institutions, financial sector professionals and managment companies",I,A,Annual,C01,Credit institutions,SL03,Women,2018,,11873,,,,0,Zero,,,N01,Data may vary from CSSF annual reports due to reporting deadlines or winding-up procedures.,,,,,,,spec,- Situation at the end of period.   - Management companies acording to Chapter 13 of the law of 20 December 2002.
DATAFLOW,LU1:DF_B3102(1.2),"Employment in the Luxembourg credit institutions, financial sector professionals and managment companies",I,A,Annual,C01,Credit institutions,SL03,Women,2019,,11844,,,,0,Zero,,,N01,Data may vary from CSSF annual reports due to reporting deadlines or winding-up procedures.,,,,,,,spec,- Situation at the end of period.   - Management companies acording to Chapter 13 of the law of 20 December 2002.
DATAFLOW,LU1:DF_B3102(1.2),"Employment in the Luxembourg credit institutions, financial sector professionals and managment companies",I,A,Annual,C01,Credit institutions,SL03,Women,2020,,11870,,,,0,Zero,,,N01,Data may vary from CSSF annual reports due to reporting deadlines or winding-up procedures.,,,,,,,spec,- Situation at the end of period.   - Management companies acording to Chapter 13 of the law of 20 December 2002.
DATAFLOW,LU1:DF_B3102(1.2),"Employment in the Luxembourg credit institutions, financial sector professionals and managment companies",I,A,Annual,C01,Credit institutions,SL03,Women,2021,,11580,,,,0,Zero,,,N01,Data may vary from CSSF annual reports due to reporting deadlines or winding-up procedures.,,,,,,,spec,- Situation at the end of period.   - Management companies acording to Chapter 13 of the law of 20 December 2002.
DATAFLOW,LU1:DF_B3102(1.2),"Employment in the Luxembourg credit institutions, financial sector professionals and managment companies",I,A,Annual,C01,Credit institutions,SL03,Women,2022,,11618,,,,0,Zero,,,N01,Data may vary from CSSF annual reports due to reporting deadlines or winding-up procedures.,,,,,,,spec,- Situation at the end of period.   - Management companies acording to Chapter 13 of the law of 20 December 2002.
DATAFLOW,LU1:DF_B3102(1.2),"Employment in the Luxembourg credit institutions, financial sector professionals and managment companies",I,A,Annual,C01,Credit institutions,SL03,Women,2023,,11694,,,,0,Zero,,,N01,Data may vary from CSSF annual reports due to reporting deadlines or winding-up procedures.,,,,,,,spec,- Situation at the end of period.   - Management companies acording to Chapter 13 of the law of 20 December 2002.
DATAFLOW,LU1:DF_B3102(1.2),"Employment in the Luxembourg credit institutions, financial sector professionals and managment companies",I,A,Annual,C01,Credit institutions,SL03,Women,2024,,11596,,,,0,Zero,,,N01,Data may vary from CSSF annual reports due to reporting deadlines or winding-up procedures.,,,,,,,spec,- Situation at the end of period.   - Management companies acording to Chapter 13 of the law of 20 December 2002.
DATAFLOW,LU1:DF_B3102(1.2),"Employment in the Luxembourg credit institutions, financial sector professionals and managment companies",I,A,Annual,C01,Credit institutions,SL03,Women,2025,,11649,,,,0,Zero,,,N01,Data may vary from CSSF annual reports due to reporting deadlines or winding-up procedures.,,,,,,,spec,- Situation at the end of period.   - Management companies acording to Chapter 13 of the law of 20 December 2002.
DATAFLOW,LU1:DF_B3102(1.2),"Employment in the Luxembourg credit institutions, financial sector professionals and managment companies",I,A,Annual,C04,Investment fund managers,SL08,Men,1999,,,,z,Not applicable,0,Zero,,,N01,Data may vary from CSSF annual reports due to reporting deadlines or winding-up procedures.,,,C03,"Since 2019, CSSF uses the concept of ""investment fund managers"" (authorised IFMs include the following fund managers: management companies governed by chapter 15 of the law of 17 December 2010 on undertakings for collective investment, authorised alternative investment fund managers (AIFMs) governed by the law of 12 July 2013 on alternative investment fund managers) and has adjusted the calculation of the statistics accordingly.",,,spec,- Situation at the end of period.   - Management companies acording to Chapter 13 of the law of 20 December 2002.
DATAFLOW,LU1:DF_B3102(1.2),"Employment in the Luxembourg credit institutions, financial sector professionals and managment companies",I,A,Annual,C04,Investment fund managers,SL08,Men,2000,,,,z,Not applicable,0,Zero,,,N01,Data may vary from CSSF annual reports due to reporting deadlines or winding-up procedures.,,,C03,"Since 2019, CSSF uses the concept of ""investment fund managers"" (authorised IFMs include the following fund managers: management companies governed by chapter 15 of the law of 17 December 2010 on undertakings for collective investment, authorised alternative investment fund managers (AIFMs) governed by the law of 12 July 2013 on alternative investment fund managers) and has adjusted the calculation of the statistics accordingly.",,,spec,- Situation at the end of period.   - Management companies acording to Chapter 13 of the law of 20 December 2002.
DATAFLOW,LU1:DF_B3102(1.2),"Employment in the Luxembourg credit institutions, financial sector professionals and managment companies",I,A,Annual,C04,Investment fund managers,SL08,Men,2001,,,,z,Not applicable,0,Zero,,,N01,Data may vary from CSSF annual reports due to reporting deadlines or winding-up procedures.,,,C03,"Since 2019, CSSF uses the concept of ""investment fund managers"" (authorised IFMs include the following fund managers: management companies governed by chapter 15 of the law of 17 December 2010 on undertakings for collective investment, authorised alternative investment fund managers (AIFMs) governed by the law of 12 July 2013 on alternative investment fund managers) and has adjusted the calculation of the statistics accordingly.",,,spec,- Situation at the end of period.   - Management companies acording to Chapter 13 of the law of 20 December 2002.
DATAFLOW,LU1:DF_B3102(1.2),"Employment in the Luxembourg credit institutions, financial sector professionals and managment companies",I,A,Annual,C04,Investment fund managers,SL08,Men,2002,,,,z,Not applicable,0,Zero,,,N01,Data may vary from CSSF annual reports due to reporting deadlines or winding-up procedures.,,,C03,"Since 2019, CSSF uses the concept of ""investment fund managers"" (authorised IFMs include the following fund managers: management companies governed by chapter 15 of the law of 17 December 2010 on undertakings for collective investment, authorised alternative investment fund managers (AIFMs) governed by the law of 12 July 2013 on alternative investment fund managers) and has adjusted the calculation of the statistics accordingly.",,,spec,- Situation at the end of period.   - Management companies acording to Chapter 13 of the law of 20 December 2002.
DATAFLOW,LU1:DF_B3102(1.2),"Employment in the Luxembourg credit institutions, financial sector professionals and managment companies",I,A,Annual,C04,Investment fund managers,SL08,Men,2003,,,,z,Not applicable,0,Zero,,,N01,Data may vary from CSSF annual reports due to reporting deadlines or winding-up procedures.,,,C03,"Since 2019, CSSF uses the concept of ""investment fund managers"" (authorised IFMs include the following fund managers: management companies governed by chapter 15 of the law of 17 December 2010 on undertakings for collective investment, authorised alternative investment fund managers (AIFMs) governed by the law of 12 July 2013 on alternative investment fund managers) and has adjusted the calculation of the statistics accordingly.",,,spec,- Situation at the end of period.   - Management companies acording to Chapter 13 of the law of 20 December 2002.
DATAFLOW,LU1:DF_B3102(1.2),"Employment in the Luxembourg credit institutions, financial sector professionals and managment companies",I,A,Annual,C04,Investment fund managers,SL08,Men,2004,,,,z,Not applicable,0,Zero,,,N01,Data may vary from CSSF annual reports due to reporting deadlines or winding-up procedures.,,,C03,"Since 2019, CSSF uses the concept of ""investment fund managers"" (authorised IFMs include the following fund managers: management companies governed by chapter 15 of the law of 17 December 2010 on undertakings for collective investment, authorised alternative investment fund managers (AIFMs) governed by the law of 12 July 2013 on alternative investment fund managers) and has adjusted the calculation of the statistics accordingly.",,,spec,- Situation at the end of period.   - Management companies acording to Chapter 13 of the law of 20 December 2002.
DATAFLOW,LU1:DF_B3102(1.2),"Employment in the Luxembourg credit institutions, financial sector professionals and managment companies",I,A,Annual,C04,Investment fund managers,SL08,Men,2005,,,,z,Not applicable,0,Zero,,,N01,Data may vary from CSSF annual reports due to reporting deadlines or winding-up procedures.,,,C03,"Since 2019, CSSF uses the concept of ""investment fund managers"" (authorised IFMs include the following fund managers: management companies governed by chapter 15 of the law of 17 December 2010 on undertakings for collective investment, authorised alternative investment fund managers (AIFMs) governed by the law of 12 July 2013 on alternative investment fund managers) and has adjusted the calculation of the statistics accordingly.",,,spec,- Situation at the end of period.   - Management companies acording to Chapter 13 of the law of 20 December 2002.
DATAFLOW,LU1:DF_B3102(1.2),"Employment in the Luxembourg credit institutions, financial sector professionals and managment companies",I,A,Annual,C04,Investment fund managers,SL08,Men,2006,,,,z,Not applicable,0,Zero,,,N01,Data may vary from CSSF annual reports due to reporting deadlines or winding-up procedures.,,,C03,"Since 2019, CSSF uses the concept of ""investment fund managers"" (authorised IFMs include the following fund managers: management companies governed by chapter 15 of the law of 17 December 2010 on undertakings for collective investment, authorised alternative investment fund managers (AIFMs) governed by the law of 12 July 2013 on alternative investment fund managers) and has adjusted the calculation of the statistics accordingly.",,,spec,- Situation at the end of period.   - Management companies acording to Chapter 13 of the law of 20 December 2002.
DATAFLOW,LU1:DF_B3102(1.2),"Employment in the Luxembourg credit institutions, financial sector professionals and managment companies",I,A,Annual,C04,Investment fund managers,SL08,Men,2007,,,,z,Not applicable,0,Zero,,,N01,Data may vary from CSSF annual reports due to reporting deadlines or winding-up procedures.,,,C03,"Since 2019, CSSF uses the concept of ""investment fund managers"" (authorised IFMs include the following fund managers: management companies governed by chapter 15 of the law of 17 December 2010 on undertakings for collective investment, authorised alternative investment fund managers (AIFMs) governed by the law of 12 July 2013 on alternative investment fund managers) and has adjusted the calculation of the statistics accordingly.",,,spec,- Situation at the end of period.   - Management companies acording to Chapter 13 of the law of 20 December 2002.
DATAFLOW,LU1:DF_B3102(1.2),"Employment in the Luxembourg credit institutions, financial sector professionals and managment companies",I,A,Annual,C04,Investment fund managers,SL08,Men,2008,,,,z,Not applicable,0,Zero,,,N01,Data may vary from CSSF annual reports due to reporting deadlines or winding-up procedures.,,,C03,"Since 2019, CSSF uses the concept of ""investment fund managers"" (authorised IFMs include the following fund managers: management companies governed by chapter 15 of the law of 17 December 2010 on undertakings for collective investment, authorised alternative investment fund managers (AIFMs) governed by the law of 12 July 2013 on alternative investment fund managers) and has adjusted the calculation of the statistics accordingly.",,,spec,- Situation at the end of period.   - Management companies acording to Chapter 13 of the law of 20 December 2002.
DATAFLOW,LU1:DF_B3102(1.2),"Employment in the Luxembourg credit institutions, financial sector professionals and managment companies",I,A,Annual,C04,Investment fund managers,SL08,Men,2009,,,,z,Not applicable,0,Zero,,,N01,Data may vary from CSSF annual reports due to reporting deadlines or winding-up procedures.,,,C03,"Since 2019, CSSF uses the concept of ""investment fund managers"" (authorised IFMs include the following fund managers: management companies governed by chapter 15 of the law of 17 December 2010 on undertakings for collective investment, authorised alternative investment fund managers (AIFMs) governed by the law of 12 July 2013 on alternative investment fund managers) and has adjusted the calculation of the statistics accordingly.",,,spec,- Situation at the end of period.   - Management companies acording to Chapter 13 of the law of 20 December 2002.
DATAFLOW,LU1:DF_B3102(1.2),"Employment in the Luxembourg credit institutions, financial sector professionals and managment companies",I,A,Annual,C04,Investment fund managers,SL08,Men,2010,,,,z,Not applicable,0,Zero,,,N01,Data may vary from CSSF annual reports due to reporting deadlines or winding-up procedures.,,,C03,"Since 2019, CSSF uses the concept of ""investment fund managers"" (authorised IFMs include the following fund managers: management companies governed by chapter 15 of the law of 17 December 2010 on undertakings for collective investment, authorised alternative investment fund managers (AIFMs) governed by the law of 12 July 2013 on alternative investment fund managers) and has adjusted the calculation of the statistics accordingly.",,,spec,- Situation at the end of period.   - Management companies acording to Chapter 13 of the law of 20 December 2002.
DATAFLOW,LU1:DF_B3102(1.2),"Employment in the Luxembourg credit institutions, financial sector professionals and managment companies",I,A,Annual,C04,Investment fund managers,SL08,Men,2011,,,,z,Not applicable,0,Zero,,,N01,Data may vary from CSSF annual reports due to reporting deadlines or winding-up procedures.,,,C03,"Since 2019, CSSF uses the concept of ""investment fund managers"" (authorised IFMs include the following fund managers: management companies governed by chapter 15 of the law of 17 December 2010 on undertakings for collective investment, authorised alternative investment fund managers (AIFMs) governed by the law of 12 July 2013 on alternative investment fund managers) and has adjusted the calculation of the statistics accordingly.",,,spec,- Situation at the end of period.   - Management companies acording to Chapter 13 of the law of 20 December 2002.
DATAFLOW,LU1:DF_B3102(1.2),"Employment in the Luxembourg credit institutions, financial sector professionals and managment companies",I,A,Annual,C04,Investment fund managers,SL08,Men,2012,,,,z,Not applicable,0,Zero,,,N01,Data may vary from CSSF annual reports due to reporting deadlines or winding-up procedures.,,,C03,"Since 2019, CSSF uses the concept of ""investment fund managers"" (authorised IFMs include the following fund managers: management companies governed by chapter 15 of the law of 17 December 2010 on undertakings for collective investment, authorised alternative investment fund managers (AIFMs) governed by the law of 12 July 2013 on alternative investment fund managers) and has adjusted the calculation of the statistics accordingly.",,,spec,- Situation at the end of period.   - Management companies acording to Chapter 13 of the law of 20 December 2002.
DATAFLOW,LU1:DF_B3102(1.2),"Employment in the Luxembourg credit institutions, financial sector professionals and managment companies",I,A,Annual,C04,Investment fund managers,SL08,Men,2013,,,,z,Not applicable,0,Zero,,,N01,Data may vary from CSSF annual reports due to reporting deadlines or winding-up procedures.,,,C03,"Since 2019, CSSF uses the concept of ""investment fund managers"" (authorised IFMs include the following fund managers: management companies governed by chapter 15 of the law of 17 December 2010 on undertakings for collective investment, authorised alternative investment fund managers (AIFMs) governed by the law of 12 July 2013 on alternative investment fund managers) and has adjusted the calculation of the statistics accordingly.",,,spec,- Situation at the end of period.   - Management companies acording to Chapter 13 of the law of 20 December 2002.
DATAFLOW,LU1:DF_B3102(1.2),"Employment in the Luxembourg credit institutions, financial sector professionals and managment companies",I,A,Annual,C04,Investment fund managers,SL08,Men,2014,,,,z,Not applicable,0,Zero,,,N01,Data may vary from CSSF annual reports due to reporting deadlines or winding-up procedures.,,,C03,"Since 2019, CSSF uses the concept of ""investment fund managers"" (authorised IFMs include the following fund managers: management companies governed by chapter 15 of the law of 17 December 2010 on undertakings for collective investment, authorised alternative investment fund managers (AIFMs) governed by the law of 12 July 2013 on alternative investment fund managers) and has adjusted the calculation of the statistics accordingly.",,,spec,- Situation at the end of period.   - Management companies acording to Chapter 13 of the law of 20 December 2002.
DATAFLOW,LU1:DF_B3102(1.2),"Employment in the Luxembourg credit institutions, financial sector professionals and managment companies",I,A,Annual,C04,Investment fund managers,SL08,Men,2015,,,,z,Not applicable,0,Zero,,,N01,Data may vary from CSSF annual reports due to reporting deadlines or winding-up procedures.,,,C03,"Since 2019, CSSF uses the concept of ""investment fund managers"" (authorised IFMs include the following fund managers: management companies governed by chapter 15 of the law of 17 December 2010 on undertakings for collective investment, authorised alternative investment fund managers (AIFMs) governed by the law of 12 July 2013 on alternative investment fund managers) and has adjusted the calculation of the statistics accordingly.",,,spec,- Situation at the end of period.   - Management companies acording to Chapter 13 of the law of 20 December 2002.
DATAFLOW,LU1:DF_B3102(1.2),"Employment in the Luxembourg credit institutions, financial sector professionals and managment companies",I,A,Annual,C04,Investment fund managers,SL08,Men,2016,,,,z,Not applicable,0,Zero,,,N01,Data may vary from CSSF annual reports due to reporting deadlines or winding-up procedures.,,,C03,"Since 2019, CSSF uses the concept of ""investment fund managers"" (authorised IFMs include the following fund managers: management companies governed by chapter 15 of the law of 17 December 2010 on undertakings for collective investment, authorised alternative investment fund managers (AIFMs) governed by the law of 12 July 2013 on alternative investment fund managers) and has adjusted the calculation of the statistics accordingly.",,,spec,- Situation at the end of period.   - Management companies acording to Chapter 13 of the law of 20 December 2002.
DATAFLOW,LU1:DF_B3102(1.2),"Employment in the Luxembourg credit institutions, financial sector professionals and managment companies",I,A,Annual,C04,Investment fund managers,SL08,Men,2017,,,,z,Not applicable,0,Zero,,,N01,Data may vary from CSSF annual reports due to reporting deadlines or winding-up procedures.,,,C03,"Since 2019, CSSF uses the concept of ""investment fund managers"" (authorised IFMs include the following fund managers: management companies governed by chapter 15 of the law of 17 December 2010 on undertakings for collective investment, authorised alternative investment fund managers (AIFMs) governed by the law of 12 July 2013 on alternative investment fund managers) and has adjusted the calculation of the statistics accordingly.",,,spec,- Situation at the end of period.   - Management companies acording to Chapter 13 of the law of 20 December 2002.
DATAFLOW,LU1:DF_B3102(1.2),"Employment in the Luxembourg credit institutions, financial sector professionals and managment companies",I,A,Annual,C04,Investment fund managers,SL08,Men,2018,,,,z,Not applicable,0,Zero,,,N01,Data may vary from CSSF annual reports due to reporting deadlines or winding-up procedures.,,,C03,"Since 2019, CSSF uses the concept of ""investment fund managers"" (authorised IFMs include the following fund managers: management companies governed by chapter 15 of the law of 17 December 2010 on undertakings for collective investment, authorised alternative investment fund managers (AIFMs) governed by the law of 12 July 2013 on alternative investment fund managers) and has adjusted the calculation of the statistics accordingly.",,,spec,- Situation at the end of period.   - Management companies acording to Chapter 13 of the law of 20 December 2002.
DATAFLOW,LU1:DF_B3102(1.2),"Employment in the Luxembourg credit institutions, financial sector professionals and managment companies",I,A,Annual,C04,Investment fund managers,SL08,Men,2019,,,,l,Not available,0,Zero,,,N01,Data may vary from CSSF annual reports due to reporting deadlines or winding-up procedures.,,,C03,"Since 2019, CSSF uses the concept of ""investment fund managers"" (authorised IFMs include the following fund managers: management companies governed by chapter 15 of the law of 17 December 2010 on undertakings for collective investment, authorised alternative investment fund managers (AIFMs) governed by the law of 12 July 2013 on alternative investment fund managers) and has adjusted the calculation of the statistics accordingly.",,,spec,- Situation at the end of period.   - Management companies acording to Chapter 13 of the law of 20 December 2002.
DATAFLOW,LU1:DF_B3102(1.2),"Employment in the Luxembourg credit institutions, financial sector professionals and managment companies",I,A,Annual,C04,Investment fund managers,SL08,Men,2020,,,,l,Not available,0,Zero,,,N01,Data may vary from CSSF annual reports due to reporting deadlines or winding-up procedures.,,,C03,"Since 2019, CSSF uses the concept of ""investment fund managers"" (authorised IFMs include the following fund managers: management companies governed by chapter 15 of the law of 17 December 2010 on undertakings for collective investment, authorised alternative investment fund managers (AIFMs) governed by the law of 12 July 2013 on alternative investment fund managers) and has adjusted the calculation of the statistics accordingly.",,,spec,- Situation at the end of period.   - Management companies acording to Chapter 13 of the law of 20 December 2002.
DATAFLOW,LU1:DF_B3102(1.2),"Employment in the Luxembourg credit institutions, financial sector professionals and managment companies",I,A,Annual,C04,Investment fund managers,SL08,Men,2021,,,,l,Not available,0,Zero,,,N01,Data may vary from CSSF annual reports due to reporting deadlines or winding-up procedures.,,,C03,"Since 2019, CSSF uses the concept of ""investment fund managers"" (authorised IFMs include the following fund managers: management companies governed by chapter 15 of the law of 17 December 2010 on undertakings for collective investment, authorised alternative investment fund managers (AIFMs) governed by the law of 12 July 2013 on alternative investment fund managers) and has adjusted the calculation of the statistics accordingly.",,,spec,- Situation at the end of period.   - Management companies acording to Chapter 13 of the law of 20 December 2002.
DATAFLOW,LU1:DF_B3102(1.2),"Employment in the Luxembourg credit institutions, financial sector professionals and managment companies",I,A,Annual,C04,Investment fund managers,SL08,Men,2022,,,,l,Not available,0,Zero,,,N01,Data may vary from CSSF annual reports due to reporting deadlines or winding-up procedures.,,,C03,"Since 2019, CSSF uses the concept of ""investment fund managers"" (authorised IFMs include the following fund managers: management companies governed by chapter 15 of the law of 17 December 2010 on undertakings for collective investment, authorised alternative investment fund managers (AIFMs) governed by the law of 12 July 2013 on alternative investment fund managers) and has adjusted the calculation of the statistics accordingly.",,,spec,- Situation at the end of period.   - Management companies acording to Chapter 13 of the law of 20 December 2002.
DATAFLOW,LU1:DF_B3102(1.2),"Employment in the Luxembourg credit institutions, financial sector professionals and managment companies",I,A,Annual,C04,Investment fund managers,SL08,Men,2023,,,,l,Not available,0,Zero,,,N01,Data may vary from CSSF annual reports due to reporting deadlines or winding-up procedures.,,,C03,"Since 2019, CSSF uses the concept of ""investment fund managers"" (authorised IFMs include the following fund managers: management companies governed by chapter 15 of the law of 17 December 2010 on undertakings for collective investment, authorised alternative investment fund managers (AIFMs) governed by the law of 12 July 2013 on alternative investment fund managers) and has adjusted the calculation of the statistics accordingly.",,,spec,- Situation at the end of period.   - Management companies acording to Chapter 13 of the law of 20 December 2002.
DATAFLOW,LU1:DF_B3102(1.2),"Employment in the Luxembourg credit institutions, financial sector professionals and managment companies",I,A,Annual,C04,Investment fund managers,SL08,Men,2024,,,,l,Not available,0,Zero,,,N01,Data may vary from CSSF annual reports due to reporting deadlines or winding-up procedures.,,,C03,"Since 2019, CSSF uses the concept of ""investment fund managers"" (authorised IFMs include the following fund managers: management companies governed by chapter 15 of the law of 17 December 2010 on undertakings for collective investment, authorised alternative investment fund managers (AIFMs) governed by the law of 12 July 2013 on alternative investment fund managers) and has adjusted the calculation of the statistics accordingly.",,,spec,- Situation at the end of period.   - Management companies acording to Chapter 13 of the law of 20 December 2002.
DATAFLOW,LU1:DF_B3102(1.2),"Employment in the Luxembourg credit institutions, financial sector professionals and managment companies",I,A,Annual,C04,Investment fund managers,SL08,Men,2025,,,,l,Not available,0,Zero,,,N01,Data may vary from CSSF annual reports due to reporting deadlines or winding-up procedures.,,,C03,"Since 2019, CSSF uses the concept of ""investment fund managers"" (authorised IFMs include the following fund managers: management companies governed by chapter 15 of the law of 17 December 2010 on undertakings for collective investment, authorised alternative investment fund managers (AIFMs) governed by the law of 12 July 2013 on alternative investment fund managers) and has adjusted the calculation of the statistics accordingly.",,,spec,- Situation at the end of period.   - Management companies acording to Chapter 13 of the law of 20 December 2002.
DATAFLOW,LU1:DF_B3102(1.2),"Employment in the Luxembourg credit institutions, financial sector professionals and managment companies",I,A,Annual,C03,Management companies,SL06,Women,1999,,,,z,Not applicable,0,Zero,,,N01,Data may vary from CSSF annual reports due to reporting deadlines or winding-up procedures.,,,C03,"Since 2019, CSSF uses the concept of ""investment fund managers"" (authorised IFMs include the following fund managers: management companies governed by chapter 15 of the law of 17 December 2010 on undertakings for collective investment, authorised alternative investment fund managers (AIFMs) governed by the law of 12 July 2013 on alternative investment fund managers) and has adjusted the calculation of the statistics accordingly.",,,spec,- Situation at the end of period.   - Management companies acording to Chapter 13 of the law of 20 December 2002.
DATAFLOW,LU1:DF_B3102(1.2),"Employment in the Luxembourg credit institutions, financial sector professionals and managment companies",I,A,Annual,C03,Management companies,SL06,Women,2000,,,,z,Not applicable,0,Zero,,,N01,Data may vary from CSSF annual reports due to reporting deadlines or winding-up procedures.,,,C03,"Since 2019, CSSF uses the concept of ""investment fund managers"" (authorised IFMs include the following fund managers: management companies governed by chapter 15 of the law of 17 December 2010 on undertakings for collective investment, authorised alternative investment fund managers (AIFMs) governed by the law of 12 July 2013 on alternative investment fund managers) and has adjusted the calculation of the statistics accordingly.",,,spec,- Situation at the end of period.   - Management companies acording to Chapter 13 of the law of 20 December 2002.
DATAFLOW,LU1:DF_B3102(1.2),"Employment in the Luxembourg credit institutions, financial sector professionals and managment companies",I,A,Annual,C03,Management companies,SL06,Women,2001,,,,z,Not applicable,0,Zero,,,N01,Data may vary from CSSF annual reports due to reporting deadlines or winding-up procedures.,,,C03,"Since 2019, CSSF uses the concept of ""investment fund managers"" (authorised IFMs include the following fund managers: management companies governed by chapter 15 of the law of 17 December 2010 on undertakings for collective investment, authorised alternative investment fund managers (AIFMs) governed by the law of 12 July 2013 on alternative investment fund managers) and has adjusted the calculation of the statistics accordingly.",,,spec,- Situation at the end of period.   - Management companies acording to Chapter 13 of the law of 20 December 2002.
DATAFLOW,LU1:DF_B3102(1.2),"Employment in the Luxembourg credit institutions, financial sector professionals and managment companies",I,A,Annual,C03,Management companies,SL06,Women,2002,,,,z,Not applicable,0,Zero,,,N01,Data may vary from CSSF annual reports due to reporting deadlines or winding-up procedures.,,,C03,"Since 2019, CSSF uses the concept of ""investment fund managers"" (authorised IFMs include the following fund managers: management companies governed by chapter 15 of the law of 17 December 2010 on undertakings for collective investment, authorised alternative investment fund managers (AIFMs) governed by the law of 12 July 2013 on alternative investment fund managers) and has adjusted the calculation of the statistics accordingly.",,,spec,- Situation at the end of period.   - Management companies acording to Chapter 13 of the law of 20 December 2002.
DATAFLOW,LU1:DF_B3102(1.2),"Employment in the Luxembourg credit institutions, financial sector professionals and managment companies",I,A,Annual,C03,Management companies,SL06,Women,2003,,4,,,,0,Zero,,,N01,Data may vary from CSSF annual reports due to reporting deadlines or winding-up procedures.,,,C03,"Since 2019, CSSF uses the concept of ""investment fund managers"" (authorised IFMs include the following fund managers: management companies governed by chapter 15 of the law of 17 December 2010 on undertakings for collective investment, authorised alternative investment fund managers (AIFMs) governed by the law of 12 July 2013 on alternative investment fund managers) and has adjusted the calculation of the statistics accordingly.",,,spec,- Situation at the end of period.   - Management companies acording to Chapter 13 of the law of 20 December 2002.
DATAFLOW,LU1:DF_B3102(1.2),"Employment in the Luxembourg credit institutions, financial sector professionals and managment companies",I,A,Annual,C03,Management companies,SL06,Women,2004,,15,,,,0,Zero,,,N01,Data may vary from CSSF annual reports due to reporting deadlines or winding-up procedures.,,,C03,"Since 2019, CSSF uses the concept of ""investment fund managers"" (authorised IFMs include the following fund managers: management companies governed by chapter 15 of the law of 17 December 2010 on undertakings for collective investment, authorised alternative investment fund managers (AIFMs) governed by the law of 12 July 2013 on alternative investment fund managers) and has adjusted the calculation of the statistics accordingly.",,,spec,- Situation at the end of period.   - Management companies acording to Chapter 13 of the law of 20 December 2002.
DATAFLOW,LU1:DF_B3102(1.2),"Employment in the Luxembourg credit institutions, financial sector professionals and managment companies",I,A,Annual,C03,Management companies,SL06,Women,2005,,47,,,,0,Zero,,,N01,Data may vary from CSSF annual reports due to reporting deadlines or winding-up procedures.,,,C03,"Since 2019, CSSF uses the concept of ""investment fund managers"" (authorised IFMs include the following fund managers: management companies governed by chapter 15 of the law of 17 December 2010 on undertakings for collective investment, authorised alternative investment fund managers (AIFMs) governed by the law of 12 July 2013 on alternative investment fund managers) and has adjusted the calculation of the statistics accordingly.",,,spec,- Situation at the end of period.   - Management companies acording to Chapter 13 of the law of 20 December 2002.
DATAFLOW,LU1:DF_B3102(1.2),"Employment in the Luxembourg credit institutions, financial sector professionals and managment companies",I,A,Annual,C03,Management companies,SL06,Women,2006,,77,,,,0,Zero,,,N01,Data may vary from CSSF annual reports due to reporting deadlines or winding-up procedures.,,,C03,"Since 2019, CSSF uses the concept of ""investment fund managers"" (authorised IFMs include the following fund managers: management companies governed by chapter 15 of the law of 17 December 2010 on undertakings for collective investment, authorised alternative investment fund managers (AIFMs) governed by the law of 12 July 2013 on alternative investment fund managers) and has adjusted the calculation of the statistics accordingly.",,,spec,- Situation at the end of period.   - Management companies acording to Chapter 13 of the law of 20 December 2002.
DATAFLOW,LU1:DF_B3102(1.2),"Employment in the Luxembourg credit institutions, financial sector professionals and managment companies",I,A,Annual,C03,Management companies,SL06,Women,2007,,56,,,,0,Zero,,,N01,Data may vary from CSSF annual reports due to reporting deadlines or winding-up procedures.,,,C03,"Since 2019, CSSF uses the concept of ""investment fund managers"" (authorised IFMs include the following fund managers: management companies governed by chapter 15 of the law of 17 December 2010 on undertakings for collective investment, authorised alternative investment fund managers (AIFMs) governed by the law of 12 July 2013 on alternative investment fund managers) and has adjusted the calculation of the statistics accordingly.",,,spec,- Situation at the end of period.   - Management companies acording to Chapter 13 of the law of 20 December 2002.
DATAFLOW,LU1:DF_B3102(1.2),"Employment in the Luxembourg credit institutions, financial sector professionals and managment companies",I,A,Annual,C03,Management companies,SL06,Women,2008,,52,,,,0,Zero,,,N01,Data may vary from CSSF annual reports due to reporting deadlines or winding-up procedures.,,,C03,"Since 2019, CSSF uses the concept of ""investment fund managers"" (authorised IFMs include the following fund managers: management companies governed by chapter 15 of the law of 17 December 2010 on undertakings for collective investment, authorised alternative investment fund managers (AIFMs) governed by the law of 12 July 2013 on alternative investment fund managers) and has adjusted the calculation of the statistics accordingly.",,,spec,- Situation at the end of period.   - Management companies acording to Chapter 13 of the law of 20 December 2002.
DATAFLOW,LU1:DF_B3102(1.2),"Employment in the Luxembourg credit institutions, financial sector professionals and managment companies",I,A,Annual,C03,Management companies,SL06,Women,2009,,51,,,,0,Zero,,,N01,Data may vary from CSSF annual reports due to reporting deadlines or winding-up procedures.,,,C03,"Since 2019, CSSF uses the concept of ""investment fund managers"" (authorised IFMs include the following fund managers: management companies governed by chapter 15 of the law of 17 December 2010 on undertakings for collective investment, authorised alternative investment fund managers (AIFMs) governed by the law of 12 July 2013 on alternative investment fund managers) and has adjusted the calculation of the statistics accordingly.",,,spec,- Situation at the end of period.   - Management companies acording to Chapter 13 of the law of 20 December 2002.
DATAFLOW,LU1:DF_B3102(1.2),"Employment in the Luxembourg credit institutions, financial sector professionals and managment companies",I,A,Annual,C03,Management companies,SL06,Women,2010,,51,,,,0,Zero,,,N01,Data may vary from CSSF annual reports due to reporting deadlines or winding-up procedures.,,,C03,"Since 2019, CSSF uses the concept of ""investment fund managers"" (authorised IFMs include the following fund managers: management companies governed by chapter 15 of the law of 17 December 2010 on undertakings for collective investment, authorised alternative investment fund managers (AIFMs) governed by the law of 12 July 2013 on alternative investment fund managers) and has adjusted the calculation of the statistics accordingly.",,,spec,- Situation at the end of period.   - Management companies acording to Chapter 13 of the law of 20 December 2002.
DATAFLOW,LU1:DF_B3102(1.2),"Employment in the Luxembourg credit institutions, financial sector professionals and managment companies",I,A,Annual,C03,Management companies,SL06,Women,2011,,59,,,,0,Zero,,,N01,Data may vary from CSSF annual reports due to reporting deadlines or winding-up procedures.,,,C03,"Since 2019, CSSF uses the concept of ""investment fund managers"" (authorised IFMs include the following fund managers: management companies governed by chapter 15 of the law of 17 December 2010 on undertakings for collective investment, authorised alternative investment fund managers (AIFMs) governed by the law of 12 July 2013 on alternative investment fund managers) and has adjusted the calculation of the statistics accordingly.",,,spec,- Situation at the end of period.   - Management companies acording to Chapter 13 of the law of 20 December 2002.
DATAFLOW,LU1:DF_B3102(1.2),"Employment in the Luxembourg credit institutions, financial sector professionals and managment companies",I,A,Annual,C03,Management companies,SL06,Women,2012,,72,,,,0,Zero,,,N01,Data may vary from CSSF annual reports due to reporting deadlines or winding-up procedures.,,,C03,"Since 2019, CSSF uses the concept of ""investment fund managers"" (authorised IFMs include the following fund managers: management companies governed by chapter 15 of the law of 17 December 2010 on undertakings for collective investment, authorised alternative investment fund managers (AIFMs) governed by the law of 12 July 2013 on alternative investment fund managers) and has adjusted the calculation of the statistics accordingly.",,,spec,- Situation at the end of period.   - Management companies acording to Chapter 13 of the law of 20 December 2002.
DATAFLOW,LU1:DF_B3102(1.2),"Employment in the Luxembourg credit institutions, financial sector professionals and managment companies",I,A,Annual,C03,Management companies,SL06,Women,2013,,76,,,,0,Zero,,,N01,Data may vary from CSSF annual reports due to reporting deadlines or winding-up procedures.,,,C03,"Since 2019, CSSF uses the concept of ""investment fund managers"" (authorised IFMs include the following fund managers: management companies governed by chapter 15 of the law of 17 December 2010 on undertakings for collective investment, authorised alternative investment fund managers (AIFMs) governed by the law of 12 July 2013 on alternative investment fund managers) and has adjusted the calculation of the statistics accordingly.",,,spec,- Situation at the end of period.   - Management companies acording to Chapter 13 of the law of 20 December 2002.
DATAFLOW,LU1:DF_B3102(1.2),"Employment in the Luxembourg credit institutions, financial sector professionals and managment companies",I,A,Annual,C03,Management companies,SL06,Women,2014,,,,l,Not available,0,Zero,,,N01,Data may vary from CSSF annual reports due to reporting deadlines or winding-up procedures.,,,C03,"Since 2019, CSSF uses the concept of ""investment fund managers"" (authorised IFMs include the following fund managers: management companies governed by chapter 15 of the law of 17 December 2010 on undertakings for collective investment, authorised alternative investment fund managers (AIFMs) governed by the law of 12 July 2013 on alternative investment fund managers) and has adjusted the calculation of the statistics accordingly.",,,spec,- Situation at the end of period.   - Management companies acording to Chapter 13 of the law of 20 December 2002.
DATAFLOW,LU1:DF_B3102(1.2),"Employment in the Luxembourg credit institutions, financial sector professionals and managment companies",I,A,Annual,C03,Management companies,SL06,Women,2015,,,,l,Not available,0,Zero,,,N01,Data may vary from CSSF annual reports due to reporting deadlines or winding-up procedures.,,,C03,"Since 2019, CSSF uses the concept of ""investment fund managers"" (authorised IFMs include the following fund managers: management companies governed by chapter 15 of the law of 17 December 2010 on undertakings for collective investment, authorised alternative investment fund managers (AIFMs) governed by the law of 12 July 2013 on alternative investment fund managers) and has adjusted the calculation of the statistics accordingly.",,,spec,- Situation at the end of period.   - Management companies acording to Chapter 13 of the law of 20 December 2002.
DATAFLOW,LU1:DF_B3102(1.2),"Employment in the Luxembourg credit institutions, financial sector professionals and managment companies",I,A,Annual,C03,Management companies,SL06,Women,2016,,,,l,Not available,0,Zero,,,N01,Data may vary from CSSF annual reports due to reporting deadlines or winding-up procedures.,,,C03,"Since 2019, CSSF uses the concept of ""investment fund managers"" (authorised IFMs include the following fund managers: management companies governed by chapter 15 of the law of 17 December 2010 on undertakings for collective investment, authorised alternative investment fund managers (AIFMs) governed by the law of 12 July 2013 on alternative investment fund managers) and has adjusted the calculation of the statistics accordingly.",,,spec,- Situation at the end of period.   - Management companies acording to Chapter 13 of the law of 20 December 2002.
DATAFLOW,LU1:DF_B3102(1.2),"Employment in the Luxembourg credit institutions, financial sector professionals and managment companies",I,A,Annual,C03,Management companies,SL06,Women,2017,,,,l,Not available,0,Zero,,,N01,Data may vary from CSSF annual reports due to reporting deadlines or winding-up procedures.,,,C03,"Since 2019, CSSF uses the concept of ""investment fund managers"" (authorised IFMs include the following fund managers: management companies governed by chapter 15 of the law of 17 December 2010 on undertakings for collective investment, authorised alternative investment fund managers (AIFMs) governed by the law of 12 July 2013 on alternative investment fund managers) and has adjusted the calculation of the statistics accordingly.",,,spec,- Situation at the end of period.   - Management companies acording to Chapter 13 of the law of 20 December 2002.
DATAFLOW,LU1:DF_B3102(1.2),"Employment in the Luxembourg credit institutions, financial sector professionals and managment companies",I,A,Annual,C03,Management companies,SL06,Women,2018,,,,l,Not available,0,Zero,,,N01,Data may vary from CSSF annual reports due to reporting deadlines or winding-up procedures.,,,C03,"Since 2019, CSSF uses the concept of ""investment fund managers"" (authorised IFMs include the following fund managers: management companies governed by chapter 15 of the law of 17 December 2010 on undertakings for collective investment, authorised alternative investment fund managers (AIFMs) governed by the law of 12 July 2013 on alternative investment fund managers) and has adjusted the calculation of the statistics accordingly.",,,spec,- Situation at the end of period.   - Management companies acording to Chapter 13 of the law of 20 December 2002.
DATAFLOW,LU1:DF_B3102(1.2),"Employment in the Luxembourg credit institutions, financial sector professionals and managment companies",I,A,Annual,C03,Management companies,SL06,Women,2019,,,,z,Not applicable,0,Zero,,,N01,Data may vary from CSSF annual reports due to reporting deadlines or winding-up procedures.,,,C03,"Since 2019, CSSF uses the concept of ""investment fund managers"" (authorised IFMs include the following fund managers: management companies governed by chapter 15 of the law of 17 December 2010 on undertakings for collective investment, authorised alternative investment fund managers (AIFMs) governed by the law of 12 July 2013 on alternative investment fund managers) and has adjusted the calculation of the statistics accordingly.",,,spec,- Situation at the end of period.   - Management companies acording to Chapter 13 of the law of 20 December 2002.
DATAFLOW,LU1:DF_B3102(1.2),"Employment in the Luxembourg credit institutions, financial sector professionals and managment companies",I,A,Annual,C03,Management companies,SL06,Women,2020,,,,z,Not applicable,0,Zero,,,N01,Data may vary from CSSF annual reports due to reporting deadlines or winding-up procedures.,,,C03,"Since 2019, CSSF uses the concept of ""investment fund managers"" (authorised IFMs include the following fund managers: management companies governed by chapter 15 of the law of 17 December 2010 on undertakings for collective investment, authorised alternative investment fund managers (AIFMs) governed by the law of 12 July 2013 on alternative investment fund managers) and has adjusted the calculation of the statistics accordingly.",,,spec,- Situation at the end of period.   - Management companies acording to Chapter 13 of the law of 20 December 2002.
DATAFLOW,LU1:DF_B3102(1.2),"Employment in the Luxembourg credit institutions, financial sector professionals and managment companies",I,A,Annual,C03,Management companies,SL06,Women,2021,,,,z,Not applicable,0,Zero,,,N01,Data may vary from CSSF annual reports due to reporting deadlines or winding-up procedures.,,,C03,"Since 2019, CSSF uses the concept of ""investment fund managers"" (authorised IFMs include the following fund managers: management companies governed by chapter 15 of the law of 17 December 2010 on undertakings for collective investment, authorised alternative investment fund managers (AIFMs) governed by the law of 12 July 2013 on alternative investment fund managers) and has adjusted the calculation of the statistics accordingly.",,,spec,- Situation at the end of period.   - Management companies acording to Chapter 13 of the law of 20 December 2002.
DATAFLOW,LU1:DF_B3102(1.2),"Employment in the Luxembourg credit institutions, financial sector professionals and managment companies",I,A,Annual,C03,Management companies,SL06,Women,2022,,,,z,Not applicable,0,Zero,,,N01,Data may vary from CSSF annual reports due to reporting deadlines or winding-up procedures.,,,C03,"Since 2019, CSSF uses the concept of ""investment fund managers"" (authorised IFMs include the following fund managers: management companies governed by chapter 15 of the law of 17 December 2010 on undertakings for collective investment, authorised alternative investment fund managers (AIFMs) governed by the law of 12 July 2013 on alternative investment fund managers) and has adjusted the calculation of the statistics accordingly.",,,spec,- Situation at the end of period.   - Management companies acording to Chapter 13 of the law of 20 December 2002.
DATAFLOW,LU1:DF_B3102(1.2),"Employment in the Luxembourg credit institutions, financial sector professionals and managment companies",I,A,Annual,C03,Management companies,SL06,Women,2023,,,,z,Not applicable,0,Zero,,,N01,Data may vary from CSSF annual reports due to reporting deadlines or winding-up procedures.,,,C03,"Since 2019, CSSF uses the concept of ""investment fund managers"" (authorised IFMs include the following fund managers: management companies governed by chapter 15 of the law of 17 December 2010 on undertakings for collective investment, authorised alternative investment fund managers (AIFMs) governed by the law of 12 July 2013 on alternative investment fund managers) and has adjusted the calculation of the statistics accordingly.",,,spec,- Situation at the end of period.   - Management companies acording to Chapter 13 of the law of 20 December 2002.
DATAFLOW,LU1:DF_B3102(1.2),"Employment in the Luxembourg credit institutions, financial sector professionals and managment companies",I,A,Annual,C03,Management companies,SL06,Women,2024,,,,z,Not applicable,0,Zero,,,N01,Data may vary from CSSF annual reports due to reporting deadlines or winding-up procedures.,,,C03,"Since 2019, CSSF uses the concept of ""investment fund managers"" (authorised IFMs include the following fund managers: management companies governed by chapter 15 of the law of 17 December 2010 on undertakings for collective investment, authorised alternative investment fund managers (AIFMs) governed by the law of 12 July 2013 on alternative investment fund managers) and has adjusted the calculation of the statistics accordingly.",,,spec,- Situation at the end of period.   - Management companies acording to Chapter 13 of the law of 20 December 2002.
DATAFLOW,LU1:DF_B3102(1.2),"Employment in the Luxembourg credit institutions, financial sector professionals and managment companies",I,A,Annual,C03,Management companies,SL06,Women,2025,,,,z,Not applicable,0,Zero,,,N01,Data may vary from CSSF annual reports due to reporting deadlines or winding-up procedures.,,,C03,"Since 2019, CSSF uses the concept of ""investment fund managers"" (authorised IFMs include the following fund managers: management companies governed by chapter 15 of the law of 17 December 2010 on undertakings for collective investment, authorised alternative investment fund managers (AIFMs) governed by the law of 12 July 2013 on alternative investment fund managers) and has adjusted the calculation of the statistics accordingly.",,,spec,- Situation at the end of period.   - Management companies acording to Chapter 13 of the law of 20 December 2002.
DATAFLOW,LU1:DF_B3102(1.2),"Employment in the Luxembourg credit institutions, financial sector professionals and managment companies",I,A,Annual,C01,Credit institutions,SL07,Foreigners,1999,,13400,,,,0,Zero,,,N01,Data may vary from CSSF annual reports due to reporting deadlines or winding-up procedures.,,,,,,,spec,- Situation at the end of period.   - Management companies acording to Chapter 13 of the law of 20 December 2002.
DATAFLOW,LU1:DF_B3102(1.2),"Employment in the Luxembourg credit institutions, financial sector professionals and managment companies",I,A,Annual,C01,Credit institutions,SL07,Foreigners,2000,,15202,,,,0,Zero,,,N01,Data may vary from CSSF annual reports due to reporting deadlines or winding-up procedures.,,,,,,,spec,- Situation at the end of period.   - Management companies acording to Chapter 13 of the law of 20 December 2002.
DATAFLOW,LU1:DF_B3102(1.2),"Employment in the Luxembourg credit institutions, financial sector professionals and managment companies",I,A,Annual,C01,Credit institutions,SL07,Foreigners,2001,,16176,,,,0,Zero,,,N01,Data may vary from CSSF annual reports due to reporting deadlines or winding-up procedures.,,,,,,,spec,- Situation at the end of period.   - Management companies acording to Chapter 13 of the law of 20 December 2002.
DATAFLOW,LU1:DF_B3102(1.2),"Employment in the Luxembourg credit institutions, financial sector professionals and managment companies",I,A,Annual,C01,Credit institutions,SL07,Foreigners,2002,,15898,,,,0,Zero,,,N01,Data may vary from CSSF annual reports due to reporting deadlines or winding-up procedures.,,,,,,,spec,- Situation at the end of period.   - Management companies acording to Chapter 13 of the law of 20 December 2002.
DATAFLOW,LU1:DF_B3102(1.2),"Employment in the Luxembourg credit institutions, financial sector professionals and managment companies",I,A,Annual,C01,Credit institutions,SL07,Foreigners,2003,,15397,,,,0,Zero,,,N01,Data may vary from CSSF annual reports due to reporting deadlines or winding-up procedures.,,,,,,,spec,- Situation at the end of period.   - Management companies acording to Chapter 13 of the law of 20 December 2002.
DATAFLOW,LU1:DF_B3102(1.2),"Employment in the Luxembourg credit institutions, financial sector professionals and managment companies",I,A,Annual,C01,Credit institutions,SL07,Foreigners,2004,,15551,,,,0,Zero,,,N01,Data may vary from CSSF annual reports due to reporting deadlines or winding-up procedures.,,,,,,,spec,- Situation at the end of period.   - Management companies acording to Chapter 13 of the law of 20 December 2002.
DATAFLOW,LU1:DF_B3102(1.2),"Employment in the Luxembourg credit institutions, financial sector professionals and managment companies",I,A,Annual,C01,Credit institutions,SL07,Foreigners,2005,,16400,,,,0,Zero,,,N01,Data may vary from CSSF annual reports due to reporting deadlines or winding-up procedures.,,,,,,,spec,- Situation at the end of period.   - Management companies acording to Chapter 13 of the law of 20 December 2002.
DATAFLOW,LU1:DF_B3102(1.2),"Employment in the Luxembourg credit institutions, financial sector professionals and managment companies",I,A,Annual,C01,Credit institutions,SL07,Foreigners,2006,,17914,,,,0,Zero,,,N01,Data may vary from CSSF annual reports due to reporting deadlines or winding-up procedures.,,,,,,,spec,- Situation at the end of period.   - Management companies acording to Chapter 13 of the law of 20 December 2002.
DATAFLOW,LU1:DF_B3102(1.2),"Employment in the Luxembourg credit institutions, financial sector professionals and managment companies",I,A,Annual,C01,Credit institutions,SL07,Foreigners,2007,,19177,,,,0,Zero,,,N01,Data may vary from CSSF annual reports due to reporting deadlines or winding-up procedures.,,,,,,,spec,- Situation at the end of period.   - Management companies acording to Chapter 13 of the law of 20 December 2002.
DATAFLOW,LU1:DF_B3102(1.2),"Employment in the Luxembourg credit institutions, financial sector professionals and managment companies",I,A,Annual,C01,Credit institutions,SL07,Foreigners,2008,,20314,,,,0,Zero,,,N01,Data may vary from CSSF annual reports due to reporting deadlines or winding-up procedures.,,,,,,,spec,- Situation at the end of period.   - Management companies acording to Chapter 13 of the law of 20 December 2002.
DATAFLOW,LU1:DF_B3102(1.2),"Employment in the Luxembourg credit institutions, financial sector professionals and managment companies",I,A,Annual,C01,Credit institutions,SL07,Foreigners,2009,,19818,,,,0,Zero,,,N01,Data may vary from CSSF annual reports due to reporting deadlines or winding-up procedures.,,,,,,,spec,- Situation at the end of period.   - Management companies acording to Chapter 13 of the law of 20 December 2002.
DATAFLOW,LU1:DF_B3102(1.2),"Employment in the Luxembourg credit institutions, financial sector professionals and managment companies",I,A,Annual,C01,Credit institutions,SL07,Foreigners,2010,,19765,,,,0,Zero,,,N01,Data may vary from CSSF annual reports due to reporting deadlines or winding-up procedures.,,,,,,,spec,- Situation at the end of period.   - Management companies acording to Chapter 13 of the law of 20 December 2002.
DATAFLOW,LU1:DF_B3102(1.2),"Employment in the Luxembourg credit institutions, financial sector professionals and managment companies",I,A,Annual,C01,Credit institutions,SL07,Foreigners,2011,,20425,,,,0,Zero,,,N01,Data may vary from CSSF annual reports due to reporting deadlines or winding-up procedures.,,,,,,,spec,- Situation at the end of period.   - Management companies acording to Chapter 13 of the law of 20 December 2002.
DATAFLOW,LU1:DF_B3102(1.2),"Employment in the Luxembourg credit institutions, financial sector professionals and managment companies",I,A,Annual,C01,Credit institutions,SL07,Foreigners,2012,,20314,,,,0,Zero,,,N01,Data may vary from CSSF annual reports due to reporting deadlines or winding-up procedures.,,,,,,,spec,- Situation at the end of period.   - Management companies acording to Chapter 13 of the law of 20 December 2002.
DATAFLOW,LU1:DF_B3102(1.2),"Employment in the Luxembourg credit institutions, financial sector professionals and managment companies",I,A,Annual,C01,Credit institutions,SL07,Foreigners,2013,,20155,,,,0,Zero,,,N01,Data may vary from CSSF annual reports due to reporting deadlines or winding-up procedures.,,,,,,,spec,- Situation at the end of period.   - Management companies acording to Chapter 13 of the law of 20 December 2002.
DATAFLOW,LU1:DF_B3102(1.2),"Employment in the Luxembourg credit institutions, financial sector professionals and managment companies",I,A,Annual,C01,Credit institutions,SL07,Foreigners,2014,,,,l,Not available,0,Zero,,,N01,Data may vary from CSSF annual reports due to reporting deadlines or winding-up procedures.,,,,,,,spec,- Situation at the end of period.   - Management companies acording to Chapter 13 of the law of 20 December 2002.
DATAFLOW,LU1:DF_B3102(1.2),"Employment in the Luxembourg credit institutions, financial sector professionals and managment companies",I,A,Annual,C01,Credit institutions,SL07,Foreigners,2015,,,,l,Not available,0,Zero,,,N01,Data may vary from CSSF annual reports due to reporting deadlines or winding-up procedures.,,,,,,,spec,- Situation at the end of period.   - Management companies acording to Chapter 13 of the law of 20 December 2002.
DATAFLOW,LU1:DF_B3102(1.2),"Employment in the Luxembourg credit institutions, financial sector professionals and managment companies",I,A,Annual,C01,Credit institutions,SL07,Foreigners,2016,,,,l,Not available,0,Zero,,,N01,Data may vary from CSSF annual reports due to reporting deadlines or winding-up procedures.,,,,,,,spec,- Situation at the end of period.   - Management companies acording to Chapter 13 of the law of 20 December 2002.
DATAFLOW,LU1:DF_B3102(1.2),"Employment in the Luxembourg credit institutions, financial sector professionals and managment companies",I,A,Annual,C01,Credit institutions,SL07,Foreigners,2017,,,,l,Not available,0,Zero,,,N01,Data may vary from CSSF annual reports due to reporting deadlines or winding-up procedures.,,,,,,,spec,- Situation at the end of period.   - Management companies acording to Chapter 13 of the law of 20 December 2002.
DATAFLOW,LU1:DF_B3102(1.2),"Employment in the Luxembourg credit institutions, financial sector professionals and managment companies",I,A,Annual,C01,Credit institutions,SL07,Foreigners,2018,,,,l,Not available,0,Zero,,,N01,Data may vary from CSSF annual reports due to reporting deadlines or winding-up procedures.,,,,,,,spec,- Situation at the end of period.   - Management companies acording to Chapter 13 of the law of 20 December 2002.
DATAFLOW,LU1:DF_B3102(1.2),"Employment in the Luxembourg credit institutions, financial sector professionals and managment companies",I,A,Annual,C01,Credit institutions,SL07,Foreigners,2019,,,,l,Not available,0,Zero,,,N01,Data may vary from CSSF annual reports due to reporting deadlines or winding-up procedures.,,,,,,,spec,- Situation at the end of period.   - Management companies acording to Chapter 13 of the law of 20 December 2002.
DATAFLOW,LU1:DF_B3102(1.2),"Employment in the Luxembourg credit institutions, financial sector professionals and managment companies",I,A,Annual,C01,Credit institutions,SL07,Foreigners,2020,,,,l,Not available,0,Zero,,,N01,Data may vary from CSSF annual reports due to reporting deadlines or winding-up procedures.,,,,,,,spec,- Situation at the end of period.   - Management companies acording to Chapter 13 of the law of 20 December 2002.
DATAFLOW,LU1:DF_B3102(1.2),"Employment in the Luxembourg credit institutions, financial sector professionals and managment companies",I,A,Annual,C01,Credit institutions,SL07,Foreigners,2021,,,,l,Not available,0,Zero,,,N01,Data may vary from CSSF annual reports due to reporting deadlines or winding-up procedures.,,,,,,,spec,- Situation at the end of period.   - Management companies acording to Chapter 13 of the law of 20 December 2002.
DATAFLOW,LU1:DF_B3102(1.2),"Employment in the Luxembourg credit institutions, financial sector professionals and managment companies",I,A,Annual,C01,Credit institutions,SL07,Foreigners,2022,,,,l,Not available,0,Zero,,,N01,Data may vary from CSSF annual reports due to reporting deadlines or winding-up procedures.,,,,,,,spec,- Situation at the end of period.   - Management companies acording to Chapter 13 of the law of 20 December 2002.
DATAFLOW,LU1:DF_B3102(1.2),"Employment in the Luxembourg credit institutions, financial sector professionals and managment companies",I,A,Annual,C01,Credit institutions,SL07,Foreigners,2023,,,,l,Not available,0,Zero,,,N01,Data may vary from CSSF annual reports due to reporting deadlines or winding-up procedures.,,,,,,,spec,- Situation at the end of period.   - Management companies acording to Chapter 13 of the law of 20 December 2002.
DATAFLOW,LU1:DF_B3102(1.2),"Employment in the Luxembourg credit institutions, financial sector professionals and managment companies",I,A,Annual,C01,Credit institutions,SL07,Foreigners,2024,,,,l,Not available,0,Zero,,,N01,Data may vary from CSSF annual reports due to reporting deadlines or winding-up procedures.,,,,,,,spec,- Situation at the end of period.   - Management companies acording to Chapter 13 of the law of 20 December 2002.
DATAFLOW,LU1:DF_B3102(1.2),"Employment in the Luxembourg credit institutions, financial sector professionals and managment companies",I,A,Annual,C01,Credit institutions,SL07,Foreigners,2025,,,,l,Not available,0,Zero,,,N01,Data may vary from CSSF annual reports due to reporting deadlines or winding-up procedures.,,,,,,,spec,- Situation at the end of period.   - Management companies acording to Chapter 13 of the law of 20 December 2002.
DATAFLOW,LU1:DF_B3102(1.2),"Employment in the Luxembourg credit institutions, financial sector professionals and managment companies",I,A,Annual,C03,Management companies,SL08,Men,1999,,,,z,Not applicable,0,Zero,,,N01,Data may vary from CSSF annual reports due to reporting deadlines or winding-up procedures.,,,C03,"Since 2019, CSSF uses the concept of ""investment fund managers"" (authorised IFMs include the following fund managers: management companies governed by chapter 15 of the law of 17 December 2010 on undertakings for collective investment, authorised alternative investment fund managers (AIFMs) governed by the law of 12 July 2013 on alternative investment fund managers) and has adjusted the calculation of the statistics accordingly.",,,spec,- Situation at the end of period.   - Management companies acording to Chapter 13 of the law of 20 December 2002.
DATAFLOW,LU1:DF_B3102(1.2),"Employment in the Luxembourg credit institutions, financial sector professionals and managment companies",I,A,Annual,C03,Management companies,SL08,Men,2000,,,,z,Not applicable,0,Zero,,,N01,Data may vary from CSSF annual reports due to reporting deadlines or winding-up procedures.,,,C03,"Since 2019, CSSF uses the concept of ""investment fund managers"" (authorised IFMs include the following fund managers: management companies governed by chapter 15 of the law of 17 December 2010 on undertakings for collective investment, authorised alternative investment fund managers (AIFMs) governed by the law of 12 July 2013 on alternative investment fund managers) and has adjusted the calculation of the statistics accordingly.",,,spec,- Situation at the end of period.   - Management companies acording to Chapter 13 of the law of 20 December 2002.
DATAFLOW,LU1:DF_B3102(1.2),"Employment in the Luxembourg credit institutions, financial sector professionals and managment companies",I,A,Annual,C03,Management companies,SL08,Men,2001,,,,z,Not applicable,0,Zero,,,N01,Data may vary from CSSF annual reports due to reporting deadlines or winding-up procedures.,,,C03,"Since 2019, CSSF uses the concept of ""investment fund managers"" (authorised IFMs include the following fund managers: management companies governed by chapter 15 of the law of 17 December 2010 on undertakings for collective investment, authorised alternative investment fund managers (AIFMs) governed by the law of 12 July 2013 on alternative investment fund managers) and has adjusted the calculation of the statistics accordingly.",,,spec,- Situation at the end of period.   - Management companies acording to Chapter 13 of the law of 20 December 2002.
DATAFLOW,LU1:DF_B3102(1.2),"Employment in the Luxembourg credit institutions, financial sector professionals and managment companies",I,A,Annual,C03,Management companies,SL08,Men,2002,,,,z,Not applicable,0,Zero,,,N01,Data may vary from CSSF annual reports due to reporting deadlines or winding-up procedures.,,,C03,"Since 2019, CSSF uses the concept of ""investment fund managers"" (authorised IFMs include the following fund managers: management companies governed by chapter 15 of the law of 17 December 2010 on undertakings for collective investment, authorised alternative investment fund managers (AIFMs) governed by the law of 12 July 2013 on alternative investment fund managers) and has adjusted the calculation of the statistics accordingly.",,,spec,- Situation at the end of period.   - Management companies acording to Chapter 13 of the law of 20 December 2002.
DATAFLOW,LU1:DF_B3102(1.2),"Employment in the Luxembourg credit institutions, financial sector professionals and managment companies",I,A,Annual,C03,Management companies,SL08,Men,2003,,41,,,,0,Zero,,,N01,Data may vary from CSSF annual reports due to reporting deadlines or winding-up procedures.,,,C03,"Since 2019, CSSF uses the concept of ""investment fund managers"" (authorised IFMs include the following fund managers: management companies governed by chapter 15 of the law of 17 December 2010 on undertakings for collective investment, authorised alternative investment fund managers (AIFMs) governed by the law of 12 July 2013 on alternative investment fund managers) and has adjusted the calculation of the statistics accordingly.",,,spec,- Situation at the end of period.   - Management companies acording to Chapter 13 of the law of 20 December 2002.
DATAFLOW,LU1:DF_B3102(1.2),"Employment in the Luxembourg credit institutions, financial sector professionals and managment companies",I,A,Annual,C03,Management companies,SL08,Men,2004,,291,,,,0,Zero,,,N01,Data may vary from CSSF annual reports due to reporting deadlines or winding-up procedures.,,,C03,"Since 2019, CSSF uses the concept of ""investment fund managers"" (authorised IFMs include the following fund managers: management companies governed by chapter 15 of the law of 17 December 2010 on undertakings for collective investment, authorised alternative investment fund managers (AIFMs) governed by the law of 12 July 2013 on alternative investment fund managers) and has adjusted the calculation of the statistics accordingly.",,,spec,- Situation at the end of period.   - Management companies acording to Chapter 13 of the law of 20 December 2002.
DATAFLOW,LU1:DF_B3102(1.2),"Employment in the Luxembourg credit institutions, financial sector professionals and managment companies",I,A,Annual,C03,Management companies,SL08,Men,2005,,793,,,,0,Zero,,,N01,Data may vary from CSSF annual reports due to reporting deadlines or winding-up procedures.,,,C03,"Since 2019, CSSF uses the concept of ""investment fund managers"" (authorised IFMs include the following fund managers: management companies governed by chapter 15 of the law of 17 December 2010 on undertakings for collective investment, authorised alternative investment fund managers (AIFMs) governed by the law of 12 July 2013 on alternative investment fund managers) and has adjusted the calculation of the statistics accordingly.",,,spec,- Situation at the end of period.   - Management companies acording to Chapter 13 of the law of 20 December 2002.
DATAFLOW,LU1:DF_B3102(1.2),"Employment in the Luxembourg credit institutions, financial sector professionals and managment companies",I,A,Annual,C03,Management companies,SL08,Men,2006,,1223,,,,0,Zero,,,N01,Data may vary from CSSF annual reports due to reporting deadlines or winding-up procedures.,,,C03,"Since 2019, CSSF uses the concept of ""investment fund managers"" (authorised IFMs include the following fund managers: management companies governed by chapter 15 of the law of 17 December 2010 on undertakings for collective investment, authorised alternative investment fund managers (AIFMs) governed by the law of 12 July 2013 on alternative investment fund managers) and has adjusted the calculation of the statistics accordingly.",,,spec,- Situation at the end of period.   - Management companies acording to Chapter 13 of the law of 20 December 2002.
DATAFLOW,LU1:DF_B3102(1.2),"Employment in the Luxembourg credit institutions, financial sector professionals and managment companies",I,A,Annual,C03,Management companies,SL08,Men,2007,,1478,,,,0,Zero,,,N01,Data may vary from CSSF annual reports due to reporting deadlines or winding-up procedures.,,,C03,"Since 2019, CSSF uses the concept of ""investment fund managers"" (authorised IFMs include the following fund managers: management companies governed by chapter 15 of the law of 17 December 2010 on undertakings for collective investment, authorised alternative investment fund managers (AIFMs) governed by the law of 12 July 2013 on alternative investment fund managers) and has adjusted the calculation of the statistics accordingly.",,,spec,- Situation at the end of period.   - Management companies acording to Chapter 13 of the law of 20 December 2002.
DATAFLOW,LU1:DF_B3102(1.2),"Employment in the Luxembourg credit institutions, financial sector professionals and managment companies",I,A,Annual,C03,Management companies,SL08,Men,2008,,1507,,,,0,Zero,,,N01,Data may vary from CSSF annual reports due to reporting deadlines or winding-up procedures.,,,C03,"Since 2019, CSSF uses the concept of ""investment fund managers"" (authorised IFMs include the following fund managers: management companies governed by chapter 15 of the law of 17 December 2010 on undertakings for collective investment, authorised alternative investment fund managers (AIFMs) governed by the law of 12 July 2013 on alternative investment fund managers) and has adjusted the calculation of the statistics accordingly.",,,spec,- Situation at the end of period.   - Management companies acording to Chapter 13 of the law of 20 December 2002.
DATAFLOW,LU1:DF_B3102(1.2),"Employment in the Luxembourg credit institutions, financial sector professionals and managment companies",I,A,Annual,C03,Management companies,SL08,Men,2009,,1463,,,,0,Zero,,,N01,Data may vary from CSSF annual reports due to reporting deadlines or winding-up procedures.,,,C03,"Since 2019, CSSF uses the concept of ""investment fund managers"" (authorised IFMs include the following fund managers: management companies governed by chapter 15 of the law of 17 December 2010 on undertakings for collective investment, authorised alternative investment fund managers (AIFMs) governed by the law of 12 July 2013 on alternative investment fund managers) and has adjusted the calculation of the statistics accordingly.",,,spec,- Situation at the end of period.   - Management companies acording to Chapter 13 of the law of 20 December 2002.
DATAFLOW,LU1:DF_B3102(1.2),"Employment in the Luxembourg credit institutions, financial sector professionals and managment companies",I,A,Annual,C03,Management companies,SL08,Men,2010,,1481,,,,0,Zero,,,N01,Data may vary from CSSF annual reports due to reporting deadlines or winding-up procedures.,,,C03,"Since 2019, CSSF uses the concept of ""investment fund managers"" (authorised IFMs include the following fund managers: management companies governed by chapter 15 of the law of 17 December 2010 on undertakings for collective investment, authorised alternative investment fund managers (AIFMs) governed by the law of 12 July 2013 on alternative investment fund managers) and has adjusted the calculation of the statistics accordingly.",,,spec,- Situation at the end of period.   - Management companies acording to Chapter 13 of the law of 20 December 2002.
DATAFLOW,LU1:DF_B3102(1.2),"Employment in the Luxembourg credit institutions, financial sector professionals and managment companies",I,A,Annual,C03,Management companies,SL08,Men,2011,,1565,,,,0,Zero,,,N01,Data may vary from CSSF annual reports due to reporting deadlines or winding-up procedures.,,,C03,"Since 2019, CSSF uses the concept of ""investment fund managers"" (authorised IFMs include the following fund managers: management companies governed by chapter 15 of the law of 17 December 2010 on undertakings for collective investment, authorised alternative investment fund managers (AIFMs) governed by the law of 12 July 2013 on alternative investment fund managers) and has adjusted the calculation of the statistics accordingly.",,,spec,- Situation at the end of period.   - Management companies acording to Chapter 13 of the law of 20 December 2002.
DATAFLOW,LU1:DF_B3102(1.2),"Employment in the Luxembourg credit institutions, financial sector professionals and managment companies",I,A,Annual,C03,Management companies,SL08,Men,2012,,1704,,,,0,Zero,,,N01,Data may vary from CSSF annual reports due to reporting deadlines or winding-up procedures.,,,C03,"Since 2019, CSSF uses the concept of ""investment fund managers"" (authorised IFMs include the following fund managers: management companies governed by chapter 15 of the law of 17 December 2010 on undertakings for collective investment, authorised alternative investment fund managers (AIFMs) governed by the law of 12 July 2013 on alternative investment fund managers) and has adjusted the calculation of the statistics accordingly.",,,spec,- Situation at the end of period.   - Management companies acording to Chapter 13 of the law of 20 December 2002.
DATAFLOW,LU1:DF_B3102(1.2),"Employment in the Luxembourg credit institutions, financial sector professionals and managment companies",I,A,Annual,C03,Management companies,SL08,Men,2013,,2003,,,,0,Zero,,,N01,Data may vary from CSSF annual reports due to reporting deadlines or winding-up procedures.,,,C03,"Since 2019, CSSF uses the concept of ""investment fund managers"" (authorised IFMs include the following fund managers: management companies governed by chapter 15 of the law of 17 December 2010 on undertakings for collective investment, authorised alternative investment fund managers (AIFMs) governed by the law of 12 July 2013 on alternative investment fund managers) and has adjusted the calculation of the statistics accordingly.",,,spec,- Situation at the end of period.   - Management companies acording to Chapter 13 of the law of 20 December 2002.
DATAFLOW,LU1:DF_B3102(1.2),"Employment in the Luxembourg credit institutions, financial sector professionals and managment companies",I,A,Annual,C03,Management companies,SL08,Men,2014,,,,l,Not available,0,Zero,,,N01,Data may vary from CSSF annual reports due to reporting deadlines or winding-up procedures.,,,C03,"Since 2019, CSSF uses the concept of ""investment fund managers"" (authorised IFMs include the following fund managers: management companies governed by chapter 15 of the law of 17 December 2010 on undertakings for collective investment, authorised alternative investment fund managers (AIFMs) governed by the law of 12 July 2013 on alternative investment fund managers) and has adjusted the calculation of the statistics accordingly.",,,spec,- Situation at the end of period.   - Management companies acording to Chapter 13 of the law of 20 December 2002.
DATAFLOW,LU1:DF_B3102(1.2),"Employment in the Luxembourg credit institutions, financial sector professionals and managment companies",I,A,Annual,C03,Management companies,SL08,Men,2015,,,,l,Not available,0,Zero,,,N01,Data may vary from CSSF annual reports due to reporting deadlines or winding-up procedures.,,,C03,"Since 2019, CSSF uses the concept of ""investment fund managers"" (authorised IFMs include the following fund managers: management companies governed by chapter 15 of the law of 17 December 2010 on undertakings for collective investment, authorised alternative investment fund managers (AIFMs) governed by the law of 12 July 2013 on alternative investment fund managers) and has adjusted the calculation of the statistics accordingly.",,,spec,- Situation at the end of period.   - Management companies acording to Chapter 13 of the law of 20 December 2002.
DATAFLOW,LU1:DF_B3102(1.2),"Employment in the Luxembourg credit institutions, financial sector professionals and managment companies",I,A,Annual,C03,Management companies,SL08,Men,2016,,,,l,Not available,0,Zero,,,N01,Data may vary from CSSF annual reports due to reporting deadlines or winding-up procedures.,,,C03,"Since 2019, CSSF uses the concept of ""investment fund managers"" (authorised IFMs include the following fund managers: management companies governed by chapter 15 of the law of 17 December 2010 on undertakings for collective investment, authorised alternative investment fund managers (AIFMs) governed by the law of 12 July 2013 on alternative investment fund managers) and has adjusted the calculation of the statistics accordingly.",,,spec,- Situation at the end of period.   - Management companies acording to Chapter 13 of the law of 20 December 2002.
DATAFLOW,LU1:DF_B3102(1.2),"Employment in the Luxembourg credit institutions, financial sector professionals and managment companies",I,A,Annual,C03,Management companies,SL08,Men,2017,,,,l,Not available,0,Zero,,,N01,Data may vary from CSSF annual reports due to reporting deadlines or winding-up procedures.,,,C03,"Since 2019, CSSF uses the concept of ""investment fund managers"" (authorised IFMs include the following fund managers: management companies governed by chapter 15 of the law of 17 December 2010 on undertakings for collective investment, authorised alternative investment fund managers (AIFMs) governed by the law of 12 July 2013 on alternative investment fund managers) and has adjusted the calculation of the statistics accordingly.",,,spec,- Situation at the end of period.   - Management companies acording to Chapter 13 of the law of 20 December 2002.
DATAFLOW,LU1:DF_B3102(1.2),"Employment in the Luxembourg credit institutions, financial sector professionals and managment companies",I,A,Annual,C03,Management companies,SL08,Men,2018,,,,l,Not available,0,Zero,,,N01,Data may vary from CSSF annual reports due to reporting deadlines or winding-up procedures.,,,C03,"Since 2019, CSSF uses the concept of ""investment fund managers"" (authorised IFMs include the following fund managers: management companies governed by chapter 15 of the law of 17 December 2010 on undertakings for collective investment, authorised alternative investment fund managers (AIFMs) governed by the law of 12 July 2013 on alternative investment fund managers) and has adjusted the calculation of the statistics accordingly.",,,spec,- Situation at the end of period.   - Management companies acording to Chapter 13 of the law of 20 December 2002.
DATAFLOW,LU1:DF_B3102(1.2),"Employment in the Luxembourg credit institutions, financial sector professionals and managment companies",I,A,Annual,C03,Management companies,SL08,Men,2019,,,,z,Not applicable,0,Zero,,,N01,Data may vary from CSSF annual reports due to reporting deadlines or winding-up procedures.,,,C03,"Since 2019, CSSF uses the concept of ""investment fund managers"" (authorised IFMs include the following fund managers: management companies governed by chapter 15 of the law of 17 December 2010 on undertakings for collective investment, authorised alternative investment fund managers (AIFMs) governed by the law of 12 July 2013 on alternative investment fund managers) and has adjusted the calculation of the statistics accordingly.",,,spec,- Situation at the end of period.   - Management companies acording to Chapter 13 of the law of 20 December 2002.
DATAFLOW,LU1:DF_B3102(1.2),"Employment in the Luxembourg credit institutions, financial sector professionals and managment companies",I,A,Annual,C03,Management companies,SL08,Men,2020,,,,z,Not applicable,0,Zero,,,N01,Data may vary from CSSF annual reports due to reporting deadlines or winding-up procedures.,,,C03,"Since 2019, CSSF uses the concept of ""investment fund managers"" (authorised IFMs include the following fund managers: management companies governed by chapter 15 of the law of 17 December 2010 on undertakings for collective investment, authorised alternative investment fund managers (AIFMs) governed by the law of 12 July 2013 on alternative investment fund managers) and has adjusted the calculation of the statistics accordingly.",,,spec,- Situation at the end of period.   - Management companies acording to Chapter 13 of the law of 20 December 2002.
DATAFLOW,LU1:DF_B3102(1.2),"Employment in the Luxembourg credit institutions, financial sector professionals and managment companies",I,A,Annual,C03,Management companies,SL08,Men,2021,,,,z,Not applicable,0,Zero,,,N01,Data may vary from CSSF annual reports due to reporting deadlines or winding-up procedures.,,,C03,"Since 2019, CSSF uses the concept of ""investment fund managers"" (authorised IFMs include the following fund managers: management companies governed by chapter 15 of the law of 17 December 2010 on undertakings for collective investment, authorised alternative investment fund managers (AIFMs) governed by the law of 12 July 2013 on alternative investment fund managers) and has adjusted the calculation of the statistics accordingly.",,,spec,- Situation at the end of period.   - Management companies acording to Chapter 13 of the law of 20 December 2002.
DATAFLOW,LU1:DF_B3102(1.2),"Employment in the Luxembourg credit institutions, financial sector professionals and managment companies",I,A,Annual,C03,Management companies,SL08,Men,2022,,,,z,Not applicable,0,Zero,,,N01,Data may vary from CSSF annual reports due to reporting deadlines or winding-up procedures.,,,C03,"Since 2019, CSSF uses the concept of ""investment fund managers"" (authorised IFMs include the following fund managers: management companies governed by chapter 15 of the law of 17 December 2010 on undertakings for collective investment, authorised alternative investment fund managers (AIFMs) governed by the law of 12 July 2013 on alternative investment fund managers) and has adjusted the calculation of the statistics accordingly.",,,spec,- Situation at the end of period.   - Management companies acording to Chapter 13 of the law of 20 December 2002.
DATAFLOW,LU1:DF_B3102(1.2),"Employment in the Luxembourg credit institutions, financial sector professionals and managment companies",I,A,Annual,C03,Management companies,SL08,Men,2023,,,,z,Not applicable,0,Zero,,,N01,Data may vary from CSSF annual reports due to reporting deadlines or winding-up procedures.,,,C03,"Since 2019, CSSF uses the concept of ""investment fund managers"" (authorised IFMs include the following fund managers: management companies governed by chapter 15 of the law of 17 December 2010 on undertakings for collective investment, authorised alternative investment fund managers (AIFMs) governed by the law of 12 July 2013 on alternative investment fund managers) and has adjusted the calculation of the statistics accordingly.",,,spec,- Situation at the end of period.   - Management companies acording to Chapter 13 of the law of 20 December 2002.
DATAFLOW,LU1:DF_B3102(1.2),"Employment in the Luxembourg credit institutions, financial sector professionals and managment companies",I,A,Annual,C03,Management companies,SL08,Men,2024,,,,z,Not applicable,0,Zero,,,N01,Data may vary from CSSF annual reports due to reporting deadlines or winding-up procedures.,,,C03,"Since 2019, CSSF uses the concept of ""investment fund managers"" (authorised IFMs include the following fund managers: management companies governed by chapter 15 of the law of 17 December 2010 on undertakings for collective investment, authorised alternative investment fund managers (AIFMs) governed by the law of 12 July 2013 on alternative investment fund managers) and has adjusted the calculation of the statistics accordingly.",,,spec,- Situation at the end of period.   - Management companies acording to Chapter 13 of the law of 20 December 2002.
DATAFLOW,LU1:DF_B3102(1.2),"Employment in the Luxembourg credit institutions, financial sector professionals and managment companies",I,A,Annual,C03,Management companies,SL08,Men,2025,,,,z,Not applicable,0,Zero,,,N01,Data may vary from CSSF annual reports due to reporting deadlines or winding-up procedures.,,,C03,"Since 2019, CSSF uses the concept of ""investment fund managers"" (authorised IFMs include the following fund managers: management companies governed by chapter 15 of the law of 17 December 2010 on undertakings for collective investment, authorised alternative investment fund managers (AIFMs) governed by the law of 12 July 2013 on alternative investment fund managers) and has adjusted the calculation of the statistics accordingly.",,,spec,- Situation at the end of period.   - Management companies acording to Chapter 13 of the law of 20 December 2002.
DATAFLOW,LU1:DF_B3102(1.2),"Employment in the Luxembourg credit institutions, financial sector professionals and managment companies",I,A,Annual,C01,Credit institutions,SL08,Men,1999,,7235,,,,0,Zero,,,N01,Data may vary from CSSF annual reports due to reporting deadlines or winding-up procedures.,,,,,,,spec,- Situation at the end of period.   - Management companies acording to Chapter 13 of the law of 20 December 2002.
DATAFLOW,LU1:DF_B3102(1.2),"Employment in the Luxembourg credit institutions, financial sector professionals and managment companies",I,A,Annual,C01,Credit institutions,SL08,Men,2000,,8189,,,,0,Zero,,,N01,Data may vary from CSSF annual reports due to reporting deadlines or winding-up procedures.,,,,,,,spec,- Situation at the end of period.   - Management companies acording to Chapter 13 of the law of 20 December 2002.
DATAFLOW,LU1:DF_B3102(1.2),"Employment in the Luxembourg credit institutions, financial sector professionals and managment companies",I,A,Annual,C01,Credit institutions,SL08,Men,2001,,8688,,,,0,Zero,,,N01,Data may vary from CSSF annual reports due to reporting deadlines or winding-up procedures.,,,,,,,spec,- Situation at the end of period.   - Management companies acording to Chapter 13 of the law of 20 December 2002.
DATAFLOW,LU1:DF_B3102(1.2),"Employment in the Luxembourg credit institutions, financial sector professionals and managment companies",I,A,Annual,C01,Credit institutions,SL08,Men,2002,,8581,,,,0,Zero,,,N01,Data may vary from CSSF annual reports due to reporting deadlines or winding-up procedures.,,,,,,,spec,- Situation at the end of period.   - Management companies acording to Chapter 13 of the law of 20 December 2002.
DATAFLOW,LU1:DF_B3102(1.2),"Employment in the Luxembourg credit institutions, financial sector professionals and managment companies",I,A,Annual,C01,Credit institutions,SL08,Men,2003,,8327,,,,0,Zero,,,N01,Data may vary from CSSF annual reports due to reporting deadlines or winding-up procedures.,,,,,,,spec,- Situation at the end of period.   - Management companies acording to Chapter 13 of the law of 20 December 2002.
DATAFLOW,LU1:DF_B3102(1.2),"Employment in the Luxembourg credit institutions, financial sector professionals and managment companies",I,A,Annual,C01,Credit institutions,SL08,Men,2004,,8438,,,,0,Zero,,,N01,Data may vary from CSSF annual reports due to reporting deadlines or winding-up procedures.,,,,,,,spec,- Situation at the end of period.   - Management companies acording to Chapter 13 of the law of 20 December 2002.
DATAFLOW,LU1:DF_B3102(1.2),"Employment in the Luxembourg credit institutions, financial sector professionals and managment companies",I,A,Annual,C01,Credit institutions,SL08,Men,2005,,8863,,,,0,Zero,,,N01,Data may vary from CSSF annual reports due to reporting deadlines or winding-up procedures.,,,,,,,spec,- Situation at the end of period.   - Management companies acording to Chapter 13 of the law of 20 December 2002.
DATAFLOW,LU1:DF_B3102(1.2),"Employment in the Luxembourg credit institutions, financial sector professionals and managment companies",I,A,Annual,C01,Credit institutions,SL08,Men,2006,,9713,,,,0,Zero,,,N01,Data may vary from CSSF annual reports due to reporting deadlines or winding-up procedures.,,,,,,,spec,- Situation at the end of period.   - Management companies acording to Chapter 13 of the law of 20 December 2002.
DATAFLOW,LU1:DF_B3102(1.2),"Employment in the Luxembourg credit institutions, financial sector professionals and managment companies",I,A,Annual,C01,Credit institutions,SL08,Men,2007,,10425,,,,0,Zero,,,N01,Data may vary from CSSF annual reports due to reporting deadlines or winding-up procedures.,,,,,,,spec,- Situation at the end of period.   - Management companies acording to Chapter 13 of the law of 20 December 2002.
DATAFLOW,LU1:DF_B3102(1.2),"Employment in the Luxembourg credit institutions, financial sector professionals and managment companies",I,A,Annual,C01,Credit institutions,SL08,Men,2008,,11051,,,,0,Zero,,,N01,Data may vary from CSSF annual reports due to reporting deadlines or winding-up procedures.,,,,,,,spec,- Situation at the end of period.   - Management companies acording to Chapter 13 of the law of 20 December 2002.
DATAFLOW,LU1:DF_B3102(1.2),"Employment in the Luxembourg credit institutions, financial sector professionals and managment companies",I,A,Annual,C01,Credit institutions,SL08,Men,2009,,10846,,,,0,Zero,,,N01,Data may vary from CSSF annual reports due to reporting deadlines or winding-up procedures.,,,,,,,spec,- Situation at the end of period.   - Management companies acording to Chapter 13 of the law of 20 December 2002.
DATAFLOW,LU1:DF_B3102(1.2),"Employment in the Luxembourg credit institutions, financial sector professionals and managment companies",I,A,Annual,C01,Credit institutions,SL08,Men,2010,,10731,,,,0,Zero,,,N01,Data may vary from CSSF annual reports due to reporting deadlines or winding-up procedures.,,,,,,,spec,- Situation at the end of period.   - Management companies acording to Chapter 13 of the law of 20 December 2002.
DATAFLOW,LU1:DF_B3102(1.2),"Employment in the Luxembourg credit institutions, financial sector professionals and managment companies",I,A,Annual,C01,Credit institutions,SL08,Men,2011,,11070,,,,0,Zero,,,N01,Data may vary from CSSF annual reports due to reporting deadlines or winding-up procedures.,,,,,,,spec,- Situation at the end of period.   - Management companies acording to Chapter 13 of the law of 20 December 2002.
DATAFLOW,LU1:DF_B3102(1.2),"Employment in the Luxembourg credit institutions, financial sector professionals and managment companies",I,A,Annual,C01,Credit institutions,SL08,Men,2012,,11033,,,,0,Zero,,,N01,Data may vary from CSSF annual reports due to reporting deadlines or winding-up procedures.,,,,,,,spec,- Situation at the end of period.   - Management companies acording to Chapter 13 of the law of 20 December 2002.
DATAFLOW,LU1:DF_B3102(1.2),"Employment in the Luxembourg credit institutions, financial sector professionals and managment companies",I,A,Annual,C01,Credit institutions,SL08,Men,2013,,10915,,,,0,Zero,,,N01,Data may vary from CSSF annual reports due to reporting deadlines or winding-up procedures.,,,,,,,spec,- Situation at the end of period.   - Management companies acording to Chapter 13 of the law of 20 December 2002.
DATAFLOW,LU1:DF_B3102(1.2),"Employment in the Luxembourg credit institutions, financial sector professionals and managment companies",I,A,Annual,C01,Credit institutions,SL08,Men,2014,,,,l,Not available,0,Zero,,,N01,Data may vary from CSSF annual reports due to reporting deadlines or winding-up procedures.,,,,,,,spec,- Situation at the end of period.   - Management companies acording to Chapter 13 of the law of 20 December 2002.
DATAFLOW,LU1:DF_B3102(1.2),"Employment in the Luxembourg credit institutions, financial sector professionals and managment companies",I,A,Annual,C01,Credit institutions,SL08,Men,2015,,,,l,Not available,0,Zero,,,N01,Data may vary from CSSF annual reports due to reporting deadlines or winding-up procedures.,,,,,,,spec,- Situation at the end of period.   - Management companies acording to Chapter 13 of the law of 20 December 2002.
DATAFLOW,LU1:DF_B3102(1.2),"Employment in the Luxembourg credit institutions, financial sector professionals and managment companies",I,A,Annual,C01,Credit institutions,SL08,Men,2016,,,,l,Not available,0,Zero,,,N01,Data may vary from CSSF annual reports due to reporting deadlines or winding-up procedures.,,,,,,,spec,- Situation at the end of period.   - Management companies acording to Chapter 13 of the law of 20 December 2002.
DATAFLOW,LU1:DF_B3102(1.2),"Employment in the Luxembourg credit institutions, financial sector professionals and managment companies",I,A,Annual,C01,Credit institutions,SL08,Men,2017,,,,l,Not available,0,Zero,,,N01,Data may vary from CSSF annual reports due to reporting deadlines or winding-up procedures.,,,,,,,spec,- Situation at the end of period.   - Management companies acording to Chapter 13 of the law of 20 December 2002.
DATAFLOW,LU1:DF_B3102(1.2),"Employment in the Luxembourg credit institutions, financial sector professionals and managment companies",I,A,Annual,C01,Credit institutions,SL08,Men,2018,,,,l,Not available,0,Zero,,,N01,Data may vary from CSSF annual reports due to reporting deadlines or winding-up procedures.,,,,,,,spec,- Situation at the end of period.   - Management companies acording to Chapter 13 of the law of 20 December 2002.
DATAFLOW,LU1:DF_B3102(1.2),"Employment in the Luxembourg credit institutions, financial sector professionals and managment companies",I,A,Annual,C01,Credit institutions,SL08,Men,2019,,,,l,Not available,0,Zero,,,N01,Data may vary from CSSF annual reports due to reporting deadlines or winding-up procedures.,,,,,,,spec,- Situation at the end of period.   - Management companies acording to Chapter 13 of the law of 20 December 2002.
DATAFLOW,LU1:DF_B3102(1.2),"Employment in the Luxembourg credit institutions, financial sector professionals and managment companies",I,A,Annual,C01,Credit institutions,SL08,Men,2020,,,,l,Not available,0,Zero,,,N01,Data may vary from CSSF annual reports due to reporting deadlines or winding-up procedures.,,,,,,,spec,- Situation at the end of period.   - Management companies acording to Chapter 13 of the law of 20 December 2002.
DATAFLOW,LU1:DF_B3102(1.2),"Employment in the Luxembourg credit institutions, financial sector professionals and managment companies",I,A,Annual,C01,Credit institutions,SL08,Men,2021,,,,l,Not available,0,Zero,,,N01,Data may vary from CSSF annual reports due to reporting deadlines or winding-up procedures.,,,,,,,spec,- Situation at the end of period.   - Management companies acording to Chapter 13 of the law of 20 December 2002.
DATAFLOW,LU1:DF_B3102(1.2),"Employment in the Luxembourg credit institutions, financial sector professionals and managment companies",I,A,Annual,C01,Credit institutions,SL08,Men,2022,,,,l,Not available,0,Zero,,,N01,Data may vary from CSSF annual reports due to reporting deadlines or winding-up procedures.,,,,,,,spec,- Situation at the end of period.   - Management companies acording to Chapter 13 of the law of 20 December 2002.
DATAFLOW,LU1:DF_B3102(1.2),"Employment in the Luxembourg credit institutions, financial sector professionals and managment companies",I,A,Annual,C01,Credit institutions,SL08,Men,2023,,,,l,Not available,0,Zero,,,N01,Data may vary from CSSF annual reports due to reporting deadlines or winding-up procedures.,,,,,,,spec,- Situation at the end of period.   - Management companies acording to Chapter 13 of the law of 20 December 2002.
DATAFLOW,LU1:DF_B3102(1.2),"Employment in the Luxembourg credit institutions, financial sector professionals and managment companies",I,A,Annual,C01,Credit institutions,SL08,Men,2024,,,,l,Not available,0,Zero,,,N01,Data may vary from CSSF annual reports due to reporting deadlines or winding-up procedures.,,,,,,,spec,- Situation at the end of period.   - Management companies acording to Chapter 13 of the law of 20 December 2002.
DATAFLOW,LU1:DF_B3102(1.2),"Employment in the Luxembourg credit institutions, financial sector professionals and managment companies",I,A,Annual,C01,Credit institutions,SL08,Men,2025,,,,l,Not available,0,Zero,,,N01,Data may vary from CSSF annual reports due to reporting deadlines or winding-up procedures.,,,,,,,spec,- Situation at the end of period.   - Management companies acording to Chapter 13 of the law of 20 December 2002.
DATAFLOW,LU1:DF_B3102(1.2),"Employment in the Luxembourg credit institutions, financial sector professionals and managment companies",I,A,Annual,C03,Management companies,SL07,Foreigners,1999,,,,z,Not applicable,0,Zero,,,N01,Data may vary from CSSF annual reports due to reporting deadlines or winding-up procedures.,,,C03,"Since 2019, CSSF uses the concept of ""investment fund managers"" (authorised IFMs include the following fund managers: management companies governed by chapter 15 of the law of 17 December 2010 on undertakings for collective investment, authorised alternative investment fund managers (AIFMs) governed by the law of 12 July 2013 on alternative investment fund managers) and has adjusted the calculation of the statistics accordingly.",,,spec,- Situation at the end of period.   - Management companies acording to Chapter 13 of the law of 20 December 2002.
DATAFLOW,LU1:DF_B3102(1.2),"Employment in the Luxembourg credit institutions, financial sector professionals and managment companies",I,A,Annual,C03,Management companies,SL07,Foreigners,2000,,,,z,Not applicable,0,Zero,,,N01,Data may vary from CSSF annual reports due to reporting deadlines or winding-up procedures.,,,C03,"Since 2019, CSSF uses the concept of ""investment fund managers"" (authorised IFMs include the following fund managers: management companies governed by chapter 15 of the law of 17 December 2010 on undertakings for collective investment, authorised alternative investment fund managers (AIFMs) governed by the law of 12 July 2013 on alternative investment fund managers) and has adjusted the calculation of the statistics accordingly.",,,spec,- Situation at the end of period.   - Management companies acording to Chapter 13 of the law of 20 December 2002.
DATAFLOW,LU1:DF_B3102(1.2),"Employment in the Luxembourg credit institutions, financial sector professionals and managment companies",I,A,Annual,C03,Management companies,SL07,Foreigners,2001,,,,z,Not applicable,0,Zero,,,N01,Data may vary from CSSF annual reports due to reporting deadlines or winding-up procedures.,,,C03,"Since 2019, CSSF uses the concept of ""investment fund managers"" (authorised IFMs include the following fund managers: management companies governed by chapter 15 of the law of 17 December 2010 on undertakings for collective investment, authorised alternative investment fund managers (AIFMs) governed by the law of 12 July 2013 on alternative investment fund managers) and has adjusted the calculation of the statistics accordingly.",,,spec,- Situation at the end of period.   - Management companies acording to Chapter 13 of the law of 20 December 2002.
DATAFLOW,LU1:DF_B3102(1.2),"Employment in the Luxembourg credit institutions, financial sector professionals and managment companies",I,A,Annual,C03,Management companies,SL07,Foreigners,2002,,,,z,Not applicable,0,Zero,,,N01,Data may vary from CSSF annual reports due to reporting deadlines or winding-up procedures.,,,C03,"Since 2019, CSSF uses the concept of ""investment fund managers"" (authorised IFMs include the following fund managers: management companies governed by chapter 15 of the law of 17 December 2010 on undertakings for collective investment, authorised alternative investment fund managers (AIFMs) governed by the law of 12 July 2013 on alternative investment fund managers) and has adjusted the calculation of the statistics accordingly.",,,spec,- Situation at the end of period.   - Management companies acording to Chapter 13 of the law of 20 December 2002.
DATAFLOW,LU1:DF_B3102(1.2),"Employment in the Luxembourg credit institutions, financial sector professionals and managment companies",I,A,Annual,C03,Management companies,SL07,Foreigners,2003,,93,,,,0,Zero,,,N01,Data may vary from CSSF annual reports due to reporting deadlines or winding-up procedures.,,,C03,"Since 2019, CSSF uses the concept of ""investment fund managers"" (authorised IFMs include the following fund managers: management companies governed by chapter 15 of the law of 17 December 2010 on undertakings for collective investment, authorised alternative investment fund managers (AIFMs) governed by the law of 12 July 2013 on alternative investment fund managers) and has adjusted the calculation of the statistics accordingly.",,,spec,- Situation at the end of period.   - Management companies acording to Chapter 13 of the law of 20 December 2002.
DATAFLOW,LU1:DF_B3102(1.2),"Employment in the Luxembourg credit institutions, financial sector professionals and managment companies",I,A,Annual,C03,Management companies,SL07,Foreigners,2004,,469,,,,0,Zero,,,N01,Data may vary from CSSF annual reports due to reporting deadlines or winding-up procedures.,,,C03,"Since 2019, CSSF uses the concept of ""investment fund managers"" (authorised IFMs include the following fund managers: management companies governed by chapter 15 of the law of 17 December 2010 on undertakings for collective investment, authorised alternative investment fund managers (AIFMs) governed by the law of 12 July 2013 on alternative investment fund managers) and has adjusted the calculation of the statistics accordingly.",,,spec,- Situation at the end of period.   - Management companies acording to Chapter 13 of the law of 20 December 2002.
DATAFLOW,LU1:DF_B3102(1.2),"Employment in the Luxembourg credit institutions, financial sector professionals and managment companies",I,A,Annual,C03,Management companies,SL07,Foreigners,2005,,1484,,,,0,Zero,,,N01,Data may vary from CSSF annual reports due to reporting deadlines or winding-up procedures.,,,C03,"Since 2019, CSSF uses the concept of ""investment fund managers"" (authorised IFMs include the following fund managers: management companies governed by chapter 15 of the law of 17 December 2010 on undertakings for collective investment, authorised alternative investment fund managers (AIFMs) governed by the law of 12 July 2013 on alternative investment fund managers) and has adjusted the calculation of the statistics accordingly.",,,spec,- Situation at the end of period.   - Management companies acording to Chapter 13 of the law of 20 December 2002.
DATAFLOW,LU1:DF_B3102(1.2),"Employment in the Luxembourg credit institutions, financial sector professionals and managment companies",I,A,Annual,C03,Management companies,SL07,Foreigners,2006,,2168,,,,0,Zero,,,N01,Data may vary from CSSF annual reports due to reporting deadlines or winding-up procedures.,,,C03,"Since 2019, CSSF uses the concept of ""investment fund managers"" (authorised IFMs include the following fund managers: management companies governed by chapter 15 of the law of 17 December 2010 on undertakings for collective investment, authorised alternative investment fund managers (AIFMs) governed by the law of 12 July 2013 on alternative investment fund managers) and has adjusted the calculation of the statistics accordingly.",,,spec,- Situation at the end of period.   - Management companies acording to Chapter 13 of the law of 20 December 2002.
DATAFLOW,LU1:DF_B3102(1.2),"Employment in the Luxembourg credit institutions, financial sector professionals and managment companies",I,A,Annual,C03,Management companies,SL07,Foreigners,2007,,2539,,,,0,Zero,,,N01,Data may vary from CSSF annual reports due to reporting deadlines or winding-up procedures.,,,C03,"Since 2019, CSSF uses the concept of ""investment fund managers"" (authorised IFMs include the following fund managers: management companies governed by chapter 15 of the law of 17 December 2010 on undertakings for collective investment, authorised alternative investment fund managers (AIFMs) governed by the law of 12 July 2013 on alternative investment fund managers) and has adjusted the calculation of the statistics accordingly.",,,spec,- Situation at the end of period.   - Management companies acording to Chapter 13 of the law of 20 December 2002.
DATAFLOW,LU1:DF_B3102(1.2),"Employment in the Luxembourg credit institutions, financial sector professionals and managment companies",I,A,Annual,C03,Management companies,SL07,Foreigners,2008,,2584,,,,0,Zero,,,N01,Data may vary from CSSF annual reports due to reporting deadlines or winding-up procedures.,,,C03,"Since 2019, CSSF uses the concept of ""investment fund managers"" (authorised IFMs include the following fund managers: management companies governed by chapter 15 of the law of 17 December 2010 on undertakings for collective investment, authorised alternative investment fund managers (AIFMs) governed by the law of 12 July 2013 on alternative investment fund managers) and has adjusted the calculation of the statistics accordingly.",,,spec,- Situation at the end of period.   - Management companies acording to Chapter 13 of the law of 20 December 2002.
DATAFLOW,LU1:DF_B3102(1.2),"Employment in the Luxembourg credit institutions, financial sector professionals and managment companies",I,A,Annual,C03,Management companies,SL07,Foreigners,2009,,2500,,,,0,Zero,,,N01,Data may vary from CSSF annual reports due to reporting deadlines or winding-up procedures.,,,C03,"Since 2019, CSSF uses the concept of ""investment fund managers"" (authorised IFMs include the following fund managers: management companies governed by chapter 15 of the law of 17 December 2010 on undertakings for collective investment, authorised alternative investment fund managers (AIFMs) governed by the law of 12 July 2013 on alternative investment fund managers) and has adjusted the calculation of the statistics accordingly.",,,spec,- Situation at the end of period.   - Management companies acording to Chapter 13 of the law of 20 December 2002.
DATAFLOW,LU1:DF_B3102(1.2),"Employment in the Luxembourg credit institutions, financial sector professionals and managment companies",I,A,Annual,C03,Management companies,SL07,Foreigners,2010,,2473,,,,0,Zero,,,N01,Data may vary from CSSF annual reports due to reporting deadlines or winding-up procedures.,,,C03,"Since 2019, CSSF uses the concept of ""investment fund managers"" (authorised IFMs include the following fund managers: management companies governed by chapter 15 of the law of 17 December 2010 on undertakings for collective investment, authorised alternative investment fund managers (AIFMs) governed by the law of 12 July 2013 on alternative investment fund managers) and has adjusted the calculation of the statistics accordingly.",,,spec,- Situation at the end of period.   - Management companies acording to Chapter 13 of the law of 20 December 2002.
DATAFLOW,LU1:DF_B3102(1.2),"Employment in the Luxembourg credit institutions, financial sector professionals and managment companies",I,A,Annual,C03,Management companies,SL07,Foreigners,2011,,2636,,,,0,Zero,,,N01,Data may vary from CSSF annual reports due to reporting deadlines or winding-up procedures.,,,C03,"Since 2019, CSSF uses the concept of ""investment fund managers"" (authorised IFMs include the following fund managers: management companies governed by chapter 15 of the law of 17 December 2010 on undertakings for collective investment, authorised alternative investment fund managers (AIFMs) governed by the law of 12 July 2013 on alternative investment fund managers) and has adjusted the calculation of the statistics accordingly.",,,spec,- Situation at the end of period.   - Management companies acording to Chapter 13 of the law of 20 December 2002.
DATAFLOW,LU1:DF_B3102(1.2),"Employment in the Luxembourg credit institutions, financial sector professionals and managment companies",I,A,Annual,C03,Management companies,SL07,Foreigners,2012,,2847,,,,0,Zero,,,N01,Data may vary from CSSF annual reports due to reporting deadlines or winding-up procedures.,,,C03,"Since 2019, CSSF uses the concept of ""investment fund managers"" (authorised IFMs include the following fund managers: management companies governed by chapter 15 of the law of 17 December 2010 on undertakings for collective investment, authorised alternative investment fund managers (AIFMs) governed by the law of 12 July 2013 on alternative investment fund managers) and has adjusted the calculation of the statistics accordingly.",,,spec,- Situation at the end of period.   - Management companies acording to Chapter 13 of the law of 20 December 2002.
DATAFLOW,LU1:DF_B3102(1.2),"Employment in the Luxembourg credit institutions, financial sector professionals and managment companies",I,A,Annual,C03,Management companies,SL07,Foreigners,2013,,3344,,,,0,Zero,,,N01,Data may vary from CSSF annual reports due to reporting deadlines or winding-up procedures.,,,C03,"Since 2019, CSSF uses the concept of ""investment fund managers"" (authorised IFMs include the following fund managers: management companies governed by chapter 15 of the law of 17 December 2010 on undertakings for collective investment, authorised alternative investment fund managers (AIFMs) governed by the law of 12 July 2013 on alternative investment fund managers) and has adjusted the calculation of the statistics accordingly.",,,spec,- Situation at the end of period.   - Management companies acording to Chapter 13 of the law of 20 December 2002.
DATAFLOW,LU1:DF_B3102(1.2),"Employment in the Luxembourg credit institutions, financial sector professionals and managment companies",I,A,Annual,C03,Management companies,SL07,Foreigners,2014,,,,l,Not available,0,Zero,,,N01,Data may vary from CSSF annual reports due to reporting deadlines or winding-up procedures.,,,C03,"Since 2019, CSSF uses the concept of ""investment fund managers"" (authorised IFMs include the following fund managers: management companies governed by chapter 15 of the law of 17 December 2010 on undertakings for collective investment, authorised alternative investment fund managers (AIFMs) governed by the law of 12 July 2013 on alternative investment fund managers) and has adjusted the calculation of the statistics accordingly.",,,spec,- Situation at the end of period.   - Management companies acording to Chapter 13 of the law of 20 December 2002.
DATAFLOW,LU1:DF_B3102(1.2),"Employment in the Luxembourg credit institutions, financial sector professionals and managment companies",I,A,Annual,C03,Management companies,SL07,Foreigners,2015,,,,l,Not available,0,Zero,,,N01,Data may vary from CSSF annual reports due to reporting deadlines or winding-up procedures.,,,C03,"Since 2019, CSSF uses the concept of ""investment fund managers"" (authorised IFMs include the following fund managers: management companies governed by chapter 15 of the law of 17 December 2010 on undertakings for collective investment, authorised alternative investment fund managers (AIFMs) governed by the law of 12 July 2013 on alternative investment fund managers) and has adjusted the calculation of the statistics accordingly.",,,spec,- Situation at the end of period.   - Management companies acording to Chapter 13 of the law of 20 December 2002.
DATAFLOW,LU1:DF_B3102(1.2),"Employment in the Luxembourg credit institutions, financial sector professionals and managment companies",I,A,Annual,C03,Management companies,SL07,Foreigners,2016,,,,l,Not available,0,Zero,,,N01,Data may vary from CSSF annual reports due to reporting deadlines or winding-up procedures.,,,C03,"Since 2019, CSSF uses the concept of ""investment fund managers"" (authorised IFMs include the following fund managers: management companies governed by chapter 15 of the law of 17 December 2010 on undertakings for collective investment, authorised alternative investment fund managers (AIFMs) governed by the law of 12 July 2013 on alternative investment fund managers) and has adjusted the calculation of the statistics accordingly.",,,spec,- Situation at the end of period.   - Management companies acording to Chapter 13 of the law of 20 December 2002.
DATAFLOW,LU1:DF_B3102(1.2),"Employment in the Luxembourg credit institutions, financial sector professionals and managment companies",I,A,Annual,C03,Management companies,SL07,Foreigners,2017,,,,l,Not available,0,Zero,,,N01,Data may vary from CSSF annual reports due to reporting deadlines or winding-up procedures.,,,C03,"Since 2019, CSSF uses the concept of ""investment fund managers"" (authorised IFMs include the following fund managers: management companies governed by chapter 15 of the law of 17 December 2010 on undertakings for collective investment, authorised alternative investment fund managers (AIFMs) governed by the law of 12 July 2013 on alternative investment fund managers) and has adjusted the calculation of the statistics accordingly.",,,spec,- Situation at the end of period.   - Management companies acording to Chapter 13 of the law of 20 December 2002.
DATAFLOW,LU1:DF_B3102(1.2),"Employment in the Luxembourg credit institutions, financial sector professionals and managment companies",I,A,Annual,C03,Management companies,SL07,Foreigners,2018,,,,l,Not available,0,Zero,,,N01,Data may vary from CSSF annual reports due to reporting deadlines or winding-up procedures.,,,C03,"Since 2019, CSSF uses the concept of ""investment fund managers"" (authorised IFMs include the following fund managers: management companies governed by chapter 15 of the law of 17 December 2010 on undertakings for collective investment, authorised alternative investment fund managers (AIFMs) governed by the law of 12 July 2013 on alternative investment fund managers) and has adjusted the calculation of the statistics accordingly.",,,spec,- Situation at the end of period.   - Management companies acording to Chapter 13 of the law of 20 December 2002.
DATAFLOW,LU1:DF_B3102(1.2),"Employment in the Luxembourg credit institutions, financial sector professionals and managment companies",I,A,Annual,C03,Management companies,SL07,Foreigners,2019,,,,z,Not applicable,0,Zero,,,N01,Data may vary from CSSF annual reports due to reporting deadlines or winding-up procedures.,,,C03,"Since 2019, CSSF uses the concept of ""investment fund managers"" (authorised IFMs include the following fund managers: management companies governed by chapter 15 of the law of 17 December 2010 on undertakings for collective investment, authorised alternative investment fund managers (AIFMs) governed by the law of 12 July 2013 on alternative investment fund managers) and has adjusted the calculation of the statistics accordingly.",,,spec,- Situation at the end of period.   - Management companies acording to Chapter 13 of the law of 20 December 2002.
DATAFLOW,LU1:DF_B3102(1.2),"Employment in the Luxembourg credit institutions, financial sector professionals and managment companies",I,A,Annual,C03,Management companies,SL07,Foreigners,2020,,,,z,Not applicable,0,Zero,,,N01,Data may vary from CSSF annual reports due to reporting deadlines or winding-up procedures.,,,C03,"Since 2019, CSSF uses the concept of ""investment fund managers"" (authorised IFMs include the following fund managers: management companies governed by chapter 15 of the law of 17 December 2010 on undertakings for collective investment, authorised alternative investment fund managers (AIFMs) governed by the law of 12 July 2013 on alternative investment fund managers) and has adjusted the calculation of the statistics accordingly.",,,spec,- Situation at the end of period.   - Management companies acording to Chapter 13 of the law of 20 December 2002.
DATAFLOW,LU1:DF_B3102(1.2),"Employment in the Luxembourg credit institutions, financial sector professionals and managment companies",I,A,Annual,C03,Management companies,SL07,Foreigners,2021,,,,z,Not applicable,0,Zero,,,N01,Data may vary from CSSF annual reports due to reporting deadlines or winding-up procedures.,,,C03,"Since 2019, CSSF uses the concept of ""investment fund managers"" (authorised IFMs include the following fund managers: management companies governed by chapter 15 of the law of 17 December 2010 on undertakings for collective investment, authorised alternative investment fund managers (AIFMs) governed by the law of 12 July 2013 on alternative investment fund managers) and has adjusted the calculation of the statistics accordingly.",,,spec,- Situation at the end of period.   - Management companies acording to Chapter 13 of the law of 20 December 2002.
DATAFLOW,LU1:DF_B3102(1.2),"Employment in the Luxembourg credit institutions, financial sector professionals and managment companies",I,A,Annual,C03,Management companies,SL07,Foreigners,2022,,,,z,Not applicable,0,Zero,,,N01,Data may vary from CSSF annual reports due to reporting deadlines or winding-up procedures.,,,C03,"Since 2019, CSSF uses the concept of ""investment fund managers"" (authorised IFMs include the following fund managers: management companies governed by chapter 15 of the law of 17 December 2010 on undertakings for collective investment, authorised alternative investment fund managers (AIFMs) governed by the law of 12 July 2013 on alternative investment fund managers) and has adjusted the calculation of the statistics accordingly.",,,spec,- Situation at the end of period.   - Management companies acording to Chapter 13 of the law of 20 December 2002.
DATAFLOW,LU1:DF_B3102(1.2),"Employment in the Luxembourg credit institutions, financial sector professionals and managment companies",I,A,Annual,C03,Management companies,SL07,Foreigners,2023,,,,z,Not applicable,0,Zero,,,N01,Data may vary from CSSF annual reports due to reporting deadlines or winding-up procedures.,,,C03,"Since 2019, CSSF uses the concept of ""investment fund managers"" (authorised IFMs include the following fund managers: management companies governed by chapter 15 of the law of 17 December 2010 on undertakings for collective investment, authorised alternative investment fund managers (AIFMs) governed by the law of 12 July 2013 on alternative investment fund managers) and has adjusted the calculation of the statistics accordingly.",,,spec,- Situation at the end of period.   - Management companies acording to Chapter 13 of the law of 20 December 2002.
DATAFLOW,LU1:DF_B3102(1.2),"Employment in the Luxembourg credit institutions, financial sector professionals and managment companies",I,A,Annual,C03,Management companies,SL07,Foreigners,2024,,,,z,Not applicable,0,Zero,,,N01,Data may vary from CSSF annual reports due to reporting deadlines or winding-up procedures.,,,C03,"Since 2019, CSSF uses the concept of ""investment fund managers"" (authorised IFMs include the following fund managers: management companies governed by chapter 15 of the law of 17 December 2010 on undertakings for collective investment, authorised alternative investment fund managers (AIFMs) governed by the law of 12 July 2013 on alternative investment fund managers) and has adjusted the calculation of the statistics accordingly.",,,spec,- Situation at the end of period.   - Management companies acording to Chapter 13 of the law of 20 December 2002.
DATAFLOW,LU1:DF_B3102(1.2),"Employment in the Luxembourg credit institutions, financial sector professionals and managment companies",I,A,Annual,C03,Management companies,SL07,Foreigners,2025,,,,z,Not applicable,0,Zero,,,N01,Data may vary from CSSF annual reports due to reporting deadlines or winding-up procedures.,,,C03,"Since 2019, CSSF uses the concept of ""investment fund managers"" (authorised IFMs include the following fund managers: management companies governed by chapter 15 of the law of 17 December 2010 on undertakings for collective investment, authorised alternative investment fund managers (AIFMs) governed by the law of 12 July 2013 on alternative investment fund managers) and has adjusted the calculation of the statistics accordingly.",,,spec,- Situation at the end of period.   - Management companies acording to Chapter 13 of the law of 20 December 2002.
DATAFLOW,LU1:DF_B3102(1.2),"Employment in the Luxembourg credit institutions, financial sector professionals and managment companies",I,A,Annual,C01,Credit institutions,SL05,Men,1999,,4280,,,,0,Zero,,,N01,Data may vary from CSSF annual reports due to reporting deadlines or winding-up procedures.,,,,,,,spec,- Situation at the end of period.   - Management companies acording to Chapter 13 of the law of 20 December 2002.
DATAFLOW,LU1:DF_B3102(1.2),"Employment in the Luxembourg credit institutions, financial sector professionals and managment companies",I,A,Annual,C01,Credit institutions,SL05,Men,2000,,4233,,,,0,Zero,,,N01,Data may vary from CSSF annual reports due to reporting deadlines or winding-up procedures.,,,,,,,spec,- Situation at the end of period.   - Management companies acording to Chapter 13 of the law of 20 December 2002.
DATAFLOW,LU1:DF_B3102(1.2),"Employment in the Luxembourg credit institutions, financial sector professionals and managment companies",I,A,Annual,C01,Credit institutions,SL05,Men,2001,,4169,,,,0,Zero,,,N01,Data may vary from CSSF annual reports due to reporting deadlines or winding-up procedures.,,,,,,,spec,- Situation at the end of period.   - Management companies acording to Chapter 13 of the law of 20 December 2002.
DATAFLOW,LU1:DF_B3102(1.2),"Employment in the Luxembourg credit institutions, financial sector professionals and managment companies",I,A,Annual,C01,Credit institutions,SL05,Men,2002,,4039,,,,0,Zero,,,N01,Data may vary from CSSF annual reports due to reporting deadlines or winding-up procedures.,,,,,,,spec,- Situation at the end of period.   - Management companies acording to Chapter 13 of the law of 20 December 2002.
DATAFLOW,LU1:DF_B3102(1.2),"Employment in the Luxembourg credit institutions, financial sector professionals and managment companies",I,A,Annual,C01,Credit institutions,SL05,Men,2003,,3896,,,,0,Zero,,,N01,Data may vary from CSSF annual reports due to reporting deadlines or winding-up procedures.,,,,,,,spec,- Situation at the end of period.   - Management companies acording to Chapter 13 of the law of 20 December 2002.
DATAFLOW,LU1:DF_B3102(1.2),"Employment in the Luxembourg credit institutions, financial sector professionals and managment companies",I,A,Annual,C01,Credit institutions,SL05,Men,2004,,3830,,,,0,Zero,,,N01,Data may vary from CSSF annual reports due to reporting deadlines or winding-up procedures.,,,,,,,spec,- Situation at the end of period.   - Management companies acording to Chapter 13 of the law of 20 December 2002.
DATAFLOW,LU1:DF_B3102(1.2),"Employment in the Luxembourg credit institutions, financial sector professionals and managment companies",I,A,Annual,C01,Credit institutions,SL05,Men,2005,,3744,,,,0,Zero,,,N01,Data may vary from CSSF annual reports due to reporting deadlines or winding-up procedures.,,,,,,,spec,- Situation at the end of period.   - Management companies acording to Chapter 13 of the law of 20 December 2002.
DATAFLOW,LU1:DF_B3102(1.2),"Employment in the Luxembourg credit institutions, financial sector professionals and managment companies",I,A,Annual,C01,Credit institutions,SL05,Men,2006,,3741,,,,0,Zero,,,N01,Data may vary from CSSF annual reports due to reporting deadlines or winding-up procedures.,,,,,,,spec,- Situation at the end of period.   - Management companies acording to Chapter 13 of the law of 20 December 2002.
DATAFLOW,LU1:DF_B3102(1.2),"Employment in the Luxembourg credit institutions, financial sector professionals and managment companies",I,A,Annual,C01,Credit institutions,SL05,Men,2007,,3800,,,,0,Zero,,,N01,Data may vary from CSSF annual reports due to reporting deadlines or winding-up procedures.,,,,,,,spec,- Situation at the end of period.   - Management companies acording to Chapter 13 of the law of 20 December 2002.
DATAFLOW,LU1:DF_B3102(1.2),"Employment in the Luxembourg credit institutions, financial sector professionals and managment companies",I,A,Annual,C01,Credit institutions,SL05,Men,2008,,3727,,,,0,Zero,,,N01,Data may vary from CSSF annual reports due to reporting deadlines or winding-up procedures.,,,,,,,spec,- Situation at the end of period.   - Management companies acording to Chapter 13 of the law of 20 December 2002.
DATAFLOW,LU1:DF_B3102(1.2),"Employment in the Luxembourg credit institutions, financial sector professionals and managment companies",I,A,Annual,C01,Credit institutions,SL05,Men,2009,,3572,,,,0,Zero,,,N01,Data may vary from CSSF annual reports due to reporting deadlines or winding-up procedures.,,,,,,,spec,- Situation at the end of period.   - Management companies acording to Chapter 13 of the law of 20 December 2002.
DATAFLOW,LU1:DF_B3102(1.2),"Employment in the Luxembourg credit institutions, financial sector professionals and managment companies",I,A,Annual,C01,Credit institutions,SL05,Men,2010,,3484,,,,0,Zero,,,N01,Data may vary from CSSF annual reports due to reporting deadlines or winding-up procedures.,,,,,,,spec,- Situation at the end of period.   - Management companies acording to Chapter 13 of the law of 20 December 2002.
DATAFLOW,LU1:DF_B3102(1.2),"Employment in the Luxembourg credit institutions, financial sector professionals and managment companies",I,A,Annual,C01,Credit institutions,SL05,Men,2011,,3374,,,,0,Zero,,,N01,Data may vary from CSSF annual reports due to reporting deadlines or winding-up procedures.,,,,,,,spec,- Situation at the end of period.   - Management companies acording to Chapter 13 of the law of 20 December 2002.
DATAFLOW,LU1:DF_B3102(1.2),"Employment in the Luxembourg credit institutions, financial sector professionals and managment companies",I,A,Annual,C01,Credit institutions,SL05,Men,2012,,3345,,,,0,Zero,,,N01,Data may vary from CSSF annual reports due to reporting deadlines or winding-up procedures.,,,,,,,spec,- Situation at the end of period.   - Management companies acording to Chapter 13 of the law of 20 December 2002.
DATAFLOW,LU1:DF_B3102(1.2),"Employment in the Luxembourg credit institutions, financial sector professionals and managment companies",I,A,Annual,C01,Credit institutions,SL05,Men,2013,,3233,,,,0,Zero,,,N01,Data may vary from CSSF annual reports due to reporting deadlines or winding-up procedures.,,,,,,,spec,- Situation at the end of period.   - Management companies acording to Chapter 13 of the law of 20 December 2002.
DATAFLOW,LU1:DF_B3102(1.2),"Employment in the Luxembourg credit institutions, financial sector professionals and managment companies",I,A,Annual,C01,Credit institutions,SL05,Men,2014,,,,l,Not available,0,Zero,,,N01,Data may vary from CSSF annual reports due to reporting deadlines or winding-up procedures.,,,,,,,spec,- Situation at the end of period.   - Management companies acording to Chapter 13 of the law of 20 December 2002.
DATAFLOW,LU1:DF_B3102(1.2),"Employment in the Luxembourg credit institutions, financial sector professionals and managment companies",I,A,Annual,C01,Credit institutions,SL05,Men,2015,,,,l,Not available,0,Zero,,,N01,Data may vary from CSSF annual reports due to reporting deadlines or winding-up procedures.,,,,,,,spec,- Situation at the end of period.   - Management companies acording to Chapter 13 of the law of 20 December 2002.
DATAFLOW,LU1:DF_B3102(1.2),"Employment in the Luxembourg credit institutions, financial sector professionals and managment companies",I,A,Annual,C01,Credit institutions,SL05,Men,2016,,,,l,Not available,0,Zero,,,N01,Data may vary from CSSF annual reports due to reporting deadlines or winding-up procedures.,,,,,,,spec,- Situation at the end of period.   - Management companies acording to Chapter 13 of the law of 20 December 2002.
DATAFLOW,LU1:DF_B3102(1.2),"Employment in the Luxembourg credit institutions, financial sector professionals and managment companies",I,A,Annual,C01,Credit institutions,SL05,Men,2017,,,,l,Not available,0,Zero,,,N01,Data may vary from CSSF annual reports due to reporting deadlines or winding-up procedures.,,,,,,,spec,- Situation at the end of period.   - Management companies acording to Chapter 13 of the law of 20 December 2002.
DATAFLOW,LU1:DF_B3102(1.2),"Employment in the Luxembourg credit institutions, financial sector professionals and managment companies",I,A,Annual,C01,Credit institutions,SL05,Men,2018,,,,l,Not available,0,Zero,,,N01,Data may vary from CSSF annual reports due to reporting deadlines or winding-up procedures.,,,,,,,spec,- Situation at the end of period.   - Management companies acording to Chapter 13 of the law of 20 December 2002.
DATAFLOW,LU1:DF_B3102(1.2),"Employment in the Luxembourg credit institutions, financial sector professionals and managment companies",I,A,Annual,C01,Credit institutions,SL05,Men,2019,,,,l,Not available,0,Zero,,,N01,Data may vary from CSSF annual reports due to reporting deadlines or winding-up procedures.,,,,,,,spec,- Situation at the end of period.   - Management companies acording to Chapter 13 of the law of 20 December 2002.
DATAFLOW,LU1:DF_B3102(1.2),"Employment in the Luxembourg credit institutions, financial sector professionals and managment companies",I,A,Annual,C01,Credit institutions,SL05,Men,2020,,,,l,Not available,0,Zero,,,N01,Data may vary from CSSF annual reports due to reporting deadlines or winding-up procedures.,,,,,,,spec,- Situation at the end of period.   - Management companies acording to Chapter 13 of the law of 20 December 2002.
DATAFLOW,LU1:DF_B3102(1.2),"Employment in the Luxembourg credit institutions, financial sector professionals and managment companies",I,A,Annual,C01,Credit institutions,SL05,Men,2021,,,,l,Not available,0,Zero,,,N01,Data may vary from CSSF annual reports due to reporting deadlines or winding-up procedures.,,,,,,,spec,- Situation at the end of period.   - Management companies acording to Chapter 13 of the law of 20 December 2002.
DATAFLOW,LU1:DF_B3102(1.2),"Employment in the Luxembourg credit institutions, financial sector professionals and managment companies",I,A,Annual,C01,Credit institutions,SL05,Men,2022,,,,l,Not available,0,Zero,,,N01,Data may vary from CSSF annual reports due to reporting deadlines or winding-up procedures.,,,,,,,spec,- Situation at the end of period.   - Management companies acording to Chapter 13 of the law of 20 December 2002.
DATAFLOW,LU1:DF_B3102(1.2),"Employment in the Luxembourg credit institutions, financial sector professionals and managment companies",I,A,Annual,C01,Credit institutions,SL05,Men,2023,,,,l,Not available,0,Zero,,,N01,Data may vary from CSSF annual reports due to reporting deadlines or winding-up procedures.,,,,,,,spec,- Situation at the end of period.   - Management companies acording to Chapter 13 of the law of 20 December 2002.
DATAFLOW,LU1:DF_B3102(1.2),"Employment in the Luxembourg credit institutions, financial sector professionals and managment companies",I,A,Annual,C01,Credit institutions,SL05,Men,2024,,,,l,Not available,0,Zero,,,N01,Data may vary from CSSF annual reports due to reporting deadlines or winding-up procedures.,,,,,,,spec,- Situation at the end of period.   - Management companies acording to Chapter 13 of the law of 20 December 2002.
DATAFLOW,LU1:DF_B3102(1.2),"Employment in the Luxembourg credit institutions, financial sector professionals and managment companies",I,A,Annual,C01,Credit institutions,SL05,Men,2025,,,,l,Not available,0,Zero,,,N01,Data may vary from CSSF annual reports due to reporting deadlines or winding-up procedures.,,,,,,,spec,- Situation at the end of period.   - Management companies acording to Chapter 13 of the law of 20 December 2002.
DATAFLOW,LU1:DF_B3102(1.2),"Employment in the Luxembourg credit institutions, financial sector professionals and managment companies",I,A,Annual,C02,Financial sector professionals,SL06,Women,1999,,202,,,,0,Zero,,,N01,Data may vary from CSSF annual reports due to reporting deadlines or winding-up procedures.,,,C02,"FSP include specialised financial sector professionals, support financial sector professionals and investment firms",,,spec,- Situation at the end of period.   - Management companies acording to Chapter 13 of the law of 20 December 2002.
DATAFLOW,LU1:DF_B3102(1.2),"Employment in the Luxembourg credit institutions, financial sector professionals and managment companies",I,A,Annual,C02,Financial sector professionals,SL06,Women,2000,,216,,,,0,Zero,,,N01,Data may vary from CSSF annual reports due to reporting deadlines or winding-up procedures.,,,C02,"FSP include specialised financial sector professionals, support financial sector professionals and investment firms",,,spec,- Situation at the end of period.   - Management companies acording to Chapter 13 of the law of 20 December 2002.
DATAFLOW,LU1:DF_B3102(1.2),"Employment in the Luxembourg credit institutions, financial sector professionals and managment companies",I,A,Annual,C02,Financial sector professionals,SL06,Women,2001,,274,,,,0,Zero,,,N01,Data may vary from CSSF annual reports due to reporting deadlines or winding-up procedures.,,,C02,"FSP include specialised financial sector professionals, support financial sector professionals and investment firms",,,spec,- Situation at the end of period.   - Management companies acording to Chapter 13 of the law of 20 December 2002.
DATAFLOW,LU1:DF_B3102(1.2),"Employment in the Luxembourg credit institutions, financial sector professionals and managment companies",I,A,Annual,C02,Financial sector professionals,SL06,Women,2002,,320,,,,0,Zero,,,N01,Data may vary from CSSF annual reports due to reporting deadlines or winding-up procedures.,,,C02,"FSP include specialised financial sector professionals, support financial sector professionals and investment firms",,,spec,- Situation at the end of period.   - Management companies acording to Chapter 13 of the law of 20 December 2002.
DATAFLOW,LU1:DF_B3102(1.2),"Employment in the Luxembourg credit institutions, financial sector professionals and managment companies",I,A,Annual,C02,Financial sector professionals,SL06,Women,2003,,277,,,,0,Zero,,,N01,Data may vary from CSSF annual reports due to reporting deadlines or winding-up procedures.,,,C02,"FSP include specialised financial sector professionals, support financial sector professionals and investment firms",,,spec,- Situation at the end of period.   - Management companies acording to Chapter 13 of the law of 20 December 2002.
DATAFLOW,LU1:DF_B3102(1.2),"Employment in the Luxembourg credit institutions, financial sector professionals and managment companies",I,A,Annual,C02,Financial sector professionals,SL06,Women,2004,,369,,,,0,Zero,,,N01,Data may vary from CSSF annual reports due to reporting deadlines or winding-up procedures.,,,C02,"FSP include specialised financial sector professionals, support financial sector professionals and investment firms",,,spec,- Situation at the end of period.   - Management companies acording to Chapter 13 of the law of 20 December 2002.
DATAFLOW,LU1:DF_B3102(1.2),"Employment in the Luxembourg credit institutions, financial sector professionals and managment companies",I,A,Annual,C02,Financial sector professionals,SL06,Women,2005,,423,,,,0,Zero,,,N01,Data may vary from CSSF annual reports due to reporting deadlines or winding-up procedures.,,,C02,"FSP include specialised financial sector professionals, support financial sector professionals and investment firms",,,spec,- Situation at the end of period.   - Management companies acording to Chapter 13 of the law of 20 December 2002.
DATAFLOW,LU1:DF_B3102(1.2),"Employment in the Luxembourg credit institutions, financial sector professionals and managment companies",I,A,Annual,C02,Financial sector professionals,SL06,Women,2006,,482,,,,0,Zero,,,N01,Data may vary from CSSF annual reports due to reporting deadlines or winding-up procedures.,,,C02,"FSP include specialised financial sector professionals, support financial sector professionals and investment firms",,,spec,- Situation at the end of period.   - Management companies acording to Chapter 13 of the law of 20 December 2002.
DATAFLOW,LU1:DF_B3102(1.2),"Employment in the Luxembourg credit institutions, financial sector professionals and managment companies",I,A,Annual,C02,Financial sector professionals,SL06,Women,2007,,535,,,,0,Zero,,,N01,Data may vary from CSSF annual reports due to reporting deadlines or winding-up procedures.,,,C02,"FSP include specialised financial sector professionals, support financial sector professionals and investment firms",,,spec,- Situation at the end of period.   - Management companies acording to Chapter 13 of the law of 20 December 2002.
DATAFLOW,LU1:DF_B3102(1.2),"Employment in the Luxembourg credit institutions, financial sector professionals and managment companies",I,A,Annual,C02,Financial sector professionals,SL06,Women,2008,,593,,,,0,Zero,,,N01,Data may vary from CSSF annual reports due to reporting deadlines or winding-up procedures.,,,C02,"FSP include specialised financial sector professionals, support financial sector professionals and investment firms",,,spec,- Situation at the end of period.   - Management companies acording to Chapter 13 of the law of 20 December 2002.
DATAFLOW,LU1:DF_B3102(1.2),"Employment in the Luxembourg credit institutions, financial sector professionals and managment companies",I,A,Annual,C02,Financial sector professionals,SL06,Women,2009,,535,,,,0,Zero,,,N01,Data may vary from CSSF annual reports due to reporting deadlines or winding-up procedures.,,,C02,"FSP include specialised financial sector professionals, support financial sector professionals and investment firms",,,spec,- Situation at the end of period.   - Management companies acording to Chapter 13 of the law of 20 December 2002.
DATAFLOW,LU1:DF_B3102(1.2),"Employment in the Luxembourg credit institutions, financial sector professionals and managment companies",I,A,Annual,C02,Financial sector professionals,SL06,Women,2010,,542,,,,0,Zero,,,N01,Data may vary from CSSF annual reports due to reporting deadlines or winding-up procedures.,,,C02,"FSP include specialised financial sector professionals, support financial sector professionals and investment firms",,,spec,- Situation at the end of period.   - Management companies acording to Chapter 13 of the law of 20 December 2002.
DATAFLOW,LU1:DF_B3102(1.2),"Employment in the Luxembourg credit institutions, financial sector professionals and managment companies",I,A,Annual,C02,Financial sector professionals,SL06,Women,2011,,564,,,,0,Zero,,,N01,Data may vary from CSSF annual reports due to reporting deadlines or winding-up procedures.,,,C02,"FSP include specialised financial sector professionals, support financial sector professionals and investment firms",,,spec,- Situation at the end of period.   - Management companies acording to Chapter 13 of the law of 20 December 2002.
DATAFLOW,LU1:DF_B3102(1.2),"Employment in the Luxembourg credit institutions, financial sector professionals and managment companies",I,A,Annual,C02,Financial sector professionals,SL06,Women,2012,,534,,,,0,Zero,,,N01,Data may vary from CSSF annual reports due to reporting deadlines or winding-up procedures.,,,C02,"FSP include specialised financial sector professionals, support financial sector professionals and investment firms",,,spec,- Situation at the end of period.   - Management companies acording to Chapter 13 of the law of 20 December 2002.
DATAFLOW,LU1:DF_B3102(1.2),"Employment in the Luxembourg credit institutions, financial sector professionals and managment companies",I,A,Annual,C02,Financial sector professionals,SL06,Women,2013,,533,,,,0,Zero,,,N01,Data may vary from CSSF annual reports due to reporting deadlines or winding-up procedures.,,,C02,"FSP include specialised financial sector professionals, support financial sector professionals and investment firms",,,spec,- Situation at the end of period.   - Management companies acording to Chapter 13 of the law of 20 December 2002.
DATAFLOW,LU1:DF_B3102(1.2),"Employment in the Luxembourg credit institutions, financial sector professionals and managment companies",I,A,Annual,C02,Financial sector professionals,SL06,Women,2014,,,,l,Not available,0,Zero,,,N01,Data may vary from CSSF annual reports due to reporting deadlines or winding-up procedures.,,,C02,"FSP include specialised financial sector professionals, support financial sector professionals and investment firms",,,spec,- Situation at the end of period.   - Management companies acording to Chapter 13 of the law of 20 December 2002.
DATAFLOW,LU1:DF_B3102(1.2),"Employment in the Luxembourg credit institutions, financial sector professionals and managment companies",I,A,Annual,C02,Financial sector professionals,SL06,Women,2015,,,,l,Not available,0,Zero,,,N01,Data may vary from CSSF annual reports due to reporting deadlines or winding-up procedures.,,,C02,"FSP include specialised financial sector professionals, support financial sector professionals and investment firms",,,spec,- Situation at the end of period.   - Management companies acording to Chapter 13 of the law of 20 December 2002.
DATAFLOW,LU1:DF_B3102(1.2),"Employment in the Luxembourg credit institutions, financial sector professionals and managment companies",I,A,Annual,C02,Financial sector professionals,SL06,Women,2016,,,,l,Not available,0,Zero,,,N01,Data may vary from CSSF annual reports due to reporting deadlines or winding-up procedures.,,,C02,"FSP include specialised financial sector professionals, support financial sector professionals and investment firms",,,spec,- Situation at the end of period.   - Management companies acording to Chapter 13 of the law of 20 December 2002.
DATAFLOW,LU1:DF_B3102(1.2),"Employment in the Luxembourg credit institutions, financial sector professionals and managment companies",I,A,Annual,C02,Financial sector professionals,SL06,Women,2017,,,,l,Not available,0,Zero,,,N01,Data may vary from CSSF annual reports due to reporting deadlines or winding-up procedures.,,,C02,"FSP include specialised financial sector professionals, support financial sector professionals and investment firms",,,spec,- Situation at the end of period.   - Management companies acording to Chapter 13 of the law of 20 December 2002.
DATAFLOW,LU1:DF_B3102(1.2),"Employment in the Luxembourg credit institutions, financial sector professionals and managment companies",I,A,Annual,C02,Financial sector professionals,SL06,Women,2018,,,,l,Not available,0,Zero,,,N01,Data may vary from CSSF annual reports due to reporting deadlines or winding-up procedures.,,,C02,"FSP include specialised financial sector professionals, support financial sector professionals and investment firms",,,spec,- Situation at the end of period.   - Management companies acording to Chapter 13 of the law of 20 December 2002.
DATAFLOW,LU1:DF_B3102(1.2),"Employment in the Luxembourg credit institutions, financial sector professionals and managment companies",I,A,Annual,C02,Financial sector professionals,SL06,Women,2019,,,,l,Not available,0,Zero,,,N01,Data may vary from CSSF annual reports due to reporting deadlines or winding-up procedures.,,,C02,"FSP include specialised financial sector professionals, support financial sector professionals and investment firms",,,spec,- Situation at the end of period.   - Management companies acording to Chapter 13 of the law of 20 December 2002.
DATAFLOW,LU1:DF_B3102(1.2),"Employment in the Luxembourg credit institutions, financial sector professionals and managment companies",I,A,Annual,C02,Financial sector professionals,SL06,Women,2020,,,,l,Not available,0,Zero,,,N01,Data may vary from CSSF annual reports due to reporting deadlines or winding-up procedures.,,,C02,"FSP include specialised financial sector professionals, support financial sector professionals and investment firms",,,spec,- Situation at the end of period.   - Management companies acording to Chapter 13 of the law of 20 December 2002.
DATAFLOW,LU1:DF_B3102(1.2),"Employment in the Luxembourg credit institutions, financial sector professionals and managment companies",I,A,Annual,C02,Financial sector professionals,SL06,Women,2021,,,,l,Not available,0,Zero,,,N01,Data may vary from CSSF annual reports due to reporting deadlines or winding-up procedures.,,,C02,"FSP include specialised financial sector professionals, support financial sector professionals and investment firms",,,spec,- Situation at the end of period.   - Management companies acording to Chapter 13 of the law of 20 December 2002.
DATAFLOW,LU1:DF_B3102(1.2),"Employment in the Luxembourg credit institutions, financial sector professionals and managment companies",I,A,Annual,C02,Financial sector professionals,SL06,Women,2022,,,,l,Not available,0,Zero,,,N01,Data may vary from CSSF annual reports due to reporting deadlines or winding-up procedures.,,,C02,"FSP include specialised financial sector professionals, support financial sector professionals and investment firms",,,spec,- Situation at the end of period.   - Management companies acording to Chapter 13 of the law of 20 December 2002.
DATAFLOW,LU1:DF_B3102(1.2),"Employment in the Luxembourg credit institutions, financial sector professionals and managment companies",I,A,Annual,C02,Financial sector professionals,SL06,Women,2023,,,,l,Not available,0,Zero,,,N01,Data may vary from CSSF annual reports due to reporting deadlines or winding-up procedures.,,,C02,"FSP include specialised financial sector professionals, support financial sector professionals and investment firms",,,spec,- Situation at the end of period.   - Management companies acording to Chapter 13 of the law of 20 December 2002.
DATAFLOW,LU1:DF_B3102(1.2),"Employment in the Luxembourg credit institutions, financial sector professionals and managment companies",I,A,Annual,C02,Financial sector professionals,SL06,Women,2024,,,,l,Not available,0,Zero,,,N01,Data may vary from CSSF annual reports due to reporting deadlines or winding-up procedures.,,,C02,"FSP include specialised financial sector professionals, support financial sector professionals and investment firms",,,spec,- Situation at the end of period.   - Management companies acording to Chapter 13 of the law of 20 December 2002.
DATAFLOW,LU1:DF_B3102(1.2),"Employment in the Luxembourg credit institutions, financial sector professionals and managment companies",I,A,Annual,C02,Financial sector professionals,SL06,Women,2025,,,,l,Not available,0,Zero,,,N01,Data may vary from CSSF annual reports due to reporting deadlines or winding-up procedures.,,,C02,"FSP include specialised financial sector professionals, support financial sector professionals and investment firms",,,spec,- Situation at the end of period.   - Management companies acording to Chapter 13 of the law of 20 December 2002.
DATAFLOW,LU1:DF_B3102(1.2),"Employment in the Luxembourg credit institutions, financial sector professionals and managment companies",I,A,Annual,C02,Financial sector professionals,SL08,Men,1999,,1260,,,,0,Zero,,,N01,Data may vary from CSSF annual reports due to reporting deadlines or winding-up procedures.,,,C02,"FSP include specialised financial sector professionals, support financial sector professionals and investment firms",,,spec,- Situation at the end of period.   - Management companies acording to Chapter 13 of the law of 20 December 2002.
DATAFLOW,LU1:DF_B3102(1.2),"Employment in the Luxembourg credit institutions, financial sector professionals and managment companies",I,A,Annual,C02,Financial sector professionals,SL08,Men,2000,,1531,,,,0,Zero,,,N01,Data may vary from CSSF annual reports due to reporting deadlines or winding-up procedures.,,,C02,"FSP include specialised financial sector professionals, support financial sector professionals and investment firms",,,spec,- Situation at the end of period.   - Management companies acording to Chapter 13 of the law of 20 December 2002.
DATAFLOW,LU1:DF_B3102(1.2),"Employment in the Luxembourg credit institutions, financial sector professionals and managment companies",I,A,Annual,C02,Financial sector professionals,SL08,Men,2001,,1837,,,,0,Zero,,,N01,Data may vary from CSSF annual reports due to reporting deadlines or winding-up procedures.,,,C02,"FSP include specialised financial sector professionals, support financial sector professionals and investment firms",,,spec,- Situation at the end of period.   - Management companies acording to Chapter 13 of the law of 20 December 2002.
DATAFLOW,LU1:DF_B3102(1.2),"Employment in the Luxembourg credit institutions, financial sector professionals and managment companies",I,A,Annual,C02,Financial sector professionals,SL08,Men,2002,,1893,,,,0,Zero,,,N01,Data may vary from CSSF annual reports due to reporting deadlines or winding-up procedures.,,,C02,"FSP include specialised financial sector professionals, support financial sector professionals and investment firms",,,spec,- Situation at the end of period.   - Management companies acording to Chapter 13 of the law of 20 December 2002.
DATAFLOW,LU1:DF_B3102(1.2),"Employment in the Luxembourg credit institutions, financial sector professionals and managment companies",I,A,Annual,C02,Financial sector professionals,SL08,Men,2003,,2009,,,,0,Zero,,,N01,Data may vary from CSSF annual reports due to reporting deadlines or winding-up procedures.,,,C02,"FSP include specialised financial sector professionals, support financial sector professionals and investment firms",,,spec,- Situation at the end of period.   - Management companies acording to Chapter 13 of the law of 20 December 2002.
DATAFLOW,LU1:DF_B3102(1.2),"Employment in the Luxembourg credit institutions, financial sector professionals and managment companies",I,A,Annual,C02,Financial sector professionals,SL08,Men,2004,,2907,,,,0,Zero,,,N01,Data may vary from CSSF annual reports due to reporting deadlines or winding-up procedures.,,,C02,"FSP include specialised financial sector professionals, support financial sector professionals and investment firms",,,spec,- Situation at the end of period.   - Management companies acording to Chapter 13 of the law of 20 December 2002.
DATAFLOW,LU1:DF_B3102(1.2),"Employment in the Luxembourg credit institutions, financial sector professionals and managment companies",I,A,Annual,C02,Financial sector professionals,SL08,Men,2005,,3304,,,,0,Zero,,,N01,Data may vary from CSSF annual reports due to reporting deadlines or winding-up procedures.,,,C02,"FSP include specialised financial sector professionals, support financial sector professionals and investment firms",,,spec,- Situation at the end of period.   - Management companies acording to Chapter 13 of the law of 20 December 2002.
DATAFLOW,LU1:DF_B3102(1.2),"Employment in the Luxembourg credit institutions, financial sector professionals and managment companies",I,A,Annual,C02,Financial sector professionals,SL08,Men,2006,,5478,,,,0,Zero,,,N01,Data may vary from CSSF annual reports due to reporting deadlines or winding-up procedures.,,,C02,"FSP include specialised financial sector professionals, support financial sector professionals and investment firms",,,spec,- Situation at the end of period.   - Management companies acording to Chapter 13 of the law of 20 December 2002.
DATAFLOW,LU1:DF_B3102(1.2),"Employment in the Luxembourg credit institutions, financial sector professionals and managment companies",I,A,Annual,C02,Financial sector professionals,SL08,Men,2007,,6470,,,,0,Zero,,,N01,Data may vary from CSSF annual reports due to reporting deadlines or winding-up procedures.,,,C02,"FSP include specialised financial sector professionals, support financial sector professionals and investment firms",,,spec,- Situation at the end of period.   - Management companies acording to Chapter 13 of the law of 20 December 2002.
DATAFLOW,LU1:DF_B3102(1.2),"Employment in the Luxembourg credit institutions, financial sector professionals and managment companies",I,A,Annual,C02,Financial sector professionals,SL08,Men,2008,,7333,,,,0,Zero,,,N01,Data may vary from CSSF annual reports due to reporting deadlines or winding-up procedures.,,,C02,"FSP include specialised financial sector professionals, support financial sector professionals and investment firms",,,spec,- Situation at the end of period.   - Management companies acording to Chapter 13 of the law of 20 December 2002.
DATAFLOW,LU1:DF_B3102(1.2),"Employment in the Luxembourg credit institutions, financial sector professionals and managment companies",I,A,Annual,C02,Financial sector professionals,SL08,Men,2009,,7664,,,,0,Zero,,,N01,Data may vary from CSSF annual reports due to reporting deadlines or winding-up procedures.,,,C02,"FSP include specialised financial sector professionals, support financial sector professionals and investment firms",,,spec,- Situation at the end of period.   - Management companies acording to Chapter 13 of the law of 20 December 2002.
DATAFLOW,LU1:DF_B3102(1.2),"Employment in the Luxembourg credit institutions, financial sector professionals and managment companies",I,A,Annual,C02,Financial sector professionals,SL08,Men,2010,,8014,,,,0,Zero,,,N01,Data may vary from CSSF annual reports due to reporting deadlines or winding-up procedures.,,,C02,"FSP include specialised financial sector professionals, support financial sector professionals and investment firms",,,spec,- Situation at the end of period.   - Management companies acording to Chapter 13 of the law of 20 December 2002.
DATAFLOW,LU1:DF_B3102(1.2),"Employment in the Luxembourg credit institutions, financial sector professionals and managment companies",I,A,Annual,C02,Financial sector professionals,SL08,Men,2011,,8113,,,,0,Zero,,,N01,Data may vary from CSSF annual reports due to reporting deadlines or winding-up procedures.,,,C02,"FSP include specialised financial sector professionals, support financial sector professionals and investment firms",,,spec,- Situation at the end of period.   - Management companies acording to Chapter 13 of the law of 20 December 2002.
DATAFLOW,LU1:DF_B3102(1.2),"Employment in the Luxembourg credit institutions, financial sector professionals and managment companies",I,A,Annual,C02,Financial sector professionals,SL08,Men,2012,,8603,,,,0,Zero,,,N01,Data may vary from CSSF annual reports due to reporting deadlines or winding-up procedures.,,,C02,"FSP include specialised financial sector professionals, support financial sector professionals and investment firms",,,spec,- Situation at the end of period.   - Management companies acording to Chapter 13 of the law of 20 December 2002.
DATAFLOW,LU1:DF_B3102(1.2),"Employment in the Luxembourg credit institutions, financial sector professionals and managment companies",I,A,Annual,C02,Financial sector professionals,SL08,Men,2013,,8489,,,,0,Zero,,,N01,Data may vary from CSSF annual reports due to reporting deadlines or winding-up procedures.,,,C02,"FSP include specialised financial sector professionals, support financial sector professionals and investment firms",,,spec,- Situation at the end of period.   - Management companies acording to Chapter 13 of the law of 20 December 2002.
DATAFLOW,LU1:DF_B3102(1.2),"Employment in the Luxembourg credit institutions, financial sector professionals and managment companies",I,A,Annual,C02,Financial sector professionals,SL08,Men,2014,,,,l,Not available,0,Zero,,,N01,Data may vary from CSSF annual reports due to reporting deadlines or winding-up procedures.,,,C02,"FSP include specialised financial sector professionals, support financial sector professionals and investment firms",,,spec,- Situation at the end of period.   - Management companies acording to Chapter 13 of the law of 20 December 2002.
DATAFLOW,LU1:DF_B3102(1.2),"Employment in the Luxembourg credit institutions, financial sector professionals and managment companies",I,A,Annual,C02,Financial sector professionals,SL08,Men,2015,,,,l,Not available,0,Zero,,,N01,Data may vary from CSSF annual reports due to reporting deadlines or winding-up procedures.,,,C02,"FSP include specialised financial sector professionals, support financial sector professionals and investment firms",,,spec,- Situation at the end of period.   - Management companies acording to Chapter 13 of the law of 20 December 2002.
DATAFLOW,LU1:DF_B3102(1.2),"Employment in the Luxembourg credit institutions, financial sector professionals and managment companies",I,A,Annual,C02,Financial sector professionals,SL08,Men,2016,,,,l,Not available,0,Zero,,,N01,Data may vary from CSSF annual reports due to reporting deadlines or winding-up procedures.,,,C02,"FSP include specialised financial sector professionals, support financial sector professionals and investment firms",,,spec,- Situation at the end of period.   - Management companies acording to Chapter 13 of the law of 20 December 2002.
DATAFLOW,LU1:DF_B3102(1.2),"Employment in the Luxembourg credit institutions, financial sector professionals and managment companies",I,A,Annual,C02,Financial sector professionals,SL08,Men,2017,,,,l,Not available,0,Zero,,,N01,Data may vary from CSSF annual reports due to reporting deadlines or winding-up procedures.,,,C02,"FSP include specialised financial sector professionals, support financial sector professionals and investment firms",,,spec,- Situation at the end of period.   - Management companies acording to Chapter 13 of the law of 20 December 2002.
DATAFLOW,LU1:DF_B3102(1.2),"Employment in the Luxembourg credit institutions, financial sector professionals and managment companies",I,A,Annual,C02,Financial sector professionals,SL08,Men,2018,,,,l,Not available,0,Zero,,,N01,Data may vary from CSSF annual reports due to reporting deadlines or winding-up procedures.,,,C02,"FSP include specialised financial sector professionals, support financial sector professionals and investment firms",,,spec,- Situation at the end of period.   - Management companies acording to Chapter 13 of the law of 20 December 2002.
DATAFLOW,LU1:DF_B3102(1.2),"Employment in the Luxembourg credit institutions, financial sector professionals and managment companies",I,A,Annual,C02,Financial sector professionals,SL08,Men,2019,,,,l,Not available,0,Zero,,,N01,Data may vary from CSSF annual reports due to reporting deadlines or winding-up procedures.,,,C02,"FSP include specialised financial sector professionals, support financial sector professionals and investment firms",,,spec,- Situation at the end of period.   - Management companies acording to Chapter 13 of the law of 20 December 2002.
DATAFLOW,LU1:DF_B3102(1.2),"Employment in the Luxembourg credit institutions, financial sector professionals and managment companies",I,A,Annual,C02,Financial sector professionals,SL08,Men,2020,,,,l,Not available,0,Zero,,,N01,Data may vary from CSSF annual reports due to reporting deadlines or winding-up procedures.,,,C02,"FSP include specialised financial sector professionals, support financial sector professionals and investment firms",,,spec,- Situation at the end of period.   - Management companies acording to Chapter 13 of the law of 20 December 2002.
DATAFLOW,LU1:DF_B3102(1.2),"Employment in the Luxembourg credit institutions, financial sector professionals and managment companies",I,A,Annual,C02,Financial sector professionals,SL08,Men,2021,,,,l,Not available,0,Zero,,,N01,Data may vary from CSSF annual reports due to reporting deadlines or winding-up procedures.,,,C02,"FSP include specialised financial sector professionals, support financial sector professionals and investment firms",,,spec,- Situation at the end of period.   - Management companies acording to Chapter 13 of the law of 20 December 2002.
DATAFLOW,LU1:DF_B3102(1.2),"Employment in the Luxembourg credit institutions, financial sector professionals and managment companies",I,A,Annual,C02,Financial sector professionals,SL08,Men,2022,,,,l,Not available,0,Zero,,,N01,Data may vary from CSSF annual reports due to reporting deadlines or winding-up procedures.,,,C02,"FSP include specialised financial sector professionals, support financial sector professionals and investment firms",,,spec,- Situation at the end of period.   - Management companies acording to Chapter 13 of the law of 20 December 2002.
DATAFLOW,LU1:DF_B3102(1.2),"Employment in the Luxembourg credit institutions, financial sector professionals and managment companies",I,A,Annual,C02,Financial sector professionals,SL08,Men,2023,,,,l,Not available,0,Zero,,,N01,Data may vary from CSSF annual reports due to reporting deadlines or winding-up procedures.,,,C02,"FSP include specialised financial sector professionals, support financial sector professionals and investment firms",,,spec,- Situation at the end of period.   - Management companies acording to Chapter 13 of the law of 20 December 2002.
DATAFLOW,LU1:DF_B3102(1.2),"Employment in the Luxembourg credit institutions, financial sector professionals and managment companies",I,A,Annual,C02,Financial sector professionals,SL08,Men,2024,,,,l,Not available,0,Zero,,,N01,Data may vary from CSSF annual reports due to reporting deadlines or winding-up procedures.,,,C02,"FSP include specialised financial sector professionals, support financial sector professionals and investment firms",,,spec,- Situation at the end of period.   - Management companies acording to Chapter 13 of the law of 20 December 2002.
DATAFLOW,LU1:DF_B3102(1.2),"Employment in the Luxembourg credit institutions, financial sector professionals and managment companies",I,A,Annual,C02,Financial sector professionals,SL08,Men,2025,,,,l,Not available,0,Zero,,,N01,Data may vary from CSSF annual reports due to reporting deadlines or winding-up procedures.,,,C02,"FSP include specialised financial sector professionals, support financial sector professionals and investment firms",,,spec,- Situation at the end of period.   - Management companies acording to Chapter 13 of the law of 20 December 2002.
DATAFLOW,LU1:DF_B3102(1.2),"Employment in the Luxembourg credit institutions, financial sector professionals and managment companies",I,A,Annual,C04,Investment fund managers,SL07,Foreigners,1999,,,,z,Not applicable,0,Zero,,,N01,Data may vary from CSSF annual reports due to reporting deadlines or winding-up procedures.,,,C03,"Since 2019, CSSF uses the concept of ""investment fund managers"" (authorised IFMs include the following fund managers: management companies governed by chapter 15 of the law of 17 December 2010 on undertakings for collective investment, authorised alternative investment fund managers (AIFMs) governed by the law of 12 July 2013 on alternative investment fund managers) and has adjusted the calculation of the statistics accordingly.",,,spec,- Situation at the end of period.   - Management companies acording to Chapter 13 of the law of 20 December 2002.
DATAFLOW,LU1:DF_B3102(1.2),"Employment in the Luxembourg credit institutions, financial sector professionals and managment companies",I,A,Annual,C04,Investment fund managers,SL07,Foreigners,2000,,,,z,Not applicable,0,Zero,,,N01,Data may vary from CSSF annual reports due to reporting deadlines or winding-up procedures.,,,C03,"Since 2019, CSSF uses the concept of ""investment fund managers"" (authorised IFMs include the following fund managers: management companies governed by chapter 15 of the law of 17 December 2010 on undertakings for collective investment, authorised alternative investment fund managers (AIFMs) governed by the law of 12 July 2013 on alternative investment fund managers) and has adjusted the calculation of the statistics accordingly.",,,spec,- Situation at the end of period.   - Management companies acording to Chapter 13 of the law of 20 December 2002.
DATAFLOW,LU1:DF_B3102(1.2),"Employment in the Luxembourg credit institutions, financial sector professionals and managment companies",I,A,Annual,C04,Investment fund managers,SL07,Foreigners,2001,,,,z,Not applicable,0,Zero,,,N01,Data may vary from CSSF annual reports due to reporting deadlines or winding-up procedures.,,,C03,"Since 2019, CSSF uses the concept of ""investment fund managers"" (authorised IFMs include the following fund managers: management companies governed by chapter 15 of the law of 17 December 2010 on undertakings for collective investment, authorised alternative investment fund managers (AIFMs) governed by the law of 12 July 2013 on alternative investment fund managers) and has adjusted the calculation of the statistics accordingly.",,,spec,- Situation at the end of period.   - Management companies acording to Chapter 13 of the law of 20 December 2002.
DATAFLOW,LU1:DF_B3102(1.2),"Employment in the Luxembourg credit institutions, financial sector professionals and managment companies",I,A,Annual,C04,Investment fund managers,SL07,Foreigners,2002,,,,z,Not applicable,0,Zero,,,N01,Data may vary from CSSF annual reports due to reporting deadlines or winding-up procedures.,,,C03,"Since 2019, CSSF uses the concept of ""investment fund managers"" (authorised IFMs include the following fund managers: management companies governed by chapter 15 of the law of 17 December 2010 on undertakings for collective investment, authorised alternative investment fund managers (AIFMs) governed by the law of 12 July 2013 on alternative investment fund managers) and has adjusted the calculation of the statistics accordingly.",,,spec,- Situation at the end of period.   - Management companies acording to Chapter 13 of the law of 20 December 2002.
DATAFLOW,LU1:DF_B3102(1.2),"Employment in the Luxembourg credit institutions, financial sector professionals and managment companies",I,A,Annual,C04,Investment fund managers,SL07,Foreigners,2003,,,,z,Not applicable,0,Zero,,,N01,Data may vary from CSSF annual reports due to reporting deadlines or winding-up procedures.,,,C03,"Since 2019, CSSF uses the concept of ""investment fund managers"" (authorised IFMs include the following fund managers: management companies governed by chapter 15 of the law of 17 December 2010 on undertakings for collective investment, authorised alternative investment fund managers (AIFMs) governed by the law of 12 July 2013 on alternative investment fund managers) and has adjusted the calculation of the statistics accordingly.",,,spec,- Situation at the end of period.   - Management companies acording to Chapter 13 of the law of 20 December 2002.
DATAFLOW,LU1:DF_B3102(1.2),"Employment in the Luxembourg credit institutions, financial sector professionals and managment companies",I,A,Annual,C04,Investment fund managers,SL07,Foreigners,2004,,,,z,Not applicable,0,Zero,,,N01,Data may vary from CSSF annual reports due to reporting deadlines or winding-up procedures.,,,C03,"Since 2019, CSSF uses the concept of ""investment fund managers"" (authorised IFMs include the following fund managers: management companies governed by chapter 15 of the law of 17 December 2010 on undertakings for collective investment, authorised alternative investment fund managers (AIFMs) governed by the law of 12 July 2013 on alternative investment fund managers) and has adjusted the calculation of the statistics accordingly.",,,spec,- Situation at the end of period.   - Management companies acording to Chapter 13 of the law of 20 December 2002.
DATAFLOW,LU1:DF_B3102(1.2),"Employment in the Luxembourg credit institutions, financial sector professionals and managment companies",I,A,Annual,C04,Investment fund managers,SL07,Foreigners,2005,,,,z,Not applicable,0,Zero,,,N01,Data may vary from CSSF annual reports due to reporting deadlines or winding-up procedures.,,,C03,"Since 2019, CSSF uses the concept of ""investment fund managers"" (authorised IFMs include the following fund managers: management companies governed by chapter 15 of the law of 17 December 2010 on undertakings for collective investment, authorised alternative investment fund managers (AIFMs) governed by the law of 12 July 2013 on alternative investment fund managers) and has adjusted the calculation of the statistics accordingly.",,,spec,- Situation at the end of period.   - Management companies acording to Chapter 13 of the law of 20 December 2002.
DATAFLOW,LU1:DF_B3102(1.2),"Employment in the Luxembourg credit institutions, financial sector professionals and managment companies",I,A,Annual,C04,Investment fund managers,SL07,Foreigners,2006,,,,z,Not applicable,0,Zero,,,N01,Data may vary from CSSF annual reports due to reporting deadlines or winding-up procedures.,,,C03,"Since 2019, CSSF uses the concept of ""investment fund managers"" (authorised IFMs include the following fund managers: management companies governed by chapter 15 of the law of 17 December 2010 on undertakings for collective investment, authorised alternative investment fund managers (AIFMs) governed by the law of 12 July 2013 on alternative investment fund managers) and has adjusted the calculation of the statistics accordingly.",,,spec,- Situation at the end of period.   - Management companies acording to Chapter 13 of the law of 20 December 2002.
DATAFLOW,LU1:DF_B3102(1.2),"Employment in the Luxembourg credit institutions, financial sector professionals and managment companies",I,A,Annual,C04,Investment fund managers,SL07,Foreigners,2007,,,,z,Not applicable,0,Zero,,,N01,Data may vary from CSSF annual reports due to reporting deadlines or winding-up procedures.,,,C03,"Since 2019, CSSF uses the concept of ""investment fund managers"" (authorised IFMs include the following fund managers: management companies governed by chapter 15 of the law of 17 December 2010 on undertakings for collective investment, authorised alternative investment fund managers (AIFMs) governed by the law of 12 July 2013 on alternative investment fund managers) and has adjusted the calculation of the statistics accordingly.",,,spec,- Situation at the end of period.   - Management companies acording to Chapter 13 of the law of 20 December 2002.
DATAFLOW,LU1:DF_B3102(1.2),"Employment in the Luxembourg credit institutions, financial sector professionals and managment companies",I,A,Annual,C04,Investment fund managers,SL07,Foreigners,2008,,,,z,Not applicable,0,Zero,,,N01,Data may vary from CSSF annual reports due to reporting deadlines or winding-up procedures.,,,C03,"Since 2019, CSSF uses the concept of ""investment fund managers"" (authorised IFMs include the following fund managers: management companies governed by chapter 15 of the law of 17 December 2010 on undertakings for collective investment, authorised alternative investment fund managers (AIFMs) governed by the law of 12 July 2013 on alternative investment fund managers) and has adjusted the calculation of the statistics accordingly.",,,spec,- Situation at the end of period.   - Management companies acording to Chapter 13 of the law of 20 December 2002.
DATAFLOW,LU1:DF_B3102(1.2),"Employment in the Luxembourg credit institutions, financial sector professionals and managment companies",I,A,Annual,C04,Investment fund managers,SL07,Foreigners,2009,,,,z,Not applicable,0,Zero,,,N01,Data may vary from CSSF annual reports due to reporting deadlines or winding-up procedures.,,,C03,"Since 2019, CSSF uses the concept of ""investment fund managers"" (authorised IFMs include the following fund managers: management companies governed by chapter 15 of the law of 17 December 2010 on undertakings for collective investment, authorised alternative investment fund managers (AIFMs) governed by the law of 12 July 2013 on alternative investment fund managers) and has adjusted the calculation of the statistics accordingly.",,,spec,- Situation at the end of period.   - Management companies acording to Chapter 13 of the law of 20 December 2002.
DATAFLOW,LU1:DF_B3102(1.2),"Employment in the Luxembourg credit institutions, financial sector professionals and managment companies",I,A,Annual,C04,Investment fund managers,SL07,Foreigners,2010,,,,z,Not applicable,0,Zero,,,N01,Data may vary from CSSF annual reports due to reporting deadlines or winding-up procedures.,,,C03,"Since 2019, CSSF uses the concept of ""investment fund managers"" (authorised IFMs include the following fund managers: management companies governed by chapter 15 of the law of 17 December 2010 on undertakings for collective investment, authorised alternative investment fund managers (AIFMs) governed by the law of 12 July 2013 on alternative investment fund managers) and has adjusted the calculation of the statistics accordingly.",,,spec,- Situation at the end of period.   - Management companies acording to Chapter 13 of the law of 20 December 2002.
DATAFLOW,LU1:DF_B3102(1.2),"Employment in the Luxembourg credit institutions, financial sector professionals and managment companies",I,A,Annual,C04,Investment fund managers,SL07,Foreigners,2011,,,,z,Not applicable,0,Zero,,,N01,Data may vary from CSSF annual reports due to reporting deadlines or winding-up procedures.,,,C03,"Since 2019, CSSF uses the concept of ""investment fund managers"" (authorised IFMs include the following fund managers: management companies governed by chapter 15 of the law of 17 December 2010 on undertakings for collective investment, authorised alternative investment fund managers (AIFMs) governed by the law of 12 July 2013 on alternative investment fund managers) and has adjusted the calculation of the statistics accordingly.",,,spec,- Situation at the end of period.   - Management companies acording to Chapter 13 of the law of 20 December 2002.
DATAFLOW,LU1:DF_B3102(1.2),"Employment in the Luxembourg credit institutions, financial sector professionals and managment companies",I,A,Annual,C04,Investment fund managers,SL07,Foreigners,2012,,,,z,Not applicable,0,Zero,,,N01,Data may vary from CSSF annual reports due to reporting deadlines or winding-up procedures.,,,C03,"Since 2019, CSSF uses the concept of ""investment fund managers"" (authorised IFMs include the following fund managers: management companies governed by chapter 15 of the law of 17 December 2010 on undertakings for collective investment, authorised alternative investment fund managers (AIFMs) governed by the law of 12 July 2013 on alternative investment fund managers) and has adjusted the calculation of the statistics accordingly.",,,spec,- Situation at the end of period.   - Management companies acording to Chapter 13 of the law of 20 December 2002.
DATAFLOW,LU1:DF_B3102(1.2),"Employment in the Luxembourg credit institutions, financial sector professionals and managment companies",I,A,Annual,C04,Investment fund managers,SL07,Foreigners,2013,,,,z,Not applicable,0,Zero,,,N01,Data may vary from CSSF annual reports due to reporting deadlines or winding-up procedures.,,,C03,"Since 2019, CSSF uses the concept of ""investment fund managers"" (authorised IFMs include the following fund managers: management companies governed by chapter 15 of the law of 17 December 2010 on undertakings for collective investment, authorised alternative investment fund managers (AIFMs) governed by the law of 12 July 2013 on alternative investment fund managers) and has adjusted the calculation of the statistics accordingly.",,,spec,- Situation at the end of period.   - Management companies acording to Chapter 13 of the law of 20 December 2002.
DATAFLOW,LU1:DF_B3102(1.2),"Employment in the Luxembourg credit institutions, financial sector professionals and managment companies",I,A,Annual,C04,Investment fund managers,SL07,Foreigners,2014,,,,z,Not applicable,0,Zero,,,N01,Data may vary from CSSF annual reports due to reporting deadlines or winding-up procedures.,,,C03,"Since 2019, CSSF uses the concept of ""investment fund managers"" (authorised IFMs include the following fund managers: management companies governed by chapter 15 of the law of 17 December 2010 on undertakings for collective investment, authorised alternative investment fund managers (AIFMs) governed by the law of 12 July 2013 on alternative investment fund managers) and has adjusted the calculation of the statistics accordingly.",,,spec,- Situation at the end of period.   - Management companies acording to Chapter 13 of the law of 20 December 2002.
DATAFLOW,LU1:DF_B3102(1.2),"Employment in the Luxembourg credit institutions, financial sector professionals and managment companies",I,A,Annual,C04,Investment fund managers,SL07,Foreigners,2015,,,,z,Not applicable,0,Zero,,,N01,Data may vary from CSSF annual reports due to reporting deadlines or winding-up procedures.,,,C03,"Since 2019, CSSF uses the concept of ""investment fund managers"" (authorised IFMs include the following fund managers: management companies governed by chapter 15 of the law of 17 December 2010 on undertakings for collective investment, authorised alternative investment fund managers (AIFMs) governed by the law of 12 July 2013 on alternative investment fund managers) and has adjusted the calculation of the statistics accordingly.",,,spec,- Situation at the end of period.   - Management companies acording to Chapter 13 of the law of 20 December 2002.
DATAFLOW,LU1:DF_B3102(1.2),"Employment in the Luxembourg credit institutions, financial sector professionals and managment companies",I,A,Annual,C04,Investment fund managers,SL07,Foreigners,2016,,,,z,Not applicable,0,Zero,,,N01,Data may vary from CSSF annual reports due to reporting deadlines or winding-up procedures.,,,C03,"Since 2019, CSSF uses the concept of ""investment fund managers"" (authorised IFMs include the following fund managers: management companies governed by chapter 15 of the law of 17 December 2010 on undertakings for collective investment, authorised alternative investment fund managers (AIFMs) governed by the law of 12 July 2013 on alternative investment fund managers) and has adjusted the calculation of the statistics accordingly.",,,spec,- Situation at the end of period.   - Management companies acording to Chapter 13 of the law of 20 December 2002.
DATAFLOW,LU1:DF_B3102(1.2),"Employment in the Luxembourg credit institutions, financial sector professionals and managment companies",I,A,Annual,C04,Investment fund managers,SL07,Foreigners,2017,,,,z,Not applicable,0,Zero,,,N01,Data may vary from CSSF annual reports due to reporting deadlines or winding-up procedures.,,,C03,"Since 2019, CSSF uses the concept of ""investment fund managers"" (authorised IFMs include the following fund managers: management companies governed by chapter 15 of the law of 17 December 2010 on undertakings for collective investment, authorised alternative investment fund managers (AIFMs) governed by the law of 12 July 2013 on alternative investment fund managers) and has adjusted the calculation of the statistics accordingly.",,,spec,- Situation at the end of period.   - Management companies acording to Chapter 13 of the law of 20 December 2002.
DATAFLOW,LU1:DF_B3102(1.2),"Employment in the Luxembourg credit institutions, financial sector professionals and managment companies",I,A,Annual,C04,Investment fund managers,SL07,Foreigners,2018,,,,z,Not applicable,0,Zero,,,N01,Data may vary from CSSF annual reports due to reporting deadlines or winding-up procedures.,,,C03,"Since 2019, CSSF uses the concept of ""investment fund managers"" (authorised IFMs include the following fund managers: management companies governed by chapter 15 of the law of 17 December 2010 on undertakings for collective investment, authorised alternative investment fund managers (AIFMs) governed by the law of 12 July 2013 on alternative investment fund managers) and has adjusted the calculation of the statistics accordingly.",,,spec,- Situation at the end of period.   - Management companies acording to Chapter 13 of the law of 20 December 2002.
DATAFLOW,LU1:DF_B3102(1.2),"Employment in the Luxembourg credit institutions, financial sector professionals and managment companies",I,A,Annual,C04,Investment fund managers,SL07,Foreigners,2019,,,,l,Not available,0,Zero,,,N01,Data may vary from CSSF annual reports due to reporting deadlines or winding-up procedures.,,,C03,"Since 2019, CSSF uses the concept of ""investment fund managers"" (authorised IFMs include the following fund managers: management companies governed by chapter 15 of the law of 17 December 2010 on undertakings for collective investment, authorised alternative investment fund managers (AIFMs) governed by the law of 12 July 2013 on alternative investment fund managers) and has adjusted the calculation of the statistics accordingly.",,,spec,- Situation at the end of period.   - Management companies acording to Chapter 13 of the law of 20 December 2002.
DATAFLOW,LU1:DF_B3102(1.2),"Employment in the Luxembourg credit institutions, financial sector professionals and managment companies",I,A,Annual,C04,Investment fund managers,SL07,Foreigners,2020,,,,l,Not available,0,Zero,,,N01,Data may vary from CSSF annual reports due to reporting deadlines or winding-up procedures.,,,C03,"Since 2019, CSSF uses the concept of ""investment fund managers"" (authorised IFMs include the following fund managers: management companies governed by chapter 15 of the law of 17 December 2010 on undertakings for collective investment, authorised alternative investment fund managers (AIFMs) governed by the law of 12 July 2013 on alternative investment fund managers) and has adjusted the calculation of the statistics accordingly.",,,spec,- Situation at the end of period.   - Management companies acording to Chapter 13 of the law of 20 December 2002.
DATAFLOW,LU1:DF_B3102(1.2),"Employment in the Luxembourg credit institutions, financial sector professionals and managment companies",I,A,Annual,C04,Investment fund managers,SL07,Foreigners,2021,,,,l,Not available,0,Zero,,,N01,Data may vary from CSSF annual reports due to reporting deadlines or winding-up procedures.,,,C03,"Since 2019, CSSF uses the concept of ""investment fund managers"" (authorised IFMs include the following fund managers: management companies governed by chapter 15 of the law of 17 December 2010 on undertakings for collective investment, authorised alternative investment fund managers (AIFMs) governed by the law of 12 July 2013 on alternative investment fund managers) and has adjusted the calculation of the statistics accordingly.",,,spec,- Situation at the end of period.   - Management companies acording to Chapter 13 of the law of 20 December 2002.
DATAFLOW,LU1:DF_B3102(1.2),"Employment in the Luxembourg credit institutions, financial sector professionals and managment companies",I,A,Annual,C04,Investment fund managers,SL07,Foreigners,2022,,,,l,Not available,0,Zero,,,N01,Data may vary from CSSF annual reports due to reporting deadlines or winding-up procedures.,,,C03,"Since 2019, CSSF uses the concept of ""investment fund managers"" (authorised IFMs include the following fund managers: management companies governed by chapter 15 of the law of 17 December 2010 on undertakings for collective investment, authorised alternative investment fund managers (AIFMs) governed by the law of 12 July 2013 on alternative investment fund managers) and has adjusted the calculation of the statistics accordingly.",,,spec,- Situation at the end of period.   - Management companies acording to Chapter 13 of the law of 20 December 2002.
DATAFLOW,LU1:DF_B3102(1.2),"Employment in the Luxembourg credit institutions, financial sector professionals and managment companies",I,A,Annual,C04,Investment fund managers,SL07,Foreigners,2023,,,,l,Not available,0,Zero,,,N01,Data may vary from CSSF annual reports due to reporting deadlines or winding-up procedures.,,,C03,"Since 2019, CSSF uses the concept of ""investment fund managers"" (authorised IFMs include the following fund managers: management companies governed by chapter 15 of the law of 17 December 2010 on undertakings for collective investment, authorised alternative investment fund managers (AIFMs) governed by the law of 12 July 2013 on alternative investment fund managers) and has adjusted the calculation of the statistics accordingly.",,,spec,- Situation at the end of period.   - Management companies acording to Chapter 13 of the law of 20 December 2002.
DATAFLOW,LU1:DF_B3102(1.2),"Employment in the Luxembourg credit institutions, financial sector professionals and managment companies",I,A,Annual,C04,Investment fund managers,SL07,Foreigners,2024,,,,l,Not available,0,Zero,,,N01,Data may vary from CSSF annual reports due to reporting deadlines or winding-up procedures.,,,C03,"Since 2019, CSSF uses the concept of ""investment fund managers"" (authorised IFMs include the following fund managers: management companies governed by chapter 15 of the law of 17 December 2010 on undertakings for collective investment, authorised alternative investment fund managers (AIFMs) governed by the law of 12 July 2013 on alternative investment fund managers) and has adjusted the calculation of the statistics accordingly.",,,spec,- Situation at the end of period.   - Management companies acording to Chapter 13 of the law of 20 December 2002.
DATAFLOW,LU1:DF_B3102(1.2),"Employment in the Luxembourg credit institutions, financial sector professionals and managment companies",I,A,Annual,C04,Investment fund managers,SL07,Foreigners,2025,,,,l,Not available,0,Zero,,,N01,Data may vary from CSSF annual reports due to reporting deadlines or winding-up procedures.,,,C03,"Since 2019, CSSF uses the concept of ""investment fund managers"" (authorised IFMs include the following fund managers: management companies governed by chapter 15 of the law of 17 December 2010 on undertakings for collective investment, authorised alternative investment fund managers (AIFMs) governed by the law of 12 July 2013 on alternative investment fund managers) and has adjusted the calculation of the statistics accordingly.",,,spec,- Situation at the end of period.   - Management companies acording to Chapter 13 of the law of 20 December 2002.
DATAFLOW,LU1:DF_B3102(1.2),"Employment in the Luxembourg credit institutions, financial sector professionals and managment companies",I,A,Annual,C02,Financial sector professionals,SL01,TOTAL,1999,,2788,,,,0,Zero,,,N01,Data may vary from CSSF annual reports due to reporting deadlines or winding-up procedures.,,,C02,"FSP include specialised financial sector professionals, support financial sector professionals and investment firms",,,spec,- Situation at the end of period.   - Management companies acording to Chapter 13 of the law of 20 December 2002.
DATAFLOW,LU1:DF_B3102(1.2),"Employment in the Luxembourg credit institutions, financial sector professionals and managment companies",I,A,Annual,C02,Financial sector professionals,SL01,TOTAL,2000,,3504,,,,0,Zero,,,N01,Data may vary from CSSF annual reports due to reporting deadlines or winding-up procedures.,,,C02,"FSP include specialised financial sector professionals, support financial sector professionals and investment firms",,,spec,- Situation at the end of period.   - Management companies acording to Chapter 13 of the law of 20 December 2002.
DATAFLOW,LU1:DF_B3102(1.2),"Employment in the Luxembourg credit institutions, financial sector professionals and managment companies",I,A,Annual,C02,Financial sector professionals,SL01,TOTAL,2001,,4199,,,,0,Zero,,,N01,Data may vary from CSSF annual reports due to reporting deadlines or winding-up procedures.,,,C02,"FSP include specialised financial sector professionals, support financial sector professionals and investment firms",,,spec,- Situation at the end of period.   - Management companies acording to Chapter 13 of the law of 20 December 2002.
DATAFLOW,LU1:DF_B3102(1.2),"Employment in the Luxembourg credit institutions, financial sector professionals and managment companies",I,A,Annual,C02,Financial sector professionals,SL01,TOTAL,2002,,4393,,,,0,Zero,,,N01,Data may vary from CSSF annual reports due to reporting deadlines or winding-up procedures.,,,C02,"FSP include specialised financial sector professionals, support financial sector professionals and investment firms",,,spec,- Situation at the end of period.   - Management companies acording to Chapter 13 of the law of 20 December 2002.
DATAFLOW,LU1:DF_B3102(1.2),"Employment in the Luxembourg credit institutions, financial sector professionals and managment companies",I,A,Annual,C02,Financial sector professionals,SL01,TOTAL,2003,,4436,,,,0,Zero,,,N01,Data may vary from CSSF annual reports due to reporting deadlines or winding-up procedures.,,,C02,"FSP include specialised financial sector professionals, support financial sector professionals and investment firms",,,spec,- Situation at the end of period.   - Management companies acording to Chapter 13 of the law of 20 December 2002.
DATAFLOW,LU1:DF_B3102(1.2),"Employment in the Luxembourg credit institutions, financial sector professionals and managment companies",I,A,Annual,C02,Financial sector professionals,SL01,TOTAL,2004,,6005,,,,0,Zero,,,N01,Data may vary from CSSF annual reports due to reporting deadlines or winding-up procedures.,,,C02,"FSP include specialised financial sector professionals, support financial sector professionals and investment firms",,,spec,- Situation at the end of period.   - Management companies acording to Chapter 13 of the law of 20 December 2002.
DATAFLOW,LU1:DF_B3102(1.2),"Employment in the Luxembourg credit institutions, financial sector professionals and managment companies",I,A,Annual,C02,Financial sector professionals,SL01,TOTAL,2005,,6483,,,,0,Zero,,,N01,Data may vary from CSSF annual reports due to reporting deadlines or winding-up procedures.,,,C02,"FSP include specialised financial sector professionals, support financial sector professionals and investment firms",,,spec,- Situation at the end of period.   - Management companies acording to Chapter 13 of the law of 20 December 2002.
DATAFLOW,LU1:DF_B3102(1.2),"Employment in the Luxembourg credit institutions, financial sector professionals and managment companies",I,A,Annual,C02,Financial sector professionals,SL01,TOTAL,2006,,9928,,,,0,Zero,,,N01,Data may vary from CSSF annual reports due to reporting deadlines or winding-up procedures.,,,C02,"FSP include specialised financial sector professionals, support financial sector professionals and investment firms",,,spec,- Situation at the end of period.   - Management companies acording to Chapter 13 of the law of 20 December 2002.
DATAFLOW,LU1:DF_B3102(1.2),"Employment in the Luxembourg credit institutions, financial sector professionals and managment companies",I,A,Annual,C02,Financial sector professionals,SL01,TOTAL,2007,,12042,,,,0,Zero,,,N01,Data may vary from CSSF annual reports due to reporting deadlines or winding-up procedures.,,,C02,"FSP include specialised financial sector professionals, support financial sector professionals and investment firms",,,spec,- Situation at the end of period.   - Management companies acording to Chapter 13 of the law of 20 December 2002.
DATAFLOW,LU1:DF_B3102(1.2),"Employment in the Luxembourg credit institutions, financial sector professionals and managment companies",I,A,Annual,C02,Financial sector professionals,SL01,TOTAL,2008,,13605,,,,0,Zero,,,N01,Data may vary from CSSF annual reports due to reporting deadlines or winding-up procedures.,,,C02,"FSP include specialised financial sector professionals, support financial sector professionals and investment firms",,,spec,- Situation at the end of period.   - Management companies acording to Chapter 13 of the law of 20 December 2002.
DATAFLOW,LU1:DF_B3102(1.2),"Employment in the Luxembourg credit institutions, financial sector professionals and managment companies",I,A,Annual,C02,Financial sector professionals,SL01,TOTAL,2009,,13485,,,,0,Zero,,,N01,Data may vary from CSSF annual reports due to reporting deadlines or winding-up procedures.,,,C02,"FSP include specialised financial sector professionals, support financial sector professionals and investment firms",,,spec,- Situation at the end of period.   - Management companies acording to Chapter 13 of the law of 20 December 2002.
DATAFLOW,LU1:DF_B3102(1.2),"Employment in the Luxembourg credit institutions, financial sector professionals and managment companies",I,A,Annual,C02,Financial sector professionals,SL01,TOTAL,2010,,14159,,,,0,Zero,,,N01,Data may vary from CSSF annual reports due to reporting deadlines or winding-up procedures.,,,C02,"FSP include specialised financial sector professionals, support financial sector professionals and investment firms",,,spec,- Situation at the end of period.   - Management companies acording to Chapter 13 of the law of 20 December 2002.
DATAFLOW,LU1:DF_B3102(1.2),"Employment in the Luxembourg credit institutions, financial sector professionals and managment companies",I,A,Annual,C02,Financial sector professionals,SL01,TOTAL,2011,,14050,,,,0,Zero,,,N01,Data may vary from CSSF annual reports due to reporting deadlines or winding-up procedures.,,,C02,"FSP include specialised financial sector professionals, support financial sector professionals and investment firms",,,spec,- Situation at the end of period.   - Management companies acording to Chapter 13 of the law of 20 December 2002.
DATAFLOW,LU1:DF_B3102(1.2),"Employment in the Luxembourg credit institutions, financial sector professionals and managment companies",I,A,Annual,C02,Financial sector professionals,SL01,TOTAL,2012,,14713,,,,0,Zero,,,N01,Data may vary from CSSF annual reports due to reporting deadlines or winding-up procedures.,,,C02,"FSP include specialised financial sector professionals, support financial sector professionals and investment firms",,,spec,- Situation at the end of period.   - Management companies acording to Chapter 13 of the law of 20 December 2002.
DATAFLOW,LU1:DF_B3102(1.2),"Employment in the Luxembourg credit institutions, financial sector professionals and managment companies",I,A,Annual,C02,Financial sector professionals,SL01,TOTAL,2013,,14509,,,,0,Zero,,,N01,Data may vary from CSSF annual reports due to reporting deadlines or winding-up procedures.,,,C02,"FSP include specialised financial sector professionals, support financial sector professionals and investment firms",,,spec,- Situation at the end of period.   - Management companies acording to Chapter 13 of the law of 20 December 2002.
DATAFLOW,LU1:DF_B3102(1.2),"Employment in the Luxembourg credit institutions, financial sector professionals and managment companies",I,A,Annual,C02,Financial sector professionals,SL01,TOTAL,2014,,14757,,,,0,Zero,,,N01,Data may vary from CSSF annual reports due to reporting deadlines or winding-up procedures.,,,C02,"FSP include specialised financial sector professionals, support financial sector professionals and investment firms",,,spec,- Situation at the end of period.   - Management companies acording to Chapter 13 of the law of 20 December 2002.
DATAFLOW,LU1:DF_B3102(1.2),"Employment in the Luxembourg credit institutions, financial sector professionals and managment companies",I,A,Annual,C02,Financial sector professionals,SL01,TOTAL,2015,,15374,,,,0,Zero,,,N01,Data may vary from CSSF annual reports due to reporting deadlines or winding-up procedures.,,,C02,"FSP include specialised financial sector professionals, support financial sector professionals and investment firms",,,spec,- Situation at the end of period.   - Management companies acording to Chapter 13 of the law of 20 December 2002.
DATAFLOW,LU1:DF_B3102(1.2),"Employment in the Luxembourg credit institutions, financial sector professionals and managment companies",I,A,Annual,C02,Financial sector professionals,SL01,TOTAL,2016,,15493,,,,0,Zero,,,N01,Data may vary from CSSF annual reports due to reporting deadlines or winding-up procedures.,,,C02,"FSP include specialised financial sector professionals, support financial sector professionals and investment firms",,,spec,- Situation at the end of period.   - Management companies acording to Chapter 13 of the law of 20 December 2002.
DATAFLOW,LU1:DF_B3102(1.2),"Employment in the Luxembourg credit institutions, financial sector professionals and managment companies",I,A,Annual,C02,Financial sector professionals,SL01,TOTAL,2017,,16026,,,,0,Zero,,,N01,Data may vary from CSSF annual reports due to reporting deadlines or winding-up procedures.,,,C02,"FSP include specialised financial sector professionals, support financial sector professionals and investment firms",,,spec,- Situation at the end of period.   - Management companies acording to Chapter 13 of the law of 20 December 2002.
DATAFLOW,LU1:DF_B3102(1.2),"Employment in the Luxembourg credit institutions, financial sector professionals and managment companies",I,A,Annual,C02,Financial sector professionals,SL01,TOTAL,2018,,16889,,,,0,Zero,,,N01,Data may vary from CSSF annual reports due to reporting deadlines or winding-up procedures.,,,C02,"FSP include specialised financial sector professionals, support financial sector professionals and investment firms",,,spec,- Situation at the end of period.   - Management companies acording to Chapter 13 of the law of 20 December 2002.
DATAFLOW,LU1:DF_B3102(1.2),"Employment in the Luxembourg credit institutions, financial sector professionals and managment companies",I,A,Annual,C02,Financial sector professionals,SL01,TOTAL,2019,,16994,,,,0,Zero,,,N01,Data may vary from CSSF annual reports due to reporting deadlines or winding-up procedures.,,,C02,"FSP include specialised financial sector professionals, support financial sector professionals and investment firms",,,spec,- Situation at the end of period.   - Management companies acording to Chapter 13 of the law of 20 December 2002.
DATAFLOW,LU1:DF_B3102(1.2),"Employment in the Luxembourg credit institutions, financial sector professionals and managment companies",I,A,Annual,C02,Financial sector professionals,SL01,TOTAL,2020,,16239,,,,0,Zero,,,N01,Data may vary from CSSF annual reports due to reporting deadlines or winding-up procedures.,,,C02,"FSP include specialised financial sector professionals, support financial sector professionals and investment firms",,,spec,- Situation at the end of period.   - Management companies acording to Chapter 13 of the law of 20 December 2002.
DATAFLOW,LU1:DF_B3102(1.2),"Employment in the Luxembourg credit institutions, financial sector professionals and managment companies",I,A,Annual,C02,Financial sector professionals,SL01,TOTAL,2021,,16794,,,,0,Zero,,,N01,Data may vary from CSSF annual reports due to reporting deadlines or winding-up procedures.,,,C02,"FSP include specialised financial sector professionals, support financial sector professionals and investment firms",,,spec,- Situation at the end of period.   - Management companies acording to Chapter 13 of the law of 20 December 2002.
DATAFLOW,LU1:DF_B3102(1.2),"Employment in the Luxembourg credit institutions, financial sector professionals and managment companies",I,A,Annual,C02,Financial sector professionals,SL01,TOTAL,2022,,17369,,,,0,Zero,,,N01,Data may vary from CSSF annual reports due to reporting deadlines or winding-up procedures.,,,C02,"FSP include specialised financial sector professionals, support financial sector professionals and investment firms",,,spec,- Situation at the end of period.   - Management companies acording to Chapter 13 of the law of 20 December 2002.
DATAFLOW,LU1:DF_B3102(1.2),"Employment in the Luxembourg credit institutions, financial sector professionals and managment companies",I,A,Annual,C02,Financial sector professionals,SL01,TOTAL,2023,,16819,,,,0,Zero,,,N01,Data may vary from CSSF annual reports due to reporting deadlines or winding-up procedures.,,,C02,"FSP include specialised financial sector professionals, support financial sector professionals and investment firms",,,spec,- Situation at the end of period.   - Management companies acording to Chapter 13 of the law of 20 December 2002.
DATAFLOW,LU1:DF_B3102(1.2),"Employment in the Luxembourg credit institutions, financial sector professionals and managment companies",I,A,Annual,C02,Financial sector professionals,SL01,TOTAL,2024,,17217,,,,0,Zero,,,N01,Data may vary from CSSF annual reports due to reporting deadlines or winding-up procedures.,,,C02,"FSP include specialised financial sector professionals, support financial sector professionals and investment firms",,,spec,- Situation at the end of period.   - Management companies acording to Chapter 13 of the law of 20 December 2002.
DATAFLOW,LU1:DF_B3102(1.2),"Employment in the Luxembourg credit institutions, financial sector professionals and managment companies",I,A,Annual,C02,Financial sector professionals,SL01,TOTAL,2025,,17061,,,,0,Zero,,,N01,Data may vary from CSSF annual reports due to reporting deadlines or winding-up procedures.,,,C02,"FSP include specialised financial sector professionals, support financial sector professionals and investment firms",,,spec,- Situation at the end of period.   - Management companies acording to Chapter 13 of the law of 20 December 2002.
DATAFLOW,LU1:DF_B3102(1.2),"Employment in the Luxembourg credit institutions, financial sector professionals and managment companies",I,A,Annual,C03,Management companies,SL01,TOTAL,1999,,,,z,Not applicable,0,Zero,,,N01,Data may vary from CSSF annual reports due to reporting deadlines or winding-up procedures.,,,C03,"Since 2019, CSSF uses the concept of ""investment fund managers"" (authorised IFMs include the following fund managers: management companies governed by chapter 15 of the law of 17 December 2010 on undertakings for collective investment, authorised alternative investment fund managers (AIFMs) governed by the law of 12 July 2013 on alternative investment fund managers) and has adjusted the calculation of the statistics accordingly.",,,spec,- Situation at the end of period.   - Management companies acording to Chapter 13 of the law of 20 December 2002.
DATAFLOW,LU1:DF_B3102(1.2),"Employment in the Luxembourg credit institutions, financial sector professionals and managment companies",I,A,Annual,C03,Management companies,SL01,TOTAL,2000,,,,z,Not applicable,0,Zero,,,N01,Data may vary from CSSF annual reports due to reporting deadlines or winding-up procedures.,,,C03,"Since 2019, CSSF uses the concept of ""investment fund managers"" (authorised IFMs include the following fund managers: management companies governed by chapter 15 of the law of 17 December 2010 on undertakings for collective investment, authorised alternative investment fund managers (AIFMs) governed by the law of 12 July 2013 on alternative investment fund managers) and has adjusted the calculation of the statistics accordingly.",,,spec,- Situation at the end of period.   - Management companies acording to Chapter 13 of the law of 20 December 2002.
DATAFLOW,LU1:DF_B3102(1.2),"Employment in the Luxembourg credit institutions, financial sector professionals and managment companies",I,A,Annual,C03,Management companies,SL01,TOTAL,2001,,,,z,Not applicable,0,Zero,,,N01,Data may vary from CSSF annual reports due to reporting deadlines or winding-up procedures.,,,C03,"Since 2019, CSSF uses the concept of ""investment fund managers"" (authorised IFMs include the following fund managers: management companies governed by chapter 15 of the law of 17 December 2010 on undertakings for collective investment, authorised alternative investment fund managers (AIFMs) governed by the law of 12 July 2013 on alternative investment fund managers) and has adjusted the calculation of the statistics accordingly.",,,spec,- Situation at the end of period.   - Management companies acording to Chapter 13 of the law of 20 December 2002.
DATAFLOW,LU1:DF_B3102(1.2),"Employment in the Luxembourg credit institutions, financial sector professionals and managment companies",I,A,Annual,C03,Management companies,SL01,TOTAL,2002,,,,z,Not applicable,0,Zero,,,N01,Data may vary from CSSF annual reports due to reporting deadlines or winding-up procedures.,,,C03,"Since 2019, CSSF uses the concept of ""investment fund managers"" (authorised IFMs include the following fund managers: management companies governed by chapter 15 of the law of 17 December 2010 on undertakings for collective investment, authorised alternative investment fund managers (AIFMs) governed by the law of 12 July 2013 on alternative investment fund managers) and has adjusted the calculation of the statistics accordingly.",,,spec,- Situation at the end of period.   - Management companies acording to Chapter 13 of the law of 20 December 2002.
DATAFLOW,LU1:DF_B3102(1.2),"Employment in the Luxembourg credit institutions, financial sector professionals and managment companies",I,A,Annual,C03,Management companies,SL01,TOTAL,2003,,98,,,,0,Zero,,,N01,Data may vary from CSSF annual reports due to reporting deadlines or winding-up procedures.,,,C03,"Since 2019, CSSF uses the concept of ""investment fund managers"" (authorised IFMs include the following fund managers: management companies governed by chapter 15 of the law of 17 December 2010 on undertakings for collective investment, authorised alternative investment fund managers (AIFMs) governed by the law of 12 July 2013 on alternative investment fund managers) and has adjusted the calculation of the statistics accordingly.",,,spec,- Situation at the end of period.   - Management companies acording to Chapter 13 of the law of 20 December 2002.
DATAFLOW,LU1:DF_B3102(1.2),"Employment in the Luxembourg credit institutions, financial sector professionals and managment companies",I,A,Annual,C03,Management companies,SL01,TOTAL,2004,,513,,,,0,Zero,,,N01,Data may vary from CSSF annual reports due to reporting deadlines or winding-up procedures.,,,C03,"Since 2019, CSSF uses the concept of ""investment fund managers"" (authorised IFMs include the following fund managers: management companies governed by chapter 15 of the law of 17 December 2010 on undertakings for collective investment, authorised alternative investment fund managers (AIFMs) governed by the law of 12 July 2013 on alternative investment fund managers) and has adjusted the calculation of the statistics accordingly.",,,spec,- Situation at the end of period.   - Management companies acording to Chapter 13 of the law of 20 December 2002.
DATAFLOW,LU1:DF_B3102(1.2),"Employment in the Luxembourg credit institutions, financial sector professionals and managment companies",I,A,Annual,C03,Management companies,SL01,TOTAL,2005,,1572,,,,0,Zero,,,N01,Data may vary from CSSF annual reports due to reporting deadlines or winding-up procedures.,,,C03,"Since 2019, CSSF uses the concept of ""investment fund managers"" (authorised IFMs include the following fund managers: management companies governed by chapter 15 of the law of 17 December 2010 on undertakings for collective investment, authorised alternative investment fund managers (AIFMs) governed by the law of 12 July 2013 on alternative investment fund managers) and has adjusted the calculation of the statistics accordingly.",,,spec,- Situation at the end of period.   - Management companies acording to Chapter 13 of the law of 20 December 2002.
DATAFLOW,LU1:DF_B3102(1.2),"Employment in the Luxembourg credit institutions, financial sector professionals and managment companies",I,A,Annual,C03,Management companies,SL01,TOTAL,2006,,2368,,,,0,Zero,,,N01,Data may vary from CSSF annual reports due to reporting deadlines or winding-up procedures.,,,C03,"Since 2019, CSSF uses the concept of ""investment fund managers"" (authorised IFMs include the following fund managers: management companies governed by chapter 15 of the law of 17 December 2010 on undertakings for collective investment, authorised alternative investment fund managers (AIFMs) governed by the law of 12 July 2013 on alternative investment fund managers) and has adjusted the calculation of the statistics accordingly.",,,spec,- Situation at the end of period.   - Management companies acording to Chapter 13 of the law of 20 December 2002.
DATAFLOW,LU1:DF_B3102(1.2),"Employment in the Luxembourg credit institutions, financial sector professionals and managment companies",I,A,Annual,C03,Management companies,SL01,TOTAL,2007,,2730,,,,0,Zero,,,N01,Data may vary from CSSF annual reports due to reporting deadlines or winding-up procedures.,,,C03,"Since 2019, CSSF uses the concept of ""investment fund managers"" (authorised IFMs include the following fund managers: management companies governed by chapter 15 of the law of 17 December 2010 on undertakings for collective investment, authorised alternative investment fund managers (AIFMs) governed by the law of 12 July 2013 on alternative investment fund managers) and has adjusted the calculation of the statistics accordingly.",,,spec,- Situation at the end of period.   - Management companies acording to Chapter 13 of the law of 20 December 2002.
DATAFLOW,LU1:DF_B3102(1.2),"Employment in the Luxembourg credit institutions, financial sector professionals and managment companies",I,A,Annual,C03,Management companies,SL01,TOTAL,2008,,2782,,,,0,Zero,,,N01,Data may vary from CSSF annual reports due to reporting deadlines or winding-up procedures.,,,C03,"Since 2019, CSSF uses the concept of ""investment fund managers"" (authorised IFMs include the following fund managers: management companies governed by chapter 15 of the law of 17 December 2010 on undertakings for collective investment, authorised alternative investment fund managers (AIFMs) governed by the law of 12 July 2013 on alternative investment fund managers) and has adjusted the calculation of the statistics accordingly.",,,spec,- Situation at the end of period.   - Management companies acording to Chapter 13 of the law of 20 December 2002.
DATAFLOW,LU1:DF_B3102(1.2),"Employment in the Luxembourg credit institutions, financial sector professionals and managment companies",I,A,Annual,C03,Management companies,SL01,TOTAL,2009,,2698,,,,0,Zero,,,N01,Data may vary from CSSF annual reports due to reporting deadlines or winding-up procedures.,,,C03,"Since 2019, CSSF uses the concept of ""investment fund managers"" (authorised IFMs include the following fund managers: management companies governed by chapter 15 of the law of 17 December 2010 on undertakings for collective investment, authorised alternative investment fund managers (AIFMs) governed by the law of 12 July 2013 on alternative investment fund managers) and has adjusted the calculation of the statistics accordingly.",,,spec,- Situation at the end of period.   - Management companies acording to Chapter 13 of the law of 20 December 2002.
DATAFLOW,LU1:DF_B3102(1.2),"Employment in the Luxembourg credit institutions, financial sector professionals and managment companies",I,A,Annual,C03,Management companies,SL01,TOTAL,2010,,2657,,,,0,Zero,,,N01,Data may vary from CSSF annual reports due to reporting deadlines or winding-up procedures.,,,C03,"Since 2019, CSSF uses the concept of ""investment fund managers"" (authorised IFMs include the following fund managers: management companies governed by chapter 15 of the law of 17 December 2010 on undertakings for collective investment, authorised alternative investment fund managers (AIFMs) governed by the law of 12 July 2013 on alternative investment fund managers) and has adjusted the calculation of the statistics accordingly.",,,spec,- Situation at the end of period.   - Management companies acording to Chapter 13 of the law of 20 December 2002.
DATAFLOW,LU1:DF_B3102(1.2),"Employment in the Luxembourg credit institutions, financial sector professionals and managment companies",I,A,Annual,C03,Management companies,SL01,TOTAL,2011,,2827,,,,0,Zero,,,N01,Data may vary from CSSF annual reports due to reporting deadlines or winding-up procedures.,,,C03,"Since 2019, CSSF uses the concept of ""investment fund managers"" (authorised IFMs include the following fund managers: management companies governed by chapter 15 of the law of 17 December 2010 on undertakings for collective investment, authorised alternative investment fund managers (AIFMs) governed by the law of 12 July 2013 on alternative investment fund managers) and has adjusted the calculation of the statistics accordingly.",,,spec,- Situation at the end of period.   - Management companies acording to Chapter 13 of the law of 20 December 2002.
DATAFLOW,LU1:DF_B3102(1.2),"Employment in the Luxembourg credit institutions, financial sector professionals and managment companies",I,A,Annual,C03,Management companies,SL01,TOTAL,2012,,3071,,,,0,Zero,,,N01,Data may vary from CSSF annual reports due to reporting deadlines or winding-up procedures.,,,C03,"Since 2019, CSSF uses the concept of ""investment fund managers"" (authorised IFMs include the following fund managers: management companies governed by chapter 15 of the law of 17 December 2010 on undertakings for collective investment, authorised alternative investment fund managers (AIFMs) governed by the law of 12 July 2013 on alternative investment fund managers) and has adjusted the calculation of the statistics accordingly.",,,spec,- Situation at the end of period.   - Management companies acording to Chapter 13 of the law of 20 December 2002.
DATAFLOW,LU1:DF_B3102(1.2),"Employment in the Luxembourg credit institutions, financial sector professionals and managment companies",I,A,Annual,C03,Management companies,SL01,TOTAL,2013,,3571,,,,0,Zero,,,N01,Data may vary from CSSF annual reports due to reporting deadlines or winding-up procedures.,,,C03,"Since 2019, CSSF uses the concept of ""investment fund managers"" (authorised IFMs include the following fund managers: management companies governed by chapter 15 of the law of 17 December 2010 on undertakings for collective investment, authorised alternative investment fund managers (AIFMs) governed by the law of 12 July 2013 on alternative investment fund managers) and has adjusted the calculation of the statistics accordingly.",,,spec,- Situation at the end of period.   - Management companies acording to Chapter 13 of the law of 20 December 2002.
DATAFLOW,LU1:DF_B3102(1.2),"Employment in the Luxembourg credit institutions, financial sector professionals and managment companies",I,A,Annual,C03,Management companies,SL01,TOTAL,2014,,3819,,,,0,Zero,,,N01,Data may vary from CSSF annual reports due to reporting deadlines or winding-up procedures.,,,C03,"Since 2019, CSSF uses the concept of ""investment fund managers"" (authorised IFMs include the following fund managers: management companies governed by chapter 15 of the law of 17 December 2010 on undertakings for collective investment, authorised alternative investment fund managers (AIFMs) governed by the law of 12 July 2013 on alternative investment fund managers) and has adjusted the calculation of the statistics accordingly.",,,spec,- Situation at the end of period.   - Management companies acording to Chapter 13 of the law of 20 December 2002.
DATAFLOW,LU1:DF_B3102(1.2),"Employment in the Luxembourg credit institutions, financial sector professionals and managment companies",I,A,Annual,C03,Management companies,SL01,TOTAL,2015,,4152,,,,0,Zero,,,N01,Data may vary from CSSF annual reports due to reporting deadlines or winding-up procedures.,,,C03,"Since 2019, CSSF uses the concept of ""investment fund managers"" (authorised IFMs include the following fund managers: management companies governed by chapter 15 of the law of 17 December 2010 on undertakings for collective investment, authorised alternative investment fund managers (AIFMs) governed by the law of 12 July 2013 on alternative investment fund managers) and has adjusted the calculation of the statistics accordingly.",,,spec,- Situation at the end of period.   - Management companies acording to Chapter 13 of the law of 20 December 2002.
DATAFLOW,LU1:DF_B3102(1.2),"Employment in the Luxembourg credit institutions, financial sector professionals and managment companies",I,A,Annual,C03,Management companies,SL01,TOTAL,2016,,4318,,,,0,Zero,,,N01,Data may vary from CSSF annual reports due to reporting deadlines or winding-up procedures.,,,C03,"Since 2019, CSSF uses the concept of ""investment fund managers"" (authorised IFMs include the following fund managers: management companies governed by chapter 15 of the law of 17 December 2010 on undertakings for collective investment, authorised alternative investment fund managers (AIFMs) governed by the law of 12 July 2013 on alternative investment fund managers) and has adjusted the calculation of the statistics accordingly.",,,spec,- Situation at the end of period.   - Management companies acording to Chapter 13 of the law of 20 December 2002.
DATAFLOW,LU1:DF_B3102(1.2),"Employment in the Luxembourg credit institutions, financial sector professionals and managment companies",I,A,Annual,C03,Management companies,SL01,TOTAL,2017,,4599,,,,0,Zero,,,N01,Data may vary from CSSF annual reports due to reporting deadlines or winding-up procedures.,,,C03,"Since 2019, CSSF uses the concept of ""investment fund managers"" (authorised IFMs include the following fund managers: management companies governed by chapter 15 of the law of 17 December 2010 on undertakings for collective investment, authorised alternative investment fund managers (AIFMs) governed by the law of 12 July 2013 on alternative investment fund managers) and has adjusted the calculation of the statistics accordingly.",,,spec,- Situation at the end of period.   - Management companies acording to Chapter 13 of the law of 20 December 2002.
DATAFLOW,LU1:DF_B3102(1.2),"Employment in the Luxembourg credit institutions, financial sector professionals and managment companies",I,A,Annual,C03,Management companies,SL01,TOTAL,2018,,5122,,,,0,Zero,,,N01,Data may vary from CSSF annual reports due to reporting deadlines or winding-up procedures.,,,C03,"Since 2019, CSSF uses the concept of ""investment fund managers"" (authorised IFMs include the following fund managers: management companies governed by chapter 15 of the law of 17 December 2010 on undertakings for collective investment, authorised alternative investment fund managers (AIFMs) governed by the law of 12 July 2013 on alternative investment fund managers) and has adjusted the calculation of the statistics accordingly.",,,spec,- Situation at the end of period.   - Management companies acording to Chapter 13 of the law of 20 December 2002.
DATAFLOW,LU1:DF_B3102(1.2),"Employment in the Luxembourg credit institutions, financial sector professionals and managment companies",I,A,Annual,C03,Management companies,SL01,TOTAL,2019,,,,z,Not applicable,0,Zero,,,N01,Data may vary from CSSF annual reports due to reporting deadlines or winding-up procedures.,,,C03,"Since 2019, CSSF uses the concept of ""investment fund managers"" (authorised IFMs include the following fund managers: management companies governed by chapter 15 of the law of 17 December 2010 on undertakings for collective investment, authorised alternative investment fund managers (AIFMs) governed by the law of 12 July 2013 on alternative investment fund managers) and has adjusted the calculation of the statistics accordingly.",,,spec,- Situation at the end of period.   - Management companies acording to Chapter 13 of the law of 20 December 2002.
DATAFLOW,LU1:DF_B3102(1.2),"Employment in the Luxembourg credit institutions, financial sector professionals and managment companies",I,A,Annual,C03,Management companies,SL01,TOTAL,2020,,,,z,Not applicable,0,Zero,,,N01,Data may vary from CSSF annual reports due to reporting deadlines or winding-up procedures.,,,C03,"Since 2019, CSSF uses the concept of ""investment fund managers"" (authorised IFMs include the following fund managers: management companies governed by chapter 15 of the law of 17 December 2010 on undertakings for collective investment, authorised alternative investment fund managers (AIFMs) governed by the law of 12 July 2013 on alternative investment fund managers) and has adjusted the calculation of the statistics accordingly.",,,spec,- Situation at the end of period.   - Management companies acording to Chapter 13 of the law of 20 December 2002.
DATAFLOW,LU1:DF_B3102(1.2),"Employment in the Luxembourg credit institutions, financial sector professionals and managment companies",I,A,Annual,C03,Management companies,SL01,TOTAL,2021,,,,z,Not applicable,0,Zero,,,N01,Data may vary from CSSF annual reports due to reporting deadlines or winding-up procedures.,,,C03,"Since 2019, CSSF uses the concept of ""investment fund managers"" (authorised IFMs include the following fund managers: management companies governed by chapter 15 of the law of 17 December 2010 on undertakings for collective investment, authorised alternative investment fund managers (AIFMs) governed by the law of 12 July 2013 on alternative investment fund managers) and has adjusted the calculation of the statistics accordingly.",,,spec,- Situation at the end of period.   - Management companies acording to Chapter 13 of the law of 20 December 2002.
DATAFLOW,LU1:DF_B3102(1.2),"Employment in the Luxembourg credit institutions, financial sector professionals and managment companies",I,A,Annual,C03,Management companies,SL01,TOTAL,2022,,,,z,Not applicable,0,Zero,,,N01,Data may vary from CSSF annual reports due to reporting deadlines or winding-up procedures.,,,C03,"Since 2019, CSSF uses the concept of ""investment fund managers"" (authorised IFMs include the following fund managers: management companies governed by chapter 15 of the law of 17 December 2010 on undertakings for collective investment, authorised alternative investment fund managers (AIFMs) governed by the law of 12 July 2013 on alternative investment fund managers) and has adjusted the calculation of the statistics accordingly.",,,spec,- Situation at the end of period.   - Management companies acording to Chapter 13 of the law of 20 December 2002.
DATAFLOW,LU1:DF_B3102(1.2),"Employment in the Luxembourg credit institutions, financial sector professionals and managment companies",I,A,Annual,C03,Management companies,SL01,TOTAL,2023,,,,z,Not applicable,0,Zero,,,N01,Data may vary from CSSF annual reports due to reporting deadlines or winding-up procedures.,,,C03,"Since 2019, CSSF uses the concept of ""investment fund managers"" (authorised IFMs include the following fund managers: management companies governed by chapter 15 of the law of 17 December 2010 on undertakings for collective investment, authorised alternative investment fund managers (AIFMs) governed by the law of 12 July 2013 on alternative investment fund managers) and has adjusted the calculation of the statistics accordingly.",,,spec,- Situation at the end of period.   - Management companies acording to Chapter 13 of the law of 20 December 2002.
DATAFLOW,LU1:DF_B3102(1.2),"Employment in the Luxembourg credit institutions, financial sector professionals and managment companies",I,A,Annual,C03,Management companies,SL01,TOTAL,2024,,,,z,Not applicable,0,Zero,,,N01,Data may vary from CSSF annual reports due to reporting deadlines or winding-up procedures.,,,C03,"Since 2019, CSSF uses the concept of ""investment fund managers"" (authorised IFMs include the following fund managers: management companies governed by chapter 15 of the law of 17 December 2010 on undertakings for collective investment, authorised alternative investment fund managers (AIFMs) governed by the law of 12 July 2013 on alternative investment fund managers) and has adjusted the calculation of the statistics accordingly.",,,spec,- Situation at the end of period.   - Management companies acording to Chapter 13 of the law of 20 December 2002.
DATAFLOW,LU1:DF_B3102(1.2),"Employment in the Luxembourg credit institutions, financial sector professionals and managment companies",I,A,Annual,C03,Management companies,SL01,TOTAL,2025,,,,z,Not applicable,0,Zero,,,N01,Data may vary from CSSF annual reports due to reporting deadlines or winding-up procedures.,,,C03,"Since 2019, CSSF uses the concept of ""investment fund managers"" (authorised IFMs include the following fund managers: management companies governed by chapter 15 of the law of 17 December 2010 on undertakings for collective investment, authorised alternative investment fund managers (AIFMs) governed by the law of 12 July 2013 on alternative investment fund managers) and has adjusted the calculation of the statistics accordingly.",,,spec,- Situation at the end of period.   - Management companies acording to Chapter 13 of the law of 20 December 2002.
DATAFLOW,LU1:DF_B3102(1.2),"Employment in the Luxembourg credit institutions, financial sector professionals and managment companies",I,A,Annual,C04,Investment fund managers,SL02,Men,1999,,,,z,Not applicable,0,Zero,,,N01,Data may vary from CSSF annual reports due to reporting deadlines or winding-up procedures.,,,C03,"Since 2019, CSSF uses the concept of ""investment fund managers"" (authorised IFMs include the following fund managers: management companies governed by chapter 15 of the law of 17 December 2010 on undertakings for collective investment, authorised alternative investment fund managers (AIFMs) governed by the law of 12 July 2013 on alternative investment fund managers) and has adjusted the calculation of the statistics accordingly.",,,spec,- Situation at the end of period.   - Management companies acording to Chapter 13 of the law of 20 December 2002.
DATAFLOW,LU1:DF_B3102(1.2),"Employment in the Luxembourg credit institutions, financial sector professionals and managment companies",I,A,Annual,C04,Investment fund managers,SL02,Men,2000,,,,z,Not applicable,0,Zero,,,N01,Data may vary from CSSF annual reports due to reporting deadlines or winding-up procedures.,,,C03,"Since 2019, CSSF uses the concept of ""investment fund managers"" (authorised IFMs include the following fund managers: management companies governed by chapter 15 of the law of 17 December 2010 on undertakings for collective investment, authorised alternative investment fund managers (AIFMs) governed by the law of 12 July 2013 on alternative investment fund managers) and has adjusted the calculation of the statistics accordingly.",,,spec,- Situation at the end of period.   - Management companies acording to Chapter 13 of the law of 20 December 2002.
DATAFLOW,LU1:DF_B3102(1.2),"Employment in the Luxembourg credit institutions, financial sector professionals and managment companies",I,A,Annual,C04,Investment fund managers,SL02,Men,2001,,,,z,Not applicable,0,Zero,,,N01,Data may vary from CSSF annual reports due to reporting deadlines or winding-up procedures.,,,C03,"Since 2019, CSSF uses the concept of ""investment fund managers"" (authorised IFMs include the following fund managers: management companies governed by chapter 15 of the law of 17 December 2010 on undertakings for collective investment, authorised alternative investment fund managers (AIFMs) governed by the law of 12 July 2013 on alternative investment fund managers) and has adjusted the calculation of the statistics accordingly.",,,spec,- Situation at the end of period.   - Management companies acording to Chapter 13 of the law of 20 December 2002.
DATAFLOW,LU1:DF_B3102(1.2),"Employment in the Luxembourg credit institutions, financial sector professionals and managment companies",I,A,Annual,C04,Investment fund managers,SL02,Men,2002,,,,z,Not applicable,0,Zero,,,N01,Data may vary from CSSF annual reports due to reporting deadlines or winding-up procedures.,,,C03,"Since 2019, CSSF uses the concept of ""investment fund managers"" (authorised IFMs include the following fund managers: management companies governed by chapter 15 of the law of 17 December 2010 on undertakings for collective investment, authorised alternative investment fund managers (AIFMs) governed by the law of 12 July 2013 on alternative investment fund managers) and has adjusted the calculation of the statistics accordingly.",,,spec,- Situation at the end of period.   - Management companies acording to Chapter 13 of the law of 20 December 2002.
DATAFLOW,LU1:DF_B3102(1.2),"Employment in the Luxembourg credit institutions, financial sector professionals and managment companies",I,A,Annual,C04,Investment fund managers,SL02,Men,2003,,,,z,Not applicable,0,Zero,,,N01,Data may vary from CSSF annual reports due to reporting deadlines or winding-up procedures.,,,C03,"Since 2019, CSSF uses the concept of ""investment fund managers"" (authorised IFMs include the following fund managers: management companies governed by chapter 15 of the law of 17 December 2010 on undertakings for collective investment, authorised alternative investment fund managers (AIFMs) governed by the law of 12 July 2013 on alternative investment fund managers) and has adjusted the calculation of the statistics accordingly.",,,spec,- Situation at the end of period.   - Management companies acording to Chapter 13 of the law of 20 December 2002.
DATAFLOW,LU1:DF_B3102(1.2),"Employment in the Luxembourg credit institutions, financial sector professionals and managment companies",I,A,Annual,C04,Investment fund managers,SL02,Men,2004,,,,z,Not applicable,0,Zero,,,N01,Data may vary from CSSF annual reports due to reporting deadlines or winding-up procedures.,,,C03,"Since 2019, CSSF uses the concept of ""investment fund managers"" (authorised IFMs include the following fund managers: management companies governed by chapter 15 of the law of 17 December 2010 on undertakings for collective investment, authorised alternative investment fund managers (AIFMs) governed by the law of 12 July 2013 on alternative investment fund managers) and has adjusted the calculation of the statistics accordingly.",,,spec,- Situation at the end of period.   - Management companies acording to Chapter 13 of the law of 20 December 2002.
DATAFLOW,LU1:DF_B3102(1.2),"Employment in the Luxembourg credit institutions, financial sector professionals and managment companies",I,A,Annual,C04,Investment fund managers,SL02,Men,2005,,,,z,Not applicable,0,Zero,,,N01,Data may vary from CSSF annual reports due to reporting deadlines or winding-up procedures.,,,C03,"Since 2019, CSSF uses the concept of ""investment fund managers"" (authorised IFMs include the following fund managers: management companies governed by chapter 15 of the law of 17 December 2010 on undertakings for collective investment, authorised alternative investment fund managers (AIFMs) governed by the law of 12 July 2013 on alternative investment fund managers) and has adjusted the calculation of the statistics accordingly.",,,spec,- Situation at the end of period.   - Management companies acording to Chapter 13 of the law of 20 December 2002.
DATAFLOW,LU1:DF_B3102(1.2),"Employment in the Luxembourg credit institutions, financial sector professionals and managment companies",I,A,Annual,C04,Investment fund managers,SL02,Men,2006,,,,z,Not applicable,0,Zero,,,N01,Data may vary from CSSF annual reports due to reporting deadlines or winding-up procedures.,,,C03,"Since 2019, CSSF uses the concept of ""investment fund managers"" (authorised IFMs include the following fund managers: management companies governed by chapter 15 of the law of 17 December 2010 on undertakings for collective investment, authorised alternative investment fund managers (AIFMs) governed by the law of 12 July 2013 on alternative investment fund managers) and has adjusted the calculation of the statistics accordingly.",,,spec,- Situation at the end of period.   - Management companies acording to Chapter 13 of the law of 20 December 2002.
DATAFLOW,LU1:DF_B3102(1.2),"Employment in the Luxembourg credit institutions, financial sector professionals and managment companies",I,A,Annual,C04,Investment fund managers,SL02,Men,2007,,,,z,Not applicable,0,Zero,,,N01,Data may vary from CSSF annual reports due to reporting deadlines or winding-up procedures.,,,C03,"Since 2019, CSSF uses the concept of ""investment fund managers"" (authorised IFMs include the following fund managers: management companies governed by chapter 15 of the law of 17 December 2010 on undertakings for collective investment, authorised alternative investment fund managers (AIFMs) governed by the law of 12 July 2013 on alternative investment fund managers) and has adjusted the calculation of the statistics accordingly.",,,spec,- Situation at the end of period.   - Management companies acording to Chapter 13 of the law of 20 December 2002.
DATAFLOW,LU1:DF_B3102(1.2),"Employment in the Luxembourg credit institutions, financial sector professionals and managment companies",I,A,Annual,C04,Investment fund managers,SL02,Men,2008,,,,z,Not applicable,0,Zero,,,N01,Data may vary from CSSF annual reports due to reporting deadlines or winding-up procedures.,,,C03,"Since 2019, CSSF uses the concept of ""investment fund managers"" (authorised IFMs include the following fund managers: management companies governed by chapter 15 of the law of 17 December 2010 on undertakings for collective investment, authorised alternative investment fund managers (AIFMs) governed by the law of 12 July 2013 on alternative investment fund managers) and has adjusted the calculation of the statistics accordingly.",,,spec,- Situation at the end of period.   - Management companies acording to Chapter 13 of the law of 20 December 2002.
DATAFLOW,LU1:DF_B3102(1.2),"Employment in the Luxembourg credit institutions, financial sector professionals and managment companies",I,A,Annual,C04,Investment fund managers,SL02,Men,2009,,,,z,Not applicable,0,Zero,,,N01,Data may vary from CSSF annual reports due to reporting deadlines or winding-up procedures.,,,C03,"Since 2019, CSSF uses the concept of ""investment fund managers"" (authorised IFMs include the following fund managers: management companies governed by chapter 15 of the law of 17 December 2010 on undertakings for collective investment, authorised alternative investment fund managers (AIFMs) governed by the law of 12 July 2013 on alternative investment fund managers) and has adjusted the calculation of the statistics accordingly.",,,spec,- Situation at the end of period.   - Management companies acording to Chapter 13 of the law of 20 December 2002.
DATAFLOW,LU1:DF_B3102(1.2),"Employment in the Luxembourg credit institutions, financial sector professionals and managment companies",I,A,Annual,C04,Investment fund managers,SL02,Men,2010,,,,z,Not applicable,0,Zero,,,N01,Data may vary from CSSF annual reports due to reporting deadlines or winding-up procedures.,,,C03,"Since 2019, CSSF uses the concept of ""investment fund managers"" (authorised IFMs include the following fund managers: management companies governed by chapter 15 of the law of 17 December 2010 on undertakings for collective investment, authorised alternative investment fund managers (AIFMs) governed by the law of 12 July 2013 on alternative investment fund managers) and has adjusted the calculation of the statistics accordingly.",,,spec,- Situation at the end of period.   - Management companies acording to Chapter 13 of the law of 20 December 2002.
DATAFLOW,LU1:DF_B3102(1.2),"Employment in the Luxembourg credit institutions, financial sector professionals and managment companies",I,A,Annual,C04,Investment fund managers,SL02,Men,2011,,,,z,Not applicable,0,Zero,,,N01,Data may vary from CSSF annual reports due to reporting deadlines or winding-up procedures.,,,C03,"Since 2019, CSSF uses the concept of ""investment fund managers"" (authorised IFMs include the following fund managers: management companies governed by chapter 15 of the law of 17 December 2010 on undertakings for collective investment, authorised alternative investment fund managers (AIFMs) governed by the law of 12 July 2013 on alternative investment fund managers) and has adjusted the calculation of the statistics accordingly.",,,spec,- Situation at the end of period.   - Management companies acording to Chapter 13 of the law of 20 December 2002.
DATAFLOW,LU1:DF_B3102(1.2),"Employment in the Luxembourg credit institutions, financial sector professionals and managment companies",I,A,Annual,C04,Investment fund managers,SL02,Men,2012,,,,z,Not applicable,0,Zero,,,N01,Data may vary from CSSF annual reports due to reporting deadlines or winding-up procedures.,,,C03,"Since 2019, CSSF uses the concept of ""investment fund managers"" (authorised IFMs include the following fund managers: management companies governed by chapter 15 of the law of 17 December 2010 on undertakings for collective investment, authorised alternative investment fund managers (AIFMs) governed by the law of 12 July 2013 on alternative investment fund managers) and has adjusted the calculation of the statistics accordingly.",,,spec,- Situation at the end of period.   - Management companies acording to Chapter 13 of the law of 20 December 2002.
DATAFLOW,LU1:DF_B3102(1.2),"Employment in the Luxembourg credit institutions, financial sector professionals and managment companies",I,A,Annual,C04,Investment fund managers,SL02,Men,2013,,,,z,Not applicable,0,Zero,,,N01,Data may vary from CSSF annual reports due to reporting deadlines or winding-up procedures.,,,C03,"Since 2019, CSSF uses the concept of ""investment fund managers"" (authorised IFMs include the following fund managers: management companies governed by chapter 15 of the law of 17 December 2010 on undertakings for collective investment, authorised alternative investment fund managers (AIFMs) governed by the law of 12 July 2013 on alternative investment fund managers) and has adjusted the calculation of the statistics accordingly.",,,spec,- Situation at the end of period.   - Management companies acording to Chapter 13 of the law of 20 December 2002.
DATAFLOW,LU1:DF_B3102(1.2),"Employment in the Luxembourg credit institutions, financial sector professionals and managment companies",I,A,Annual,C04,Investment fund managers,SL02,Men,2014,,,,z,Not applicable,0,Zero,,,N01,Data may vary from CSSF annual reports due to reporting deadlines or winding-up procedures.,,,C03,"Since 2019, CSSF uses the concept of ""investment fund managers"" (authorised IFMs include the following fund managers: management companies governed by chapter 15 of the law of 17 December 2010 on undertakings for collective investment, authorised alternative investment fund managers (AIFMs) governed by the law of 12 July 2013 on alternative investment fund managers) and has adjusted the calculation of the statistics accordingly.",,,spec,- Situation at the end of period.   - Management companies acording to Chapter 13 of the law of 20 December 2002.
DATAFLOW,LU1:DF_B3102(1.2),"Employment in the Luxembourg credit institutions, financial sector professionals and managment companies",I,A,Annual,C04,Investment fund managers,SL02,Men,2015,,,,z,Not applicable,0,Zero,,,N01,Data may vary from CSSF annual reports due to reporting deadlines or winding-up procedures.,,,C03,"Since 2019, CSSF uses the concept of ""investment fund managers"" (authorised IFMs include the following fund managers: management companies governed by chapter 15 of the law of 17 December 2010 on undertakings for collective investment, authorised alternative investment fund managers (AIFMs) governed by the law of 12 July 2013 on alternative investment fund managers) and has adjusted the calculation of the statistics accordingly.",,,spec,- Situation at the end of period.   - Management companies acording to Chapter 13 of the law of 20 December 2002.
DATAFLOW,LU1:DF_B3102(1.2),"Employment in the Luxembourg credit institutions, financial sector professionals and managment companies",I,A,Annual,C04,Investment fund managers,SL02,Men,2016,,,,z,Not applicable,0,Zero,,,N01,Data may vary from CSSF annual reports due to reporting deadlines or winding-up procedures.,,,C03,"Since 2019, CSSF uses the concept of ""investment fund managers"" (authorised IFMs include the following fund managers: management companies governed by chapter 15 of the law of 17 December 2010 on undertakings for collective investment, authorised alternative investment fund managers (AIFMs) governed by the law of 12 July 2013 on alternative investment fund managers) and has adjusted the calculation of the statistics accordingly.",,,spec,- Situation at the end of period.   - Management companies acording to Chapter 13 of the law of 20 December 2002.
DATAFLOW,LU1:DF_B3102(1.2),"Employment in the Luxembourg credit institutions, financial sector professionals and managment companies",I,A,Annual,C04,Investment fund managers,SL02,Men,2017,,,,z,Not applicable,0,Zero,,,N01,Data may vary from CSSF annual reports due to reporting deadlines or winding-up procedures.,,,C03,"Since 2019, CSSF uses the concept of ""investment fund managers"" (authorised IFMs include the following fund managers: management companies governed by chapter 15 of the law of 17 December 2010 on undertakings for collective investment, authorised alternative investment fund managers (AIFMs) governed by the law of 12 July 2013 on alternative investment fund managers) and has adjusted the calculation of the statistics accordingly.",,,spec,- Situation at the end of period.   - Management companies acording to Chapter 13 of the law of 20 December 2002.
DATAFLOW,LU1:DF_B3102(1.2),"Employment in the Luxembourg credit institutions, financial sector professionals and managment companies",I,A,Annual,C04,Investment fund managers,SL02,Men,2018,,,,z,Not applicable,0,Zero,,,N01,Data may vary from CSSF annual reports due to reporting deadlines or winding-up procedures.,,,C03,"Since 2019, CSSF uses the concept of ""investment fund managers"" (authorised IFMs include the following fund managers: management companies governed by chapter 15 of the law of 17 December 2010 on undertakings for collective investment, authorised alternative investment fund managers (AIFMs) governed by the law of 12 July 2013 on alternative investment fund managers) and has adjusted the calculation of the statistics accordingly.",,,spec,- Situation at the end of period.   - Management companies acording to Chapter 13 of the law of 20 December 2002.
DATAFLOW,LU1:DF_B3102(1.2),"Employment in the Luxembourg credit institutions, financial sector professionals and managment companies",I,A,Annual,C04,Investment fund managers,SL02,Men,2019,,3399,,,,0,Zero,,,N01,Data may vary from CSSF annual reports due to reporting deadlines or winding-up procedures.,,,C03,"Since 2019, CSSF uses the concept of ""investment fund managers"" (authorised IFMs include the following fund managers: management companies governed by chapter 15 of the law of 17 December 2010 on undertakings for collective investment, authorised alternative investment fund managers (AIFMs) governed by the law of 12 July 2013 on alternative investment fund managers) and has adjusted the calculation of the statistics accordingly.",,,spec,- Situation at the end of period.   - Management companies acording to Chapter 13 of the law of 20 December 2002.
DATAFLOW,LU1:DF_B3102(1.2),"Employment in the Luxembourg credit institutions, financial sector professionals and managment companies",I,A,Annual,C04,Investment fund managers,SL02,Men,2020,,3484,,,,0,Zero,,,N01,Data may vary from CSSF annual reports due to reporting deadlines or winding-up procedures.,,,C03,"Since 2019, CSSF uses the concept of ""investment fund managers"" (authorised IFMs include the following fund managers: management companies governed by chapter 15 of the law of 17 December 2010 on undertakings for collective investment, authorised alternative investment fund managers (AIFMs) governed by the law of 12 July 2013 on alternative investment fund managers) and has adjusted the calculation of the statistics accordingly.",,,spec,- Situation at the end of period.   - Management companies acording to Chapter 13 of the law of 20 December 2002.
DATAFLOW,LU1:DF_B3102(1.2),"Employment in the Luxembourg credit institutions, financial sector professionals and managment companies",I,A,Annual,C04,Investment fund managers,SL02,Men,2021,,3638,,,,0,Zero,,,N01,Data may vary from CSSF annual reports due to reporting deadlines or winding-up procedures.,,,C03,"Since 2019, CSSF uses the concept of ""investment fund managers"" (authorised IFMs include the following fund managers: management companies governed by chapter 15 of the law of 17 December 2010 on undertakings for collective investment, authorised alternative investment fund managers (AIFMs) governed by the law of 12 July 2013 on alternative investment fund managers) and has adjusted the calculation of the statistics accordingly.",,,spec,- Situation at the end of period.   - Management companies acording to Chapter 13 of the law of 20 December 2002.
DATAFLOW,LU1:DF_B3102(1.2),"Employment in the Luxembourg credit institutions, financial sector professionals and managment companies",I,A,Annual,C04,Investment fund managers,SL02,Men,2022,,4056,,,,0,Zero,,,N01,Data may vary from CSSF annual reports due to reporting deadlines or winding-up procedures.,,,C03,"Since 2019, CSSF uses the concept of ""investment fund managers"" (authorised IFMs include the following fund managers: management companies governed by chapter 15 of the law of 17 December 2010 on undertakings for collective investment, authorised alternative investment fund managers (AIFMs) governed by the law of 12 July 2013 on alternative investment fund managers) and has adjusted the calculation of the statistics accordingly.",,,spec,- Situation at the end of period.   - Management companies acording to Chapter 13 of the law of 20 December 2002.
DATAFLOW,LU1:DF_B3102(1.2),"Employment in the Luxembourg credit institutions, financial sector professionals and managment companies",I,A,Annual,C04,Investment fund managers,SL02,Men,2023,,4297,,,,0,Zero,,,N01,Data may vary from CSSF annual reports due to reporting deadlines or winding-up procedures.,,,C03,"Since 2019, CSSF uses the concept of ""investment fund managers"" (authorised IFMs include the following fund managers: management companies governed by chapter 15 of the law of 17 December 2010 on undertakings for collective investment, authorised alternative investment fund managers (AIFMs) governed by the law of 12 July 2013 on alternative investment fund managers) and has adjusted the calculation of the statistics accordingly.",,,spec,- Situation at the end of period.   - Management companies acording to Chapter 13 of the law of 20 December 2002.
DATAFLOW,LU1:DF_B3102(1.2),"Employment in the Luxembourg credit institutions, financial sector professionals and managment companies",I,A,Annual,C04,Investment fund managers,SL02,Men,2024,,4329,,,,0,Zero,,,N01,Data may vary from CSSF annual reports due to reporting deadlines or winding-up procedures.,,,C03,"Since 2019, CSSF uses the concept of ""investment fund managers"" (authorised IFMs include the following fund managers: management companies governed by chapter 15 of the law of 17 December 2010 on undertakings for collective investment, authorised alternative investment fund managers (AIFMs) governed by the law of 12 July 2013 on alternative investment fund managers) and has adjusted the calculation of the statistics accordingly.",,,spec,- Situation at the end of period.   - Management companies acording to Chapter 13 of the law of 20 December 2002.
DATAFLOW,LU1:DF_B3102(1.2),"Employment in the Luxembourg credit institutions, financial sector professionals and managment companies",I,A,Annual,C04,Investment fund managers,SL02,Men,2025,,4364,,,,0,Zero,,,N01,Data may vary from CSSF annual reports due to reporting deadlines or winding-up procedures.,,,C03,"Since 2019, CSSF uses the concept of ""investment fund managers"" (authorised IFMs include the following fund managers: management companies governed by chapter 15 of the law of 17 December 2010 on undertakings for collective investment, authorised alternative investment fund managers (AIFMs) governed by the law of 12 July 2013 on alternative investment fund managers) and has adjusted the calculation of the statistics accordingly.",,,spec,- Situation at the end of period.   - Management companies acording to Chapter 13 of the law of 20 December 2002.
DATAFLOW,LU1:DF_B3102(1.2),"Employment in the Luxembourg credit institutions, financial sector professionals and managment companies",I,A,Annual,C03,Management companies,SL02,Men,1999,,,,z,Not applicable,0,Zero,,,N01,Data may vary from CSSF annual reports due to reporting deadlines or winding-up procedures.,,,C03,"Since 2019, CSSF uses the concept of ""investment fund managers"" (authorised IFMs include the following fund managers: management companies governed by chapter 15 of the law of 17 December 2010 on undertakings for collective investment, authorised alternative investment fund managers (AIFMs) governed by the law of 12 July 2013 on alternative investment fund managers) and has adjusted the calculation of the statistics accordingly.",,,spec,- Situation at the end of period.   - Management companies acording to Chapter 13 of the law of 20 December 2002.
DATAFLOW,LU1:DF_B3102(1.2),"Employment in the Luxembourg credit institutions, financial sector professionals and managment companies",I,A,Annual,C03,Management companies,SL02,Men,2000,,,,z,Not applicable,0,Zero,,,N01,Data may vary from CSSF annual reports due to reporting deadlines or winding-up procedures.,,,C03,"Since 2019, CSSF uses the concept of ""investment fund managers"" (authorised IFMs include the following fund managers: management companies governed by chapter 15 of the law of 17 December 2010 on undertakings for collective investment, authorised alternative investment fund managers (AIFMs) governed by the law of 12 July 2013 on alternative investment fund managers) and has adjusted the calculation of the statistics accordingly.",,,spec,- Situation at the end of period.   - Management companies acording to Chapter 13 of the law of 20 December 2002.
DATAFLOW,LU1:DF_B3102(1.2),"Employment in the Luxembourg credit institutions, financial sector professionals and managment companies",I,A,Annual,C03,Management companies,SL02,Men,2001,,,,z,Not applicable,0,Zero,,,N01,Data may vary from CSSF annual reports due to reporting deadlines or winding-up procedures.,,,C03,"Since 2019, CSSF uses the concept of ""investment fund managers"" (authorised IFMs include the following fund managers: management companies governed by chapter 15 of the law of 17 December 2010 on undertakings for collective investment, authorised alternative investment fund managers (AIFMs) governed by the law of 12 July 2013 on alternative investment fund managers) and has adjusted the calculation of the statistics accordingly.",,,spec,- Situation at the end of period.   - Management companies acording to Chapter 13 of the law of 20 December 2002.
DATAFLOW,LU1:DF_B3102(1.2),"Employment in the Luxembourg credit institutions, financial sector professionals and managment companies",I,A,Annual,C03,Management companies,SL02,Men,2002,,,,z,Not applicable,0,Zero,,,N01,Data may vary from CSSF annual reports due to reporting deadlines or winding-up procedures.,,,C03,"Since 2019, CSSF uses the concept of ""investment fund managers"" (authorised IFMs include the following fund managers: management companies governed by chapter 15 of the law of 17 December 2010 on undertakings for collective investment, authorised alternative investment fund managers (AIFMs) governed by the law of 12 July 2013 on alternative investment fund managers) and has adjusted the calculation of the statistics accordingly.",,,spec,- Situation at the end of period.   - Management companies acording to Chapter 13 of the law of 20 December 2002.
DATAFLOW,LU1:DF_B3102(1.2),"Employment in the Luxembourg credit institutions, financial sector professionals and managment companies",I,A,Annual,C03,Management companies,SL02,Men,2003,,42,,,,0,Zero,,,N01,Data may vary from CSSF annual reports due to reporting deadlines or winding-up procedures.,,,C03,"Since 2019, CSSF uses the concept of ""investment fund managers"" (authorised IFMs include the following fund managers: management companies governed by chapter 15 of the law of 17 December 2010 on undertakings for collective investment, authorised alternative investment fund managers (AIFMs) governed by the law of 12 July 2013 on alternative investment fund managers) and has adjusted the calculation of the statistics accordingly.",,,spec,- Situation at the end of period.   - Management companies acording to Chapter 13 of the law of 20 December 2002.
DATAFLOW,LU1:DF_B3102(1.2),"Employment in the Luxembourg credit institutions, financial sector professionals and managment companies",I,A,Annual,C03,Management companies,SL02,Men,2004,,320,,,,0,Zero,,,N01,Data may vary from CSSF annual reports due to reporting deadlines or winding-up procedures.,,,C03,"Since 2019, CSSF uses the concept of ""investment fund managers"" (authorised IFMs include the following fund managers: management companies governed by chapter 15 of the law of 17 December 2010 on undertakings for collective investment, authorised alternative investment fund managers (AIFMs) governed by the law of 12 July 2013 on alternative investment fund managers) and has adjusted the calculation of the statistics accordingly.",,,spec,- Situation at the end of period.   - Management companies acording to Chapter 13 of the law of 20 December 2002.
DATAFLOW,LU1:DF_B3102(1.2),"Employment in the Luxembourg credit institutions, financial sector professionals and managment companies",I,A,Annual,C03,Management companies,SL02,Men,2005,,834,,,,0,Zero,,,N01,Data may vary from CSSF annual reports due to reporting deadlines or winding-up procedures.,,,C03,"Since 2019, CSSF uses the concept of ""investment fund managers"" (authorised IFMs include the following fund managers: management companies governed by chapter 15 of the law of 17 December 2010 on undertakings for collective investment, authorised alternative investment fund managers (AIFMs) governed by the law of 12 July 2013 on alternative investment fund managers) and has adjusted the calculation of the statistics accordingly.",,,spec,- Situation at the end of period.   - Management companies acording to Chapter 13 of the law of 20 December 2002.
DATAFLOW,LU1:DF_B3102(1.2),"Employment in the Luxembourg credit institutions, financial sector professionals and managment companies",I,A,Annual,C03,Management companies,SL02,Men,2006,,1346,,,,0,Zero,,,N01,Data may vary from CSSF annual reports due to reporting deadlines or winding-up procedures.,,,C03,"Since 2019, CSSF uses the concept of ""investment fund managers"" (authorised IFMs include the following fund managers: management companies governed by chapter 15 of the law of 17 December 2010 on undertakings for collective investment, authorised alternative investment fund managers (AIFMs) governed by the law of 12 July 2013 on alternative investment fund managers) and has adjusted the calculation of the statistics accordingly.",,,spec,- Situation at the end of period.   - Management companies acording to Chapter 13 of the law of 20 December 2002.
DATAFLOW,LU1:DF_B3102(1.2),"Employment in the Luxembourg credit institutions, financial sector professionals and managment companies",I,A,Annual,C03,Management companies,SL02,Men,2007,,1613,,,,0,Zero,,,N01,Data may vary from CSSF annual reports due to reporting deadlines or winding-up procedures.,,,C03,"Since 2019, CSSF uses the concept of ""investment fund managers"" (authorised IFMs include the following fund managers: management companies governed by chapter 15 of the law of 17 December 2010 on undertakings for collective investment, authorised alternative investment fund managers (AIFMs) governed by the law of 12 July 2013 on alternative investment fund managers) and has adjusted the calculation of the statistics accordingly.",,,spec,- Situation at the end of period.   - Management companies acording to Chapter 13 of the law of 20 December 2002.
DATAFLOW,LU1:DF_B3102(1.2),"Employment in the Luxembourg credit institutions, financial sector professionals and managment companies",I,A,Annual,C03,Management companies,SL02,Men,2008,,1653,,,,0,Zero,,,N01,Data may vary from CSSF annual reports due to reporting deadlines or winding-up procedures.,,,C03,"Since 2019, CSSF uses the concept of ""investment fund managers"" (authorised IFMs include the following fund managers: management companies governed by chapter 15 of the law of 17 December 2010 on undertakings for collective investment, authorised alternative investment fund managers (AIFMs) governed by the law of 12 July 2013 on alternative investment fund managers) and has adjusted the calculation of the statistics accordingly.",,,spec,- Situation at the end of period.   - Management companies acording to Chapter 13 of the law of 20 December 2002.
DATAFLOW,LU1:DF_B3102(1.2),"Employment in the Luxembourg credit institutions, financial sector professionals and managment companies",I,A,Annual,C03,Management companies,SL02,Men,2009,,1610,,,,0,Zero,,,N01,Data may vary from CSSF annual reports due to reporting deadlines or winding-up procedures.,,,C03,"Since 2019, CSSF uses the concept of ""investment fund managers"" (authorised IFMs include the following fund managers: management companies governed by chapter 15 of the law of 17 December 2010 on undertakings for collective investment, authorised alternative investment fund managers (AIFMs) governed by the law of 12 July 2013 on alternative investment fund managers) and has adjusted the calculation of the statistics accordingly.",,,spec,- Situation at the end of period.   - Management companies acording to Chapter 13 of the law of 20 December 2002.
DATAFLOW,LU1:DF_B3102(1.2),"Employment in the Luxembourg credit institutions, financial sector professionals and managment companies",I,A,Annual,C03,Management companies,SL02,Men,2010,,1614,,,,0,Zero,,,N01,Data may vary from CSSF annual reports due to reporting deadlines or winding-up procedures.,,,C03,"Since 2019, CSSF uses the concept of ""investment fund managers"" (authorised IFMs include the following fund managers: management companies governed by chapter 15 of the law of 17 December 2010 on undertakings for collective investment, authorised alternative investment fund managers (AIFMs) governed by the law of 12 July 2013 on alternative investment fund managers) and has adjusted the calculation of the statistics accordingly.",,,spec,- Situation at the end of period.   - Management companies acording to Chapter 13 of the law of 20 December 2002.
DATAFLOW,LU1:DF_B3102(1.2),"Employment in the Luxembourg credit institutions, financial sector professionals and managment companies",I,A,Annual,C03,Management companies,SL02,Men,2011,,1697,,,,0,Zero,,,N01,Data may vary from CSSF annual reports due to reporting deadlines or winding-up procedures.,,,C03,"Since 2019, CSSF uses the concept of ""investment fund managers"" (authorised IFMs include the following fund managers: management companies governed by chapter 15 of the law of 17 December 2010 on undertakings for collective investment, authorised alternative investment fund managers (AIFMs) governed by the law of 12 July 2013 on alternative investment fund managers) and has adjusted the calculation of the statistics accordingly.",,,spec,- Situation at the end of period.   - Management companies acording to Chapter 13 of the law of 20 December 2002.
DATAFLOW,LU1:DF_B3102(1.2),"Employment in the Luxembourg credit institutions, financial sector professionals and managment companies",I,A,Annual,C03,Management companies,SL02,Men,2012,,1856,,,,0,Zero,,,N01,Data may vary from CSSF annual reports due to reporting deadlines or winding-up procedures.,,,C03,"Since 2019, CSSF uses the concept of ""investment fund managers"" (authorised IFMs include the following fund managers: management companies governed by chapter 15 of the law of 17 December 2010 on undertakings for collective investment, authorised alternative investment fund managers (AIFMs) governed by the law of 12 July 2013 on alternative investment fund managers) and has adjusted the calculation of the statistics accordingly.",,,spec,- Situation at the end of period.   - Management companies acording to Chapter 13 of the law of 20 December 2002.
DATAFLOW,LU1:DF_B3102(1.2),"Employment in the Luxembourg credit institutions, financial sector professionals and managment companies",I,A,Annual,C03,Management companies,SL02,Men,2013,,2154,,,,0,Zero,,,N01,Data may vary from CSSF annual reports due to reporting deadlines or winding-up procedures.,,,C03,"Since 2019, CSSF uses the concept of ""investment fund managers"" (authorised IFMs include the following fund managers: management companies governed by chapter 15 of the law of 17 December 2010 on undertakings for collective investment, authorised alternative investment fund managers (AIFMs) governed by the law of 12 July 2013 on alternative investment fund managers) and has adjusted the calculation of the statistics accordingly.",,,spec,- Situation at the end of period.   - Management companies acording to Chapter 13 of the law of 20 December 2002.
DATAFLOW,LU1:DF_B3102(1.2),"Employment in the Luxembourg credit institutions, financial sector professionals and managment companies",I,A,Annual,C03,Management companies,SL02,Men,2014,,2294,,,,0,Zero,,,N01,Data may vary from CSSF annual reports due to reporting deadlines or winding-up procedures.,,,C03,"Since 2019, CSSF uses the concept of ""investment fund managers"" (authorised IFMs include the following fund managers: management companies governed by chapter 15 of the law of 17 December 2010 on undertakings for collective investment, authorised alternative investment fund managers (AIFMs) governed by the law of 12 July 2013 on alternative investment fund managers) and has adjusted the calculation of the statistics accordingly.",,,spec,- Situation at the end of period.   - Management companies acording to Chapter 13 of the law of 20 December 2002.
DATAFLOW,LU1:DF_B3102(1.2),"Employment in the Luxembourg credit institutions, financial sector professionals and managment companies",I,A,Annual,C03,Management companies,SL02,Men,2015,,2493,,,,0,Zero,,,N01,Data may vary from CSSF annual reports due to reporting deadlines or winding-up procedures.,,,C03,"Since 2019, CSSF uses the concept of ""investment fund managers"" (authorised IFMs include the following fund managers: management companies governed by chapter 15 of the law of 17 December 2010 on undertakings for collective investment, authorised alternative investment fund managers (AIFMs) governed by the law of 12 July 2013 on alternative investment fund managers) and has adjusted the calculation of the statistics accordingly.",,,spec,- Situation at the end of period.   - Management companies acording to Chapter 13 of the law of 20 December 2002.
DATAFLOW,LU1:DF_B3102(1.2),"Employment in the Luxembourg credit institutions, financial sector professionals and managment companies",I,A,Annual,C03,Management companies,SL02,Men,2016,,2546,,,,0,Zero,,,N01,Data may vary from CSSF annual reports due to reporting deadlines or winding-up procedures.,,,C03,"Since 2019, CSSF uses the concept of ""investment fund managers"" (authorised IFMs include the following fund managers: management companies governed by chapter 15 of the law of 17 December 2010 on undertakings for collective investment, authorised alternative investment fund managers (AIFMs) governed by the law of 12 July 2013 on alternative investment fund managers) and has adjusted the calculation of the statistics accordingly.",,,spec,- Situation at the end of period.   - Management companies acording to Chapter 13 of the law of 20 December 2002.
DATAFLOW,LU1:DF_B3102(1.2),"Employment in the Luxembourg credit institutions, financial sector professionals and managment companies",I,A,Annual,C03,Management companies,SL02,Men,2017,,2728,,,,0,Zero,,,N01,Data may vary from CSSF annual reports due to reporting deadlines or winding-up procedures.,,,C03,"Since 2019, CSSF uses the concept of ""investment fund managers"" (authorised IFMs include the following fund managers: management companies governed by chapter 15 of the law of 17 December 2010 on undertakings for collective investment, authorised alternative investment fund managers (AIFMs) governed by the law of 12 July 2013 on alternative investment fund managers) and has adjusted the calculation of the statistics accordingly.",,,spec,- Situation at the end of period.   - Management companies acording to Chapter 13 of the law of 20 December 2002.
DATAFLOW,LU1:DF_B3102(1.2),"Employment in the Luxembourg credit institutions, financial sector professionals and managment companies",I,A,Annual,C03,Management companies,SL02,Men,2018,,3014,,,,0,Zero,,,N01,Data may vary from CSSF annual reports due to reporting deadlines or winding-up procedures.,,,C03,"Since 2019, CSSF uses the concept of ""investment fund managers"" (authorised IFMs include the following fund managers: management companies governed by chapter 15 of the law of 17 December 2010 on undertakings for collective investment, authorised alternative investment fund managers (AIFMs) governed by the law of 12 July 2013 on alternative investment fund managers) and has adjusted the calculation of the statistics accordingly.",,,spec,- Situation at the end of period.   - Management companies acording to Chapter 13 of the law of 20 December 2002.
DATAFLOW,LU1:DF_B3102(1.2),"Employment in the Luxembourg credit institutions, financial sector professionals and managment companies",I,A,Annual,C03,Management companies,SL02,Men,2019,,,,z,Not applicable,0,Zero,,,N01,Data may vary from CSSF annual reports due to reporting deadlines or winding-up procedures.,,,C03,"Since 2019, CSSF uses the concept of ""investment fund managers"" (authorised IFMs include the following fund managers: management companies governed by chapter 15 of the law of 17 December 2010 on undertakings for collective investment, authorised alternative investment fund managers (AIFMs) governed by the law of 12 July 2013 on alternative investment fund managers) and has adjusted the calculation of the statistics accordingly.",,,spec,- Situation at the end of period.   - Management companies acording to Chapter 13 of the law of 20 December 2002.
DATAFLOW,LU1:DF_B3102(1.2),"Employment in the Luxembourg credit institutions, financial sector professionals and managment companies",I,A,Annual,C03,Management companies,SL02,Men,2020,,,,z,Not applicable,0,Zero,,,N01,Data may vary from CSSF annual reports due to reporting deadlines or winding-up procedures.,,,C03,"Since 2019, CSSF uses the concept of ""investment fund managers"" (authorised IFMs include the following fund managers: management companies governed by chapter 15 of the law of 17 December 2010 on undertakings for collective investment, authorised alternative investment fund managers (AIFMs) governed by the law of 12 July 2013 on alternative investment fund managers) and has adjusted the calculation of the statistics accordingly.",,,spec,- Situation at the end of period.   - Management companies acording to Chapter 13 of the law of 20 December 2002.
DATAFLOW,LU1:DF_B3102(1.2),"Employment in the Luxembourg credit institutions, financial sector professionals and managment companies",I,A,Annual,C03,Management companies,SL02,Men,2021,,,,z,Not applicable,0,Zero,,,N01,Data may vary from CSSF annual reports due to reporting deadlines or winding-up procedures.,,,C03,"Since 2019, CSSF uses the concept of ""investment fund managers"" (authorised IFMs include the following fund managers: management companies governed by chapter 15 of the law of 17 December 2010 on undertakings for collective investment, authorised alternative investment fund managers (AIFMs) governed by the law of 12 July 2013 on alternative investment fund managers) and has adjusted the calculation of the statistics accordingly.",,,spec,- Situation at the end of period.   - Management companies acording to Chapter 13 of the law of 20 December 2002.
DATAFLOW,LU1:DF_B3102(1.2),"Employment in the Luxembourg credit institutions, financial sector professionals and managment companies",I,A,Annual,C03,Management companies,SL02,Men,2022,,,,z,Not applicable,0,Zero,,,N01,Data may vary from CSSF annual reports due to reporting deadlines or winding-up procedures.,,,C03,"Since 2019, CSSF uses the concept of ""investment fund managers"" (authorised IFMs include the following fund managers: management companies governed by chapter 15 of the law of 17 December 2010 on undertakings for collective investment, authorised alternative investment fund managers (AIFMs) governed by the law of 12 July 2013 on alternative investment fund managers) and has adjusted the calculation of the statistics accordingly.",,,spec,- Situation at the end of period.   - Management companies acording to Chapter 13 of the law of 20 December 2002.
DATAFLOW,LU1:DF_B3102(1.2),"Employment in the Luxembourg credit institutions, financial sector professionals and managment companies",I,A,Annual,C03,Management companies,SL02,Men,2023,,,,z,Not applicable,0,Zero,,,N01,Data may vary from CSSF annual reports due to reporting deadlines or winding-up procedures.,,,C03,"Since 2019, CSSF uses the concept of ""investment fund managers"" (authorised IFMs include the following fund managers: management companies governed by chapter 15 of the law of 17 December 2010 on undertakings for collective investment, authorised alternative investment fund managers (AIFMs) governed by the law of 12 July 2013 on alternative investment fund managers) and has adjusted the calculation of the statistics accordingly.",,,spec,- Situation at the end of period.   - Management companies acording to Chapter 13 of the law of 20 December 2002.
DATAFLOW,LU1:DF_B3102(1.2),"Employment in the Luxembourg credit institutions, financial sector professionals and managment companies",I,A,Annual,C03,Management companies,SL02,Men,2024,,,,z,Not applicable,0,Zero,,,N01,Data may vary from CSSF annual reports due to reporting deadlines or winding-up procedures.,,,C03,"Since 2019, CSSF uses the concept of ""investment fund managers"" (authorised IFMs include the following fund managers: management companies governed by chapter 15 of the law of 17 December 2010 on undertakings for collective investment, authorised alternative investment fund managers (AIFMs) governed by the law of 12 July 2013 on alternative investment fund managers) and has adjusted the calculation of the statistics accordingly.",,,spec,- Situation at the end of period.   - Management companies acording to Chapter 13 of the law of 20 December 2002.
DATAFLOW,LU1:DF_B3102(1.2),"Employment in the Luxembourg credit institutions, financial sector professionals and managment companies",I,A,Annual,C03,Management companies,SL02,Men,2025,,,,z,Not applicable,0,Zero,,,N01,Data may vary from CSSF annual reports due to reporting deadlines or winding-up procedures.,,,C03,"Since 2019, CSSF uses the concept of ""investment fund managers"" (authorised IFMs include the following fund managers: management companies governed by chapter 15 of the law of 17 December 2010 on undertakings for collective investment, authorised alternative investment fund managers (AIFMs) governed by the law of 12 July 2013 on alternative investment fund managers) and has adjusted the calculation of the statistics accordingly.",,,spec,- Situation at the end of period.   - Management companies acording to Chapter 13 of the law of 20 December 2002.
DATAFLOW,LU1:DF_B3102(1.2),"Employment in the Luxembourg credit institutions, financial sector professionals and managment companies",I,A,Annual,C01,Credit institutions,SL06,Women,1999,,3517,,,,0,Zero,,,N01,Data may vary from CSSF annual reports due to reporting deadlines or winding-up procedures.,,,,,,,spec,- Situation at the end of period.   - Management companies acording to Chapter 13 of the law of 20 December 2002.
DATAFLOW,LU1:DF_B3102(1.2),"Employment in the Luxembourg credit institutions, financial sector professionals and managment companies",I,A,Annual,C01,Credit institutions,SL06,Women,2000,,3600,,,,0,Zero,,,N01,Data may vary from CSSF annual reports due to reporting deadlines or winding-up procedures.,,,,,,,spec,- Situation at the end of period.   - Management companies acording to Chapter 13 of the law of 20 December 2002.
DATAFLOW,LU1:DF_B3102(1.2),"Employment in the Luxembourg credit institutions, financial sector professionals and managment companies",I,A,Annual,C01,Credit institutions,SL06,Women,2001,,3549,,,,0,Zero,,,N01,Data may vary from CSSF annual reports due to reporting deadlines or winding-up procedures.,,,,,,,spec,- Situation at the end of period.   - Management companies acording to Chapter 13 of the law of 20 December 2002.
DATAFLOW,LU1:DF_B3102(1.2),"Employment in the Luxembourg credit institutions, financial sector professionals and managment companies",I,A,Annual,C01,Credit institutions,SL06,Women,2002,,3363,,,,0,Zero,,,N01,Data may vary from CSSF annual reports due to reporting deadlines or winding-up procedures.,,,,,,,spec,- Situation at the end of period.   - Management companies acording to Chapter 13 of the law of 20 December 2002.
DATAFLOW,LU1:DF_B3102(1.2),"Employment in the Luxembourg credit institutions, financial sector professionals and managment companies",I,A,Annual,C01,Credit institutions,SL06,Women,2003,,3220,,,,0,Zero,,,N01,Data may vary from CSSF annual reports due to reporting deadlines or winding-up procedures.,,,,,,,spec,- Situation at the end of period.   - Management companies acording to Chapter 13 of the law of 20 December 2002.
DATAFLOW,LU1:DF_B3102(1.2),"Employment in the Luxembourg credit institutions, financial sector professionals and managment companies",I,A,Annual,C01,Credit institutions,SL06,Women,2004,,3168,,,,0,Zero,,,N01,Data may vary from CSSF annual reports due to reporting deadlines or winding-up procedures.,,,,,,,spec,- Situation at the end of period.   - Management companies acording to Chapter 13 of the law of 20 December 2002.
DATAFLOW,LU1:DF_B3102(1.2),"Employment in the Luxembourg credit institutions, financial sector professionals and managment companies",I,A,Annual,C01,Credit institutions,SL06,Women,2005,,3080,,,,0,Zero,,,N01,Data may vary from CSSF annual reports due to reporting deadlines or winding-up procedures.,,,,,,,spec,- Situation at the end of period.   - Management companies acording to Chapter 13 of the law of 20 December 2002.
DATAFLOW,LU1:DF_B3102(1.2),"Employment in the Luxembourg credit institutions, financial sector professionals and managment companies",I,A,Annual,C01,Credit institutions,SL06,Women,2006,,3097,,,,0,Zero,,,N01,Data may vary from CSSF annual reports due to reporting deadlines or winding-up procedures.,,,,,,,spec,- Situation at the end of period.   - Management companies acording to Chapter 13 of the law of 20 December 2002.
DATAFLOW,LU1:DF_B3102(1.2),"Employment in the Luxembourg credit institutions, financial sector professionals and managment companies",I,A,Annual,C01,Credit institutions,SL06,Women,2007,,3162,,,,0,Zero,,,N01,Data may vary from CSSF annual reports due to reporting deadlines or winding-up procedures.,,,,,,,spec,- Situation at the end of period.   - Management companies acording to Chapter 13 of the law of 20 December 2002.
DATAFLOW,LU1:DF_B3102(1.2),"Employment in the Luxembourg credit institutions, financial sector professionals and managment companies",I,A,Annual,C01,Credit institutions,SL06,Women,2008,,3167,,,,0,Zero,,,N01,Data may vary from CSSF annual reports due to reporting deadlines or winding-up procedures.,,,,,,,spec,- Situation at the end of period.   - Management companies acording to Chapter 13 of the law of 20 December 2002.
DATAFLOW,LU1:DF_B3102(1.2),"Employment in the Luxembourg credit institutions, financial sector professionals and managment companies",I,A,Annual,C01,Credit institutions,SL06,Women,2009,,3026,,,,0,Zero,,,N01,Data may vary from CSSF annual reports due to reporting deadlines or winding-up procedures.,,,,,,,spec,- Situation at the end of period.   - Management companies acording to Chapter 13 of the law of 20 December 2002.
DATAFLOW,LU1:DF_B3102(1.2),"Employment in the Luxembourg credit institutions, financial sector professionals and managment companies",I,A,Annual,C01,Credit institutions,SL06,Women,2010,,3006,,,,0,Zero,,,N01,Data may vary from CSSF annual reports due to reporting deadlines or winding-up procedures.,,,,,,,spec,- Situation at the end of period.   - Management companies acording to Chapter 13 of the law of 20 December 2002.
DATAFLOW,LU1:DF_B3102(1.2),"Employment in the Luxembourg credit institutions, financial sector professionals and managment companies",I,A,Annual,C01,Credit institutions,SL06,Women,2011,,2895,,,,0,Zero,,,N01,Data may vary from CSSF annual reports due to reporting deadlines or winding-up procedures.,,,,,,,spec,- Situation at the end of period.   - Management companies acording to Chapter 13 of the law of 20 December 2002.
DATAFLOW,LU1:DF_B3102(1.2),"Employment in the Luxembourg credit institutions, financial sector professionals and managment companies",I,A,Annual,C01,Credit institutions,SL06,Women,2012,,2875,,,,0,Zero,,,N01,Data may vary from CSSF annual reports due to reporting deadlines or winding-up procedures.,,,,,,,spec,- Situation at the end of period.   - Management companies acording to Chapter 13 of the law of 20 December 2002.
DATAFLOW,LU1:DF_B3102(1.2),"Employment in the Luxembourg credit institutions, financial sector professionals and managment companies",I,A,Annual,C01,Credit institutions,SL06,Women,2013,,2849,,,,0,Zero,,,N01,Data may vary from CSSF annual reports due to reporting deadlines or winding-up procedures.,,,,,,,spec,- Situation at the end of period.   - Management companies acording to Chapter 13 of the law of 20 December 2002.
DATAFLOW,LU1:DF_B3102(1.2),"Employment in the Luxembourg credit institutions, financial sector professionals and managment companies",I,A,Annual,C01,Credit institutions,SL06,Women,2014,,,,l,Not available,0,Zero,,,N01,Data may vary from CSSF annual reports due to reporting deadlines or winding-up procedures.,,,,,,,spec,- Situation at the end of period.   - Management companies acording to Chapter 13 of the law of 20 December 2002.
DATAFLOW,LU1:DF_B3102(1.2),"Employment in the Luxembourg credit institutions, financial sector professionals and managment companies",I,A,Annual,C01,Credit institutions,SL06,Women,2015,,,,l,Not available,0,Zero,,,N01,Data may vary from CSSF annual reports due to reporting deadlines or winding-up procedures.,,,,,,,spec,- Situation at the end of period.   - Management companies acording to Chapter 13 of the law of 20 December 2002.
DATAFLOW,LU1:DF_B3102(1.2),"Employment in the Luxembourg credit institutions, financial sector professionals and managment companies",I,A,Annual,C01,Credit institutions,SL06,Women,2016,,,,l,Not available,0,Zero,,,N01,Data may vary from CSSF annual reports due to reporting deadlines or winding-up procedures.,,,,,,,spec,- Situation at the end of period.   - Management companies acording to Chapter 13 of the law of 20 December 2002.
DATAFLOW,LU1:DF_B3102(1.2),"Employment in the Luxembourg credit institutions, financial sector professionals and managment companies",I,A,Annual,C01,Credit institutions,SL06,Women,2017,,,,l,Not available,0,Zero,,,N01,Data may vary from CSSF annual reports due to reporting deadlines or winding-up procedures.,,,,,,,spec,- Situation at the end of period.   - Management companies acording to Chapter 13 of the law of 20 December 2002.
DATAFLOW,LU1:DF_B3102(1.2),"Employment in the Luxembourg credit institutions, financial sector professionals and managment companies",I,A,Annual,C01,Credit institutions,SL06,Women,2018,,,,l,Not available,0,Zero,,,N01,Data may vary from CSSF annual reports due to reporting deadlines or winding-up procedures.,,,,,,,spec,- Situation at the end of period.   - Management companies acording to Chapter 13 of the law of 20 December 2002.
DATAFLOW,LU1:DF_B3102(1.2),"Employment in the Luxembourg credit institutions, financial sector professionals and managment companies",I,A,Annual,C01,Credit institutions,SL06,Women,2019,,,,l,Not available,0,Zero,,,N01,Data may vary from CSSF annual reports due to reporting deadlines or winding-up procedures.,,,,,,,spec,- Situation at the end of period.   - Management companies acording to Chapter 13 of the law of 20 December 2002.
DATAFLOW,LU1:DF_B3102(1.2),"Employment in the Luxembourg credit institutions, financial sector professionals and managment companies",I,A,Annual,C01,Credit institutions,SL06,Women,2020,,,,l,Not available,0,Zero,,,N01,Data may vary from CSSF annual reports due to reporting deadlines or winding-up procedures.,,,,,,,spec,- Situation at the end of period.   - Management companies acording to Chapter 13 of the law of 20 December 2002.
DATAFLOW,LU1:DF_B3102(1.2),"Employment in the Luxembourg credit institutions, financial sector professionals and managment companies",I,A,Annual,C01,Credit institutions,SL06,Women,2021,,,,l,Not available,0,Zero,,,N01,Data may vary from CSSF annual reports due to reporting deadlines or winding-up procedures.,,,,,,,spec,- Situation at the end of period.   - Management companies acording to Chapter 13 of the law of 20 December 2002.
DATAFLOW,LU1:DF_B3102(1.2),"Employment in the Luxembourg credit institutions, financial sector professionals and managment companies",I,A,Annual,C01,Credit institutions,SL06,Women,2022,,,,l,Not available,0,Zero,,,N01,Data may vary from CSSF annual reports due to reporting deadlines or winding-up procedures.,,,,,,,spec,- Situation at the end of period.   - Management companies acording to Chapter 13 of the law of 20 December 2002.
DATAFLOW,LU1:DF_B3102(1.2),"Employment in the Luxembourg credit institutions, financial sector professionals and managment companies",I,A,Annual,C01,Credit institutions,SL06,Women,2023,,,,l,Not available,0,Zero,,,N01,Data may vary from CSSF annual reports due to reporting deadlines or winding-up procedures.,,,,,,,spec,- Situation at the end of period.   - Management companies acording to Chapter 13 of the law of 20 December 2002.
DATAFLOW,LU1:DF_B3102(1.2),"Employment in the Luxembourg credit institutions, financial sector professionals and managment companies",I,A,Annual,C01,Credit institutions,SL06,Women,2024,,,,l,Not available,0,Zero,,,N01,Data may vary from CSSF annual reports due to reporting deadlines or winding-up procedures.,,,,,,,spec,- Situation at the end of period.   - Management companies acording to Chapter 13 of the law of 20 December 2002.
DATAFLOW,LU1:DF_B3102(1.2),"Employment in the Luxembourg credit institutions, financial sector professionals and managment companies",I,A,Annual,C01,Credit institutions,SL06,Women,2025,,,,l,Not available,0,Zero,,,N01,Data may vary from CSSF annual reports due to reporting deadlines or winding-up procedures.,,,,,,,spec,- Situation at the end of period.   - Management companies acording to Chapter 13 of the law of 20 December 2002.
DATAFLOW,LU1:DF_B3102(1.2),"Employment in the Luxembourg credit institutions, financial sector professionals and managment companies",I,A,Annual,C03,Management companies,SL04,Luxembourgers,1999,,,,z,Not applicable,0,Zero,,,N01,Data may vary from CSSF annual reports due to reporting deadlines or winding-up procedures.,,,C03,"Since 2019, CSSF uses the concept of ""investment fund managers"" (authorised IFMs include the following fund managers: management companies governed by chapter 15 of the law of 17 December 2010 on undertakings for collective investment, authorised alternative investment fund managers (AIFMs) governed by the law of 12 July 2013 on alternative investment fund managers) and has adjusted the calculation of the statistics accordingly.",,,spec,- Situation at the end of period.   - Management companies acording to Chapter 13 of the law of 20 December 2002.
DATAFLOW,LU1:DF_B3102(1.2),"Employment in the Luxembourg credit institutions, financial sector professionals and managment companies",I,A,Annual,C03,Management companies,SL04,Luxembourgers,2000,,,,z,Not applicable,0,Zero,,,N01,Data may vary from CSSF annual reports due to reporting deadlines or winding-up procedures.,,,C03,"Since 2019, CSSF uses the concept of ""investment fund managers"" (authorised IFMs include the following fund managers: management companies governed by chapter 15 of the law of 17 December 2010 on undertakings for collective investment, authorised alternative investment fund managers (AIFMs) governed by the law of 12 July 2013 on alternative investment fund managers) and has adjusted the calculation of the statistics accordingly.",,,spec,- Situation at the end of period.   - Management companies acording to Chapter 13 of the law of 20 December 2002.
DATAFLOW,LU1:DF_B3102(1.2),"Employment in the Luxembourg credit institutions, financial sector professionals and managment companies",I,A,Annual,C03,Management companies,SL04,Luxembourgers,2001,,,,z,Not applicable,0,Zero,,,N01,Data may vary from CSSF annual reports due to reporting deadlines or winding-up procedures.,,,C03,"Since 2019, CSSF uses the concept of ""investment fund managers"" (authorised IFMs include the following fund managers: management companies governed by chapter 15 of the law of 17 December 2010 on undertakings for collective investment, authorised alternative investment fund managers (AIFMs) governed by the law of 12 July 2013 on alternative investment fund managers) and has adjusted the calculation of the statistics accordingly.",,,spec,- Situation at the end of period.   - Management companies acording to Chapter 13 of the law of 20 December 2002.
DATAFLOW,LU1:DF_B3102(1.2),"Employment in the Luxembourg credit institutions, financial sector professionals and managment companies",I,A,Annual,C03,Management companies,SL04,Luxembourgers,2002,,,,z,Not applicable,0,Zero,,,N01,Data may vary from CSSF annual reports due to reporting deadlines or winding-up procedures.,,,C03,"Since 2019, CSSF uses the concept of ""investment fund managers"" (authorised IFMs include the following fund managers: management companies governed by chapter 15 of the law of 17 December 2010 on undertakings for collective investment, authorised alternative investment fund managers (AIFMs) governed by the law of 12 July 2013 on alternative investment fund managers) and has adjusted the calculation of the statistics accordingly.",,,spec,- Situation at the end of period.   - Management companies acording to Chapter 13 of the law of 20 December 2002.
DATAFLOW,LU1:DF_B3102(1.2),"Employment in the Luxembourg credit institutions, financial sector professionals and managment companies",I,A,Annual,C03,Management companies,SL04,Luxembourgers,2003,,5,,,,0,Zero,,,N01,Data may vary from CSSF annual reports due to reporting deadlines or winding-up procedures.,,,C03,"Since 2019, CSSF uses the concept of ""investment fund managers"" (authorised IFMs include the following fund managers: management companies governed by chapter 15 of the law of 17 December 2010 on undertakings for collective investment, authorised alternative investment fund managers (AIFMs) governed by the law of 12 July 2013 on alternative investment fund managers) and has adjusted the calculation of the statistics accordingly.",,,spec,- Situation at the end of period.   - Management companies acording to Chapter 13 of the law of 20 December 2002.
DATAFLOW,LU1:DF_B3102(1.2),"Employment in the Luxembourg credit institutions, financial sector professionals and managment companies",I,A,Annual,C03,Management companies,SL04,Luxembourgers,2004,,44,,,,0,Zero,,,N01,Data may vary from CSSF annual reports due to reporting deadlines or winding-up procedures.,,,C03,"Since 2019, CSSF uses the concept of ""investment fund managers"" (authorised IFMs include the following fund managers: management companies governed by chapter 15 of the law of 17 December 2010 on undertakings for collective investment, authorised alternative investment fund managers (AIFMs) governed by the law of 12 July 2013 on alternative investment fund managers) and has adjusted the calculation of the statistics accordingly.",,,spec,- Situation at the end of period.   - Management companies acording to Chapter 13 of the law of 20 December 2002.
DATAFLOW,LU1:DF_B3102(1.2),"Employment in the Luxembourg credit institutions, financial sector professionals and managment companies",I,A,Annual,C03,Management companies,SL04,Luxembourgers,2005,,88,,,,0,Zero,,,N01,Data may vary from CSSF annual reports due to reporting deadlines or winding-up procedures.,,,C03,"Since 2019, CSSF uses the concept of ""investment fund managers"" (authorised IFMs include the following fund managers: management companies governed by chapter 15 of the law of 17 December 2010 on undertakings for collective investment, authorised alternative investment fund managers (AIFMs) governed by the law of 12 July 2013 on alternative investment fund managers) and has adjusted the calculation of the statistics accordingly.",,,spec,- Situation at the end of period.   - Management companies acording to Chapter 13 of the law of 20 December 2002.
DATAFLOW,LU1:DF_B3102(1.2),"Employment in the Luxembourg credit institutions, financial sector professionals and managment companies",I,A,Annual,C03,Management companies,SL04,Luxembourgers,2006,,200,,,,0,Zero,,,N01,Data may vary from CSSF annual reports due to reporting deadlines or winding-up procedures.,,,C03,"Since 2019, CSSF uses the concept of ""investment fund managers"" (authorised IFMs include the following fund managers: management companies governed by chapter 15 of the law of 17 December 2010 on undertakings for collective investment, authorised alternative investment fund managers (AIFMs) governed by the law of 12 July 2013 on alternative investment fund managers) and has adjusted the calculation of the statistics accordingly.",,,spec,- Situation at the end of period.   - Management companies acording to Chapter 13 of the law of 20 December 2002.
DATAFLOW,LU1:DF_B3102(1.2),"Employment in the Luxembourg credit institutions, financial sector professionals and managment companies",I,A,Annual,C03,Management companies,SL04,Luxembourgers,2007,,191,,,,0,Zero,,,N01,Data may vary from CSSF annual reports due to reporting deadlines or winding-up procedures.,,,C03,"Since 2019, CSSF uses the concept of ""investment fund managers"" (authorised IFMs include the following fund managers: management companies governed by chapter 15 of the law of 17 December 2010 on undertakings for collective investment, authorised alternative investment fund managers (AIFMs) governed by the law of 12 July 2013 on alternative investment fund managers) and has adjusted the calculation of the statistics accordingly.",,,spec,- Situation at the end of period.   - Management companies acording to Chapter 13 of the law of 20 December 2002.
DATAFLOW,LU1:DF_B3102(1.2),"Employment in the Luxembourg credit institutions, financial sector professionals and managment companies",I,A,Annual,C03,Management companies,SL04,Luxembourgers,2008,,198,,,,0,Zero,,,N01,Data may vary from CSSF annual reports due to reporting deadlines or winding-up procedures.,,,C03,"Since 2019, CSSF uses the concept of ""investment fund managers"" (authorised IFMs include the following fund managers: management companies governed by chapter 15 of the law of 17 December 2010 on undertakings for collective investment, authorised alternative investment fund managers (AIFMs) governed by the law of 12 July 2013 on alternative investment fund managers) and has adjusted the calculation of the statistics accordingly.",,,spec,- Situation at the end of period.   - Management companies acording to Chapter 13 of the law of 20 December 2002.
DATAFLOW,LU1:DF_B3102(1.2),"Employment in the Luxembourg credit institutions, financial sector professionals and managment companies",I,A,Annual,C03,Management companies,SL04,Luxembourgers,2009,,198,,,,0,Zero,,,N01,Data may vary from CSSF annual reports due to reporting deadlines or winding-up procedures.,,,C03,"Since 2019, CSSF uses the concept of ""investment fund managers"" (authorised IFMs include the following fund managers: management companies governed by chapter 15 of the law of 17 December 2010 on undertakings for collective investment, authorised alternative investment fund managers (AIFMs) governed by the law of 12 July 2013 on alternative investment fund managers) and has adjusted the calculation of the statistics accordingly.",,,spec,- Situation at the end of period.   - Management companies acording to Chapter 13 of the law of 20 December 2002.
DATAFLOW,LU1:DF_B3102(1.2),"Employment in the Luxembourg credit institutions, financial sector professionals and managment companies",I,A,Annual,C03,Management companies,SL04,Luxembourgers,2010,,184,,,,0,Zero,,,N01,Data may vary from CSSF annual reports due to reporting deadlines or winding-up procedures.,,,C03,"Since 2019, CSSF uses the concept of ""investment fund managers"" (authorised IFMs include the following fund managers: management companies governed by chapter 15 of the law of 17 December 2010 on undertakings for collective investment, authorised alternative investment fund managers (AIFMs) governed by the law of 12 July 2013 on alternative investment fund managers) and has adjusted the calculation of the statistics accordingly.",,,spec,- Situation at the end of period.   - Management companies acording to Chapter 13 of the law of 20 December 2002.
DATAFLOW,LU1:DF_B3102(1.2),"Employment in the Luxembourg credit institutions, financial sector professionals and managment companies",I,A,Annual,C03,Management companies,SL04,Luxembourgers,2011,,191,,,,0,Zero,,,N01,Data may vary from CSSF annual reports due to reporting deadlines or winding-up procedures.,,,C03,"Since 2019, CSSF uses the concept of ""investment fund managers"" (authorised IFMs include the following fund managers: management companies governed by chapter 15 of the law of 17 December 2010 on undertakings for collective investment, authorised alternative investment fund managers (AIFMs) governed by the law of 12 July 2013 on alternative investment fund managers) and has adjusted the calculation of the statistics accordingly.",,,spec,- Situation at the end of period.   - Management companies acording to Chapter 13 of the law of 20 December 2002.
DATAFLOW,LU1:DF_B3102(1.2),"Employment in the Luxembourg credit institutions, financial sector professionals and managment companies",I,A,Annual,C03,Management companies,SL04,Luxembourgers,2012,,224,,,,0,Zero,,,N01,Data may vary from CSSF annual reports due to reporting deadlines or winding-up procedures.,,,C03,"Since 2019, CSSF uses the concept of ""investment fund managers"" (authorised IFMs include the following fund managers: management companies governed by chapter 15 of the law of 17 December 2010 on undertakings for collective investment, authorised alternative investment fund managers (AIFMs) governed by the law of 12 July 2013 on alternative investment fund managers) and has adjusted the calculation of the statistics accordingly.",,,spec,- Situation at the end of period.   - Management companies acording to Chapter 13 of the law of 20 December 2002.
DATAFLOW,LU1:DF_B3102(1.2),"Employment in the Luxembourg credit institutions, financial sector professionals and managment companies",I,A,Annual,C03,Management companies,SL04,Luxembourgers,2013,,227,,,,0,Zero,,,N01,Data may vary from CSSF annual reports due to reporting deadlines or winding-up procedures.,,,C03,"Since 2019, CSSF uses the concept of ""investment fund managers"" (authorised IFMs include the following fund managers: management companies governed by chapter 15 of the law of 17 December 2010 on undertakings for collective investment, authorised alternative investment fund managers (AIFMs) governed by the law of 12 July 2013 on alternative investment fund managers) and has adjusted the calculation of the statistics accordingly.",,,spec,- Situation at the end of period.   - Management companies acording to Chapter 13 of the law of 20 December 2002.
DATAFLOW,LU1:DF_B3102(1.2),"Employment in the Luxembourg credit institutions, financial sector professionals and managment companies",I,A,Annual,C03,Management companies,SL04,Luxembourgers,2014,,,,l,Not available,0,Zero,,,N01,Data may vary from CSSF annual reports due to reporting deadlines or winding-up procedures.,,,C03,"Since 2019, CSSF uses the concept of ""investment fund managers"" (authorised IFMs include the following fund managers: management companies governed by chapter 15 of the law of 17 December 2010 on undertakings for collective investment, authorised alternative investment fund managers (AIFMs) governed by the law of 12 July 2013 on alternative investment fund managers) and has adjusted the calculation of the statistics accordingly.",,,spec,- Situation at the end of period.   - Management companies acording to Chapter 13 of the law of 20 December 2002.
DATAFLOW,LU1:DF_B3102(1.2),"Employment in the Luxembourg credit institutions, financial sector professionals and managment companies",I,A,Annual,C03,Management companies,SL04,Luxembourgers,2015,,,,l,Not available,0,Zero,,,N01,Data may vary from CSSF annual reports due to reporting deadlines or winding-up procedures.,,,C03,"Since 2019, CSSF uses the concept of ""investment fund managers"" (authorised IFMs include the following fund managers: management companies governed by chapter 15 of the law of 17 December 2010 on undertakings for collective investment, authorised alternative investment fund managers (AIFMs) governed by the law of 12 July 2013 on alternative investment fund managers) and has adjusted the calculation of the statistics accordingly.",,,spec,- Situation at the end of period.   - Management companies acording to Chapter 13 of the law of 20 December 2002.
DATAFLOW,LU1:DF_B3102(1.2),"Employment in the Luxembourg credit institutions, financial sector professionals and managment companies",I,A,Annual,C03,Management companies,SL04,Luxembourgers,2016,,,,l,Not available,0,Zero,,,N01,Data may vary from CSSF annual reports due to reporting deadlines or winding-up procedures.,,,C03,"Since 2019, CSSF uses the concept of ""investment fund managers"" (authorised IFMs include the following fund managers: management companies governed by chapter 15 of the law of 17 December 2010 on undertakings for collective investment, authorised alternative investment fund managers (AIFMs) governed by the law of 12 July 2013 on alternative investment fund managers) and has adjusted the calculation of the statistics accordingly.",,,spec,- Situation at the end of period.   - Management companies acording to Chapter 13 of the law of 20 December 2002.
DATAFLOW,LU1:DF_B3102(1.2),"Employment in the Luxembourg credit institutions, financial sector professionals and managment companies",I,A,Annual,C03,Management companies,SL04,Luxembourgers,2017,,,,l,Not available,0,Zero,,,N01,Data may vary from CSSF annual reports due to reporting deadlines or winding-up procedures.,,,C03,"Since 2019, CSSF uses the concept of ""investment fund managers"" (authorised IFMs include the following fund managers: management companies governed by chapter 15 of the law of 17 December 2010 on undertakings for collective investment, authorised alternative investment fund managers (AIFMs) governed by the law of 12 July 2013 on alternative investment fund managers) and has adjusted the calculation of the statistics accordingly.",,,spec,- Situation at the end of period.   - Management companies acording to Chapter 13 of the law of 20 December 2002.
DATAFLOW,LU1:DF_B3102(1.2),"Employment in the Luxembourg credit institutions, financial sector professionals and managment companies",I,A,Annual,C03,Management companies,SL04,Luxembourgers,2018,,,,l,Not available,0,Zero,,,N01,Data may vary from CSSF annual reports due to reporting deadlines or winding-up procedures.,,,C03,"Since 2019, CSSF uses the concept of ""investment fund managers"" (authorised IFMs include the following fund managers: management companies governed by chapter 15 of the law of 17 December 2010 on undertakings for collective investment, authorised alternative investment fund managers (AIFMs) governed by the law of 12 July 2013 on alternative investment fund managers) and has adjusted the calculation of the statistics accordingly.",,,spec,- Situation at the end of period.   - Management companies acording to Chapter 13 of the law of 20 December 2002.
DATAFLOW,LU1:DF_B3102(1.2),"Employment in the Luxembourg credit institutions, financial sector professionals and managment companies",I,A,Annual,C03,Management companies,SL04,Luxembourgers,2019,,,,z,Not applicable,0,Zero,,,N01,Data may vary from CSSF annual reports due to reporting deadlines or winding-up procedures.,,,C03,"Since 2019, CSSF uses the concept of ""investment fund managers"" (authorised IFMs include the following fund managers: management companies governed by chapter 15 of the law of 17 December 2010 on undertakings for collective investment, authorised alternative investment fund managers (AIFMs) governed by the law of 12 July 2013 on alternative investment fund managers) and has adjusted the calculation of the statistics accordingly.",,,spec,- Situation at the end of period.   - Management companies acording to Chapter 13 of the law of 20 December 2002.
DATAFLOW,LU1:DF_B3102(1.2),"Employment in the Luxembourg credit institutions, financial sector professionals and managment companies",I,A,Annual,C03,Management companies,SL04,Luxembourgers,2020,,,,z,Not applicable,0,Zero,,,N01,Data may vary from CSSF annual reports due to reporting deadlines or winding-up procedures.,,,C03,"Since 2019, CSSF uses the concept of ""investment fund managers"" (authorised IFMs include the following fund managers: management companies governed by chapter 15 of the law of 17 December 2010 on undertakings for collective investment, authorised alternative investment fund managers (AIFMs) governed by the law of 12 July 2013 on alternative investment fund managers) and has adjusted the calculation of the statistics accordingly.",,,spec,- Situation at the end of period.   - Management companies acording to Chapter 13 of the law of 20 December 2002.
DATAFLOW,LU1:DF_B3102(1.2),"Employment in the Luxembourg credit institutions, financial sector professionals and managment companies",I,A,Annual,C03,Management companies,SL04,Luxembourgers,2021,,,,z,Not applicable,0,Zero,,,N01,Data may vary from CSSF annual reports due to reporting deadlines or winding-up procedures.,,,C03,"Since 2019, CSSF uses the concept of ""investment fund managers"" (authorised IFMs include the following fund managers: management companies governed by chapter 15 of the law of 17 December 2010 on undertakings for collective investment, authorised alternative investment fund managers (AIFMs) governed by the law of 12 July 2013 on alternative investment fund managers) and has adjusted the calculation of the statistics accordingly.",,,spec,- Situation at the end of period.   - Management companies acording to Chapter 13 of the law of 20 December 2002.
DATAFLOW,LU1:DF_B3102(1.2),"Employment in the Luxembourg credit institutions, financial sector professionals and managment companies",I,A,Annual,C03,Management companies,SL04,Luxembourgers,2022,,,,z,Not applicable,0,Zero,,,N01,Data may vary from CSSF annual reports due to reporting deadlines or winding-up procedures.,,,C03,"Since 2019, CSSF uses the concept of ""investment fund managers"" (authorised IFMs include the following fund managers: management companies governed by chapter 15 of the law of 17 December 2010 on undertakings for collective investment, authorised alternative investment fund managers (AIFMs) governed by the law of 12 July 2013 on alternative investment fund managers) and has adjusted the calculation of the statistics accordingly.",,,spec,- Situation at the end of period.   - Management companies acording to Chapter 13 of the law of 20 December 2002.
DATAFLOW,LU1:DF_B3102(1.2),"Employment in the Luxembourg credit institutions, financial sector professionals and managment companies",I,A,Annual,C03,Management companies,SL04,Luxembourgers,2023,,,,z,Not applicable,0,Zero,,,N01,Data may vary from CSSF annual reports due to reporting deadlines or winding-up procedures.,,,C03,"Since 2019, CSSF uses the concept of ""investment fund managers"" (authorised IFMs include the following fund managers: management companies governed by chapter 15 of the law of 17 December 2010 on undertakings for collective investment, authorised alternative investment fund managers (AIFMs) governed by the law of 12 July 2013 on alternative investment fund managers) and has adjusted the calculation of the statistics accordingly.",,,spec,- Situation at the end of period.   - Management companies acording to Chapter 13 of the law of 20 December 2002.
DATAFLOW,LU1:DF_B3102(1.2),"Employment in the Luxembourg credit institutions, financial sector professionals and managment companies",I,A,Annual,C03,Management companies,SL04,Luxembourgers,2024,,,,z,Not applicable,0,Zero,,,N01,Data may vary from CSSF annual reports due to reporting deadlines or winding-up procedures.,,,C03,"Since 2019, CSSF uses the concept of ""investment fund managers"" (authorised IFMs include the following fund managers: management companies governed by chapter 15 of the law of 17 December 2010 on undertakings for collective investment, authorised alternative investment fund managers (AIFMs) governed by the law of 12 July 2013 on alternative investment fund managers) and has adjusted the calculation of the statistics accordingly.",,,spec,- Situation at the end of period.   - Management companies acording to Chapter 13 of the law of 20 December 2002.
DATAFLOW,LU1:DF_B3102(1.2),"Employment in the Luxembourg credit institutions, financial sector professionals and managment companies",I,A,Annual,C03,Management companies,SL04,Luxembourgers,2025,,,,z,Not applicable,0,Zero,,,N01,Data may vary from CSSF annual reports due to reporting deadlines or winding-up procedures.,,,C03,"Since 2019, CSSF uses the concept of ""investment fund managers"" (authorised IFMs include the following fund managers: management companies governed by chapter 15 of the law of 17 December 2010 on undertakings for collective investment, authorised alternative investment fund managers (AIFMs) governed by the law of 12 July 2013 on alternative investment fund managers) and has adjusted the calculation of the statistics accordingly.",,,spec,- Situation at the end of period.   - Management companies acording to Chapter 13 of the law of 20 December 2002.
DATAFLOW,LU1:DF_B3102(1.2),"Employment in the Luxembourg credit institutions, financial sector professionals and managment companies",I,A,Annual,C04,Investment fund managers,SL05,Men,1999,,,,z,Not applicable,0,Zero,,,N01,Data may vary from CSSF annual reports due to reporting deadlines or winding-up procedures.,,,C03,"Since 2019, CSSF uses the concept of ""investment fund managers"" (authorised IFMs include the following fund managers: management companies governed by chapter 15 of the law of 17 December 2010 on undertakings for collective investment, authorised alternative investment fund managers (AIFMs) governed by the law of 12 July 2013 on alternative investment fund managers) and has adjusted the calculation of the statistics accordingly.",,,spec,- Situation at the end of period.   - Management companies acording to Chapter 13 of the law of 20 December 2002.
DATAFLOW,LU1:DF_B3102(1.2),"Employment in the Luxembourg credit institutions, financial sector professionals and managment companies",I,A,Annual,C04,Investment fund managers,SL05,Men,2000,,,,z,Not applicable,0,Zero,,,N01,Data may vary from CSSF annual reports due to reporting deadlines or winding-up procedures.,,,C03,"Since 2019, CSSF uses the concept of ""investment fund managers"" (authorised IFMs include the following fund managers: management companies governed by chapter 15 of the law of 17 December 2010 on undertakings for collective investment, authorised alternative investment fund managers (AIFMs) governed by the law of 12 July 2013 on alternative investment fund managers) and has adjusted the calculation of the statistics accordingly.",,,spec,- Situation at the end of period.   - Management companies acording to Chapter 13 of the law of 20 December 2002.
DATAFLOW,LU1:DF_B3102(1.2),"Employment in the Luxembourg credit institutions, financial sector professionals and managment companies",I,A,Annual,C04,Investment fund managers,SL05,Men,2001,,,,z,Not applicable,0,Zero,,,N01,Data may vary from CSSF annual reports due to reporting deadlines or winding-up procedures.,,,C03,"Since 2019, CSSF uses the concept of ""investment fund managers"" (authorised IFMs include the following fund managers: management companies governed by chapter 15 of the law of 17 December 2010 on undertakings for collective investment, authorised alternative investment fund managers (AIFMs) governed by the law of 12 July 2013 on alternative investment fund managers) and has adjusted the calculation of the statistics accordingly.",,,spec,- Situation at the end of period.   - Management companies acording to Chapter 13 of the law of 20 December 2002.
DATAFLOW,LU1:DF_B3102(1.2),"Employment in the Luxembourg credit institutions, financial sector professionals and managment companies",I,A,Annual,C04,Investment fund managers,SL05,Men,2002,,,,z,Not applicable,0,Zero,,,N01,Data may vary from CSSF annual reports due to reporting deadlines or winding-up procedures.,,,C03,"Since 2019, CSSF uses the concept of ""investment fund managers"" (authorised IFMs include the following fund managers: management companies governed by chapter 15 of the law of 17 December 2010 on undertakings for collective investment, authorised alternative investment fund managers (AIFMs) governed by the law of 12 July 2013 on alternative investment fund managers) and has adjusted the calculation of the statistics accordingly.",,,spec,- Situation at the end of period.   - Management companies acording to Chapter 13 of the law of 20 December 2002.
DATAFLOW,LU1:DF_B3102(1.2),"Employment in the Luxembourg credit institutions, financial sector professionals and managment companies",I,A,Annual,C04,Investment fund managers,SL05,Men,2003,,,,z,Not applicable,0,Zero,,,N01,Data may vary from CSSF annual reports due to reporting deadlines or winding-up procedures.,,,C03,"Since 2019, CSSF uses the concept of ""investment fund managers"" (authorised IFMs include the following fund managers: management companies governed by chapter 15 of the law of 17 December 2010 on undertakings for collective investment, authorised alternative investment fund managers (AIFMs) governed by the law of 12 July 2013 on alternative investment fund managers) and has adjusted the calculation of the statistics accordingly.",,,spec,- Situation at the end of period.   - Management companies acording to Chapter 13 of the law of 20 December 2002.
DATAFLOW,LU1:DF_B3102(1.2),"Employment in the Luxembourg credit institutions, financial sector professionals and managment companies",I,A,Annual,C04,Investment fund managers,SL05,Men,2004,,,,z,Not applicable,0,Zero,,,N01,Data may vary from CSSF annual reports due to reporting deadlines or winding-up procedures.,,,C03,"Since 2019, CSSF uses the concept of ""investment fund managers"" (authorised IFMs include the following fund managers: management companies governed by chapter 15 of the law of 17 December 2010 on undertakings for collective investment, authorised alternative investment fund managers (AIFMs) governed by the law of 12 July 2013 on alternative investment fund managers) and has adjusted the calculation of the statistics accordingly.",,,spec,- Situation at the end of period.   - Management companies acording to Chapter 13 of the law of 20 December 2002.
DATAFLOW,LU1:DF_B3102(1.2),"Employment in the Luxembourg credit institutions, financial sector professionals and managment companies",I,A,Annual,C04,Investment fund managers,SL05,Men,2005,,,,z,Not applicable,0,Zero,,,N01,Data may vary from CSSF annual reports due to reporting deadlines or winding-up procedures.,,,C03,"Since 2019, CSSF uses the concept of ""investment fund managers"" (authorised IFMs include the following fund managers: management companies governed by chapter 15 of the law of 17 December 2010 on undertakings for collective investment, authorised alternative investment fund managers (AIFMs) governed by the law of 12 July 2013 on alternative investment fund managers) and has adjusted the calculation of the statistics accordingly.",,,spec,- Situation at the end of period.   - Management companies acording to Chapter 13 of the law of 20 December 2002.
DATAFLOW,LU1:DF_B3102(1.2),"Employment in the Luxembourg credit institutions, financial sector professionals and managment companies",I,A,Annual,C04,Investment fund managers,SL05,Men,2006,,,,z,Not applicable,0,Zero,,,N01,Data may vary from CSSF annual reports due to reporting deadlines or winding-up procedures.,,,C03,"Since 2019, CSSF uses the concept of ""investment fund managers"" (authorised IFMs include the following fund managers: management companies governed by chapter 15 of the law of 17 December 2010 on undertakings for collective investment, authorised alternative investment fund managers (AIFMs) governed by the law of 12 July 2013 on alternative investment fund managers) and has adjusted the calculation of the statistics accordingly.",,,spec,- Situation at the end of period.   - Management companies acording to Chapter 13 of the law of 20 December 2002.
DATAFLOW,LU1:DF_B3102(1.2),"Employment in the Luxembourg credit institutions, financial sector professionals and managment companies",I,A,Annual,C04,Investment fund managers,SL05,Men,2007,,,,z,Not applicable,0,Zero,,,N01,Data may vary from CSSF annual reports due to reporting deadlines or winding-up procedures.,,,C03,"Since 2019, CSSF uses the concept of ""investment fund managers"" (authorised IFMs include the following fund managers: management companies governed by chapter 15 of the law of 17 December 2010 on undertakings for collective investment, authorised alternative investment fund managers (AIFMs) governed by the law of 12 July 2013 on alternative investment fund managers) and has adjusted the calculation of the statistics accordingly.",,,spec,- Situation at the end of period.   - Management companies acording to Chapter 13 of the law of 20 December 2002.
DATAFLOW,LU1:DF_B3102(1.2),"Employment in the Luxembourg credit institutions, financial sector professionals and managment companies",I,A,Annual,C04,Investment fund managers,SL05,Men,2008,,,,z,Not applicable,0,Zero,,,N01,Data may vary from CSSF annual reports due to reporting deadlines or winding-up procedures.,,,C03,"Since 2019, CSSF uses the concept of ""investment fund managers"" (authorised IFMs include the following fund managers: management companies governed by chapter 15 of the law of 17 December 2010 on undertakings for collective investment, authorised alternative investment fund managers (AIFMs) governed by the law of 12 July 2013 on alternative investment fund managers) and has adjusted the calculation of the statistics accordingly.",,,spec,- Situation at the end of period.   - Management companies acording to Chapter 13 of the law of 20 December 2002.
DATAFLOW,LU1:DF_B3102(1.2),"Employment in the Luxembourg credit institutions, financial sector professionals and managment companies",I,A,Annual,C04,Investment fund managers,SL05,Men,2009,,,,z,Not applicable,0,Zero,,,N01,Data may vary from CSSF annual reports due to reporting deadlines or winding-up procedures.,,,C03,"Since 2019, CSSF uses the concept of ""investment fund managers"" (authorised IFMs include the following fund managers: management companies governed by chapter 15 of the law of 17 December 2010 on undertakings for collective investment, authorised alternative investment fund managers (AIFMs) governed by the law of 12 July 2013 on alternative investment fund managers) and has adjusted the calculation of the statistics accordingly.",,,spec,- Situation at the end of period.   - Management companies acording to Chapter 13 of the law of 20 December 2002.
DATAFLOW,LU1:DF_B3102(1.2),"Employment in the Luxembourg credit institutions, financial sector professionals and managment companies",I,A,Annual,C04,Investment fund managers,SL05,Men,2010,,,,z,Not applicable,0,Zero,,,N01,Data may vary from CSSF annual reports due to reporting deadlines or winding-up procedures.,,,C03,"Since 2019, CSSF uses the concept of ""investment fund managers"" (authorised IFMs include the following fund managers: management companies governed by chapter 15 of the law of 17 December 2010 on undertakings for collective investment, authorised alternative investment fund managers (AIFMs) governed by the law of 12 July 2013 on alternative investment fund managers) and has adjusted the calculation of the statistics accordingly.",,,spec,- Situation at the end of period.   - Management companies acording to Chapter 13 of the law of 20 December 2002.
DATAFLOW,LU1:DF_B3102(1.2),"Employment in the Luxembourg credit institutions, financial sector professionals and managment companies",I,A,Annual,C04,Investment fund managers,SL05,Men,2011,,,,z,Not applicable,0,Zero,,,N01,Data may vary from CSSF annual reports due to reporting deadlines or winding-up procedures.,,,C03,"Since 2019, CSSF uses the concept of ""investment fund managers"" (authorised IFMs include the following fund managers: management companies governed by chapter 15 of the law of 17 December 2010 on undertakings for collective investment, authorised alternative investment fund managers (AIFMs) governed by the law of 12 July 2013 on alternative investment fund managers) and has adjusted the calculation of the statistics accordingly.",,,spec,- Situation at the end of period.   - Management companies acording to Chapter 13 of the law of 20 December 2002.
DATAFLOW,LU1:DF_B3102(1.2),"Employment in the Luxembourg credit institutions, financial sector professionals and managment companies",I,A,Annual,C04,Investment fund managers,SL05,Men,2012,,,,z,Not applicable,0,Zero,,,N01,Data may vary from CSSF annual reports due to reporting deadlines or winding-up procedures.,,,C03,"Since 2019, CSSF uses the concept of ""investment fund managers"" (authorised IFMs include the following fund managers: management companies governed by chapter 15 of the law of 17 December 2010 on undertakings for collective investment, authorised alternative investment fund managers (AIFMs) governed by the law of 12 July 2013 on alternative investment fund managers) and has adjusted the calculation of the statistics accordingly.",,,spec,- Situation at the end of period.   - Management companies acording to Chapter 13 of the law of 20 December 2002.
DATAFLOW,LU1:DF_B3102(1.2),"Employment in the Luxembourg credit institutions, financial sector professionals and managment companies",I,A,Annual,C04,Investment fund managers,SL05,Men,2013,,,,z,Not applicable,0,Zero,,,N01,Data may vary from CSSF annual reports due to reporting deadlines or winding-up procedures.,,,C03,"Since 2019, CSSF uses the concept of ""investment fund managers"" (authorised IFMs include the following fund managers: management companies governed by chapter 15 of the law of 17 December 2010 on undertakings for collective investment, authorised alternative investment fund managers (AIFMs) governed by the law of 12 July 2013 on alternative investment fund managers) and has adjusted the calculation of the statistics accordingly.",,,spec,- Situation at the end of period.   - Management companies acording to Chapter 13 of the law of 20 December 2002.
DATAFLOW,LU1:DF_B3102(1.2),"Employment in the Luxembourg credit institutions, financial sector professionals and managment companies",I,A,Annual,C04,Investment fund managers,SL05,Men,2014,,,,z,Not applicable,0,Zero,,,N01,Data may vary from CSSF annual reports due to reporting deadlines or winding-up procedures.,,,C03,"Since 2019, CSSF uses the concept of ""investment fund managers"" (authorised IFMs include the following fund managers: management companies governed by chapter 15 of the law of 17 December 2010 on undertakings for collective investment, authorised alternative investment fund managers (AIFMs) governed by the law of 12 July 2013 on alternative investment fund managers) and has adjusted the calculation of the statistics accordingly.",,,spec,- Situation at the end of period.   - Management companies acording to Chapter 13 of the law of 20 December 2002.
DATAFLOW,LU1:DF_B3102(1.2),"Employment in the Luxembourg credit institutions, financial sector professionals and managment companies",I,A,Annual,C04,Investment fund managers,SL05,Men,2015,,,,z,Not applicable,0,Zero,,,N01,Data may vary from CSSF annual reports due to reporting deadlines or winding-up procedures.,,,C03,"Since 2019, CSSF uses the concept of ""investment fund managers"" (authorised IFMs include the following fund managers: management companies governed by chapter 15 of the law of 17 December 2010 on undertakings for collective investment, authorised alternative investment fund managers (AIFMs) governed by the law of 12 July 2013 on alternative investment fund managers) and has adjusted the calculation of the statistics accordingly.",,,spec,- Situation at the end of period.   - Management companies acording to Chapter 13 of the law of 20 December 2002.
DATAFLOW,LU1:DF_B3102(1.2),"Employment in the Luxembourg credit institutions, financial sector professionals and managment companies",I,A,Annual,C04,Investment fund managers,SL05,Men,2016,,,,z,Not applicable,0,Zero,,,N01,Data may vary from CSSF annual reports due to reporting deadlines or winding-up procedures.,,,C03,"Since 2019, CSSF uses the concept of ""investment fund managers"" (authorised IFMs include the following fund managers: management companies governed by chapter 15 of the law of 17 December 2010 on undertakings for collective investment, authorised alternative investment fund managers (AIFMs) governed by the law of 12 July 2013 on alternative investment fund managers) and has adjusted the calculation of the statistics accordingly.",,,spec,- Situation at the end of period.   - Management companies acording to Chapter 13 of the law of 20 December 2002.
DATAFLOW,LU1:DF_B3102(1.2),"Employment in the Luxembourg credit institutions, financial sector professionals and managment companies",I,A,Annual,C04,Investment fund managers,SL05,Men,2017,,,,z,Not applicable,0,Zero,,,N01,Data may vary from CSSF annual reports due to reporting deadlines or winding-up procedures.,,,C03,"Since 2019, CSSF uses the concept of ""investment fund managers"" (authorised IFMs include the following fund managers: management companies governed by chapter 15 of the law of 17 December 2010 on undertakings for collective investment, authorised alternative investment fund managers (AIFMs) governed by the law of 12 July 2013 on alternative investment fund managers) and has adjusted the calculation of the statistics accordingly.",,,spec,- Situation at the end of period.   - Management companies acording to Chapter 13 of the law of 20 December 2002.
DATAFLOW,LU1:DF_B3102(1.2),"Employment in the Luxembourg credit institutions, financial sector professionals and managment companies",I,A,Annual,C04,Investment fund managers,SL05,Men,2018,,,,z,Not applicable,0,Zero,,,N01,Data may vary from CSSF annual reports due to reporting deadlines or winding-up procedures.,,,C03,"Since 2019, CSSF uses the concept of ""investment fund managers"" (authorised IFMs include the following fund managers: management companies governed by chapter 15 of the law of 17 December 2010 on undertakings for collective investment, authorised alternative investment fund managers (AIFMs) governed by the law of 12 July 2013 on alternative investment fund managers) and has adjusted the calculation of the statistics accordingly.",,,spec,- Situation at the end of period.   - Management companies acording to Chapter 13 of the law of 20 December 2002.
DATAFLOW,LU1:DF_B3102(1.2),"Employment in the Luxembourg credit institutions, financial sector professionals and managment companies",I,A,Annual,C04,Investment fund managers,SL05,Men,2019,,,,l,Not available,0,Zero,,,N01,Data may vary from CSSF annual reports due to reporting deadlines or winding-up procedures.,,,C03,"Since 2019, CSSF uses the concept of ""investment fund managers"" (authorised IFMs include the following fund managers: management companies governed by chapter 15 of the law of 17 December 2010 on undertakings for collective investment, authorised alternative investment fund managers (AIFMs) governed by the law of 12 July 2013 on alternative investment fund managers) and has adjusted the calculation of the statistics accordingly.",,,spec,- Situation at the end of period.   - Management companies acording to Chapter 13 of the law of 20 December 2002.
DATAFLOW,LU1:DF_B3102(1.2),"Employment in the Luxembourg credit institutions, financial sector professionals and managment companies",I,A,Annual,C04,Investment fund managers,SL05,Men,2020,,,,l,Not available,0,Zero,,,N01,Data may vary from CSSF annual reports due to reporting deadlines or winding-up procedures.,,,C03,"Since 2019, CSSF uses the concept of ""investment fund managers"" (authorised IFMs include the following fund managers: management companies governed by chapter 15 of the law of 17 December 2010 on undertakings for collective investment, authorised alternative investment fund managers (AIFMs) governed by the law of 12 July 2013 on alternative investment fund managers) and has adjusted the calculation of the statistics accordingly.",,,spec,- Situation at the end of period.   - Management companies acording to Chapter 13 of the law of 20 December 2002.
DATAFLOW,LU1:DF_B3102(1.2),"Employment in the Luxembourg credit institutions, financial sector professionals and managment companies",I,A,Annual,C04,Investment fund managers,SL05,Men,2021,,,,l,Not available,0,Zero,,,N01,Data may vary from CSSF annual reports due to reporting deadlines or winding-up procedures.,,,C03,"Since 2019, CSSF uses the concept of ""investment fund managers"" (authorised IFMs include the following fund managers: management companies governed by chapter 15 of the law of 17 December 2010 on undertakings for collective investment, authorised alternative investment fund managers (AIFMs) governed by the law of 12 July 2013 on alternative investment fund managers) and has adjusted the calculation of the statistics accordingly.",,,spec,- Situation at the end of period.   - Management companies acording to Chapter 13 of the law of 20 December 2002.
DATAFLOW,LU1:DF_B3102(1.2),"Employment in the Luxembourg credit institutions, financial sector professionals and managment companies",I,A,Annual,C04,Investment fund managers,SL05,Men,2022,,,,l,Not available,0,Zero,,,N01,Data may vary from CSSF annual reports due to reporting deadlines or winding-up procedures.,,,C03,"Since 2019, CSSF uses the concept of ""investment fund managers"" (authorised IFMs include the following fund managers: management companies governed by chapter 15 of the law of 17 December 2010 on undertakings for collective investment, authorised alternative investment fund managers (AIFMs) governed by the law of 12 July 2013 on alternative investment fund managers) and has adjusted the calculation of the statistics accordingly.",,,spec,- Situation at the end of period.   - Management companies acording to Chapter 13 of the law of 20 December 2002.
DATAFLOW,LU1:DF_B3102(1.2),"Employment in the Luxembourg credit institutions, financial sector professionals and managment companies",I,A,Annual,C04,Investment fund managers,SL05,Men,2023,,,,l,Not available,0,Zero,,,N01,Data may vary from CSSF annual reports due to reporting deadlines or winding-up procedures.,,,C03,"Since 2019, CSSF uses the concept of ""investment fund managers"" (authorised IFMs include the following fund managers: management companies governed by chapter 15 of the law of 17 December 2010 on undertakings for collective investment, authorised alternative investment fund managers (AIFMs) governed by the law of 12 July 2013 on alternative investment fund managers) and has adjusted the calculation of the statistics accordingly.",,,spec,- Situation at the end of period.   - Management companies acording to Chapter 13 of the law of 20 December 2002.
DATAFLOW,LU1:DF_B3102(1.2),"Employment in the Luxembourg credit institutions, financial sector professionals and managment companies",I,A,Annual,C04,Investment fund managers,SL05,Men,2024,,,,l,Not available,0,Zero,,,N01,Data may vary from CSSF annual reports due to reporting deadlines or winding-up procedures.,,,C03,"Since 2019, CSSF uses the concept of ""investment fund managers"" (authorised IFMs include the following fund managers: management companies governed by chapter 15 of the law of 17 December 2010 on undertakings for collective investment, authorised alternative investment fund managers (AIFMs) governed by the law of 12 July 2013 on alternative investment fund managers) and has adjusted the calculation of the statistics accordingly.",,,spec,- Situation at the end of period.   - Management companies acording to Chapter 13 of the law of 20 December 2002.
DATAFLOW,LU1:DF_B3102(1.2),"Employment in the Luxembourg credit institutions, financial sector professionals and managment companies",I,A,Annual,C04,Investment fund managers,SL05,Men,2025,,,,l,Not available,0,Zero,,,N01,Data may vary from CSSF annual reports due to reporting deadlines or winding-up procedures.,,,C03,"Since 2019, CSSF uses the concept of ""investment fund managers"" (authorised IFMs include the following fund managers: management companies governed by chapter 15 of the law of 17 December 2010 on undertakings for collective investment, authorised alternative investment fund managers (AIFMs) governed by the law of 12 July 2013 on alternative investment fund managers) and has adjusted the calculation of the statistics accordingly.",,,spec,- Situation at the end of period.   - Management companies acording to Chapter 13 of the law of 20 December 2002.
DATAFLOW,LU1:DF_B3102(1.2),"Employment in the Luxembourg credit institutions, financial sector professionals and managment companies",I,A,Annual,C01,Credit institutions,SL04,Luxembourgers,1999,,7797,,,,0,Zero,,,N01,Data may vary from CSSF annual reports due to reporting deadlines or winding-up procedures.,,,,,,,spec,- Situation at the end of period.   - Management companies acording to Chapter 13 of the law of 20 December 2002.
DATAFLOW,LU1:DF_B3102(1.2),"Employment in the Luxembourg credit institutions, financial sector professionals and managment companies",I,A,Annual,C01,Credit institutions,SL04,Luxembourgers,2000,,7833,,,,0,Zero,,,N01,Data may vary from CSSF annual reports due to reporting deadlines or winding-up procedures.,,,,,,,spec,- Situation at the end of period.   - Management companies acording to Chapter 13 of the law of 20 December 2002.
DATAFLOW,LU1:DF_B3102(1.2),"Employment in the Luxembourg credit institutions, financial sector professionals and managment companies",I,A,Annual,C01,Credit institutions,SL04,Luxembourgers,2001,,7718,,,,0,Zero,,,N01,Data may vary from CSSF annual reports due to reporting deadlines or winding-up procedures.,,,,,,,spec,- Situation at the end of period.   - Management companies acording to Chapter 13 of the law of 20 December 2002.
DATAFLOW,LU1:DF_B3102(1.2),"Employment in the Luxembourg credit institutions, financial sector professionals and managment companies",I,A,Annual,C01,Credit institutions,SL04,Luxembourgers,2002,,7402,,,,0,Zero,,,N01,Data may vary from CSSF annual reports due to reporting deadlines or winding-up procedures.,,,,,,,spec,- Situation at the end of period.   - Management companies acording to Chapter 13 of the law of 20 December 2002.
DATAFLOW,LU1:DF_B3102(1.2),"Employment in the Luxembourg credit institutions, financial sector professionals and managment companies",I,A,Annual,C01,Credit institutions,SL04,Luxembourgers,2003,,7116,,,,0,Zero,,,N01,Data may vary from CSSF annual reports due to reporting deadlines or winding-up procedures.,,,,,,,spec,- Situation at the end of period.   - Management companies acording to Chapter 13 of the law of 20 December 2002.
DATAFLOW,LU1:DF_B3102(1.2),"Employment in the Luxembourg credit institutions, financial sector professionals and managment companies",I,A,Annual,C01,Credit institutions,SL04,Luxembourgers,2004,,6998,,,,0,Zero,,,N01,Data may vary from CSSF annual reports due to reporting deadlines or winding-up procedures.,,,,,,,spec,- Situation at the end of period.   - Management companies acording to Chapter 13 of the law of 20 December 2002.
DATAFLOW,LU1:DF_B3102(1.2),"Employment in the Luxembourg credit institutions, financial sector professionals and managment companies",I,A,Annual,C01,Credit institutions,SL04,Luxembourgers,2005,,6824,,,,0,Zero,,,N01,Data may vary from CSSF annual reports due to reporting deadlines or winding-up procedures.,,,,,,,spec,- Situation at the end of period.   - Management companies acording to Chapter 13 of the law of 20 December 2002.
DATAFLOW,LU1:DF_B3102(1.2),"Employment in the Luxembourg credit institutions, financial sector professionals and managment companies",I,A,Annual,C01,Credit institutions,SL04,Luxembourgers,2006,,6838,,,,0,Zero,,,N01,Data may vary from CSSF annual reports due to reporting deadlines or winding-up procedures.,,,,,,,spec,- Situation at the end of period.   - Management companies acording to Chapter 13 of the law of 20 December 2002.
DATAFLOW,LU1:DF_B3102(1.2),"Employment in the Luxembourg credit institutions, financial sector professionals and managment companies",I,A,Annual,C01,Credit institutions,SL04,Luxembourgers,2007,,6962,,,,0,Zero,,,N01,Data may vary from CSSF annual reports due to reporting deadlines or winding-up procedures.,,,,,,,spec,- Situation at the end of period.   - Management companies acording to Chapter 13 of the law of 20 December 2002.
DATAFLOW,LU1:DF_B3102(1.2),"Employment in the Luxembourg credit institutions, financial sector professionals and managment companies",I,A,Annual,C01,Credit institutions,SL04,Luxembourgers,2008,,6894,,,,0,Zero,,,N01,Data may vary from CSSF annual reports due to reporting deadlines or winding-up procedures.,,,,,,,spec,- Situation at the end of period.   - Management companies acording to Chapter 13 of the law of 20 December 2002.
DATAFLOW,LU1:DF_B3102(1.2),"Employment in the Luxembourg credit institutions, financial sector professionals and managment companies",I,A,Annual,C01,Credit institutions,SL04,Luxembourgers,2009,,6598,,,,0,Zero,,,N01,Data may vary from CSSF annual reports due to reporting deadlines or winding-up procedures.,,,,,,,spec,- Situation at the end of period.   - Management companies acording to Chapter 13 of the law of 20 December 2002.
DATAFLOW,LU1:DF_B3102(1.2),"Employment in the Luxembourg credit institutions, financial sector professionals and managment companies",I,A,Annual,C01,Credit institutions,SL04,Luxembourgers,2010,,6490,,,,0,Zero,,,N01,Data may vary from CSSF annual reports due to reporting deadlines or winding-up procedures.,,,,,,,spec,- Situation at the end of period.   - Management companies acording to Chapter 13 of the law of 20 December 2002.
DATAFLOW,LU1:DF_B3102(1.2),"Employment in the Luxembourg credit institutions, financial sector professionals and managment companies",I,A,Annual,C01,Credit institutions,SL04,Luxembourgers,2011,,6269,,,,0,Zero,,,N01,Data may vary from CSSF annual reports due to reporting deadlines or winding-up procedures.,,,,,,,spec,- Situation at the end of period.   - Management companies acording to Chapter 13 of the law of 20 December 2002.
DATAFLOW,LU1:DF_B3102(1.2),"Employment in the Luxembourg credit institutions, financial sector professionals and managment companies",I,A,Annual,C01,Credit institutions,SL04,Luxembourgers,2012,,6220,,,,0,Zero,,,N01,Data may vary from CSSF annual reports due to reporting deadlines or winding-up procedures.,,,,,,,spec,- Situation at the end of period.   - Management companies acording to Chapter 13 of the law of 20 December 2002.
DATAFLOW,LU1:DF_B3102(1.2),"Employment in the Luxembourg credit institutions, financial sector professionals and managment companies",I,A,Annual,C01,Credit institutions,SL04,Luxembourgers,2013,,6082,,,,0,Zero,,,N01,Data may vary from CSSF annual reports due to reporting deadlines or winding-up procedures.,,,,,,,spec,- Situation at the end of period.   - Management companies acording to Chapter 13 of the law of 20 December 2002.
DATAFLOW,LU1:DF_B3102(1.2),"Employment in the Luxembourg credit institutions, financial sector professionals and managment companies",I,A,Annual,C01,Credit institutions,SL04,Luxembourgers,2014,,,,l,Not available,0,Zero,,,N01,Data may vary from CSSF annual reports due to reporting deadlines or winding-up procedures.,,,,,,,spec,- Situation at the end of period.   - Management companies acording to Chapter 13 of the law of 20 December 2002.
DATAFLOW,LU1:DF_B3102(1.2),"Employment in the Luxembourg credit institutions, financial sector professionals and managment companies",I,A,Annual,C01,Credit institutions,SL04,Luxembourgers,2015,,,,l,Not available,0,Zero,,,N01,Data may vary from CSSF annual reports due to reporting deadlines or winding-up procedures.,,,,,,,spec,- Situation at the end of period.   - Management companies acording to Chapter 13 of the law of 20 December 2002.
DATAFLOW,LU1:DF_B3102(1.2),"Employment in the Luxembourg credit institutions, financial sector professionals and managment companies",I,A,Annual,C01,Credit institutions,SL04,Luxembourgers,2016,,,,l,Not available,0,Zero,,,N01,Data may vary from CSSF annual reports due to reporting deadlines or winding-up procedures.,,,,,,,spec,- Situation at the end of period.   - Management companies acording to Chapter 13 of the law of 20 December 2002.
DATAFLOW,LU1:DF_B3102(1.2),"Employment in the Luxembourg credit institutions, financial sector professionals and managment companies",I,A,Annual,C01,Credit institutions,SL04,Luxembourgers,2017,,,,l,Not available,0,Zero,,,N01,Data may vary from CSSF annual reports due to reporting deadlines or winding-up procedures.,,,,,,,spec,- Situation at the end of period.   - Management companies acording to Chapter 13 of the law of 20 December 2002.
DATAFLOW,LU1:DF_B3102(1.2),"Employment in the Luxembourg credit institutions, financial sector professionals and managment companies",I,A,Annual,C01,Credit institutions,SL04,Luxembourgers,2018,,,,l,Not available,0,Zero,,,N01,Data may vary from CSSF annual reports due to reporting deadlines or winding-up procedures.,,,,,,,spec,- Situation at the end of period.   - Management companies acording to Chapter 13 of the law of 20 December 2002.
DATAFLOW,LU1:DF_B3102(1.2),"Employment in the Luxembourg credit institutions, financial sector professionals and managment companies",I,A,Annual,C01,Credit institutions,SL04,Luxembourgers,2019,,,,l,Not available,0,Zero,,,N01,Data may vary from CSSF annual reports due to reporting deadlines or winding-up procedures.,,,,,,,spec,- Situation at the end of period.   - Management companies acording to Chapter 13 of the law of 20 December 2002.
DATAFLOW,LU1:DF_B3102(1.2),"Employment in the Luxembourg credit institutions, financial sector professionals and managment companies",I,A,Annual,C01,Credit institutions,SL04,Luxembourgers,2020,,,,l,Not available,0,Zero,,,N01,Data may vary from CSSF annual reports due to reporting deadlines or winding-up procedures.,,,,,,,spec,- Situation at the end of period.   - Management companies acording to Chapter 13 of the law of 20 December 2002.
DATAFLOW,LU1:DF_B3102(1.2),"Employment in the Luxembourg credit institutions, financial sector professionals and managment companies",I,A,Annual,C01,Credit institutions,SL04,Luxembourgers,2021,,,,l,Not available,0,Zero,,,N01,Data may vary from CSSF annual reports due to reporting deadlines or winding-up procedures.,,,,,,,spec,- Situation at the end of period.   - Management companies acording to Chapter 13 of the law of 20 December 2002.
DATAFLOW,LU1:DF_B3102(1.2),"Employment in the Luxembourg credit institutions, financial sector professionals and managment companies",I,A,Annual,C01,Credit institutions,SL04,Luxembourgers,2022,,,,l,Not available,0,Zero,,,N01,Data may vary from CSSF annual reports due to reporting deadlines or winding-up procedures.,,,,,,,spec,- Situation at the end of period.   - Management companies acording to Chapter 13 of the law of 20 December 2002.
DATAFLOW,LU1:DF_B3102(1.2),"Employment in the Luxembourg credit institutions, financial sector professionals and managment companies",I,A,Annual,C01,Credit institutions,SL04,Luxembourgers,2023,,,,l,Not available,0,Zero,,,N01,Data may vary from CSSF annual reports due to reporting deadlines or winding-up procedures.,,,,,,,spec,- Situation at the end of period.   - Management companies acording to Chapter 13 of the law of 20 December 2002.
DATAFLOW,LU1:DF_B3102(1.2),"Employment in the Luxembourg credit institutions, financial sector professionals and managment companies",I,A,Annual,C01,Credit institutions,SL04,Luxembourgers,2024,,,,l,Not available,0,Zero,,,N01,Data may vary from CSSF annual reports due to reporting deadlines or winding-up procedures.,,,,,,,spec,- Situation at the end of period.   - Management companies acording to Chapter 13 of the law of 20 December 2002.
DATAFLOW,LU1:DF_B3102(1.2),"Employment in the Luxembourg credit institutions, financial sector professionals and managment companies",I,A,Annual,C01,Credit institutions,SL04,Luxembourgers,2025,,,,l,Not available,0,Zero,,,N01,Data may vary from CSSF annual reports due to reporting deadlines or winding-up procedures.,,,,,,,spec,- Situation at the end of period.   - Management companies acording to Chapter 13 of the law of 20 December 2002.
DATAFLOW,LU1:DF_B3102(1.2),"Employment in the Luxembourg credit institutions, financial sector professionals and managment companies",I,A,Annual,C02,Financial sector professionals,SL05,Men,1999,,256,,,,0,Zero,,,N01,Data may vary from CSSF annual reports due to reporting deadlines or winding-up procedures.,,,C02,"FSP include specialised financial sector professionals, support financial sector professionals and investment firms",,,spec,- Situation at the end of period.   - Management companies acording to Chapter 13 of the law of 20 December 2002.
DATAFLOW,LU1:DF_B3102(1.2),"Employment in the Luxembourg credit institutions, financial sector professionals and managment companies",I,A,Annual,C02,Financial sector professionals,SL05,Men,2000,,291,,,,0,Zero,,,N01,Data may vary from CSSF annual reports due to reporting deadlines or winding-up procedures.,,,C02,"FSP include specialised financial sector professionals, support financial sector professionals and investment firms",,,spec,- Situation at the end of period.   - Management companies acording to Chapter 13 of the law of 20 December 2002.
DATAFLOW,LU1:DF_B3102(1.2),"Employment in the Luxembourg credit institutions, financial sector professionals and managment companies",I,A,Annual,C02,Financial sector professionals,SL05,Men,2001,,369,,,,0,Zero,,,N01,Data may vary from CSSF annual reports due to reporting deadlines or winding-up procedures.,,,C02,"FSP include specialised financial sector professionals, support financial sector professionals and investment firms",,,spec,- Situation at the end of period.   - Management companies acording to Chapter 13 of the law of 20 December 2002.
DATAFLOW,LU1:DF_B3102(1.2),"Employment in the Luxembourg credit institutions, financial sector professionals and managment companies",I,A,Annual,C02,Financial sector professionals,SL05,Men,2002,,375,,,,0,Zero,,,N01,Data may vary from CSSF annual reports due to reporting deadlines or winding-up procedures.,,,C02,"FSP include specialised financial sector professionals, support financial sector professionals and investment firms",,,spec,- Situation at the end of period.   - Management companies acording to Chapter 13 of the law of 20 December 2002.
DATAFLOW,LU1:DF_B3102(1.2),"Employment in the Luxembourg credit institutions, financial sector professionals and managment companies",I,A,Annual,C02,Financial sector professionals,SL05,Men,2003,,359,,,,0,Zero,,,N01,Data may vary from CSSF annual reports due to reporting deadlines or winding-up procedures.,,,C02,"FSP include specialised financial sector professionals, support financial sector professionals and investment firms",,,spec,- Situation at the end of period.   - Management companies acording to Chapter 13 of the law of 20 December 2002.
DATAFLOW,LU1:DF_B3102(1.2),"Employment in the Luxembourg credit institutions, financial sector professionals and managment companies",I,A,Annual,C02,Financial sector professionals,SL05,Men,2004,,607,,,,0,Zero,,,N01,Data may vary from CSSF annual reports due to reporting deadlines or winding-up procedures.,,,C02,"FSP include specialised financial sector professionals, support financial sector professionals and investment firms",,,spec,- Situation at the end of period.   - Management companies acording to Chapter 13 of the law of 20 December 2002.
DATAFLOW,LU1:DF_B3102(1.2),"Employment in the Luxembourg credit institutions, financial sector professionals and managment companies",I,A,Annual,C02,Financial sector professionals,SL05,Men,2005,,634,,,,0,Zero,,,N01,Data may vary from CSSF annual reports due to reporting deadlines or winding-up procedures.,,,C02,"FSP include specialised financial sector professionals, support financial sector professionals and investment firms",,,spec,- Situation at the end of period.   - Management companies acording to Chapter 13 of the law of 20 December 2002.
DATAFLOW,LU1:DF_B3102(1.2),"Employment in the Luxembourg credit institutions, financial sector professionals and managment companies",I,A,Annual,C02,Financial sector professionals,SL05,Men,2006,,1270,,,,0,Zero,,,N01,Data may vary from CSSF annual reports due to reporting deadlines or winding-up procedures.,,,C02,"FSP include specialised financial sector professionals, support financial sector professionals and investment firms",,,spec,- Situation at the end of period.   - Management companies acording to Chapter 13 of the law of 20 December 2002.
DATAFLOW,LU1:DF_B3102(1.2),"Employment in the Luxembourg credit institutions, financial sector professionals and managment companies",I,A,Annual,C02,Financial sector professionals,SL05,Men,2007,,1511,,,,0,Zero,,,N01,Data may vary from CSSF annual reports due to reporting deadlines or winding-up procedures.,,,C02,"FSP include specialised financial sector professionals, support financial sector professionals and investment firms",,,spec,- Situation at the end of period.   - Management companies acording to Chapter 13 of the law of 20 December 2002.
DATAFLOW,LU1:DF_B3102(1.2),"Employment in the Luxembourg credit institutions, financial sector professionals and managment companies",I,A,Annual,C02,Financial sector professionals,SL05,Men,2008,,1797,,,,0,Zero,,,N01,Data may vary from CSSF annual reports due to reporting deadlines or winding-up procedures.,,,C02,"FSP include specialised financial sector professionals, support financial sector professionals and investment firms",,,spec,- Situation at the end of period.   - Management companies acording to Chapter 13 of the law of 20 December 2002.
DATAFLOW,LU1:DF_B3102(1.2),"Employment in the Luxembourg credit institutions, financial sector professionals and managment companies",I,A,Annual,C02,Financial sector professionals,SL05,Men,2009,,1322,,,,0,Zero,,,N01,Data may vary from CSSF annual reports due to reporting deadlines or winding-up procedures.,,,C02,"FSP include specialised financial sector professionals, support financial sector professionals and investment firms",,,spec,- Situation at the end of period.   - Management companies acording to Chapter 13 of the law of 20 December 2002.
DATAFLOW,LU1:DF_B3102(1.2),"Employment in the Luxembourg credit institutions, financial sector professionals and managment companies",I,A,Annual,C02,Financial sector professionals,SL05,Men,2010,,1363,,,,0,Zero,,,N01,Data may vary from CSSF annual reports due to reporting deadlines or winding-up procedures.,,,C02,"FSP include specialised financial sector professionals, support financial sector professionals and investment firms",,,spec,- Situation at the end of period.   - Management companies acording to Chapter 13 of the law of 20 December 2002.
DATAFLOW,LU1:DF_B3102(1.2),"Employment in the Luxembourg credit institutions, financial sector professionals and managment companies",I,A,Annual,C02,Financial sector professionals,SL05,Men,2011,,1383,,,,0,Zero,,,N01,Data may vary from CSSF annual reports due to reporting deadlines or winding-up procedures.,,,C02,"FSP include specialised financial sector professionals, support financial sector professionals and investment firms",,,spec,- Situation at the end of period.   - Management companies acording to Chapter 13 of the law of 20 December 2002.
DATAFLOW,LU1:DF_B3102(1.2),"Employment in the Luxembourg credit institutions, financial sector professionals and managment companies",I,A,Annual,C02,Financial sector professionals,SL05,Men,2012,,1355,,,,0,Zero,,,N01,Data may vary from CSSF annual reports due to reporting deadlines or winding-up procedures.,,,C02,"FSP include specialised financial sector professionals, support financial sector professionals and investment firms",,,spec,- Situation at the end of period.   - Management companies acording to Chapter 13 of the law of 20 December 2002.
DATAFLOW,LU1:DF_B3102(1.2),"Employment in the Luxembourg credit institutions, financial sector professionals and managment companies",I,A,Annual,C02,Financial sector professionals,SL05,Men,2013,,1306,,,,0,Zero,,,N01,Data may vary from CSSF annual reports due to reporting deadlines or winding-up procedures.,,,C02,"FSP include specialised financial sector professionals, support financial sector professionals and investment firms",,,spec,- Situation at the end of period.   - Management companies acording to Chapter 13 of the law of 20 December 2002.
DATAFLOW,LU1:DF_B3102(1.2),"Employment in the Luxembourg credit institutions, financial sector professionals and managment companies",I,A,Annual,C02,Financial sector professionals,SL05,Men,2014,,,,l,Not available,0,Zero,,,N01,Data may vary from CSSF annual reports due to reporting deadlines or winding-up procedures.,,,C02,"FSP include specialised financial sector professionals, support financial sector professionals and investment firms",,,spec,- Situation at the end of period.   - Management companies acording to Chapter 13 of the law of 20 December 2002.
DATAFLOW,LU1:DF_B3102(1.2),"Employment in the Luxembourg credit institutions, financial sector professionals and managment companies",I,A,Annual,C02,Financial sector professionals,SL05,Men,2015,,,,l,Not available,0,Zero,,,N01,Data may vary from CSSF annual reports due to reporting deadlines or winding-up procedures.,,,C02,"FSP include specialised financial sector professionals, support financial sector professionals and investment firms",,,spec,- Situation at the end of period.   - Management companies acording to Chapter 13 of the law of 20 December 2002.
DATAFLOW,LU1:DF_B3102(1.2),"Employment in the Luxembourg credit institutions, financial sector professionals and managment companies",I,A,Annual,C02,Financial sector professionals,SL05,Men,2016,,,,l,Not available,0,Zero,,,N01,Data may vary from CSSF annual reports due to reporting deadlines or winding-up procedures.,,,C02,"FSP include specialised financial sector professionals, support financial sector professionals and investment firms",,,spec,- Situation at the end of period.   - Management companies acording to Chapter 13 of the law of 20 December 2002.
DATAFLOW,LU1:DF_B3102(1.2),"Employment in the Luxembourg credit institutions, financial sector professionals and managment companies",I,A,Annual,C02,Financial sector professionals,SL05,Men,2017,,,,l,Not available,0,Zero,,,N01,Data may vary from CSSF annual reports due to reporting deadlines or winding-up procedures.,,,C02,"FSP include specialised financial sector professionals, support financial sector professionals and investment firms",,,spec,- Situation at the end of period.   - Management companies acording to Chapter 13 of the law of 20 December 2002.
DATAFLOW,LU1:DF_B3102(1.2),"Employment in the Luxembourg credit institutions, financial sector professionals and managment companies",I,A,Annual,C02,Financial sector professionals,SL05,Men,2018,,,,l,Not available,0,Zero,,,N01,Data may vary from CSSF annual reports due to reporting deadlines or winding-up procedures.,,,C02,"FSP include specialised financial sector professionals, support financial sector professionals and investment firms",,,spec,- Situation at the end of period.   - Management companies acording to Chapter 13 of the law of 20 December 2002.
DATAFLOW,LU1:DF_B3102(1.2),"Employment in the Luxembourg credit institutions, financial sector professionals and managment companies",I,A,Annual,C02,Financial sector professionals,SL05,Men,2019,,,,l,Not available,0,Zero,,,N01,Data may vary from CSSF annual reports due to reporting deadlines or winding-up procedures.,,,C02,"FSP include specialised financial sector professionals, support financial sector professionals and investment firms",,,spec,- Situation at the end of period.   - Management companies acording to Chapter 13 of the law of 20 December 2002.
DATAFLOW,LU1:DF_B3102(1.2),"Employment in the Luxembourg credit institutions, financial sector professionals and managment companies",I,A,Annual,C02,Financial sector professionals,SL05,Men,2020,,,,l,Not available,0,Zero,,,N01,Data may vary from CSSF annual reports due to reporting deadlines or winding-up procedures.,,,C02,"FSP include specialised financial sector professionals, support financial sector professionals and investment firms",,,spec,- Situation at the end of period.   - Management companies acording to Chapter 13 of the law of 20 December 2002.
DATAFLOW,LU1:DF_B3102(1.2),"Employment in the Luxembourg credit institutions, financial sector professionals and managment companies",I,A,Annual,C02,Financial sector professionals,SL05,Men,2021,,,,l,Not available,0,Zero,,,N01,Data may vary from CSSF annual reports due to reporting deadlines or winding-up procedures.,,,C02,"FSP include specialised financial sector professionals, support financial sector professionals and investment firms",,,spec,- Situation at the end of period.   - Management companies acording to Chapter 13 of the law of 20 December 2002.
DATAFLOW,LU1:DF_B3102(1.2),"Employment in the Luxembourg credit institutions, financial sector professionals and managment companies",I,A,Annual,C02,Financial sector professionals,SL05,Men,2022,,,,l,Not available,0,Zero,,,N01,Data may vary from CSSF annual reports due to reporting deadlines or winding-up procedures.,,,C02,"FSP include specialised financial sector professionals, support financial sector professionals and investment firms",,,spec,- Situation at the end of period.   - Management companies acording to Chapter 13 of the law of 20 December 2002.
DATAFLOW,LU1:DF_B3102(1.2),"Employment in the Luxembourg credit institutions, financial sector professionals and managment companies",I,A,Annual,C02,Financial sector professionals,SL05,Men,2023,,,,l,Not available,0,Zero,,,N01,Data may vary from CSSF annual reports due to reporting deadlines or winding-up procedures.,,,C02,"FSP include specialised financial sector professionals, support financial sector professionals and investment firms",,,spec,- Situation at the end of period.   - Management companies acording to Chapter 13 of the law of 20 December 2002.
DATAFLOW,LU1:DF_B3102(1.2),"Employment in the Luxembourg credit institutions, financial sector professionals and managment companies",I,A,Annual,C02,Financial sector professionals,SL05,Men,2024,,,,l,Not available,0,Zero,,,N01,Data may vary from CSSF annual reports due to reporting deadlines or winding-up procedures.,,,C02,"FSP include specialised financial sector professionals, support financial sector professionals and investment firms",,,spec,- Situation at the end of period.   - Management companies acording to Chapter 13 of the law of 20 December 2002.
DATAFLOW,LU1:DF_B3102(1.2),"Employment in the Luxembourg credit institutions, financial sector professionals and managment companies",I,A,Annual,C02,Financial sector professionals,SL05,Men,2025,,,,l,Not available,0,Zero,,,N01,Data may vary from CSSF annual reports due to reporting deadlines or winding-up procedures.,,,C02,"FSP include specialised financial sector professionals, support financial sector professionals and investment firms",,,spec,- Situation at the end of period.   - Management companies acording to Chapter 13 of the law of 20 December 2002.
DATAFLOW,LU1:DF_B3102(1.2),"Employment in the Luxembourg credit institutions, financial sector professionals and managment companies",I,A,Annual,C03,Management companies,SL03,Women,1999,,,,z,Not applicable,0,Zero,,,N01,Data may vary from CSSF annual reports due to reporting deadlines or winding-up procedures.,,,C03,"Since 2019, CSSF uses the concept of ""investment fund managers"" (authorised IFMs include the following fund managers: management companies governed by chapter 15 of the law of 17 December 2010 on undertakings for collective investment, authorised alternative investment fund managers (AIFMs) governed by the law of 12 July 2013 on alternative investment fund managers) and has adjusted the calculation of the statistics accordingly.",,,spec,- Situation at the end of period.   - Management companies acording to Chapter 13 of the law of 20 December 2002.
DATAFLOW,LU1:DF_B3102(1.2),"Employment in the Luxembourg credit institutions, financial sector professionals and managment companies",I,A,Annual,C03,Management companies,SL03,Women,2000,,,,z,Not applicable,0,Zero,,,N01,Data may vary from CSSF annual reports due to reporting deadlines or winding-up procedures.,,,C03,"Since 2019, CSSF uses the concept of ""investment fund managers"" (authorised IFMs include the following fund managers: management companies governed by chapter 15 of the law of 17 December 2010 on undertakings for collective investment, authorised alternative investment fund managers (AIFMs) governed by the law of 12 July 2013 on alternative investment fund managers) and has adjusted the calculation of the statistics accordingly.",,,spec,- Situation at the end of period.   - Management companies acording to Chapter 13 of the law of 20 December 2002.
DATAFLOW,LU1:DF_B3102(1.2),"Employment in the Luxembourg credit institutions, financial sector professionals and managment companies",I,A,Annual,C03,Management companies,SL03,Women,2001,,,,z,Not applicable,0,Zero,,,N01,Data may vary from CSSF annual reports due to reporting deadlines or winding-up procedures.,,,C03,"Since 2019, CSSF uses the concept of ""investment fund managers"" (authorised IFMs include the following fund managers: management companies governed by chapter 15 of the law of 17 December 2010 on undertakings for collective investment, authorised alternative investment fund managers (AIFMs) governed by the law of 12 July 2013 on alternative investment fund managers) and has adjusted the calculation of the statistics accordingly.",,,spec,- Situation at the end of period.   - Management companies acording to Chapter 13 of the law of 20 December 2002.
DATAFLOW,LU1:DF_B3102(1.2),"Employment in the Luxembourg credit institutions, financial sector professionals and managment companies",I,A,Annual,C03,Management companies,SL03,Women,2002,,,,z,Not applicable,0,Zero,,,N01,Data may vary from CSSF annual reports due to reporting deadlines or winding-up procedures.,,,C03,"Since 2019, CSSF uses the concept of ""investment fund managers"" (authorised IFMs include the following fund managers: management companies governed by chapter 15 of the law of 17 December 2010 on undertakings for collective investment, authorised alternative investment fund managers (AIFMs) governed by the law of 12 July 2013 on alternative investment fund managers) and has adjusted the calculation of the statistics accordingly.",,,spec,- Situation at the end of period.   - Management companies acording to Chapter 13 of the law of 20 December 2002.
DATAFLOW,LU1:DF_B3102(1.2),"Employment in the Luxembourg credit institutions, financial sector professionals and managment companies",I,A,Annual,C03,Management companies,SL03,Women,2003,,56,,,,0,Zero,,,N01,Data may vary from CSSF annual reports due to reporting deadlines or winding-up procedures.,,,C03,"Since 2019, CSSF uses the concept of ""investment fund managers"" (authorised IFMs include the following fund managers: management companies governed by chapter 15 of the law of 17 December 2010 on undertakings for collective investment, authorised alternative investment fund managers (AIFMs) governed by the law of 12 July 2013 on alternative investment fund managers) and has adjusted the calculation of the statistics accordingly.",,,spec,- Situation at the end of period.   - Management companies acording to Chapter 13 of the law of 20 December 2002.
DATAFLOW,LU1:DF_B3102(1.2),"Employment in the Luxembourg credit institutions, financial sector professionals and managment companies",I,A,Annual,C03,Management companies,SL03,Women,2004,,193,,,,0,Zero,,,N01,Data may vary from CSSF annual reports due to reporting deadlines or winding-up procedures.,,,C03,"Since 2019, CSSF uses the concept of ""investment fund managers"" (authorised IFMs include the following fund managers: management companies governed by chapter 15 of the law of 17 December 2010 on undertakings for collective investment, authorised alternative investment fund managers (AIFMs) governed by the law of 12 July 2013 on alternative investment fund managers) and has adjusted the calculation of the statistics accordingly.",,,spec,- Situation at the end of period.   - Management companies acording to Chapter 13 of the law of 20 December 2002.
DATAFLOW,LU1:DF_B3102(1.2),"Employment in the Luxembourg credit institutions, financial sector professionals and managment companies",I,A,Annual,C03,Management companies,SL03,Women,2005,,738,,,,0,Zero,,,N01,Data may vary from CSSF annual reports due to reporting deadlines or winding-up procedures.,,,C03,"Since 2019, CSSF uses the concept of ""investment fund managers"" (authorised IFMs include the following fund managers: management companies governed by chapter 15 of the law of 17 December 2010 on undertakings for collective investment, authorised alternative investment fund managers (AIFMs) governed by the law of 12 July 2013 on alternative investment fund managers) and has adjusted the calculation of the statistics accordingly.",,,spec,- Situation at the end of period.   - Management companies acording to Chapter 13 of the law of 20 December 2002.
DATAFLOW,LU1:DF_B3102(1.2),"Employment in the Luxembourg credit institutions, financial sector professionals and managment companies",I,A,Annual,C03,Management companies,SL03,Women,2006,,1022,,,,0,Zero,,,N01,Data may vary from CSSF annual reports due to reporting deadlines or winding-up procedures.,,,C03,"Since 2019, CSSF uses the concept of ""investment fund managers"" (authorised IFMs include the following fund managers: management companies governed by chapter 15 of the law of 17 December 2010 on undertakings for collective investment, authorised alternative investment fund managers (AIFMs) governed by the law of 12 July 2013 on alternative investment fund managers) and has adjusted the calculation of the statistics accordingly.",,,spec,- Situation at the end of period.   - Management companies acording to Chapter 13 of the law of 20 December 2002.
DATAFLOW,LU1:DF_B3102(1.2),"Employment in the Luxembourg credit institutions, financial sector professionals and managment companies",I,A,Annual,C03,Management companies,SL03,Women,2007,,1117,,,,0,Zero,,,N01,Data may vary from CSSF annual reports due to reporting deadlines or winding-up procedures.,,,C03,"Since 2019, CSSF uses the concept of ""investment fund managers"" (authorised IFMs include the following fund managers: management companies governed by chapter 15 of the law of 17 December 2010 on undertakings for collective investment, authorised alternative investment fund managers (AIFMs) governed by the law of 12 July 2013 on alternative investment fund managers) and has adjusted the calculation of the statistics accordingly.",,,spec,- Situation at the end of period.   - Management companies acording to Chapter 13 of the law of 20 December 2002.
DATAFLOW,LU1:DF_B3102(1.2),"Employment in the Luxembourg credit institutions, financial sector professionals and managment companies",I,A,Annual,C03,Management companies,SL03,Women,2008,,1129,,,,0,Zero,,,N01,Data may vary from CSSF annual reports due to reporting deadlines or winding-up procedures.,,,C03,"Since 2019, CSSF uses the concept of ""investment fund managers"" (authorised IFMs include the following fund managers: management companies governed by chapter 15 of the law of 17 December 2010 on undertakings for collective investment, authorised alternative investment fund managers (AIFMs) governed by the law of 12 July 2013 on alternative investment fund managers) and has adjusted the calculation of the statistics accordingly.",,,spec,- Situation at the end of period.   - Management companies acording to Chapter 13 of the law of 20 December 2002.
DATAFLOW,LU1:DF_B3102(1.2),"Employment in the Luxembourg credit institutions, financial sector professionals and managment companies",I,A,Annual,C03,Management companies,SL03,Women,2009,,1088,,,,0,Zero,,,N01,Data may vary from CSSF annual reports due to reporting deadlines or winding-up procedures.,,,C03,"Since 2019, CSSF uses the concept of ""investment fund managers"" (authorised IFMs include the following fund managers: management companies governed by chapter 15 of the law of 17 December 2010 on undertakings for collective investment, authorised alternative investment fund managers (AIFMs) governed by the law of 12 July 2013 on alternative investment fund managers) and has adjusted the calculation of the statistics accordingly.",,,spec,- Situation at the end of period.   - Management companies acording to Chapter 13 of the law of 20 December 2002.
DATAFLOW,LU1:DF_B3102(1.2),"Employment in the Luxembourg credit institutions, financial sector professionals and managment companies",I,A,Annual,C03,Management companies,SL03,Women,2010,,1043,,,,0,Zero,,,N01,Data may vary from CSSF annual reports due to reporting deadlines or winding-up procedures.,,,C03,"Since 2019, CSSF uses the concept of ""investment fund managers"" (authorised IFMs include the following fund managers: management companies governed by chapter 15 of the law of 17 December 2010 on undertakings for collective investment, authorised alternative investment fund managers (AIFMs) governed by the law of 12 July 2013 on alternative investment fund managers) and has adjusted the calculation of the statistics accordingly.",,,spec,- Situation at the end of period.   - Management companies acording to Chapter 13 of the law of 20 December 2002.
DATAFLOW,LU1:DF_B3102(1.2),"Employment in the Luxembourg credit institutions, financial sector professionals and managment companies",I,A,Annual,C03,Management companies,SL03,Women,2011,,1130,,,,0,Zero,,,N01,Data may vary from CSSF annual reports due to reporting deadlines or winding-up procedures.,,,C03,"Since 2019, CSSF uses the concept of ""investment fund managers"" (authorised IFMs include the following fund managers: management companies governed by chapter 15 of the law of 17 December 2010 on undertakings for collective investment, authorised alternative investment fund managers (AIFMs) governed by the law of 12 July 2013 on alternative investment fund managers) and has adjusted the calculation of the statistics accordingly.",,,spec,- Situation at the end of period.   - Management companies acording to Chapter 13 of the law of 20 December 2002.
DATAFLOW,LU1:DF_B3102(1.2),"Employment in the Luxembourg credit institutions, financial sector professionals and managment companies",I,A,Annual,C03,Management companies,SL03,Women,2012,,1215,,,,0,Zero,,,N01,Data may vary from CSSF annual reports due to reporting deadlines or winding-up procedures.,,,C03,"Since 2019, CSSF uses the concept of ""investment fund managers"" (authorised IFMs include the following fund managers: management companies governed by chapter 15 of the law of 17 December 2010 on undertakings for collective investment, authorised alternative investment fund managers (AIFMs) governed by the law of 12 July 2013 on alternative investment fund managers) and has adjusted the calculation of the statistics accordingly.",,,spec,- Situation at the end of period.   - Management companies acording to Chapter 13 of the law of 20 December 2002.
DATAFLOW,LU1:DF_B3102(1.2),"Employment in the Luxembourg credit institutions, financial sector professionals and managment companies",I,A,Annual,C03,Management companies,SL03,Women,2013,,1417,,,,0,Zero,,,N01,Data may vary from CSSF annual reports due to reporting deadlines or winding-up procedures.,,,C03,"Since 2019, CSSF uses the concept of ""investment fund managers"" (authorised IFMs include the following fund managers: management companies governed by chapter 15 of the law of 17 December 2010 on undertakings for collective investment, authorised alternative investment fund managers (AIFMs) governed by the law of 12 July 2013 on alternative investment fund managers) and has adjusted the calculation of the statistics accordingly.",,,spec,- Situation at the end of period.   - Management companies acording to Chapter 13 of the law of 20 December 2002.
DATAFLOW,LU1:DF_B3102(1.2),"Employment in the Luxembourg credit institutions, financial sector professionals and managment companies",I,A,Annual,C03,Management companies,SL03,Women,2014,,1525,,,,0,Zero,,,N01,Data may vary from CSSF annual reports due to reporting deadlines or winding-up procedures.,,,C03,"Since 2019, CSSF uses the concept of ""investment fund managers"" (authorised IFMs include the following fund managers: management companies governed by chapter 15 of the law of 17 December 2010 on undertakings for collective investment, authorised alternative investment fund managers (AIFMs) governed by the law of 12 July 2013 on alternative investment fund managers) and has adjusted the calculation of the statistics accordingly.",,,spec,- Situation at the end of period.   - Management companies acording to Chapter 13 of the law of 20 December 2002.
DATAFLOW,LU1:DF_B3102(1.2),"Employment in the Luxembourg credit institutions, financial sector professionals and managment companies",I,A,Annual,C03,Management companies,SL03,Women,2015,,1659,,,,0,Zero,,,N01,Data may vary from CSSF annual reports due to reporting deadlines or winding-up procedures.,,,C03,"Since 2019, CSSF uses the concept of ""investment fund managers"" (authorised IFMs include the following fund managers: management companies governed by chapter 15 of the law of 17 December 2010 on undertakings for collective investment, authorised alternative investment fund managers (AIFMs) governed by the law of 12 July 2013 on alternative investment fund managers) and has adjusted the calculation of the statistics accordingly.",,,spec,- Situation at the end of period.   - Management companies acording to Chapter 13 of the law of 20 December 2002.
DATAFLOW,LU1:DF_B3102(1.2),"Employment in the Luxembourg credit institutions, financial sector professionals and managment companies",I,A,Annual,C03,Management companies,SL03,Women,2016,,1772,,,,0,Zero,,,N01,Data may vary from CSSF annual reports due to reporting deadlines or winding-up procedures.,,,C03,"Since 2019, CSSF uses the concept of ""investment fund managers"" (authorised IFMs include the following fund managers: management companies governed by chapter 15 of the law of 17 December 2010 on undertakings for collective investment, authorised alternative investment fund managers (AIFMs) governed by the law of 12 July 2013 on alternative investment fund managers) and has adjusted the calculation of the statistics accordingly.",,,spec,- Situation at the end of period.   - Management companies acording to Chapter 13 of the law of 20 December 2002.
DATAFLOW,LU1:DF_B3102(1.2),"Employment in the Luxembourg credit institutions, financial sector professionals and managment companies",I,A,Annual,C03,Management companies,SL03,Women,2017,,1871,,,,0,Zero,,,N01,Data may vary from CSSF annual reports due to reporting deadlines or winding-up procedures.,,,C03,"Since 2019, CSSF uses the concept of ""investment fund managers"" (authorised IFMs include the following fund managers: management companies governed by chapter 15 of the law of 17 December 2010 on undertakings for collective investment, authorised alternative investment fund managers (AIFMs) governed by the law of 12 July 2013 on alternative investment fund managers) and has adjusted the calculation of the statistics accordingly.",,,spec,- Situation at the end of period.   - Management companies acording to Chapter 13 of the law of 20 December 2002.
DATAFLOW,LU1:DF_B3102(1.2),"Employment in the Luxembourg credit institutions, financial sector professionals and managment companies",I,A,Annual,C03,Management companies,SL03,Women,2018,,2108,,,,0,Zero,,,N01,Data may vary from CSSF annual reports due to reporting deadlines or winding-up procedures.,,,C03,"Since 2019, CSSF uses the concept of ""investment fund managers"" (authorised IFMs include the following fund managers: management companies governed by chapter 15 of the law of 17 December 2010 on undertakings for collective investment, authorised alternative investment fund managers (AIFMs) governed by the law of 12 July 2013 on alternative investment fund managers) and has adjusted the calculation of the statistics accordingly.",,,spec,- Situation at the end of period.   - Management companies acording to Chapter 13 of the law of 20 December 2002.
DATAFLOW,LU1:DF_B3102(1.2),"Employment in the Luxembourg credit institutions, financial sector professionals and managment companies",I,A,Annual,C03,Management companies,SL03,Women,2019,,,,z,Not applicable,0,Zero,,,N01,Data may vary from CSSF annual reports due to reporting deadlines or winding-up procedures.,,,C03,"Since 2019, CSSF uses the concept of ""investment fund managers"" (authorised IFMs include the following fund managers: management companies governed by chapter 15 of the law of 17 December 2010 on undertakings for collective investment, authorised alternative investment fund managers (AIFMs) governed by the law of 12 July 2013 on alternative investment fund managers) and has adjusted the calculation of the statistics accordingly.",,,spec,- Situation at the end of period.   - Management companies acording to Chapter 13 of the law of 20 December 2002.
DATAFLOW,LU1:DF_B3102(1.2),"Employment in the Luxembourg credit institutions, financial sector professionals and managment companies",I,A,Annual,C03,Management companies,SL03,Women,2020,,,,z,Not applicable,0,Zero,,,N01,Data may vary from CSSF annual reports due to reporting deadlines or winding-up procedures.,,,C03,"Since 2019, CSSF uses the concept of ""investment fund managers"" (authorised IFMs include the following fund managers: management companies governed by chapter 15 of the law of 17 December 2010 on undertakings for collective investment, authorised alternative investment fund managers (AIFMs) governed by the law of 12 July 2013 on alternative investment fund managers) and has adjusted the calculation of the statistics accordingly.",,,spec,- Situation at the end of period.   - Management companies acording to Chapter 13 of the law of 20 December 2002.
DATAFLOW,LU1:DF_B3102(1.2),"Employment in the Luxembourg credit institutions, financial sector professionals and managment companies",I,A,Annual,C03,Management companies,SL03,Women,2021,,,,z,Not applicable,0,Zero,,,N01,Data may vary from CSSF annual reports due to reporting deadlines or winding-up procedures.,,,C03,"Since 2019, CSSF uses the concept of ""investment fund managers"" (authorised IFMs include the following fund managers: management companies governed by chapter 15 of the law of 17 December 2010 on undertakings for collective investment, authorised alternative investment fund managers (AIFMs) governed by the law of 12 July 2013 on alternative investment fund managers) and has adjusted the calculation of the statistics accordingly.",,,spec,- Situation at the end of period.   - Management companies acording to Chapter 13 of the law of 20 December 2002.
DATAFLOW,LU1:DF_B3102(1.2),"Employment in the Luxembourg credit institutions, financial sector professionals and managment companies",I,A,Annual,C03,Management companies,SL03,Women,2022,,,,z,Not applicable,0,Zero,,,N01,Data may vary from CSSF annual reports due to reporting deadlines or winding-up procedures.,,,C03,"Since 2019, CSSF uses the concept of ""investment fund managers"" (authorised IFMs include the following fund managers: management companies governed by chapter 15 of the law of 17 December 2010 on undertakings for collective investment, authorised alternative investment fund managers (AIFMs) governed by the law of 12 July 2013 on alternative investment fund managers) and has adjusted the calculation of the statistics accordingly.",,,spec,- Situation at the end of period.   - Management companies acording to Chapter 13 of the law of 20 December 2002.
DATAFLOW,LU1:DF_B3102(1.2),"Employment in the Luxembourg credit institutions, financial sector professionals and managment companies",I,A,Annual,C03,Management companies,SL03,Women,2023,,,,z,Not applicable,0,Zero,,,N01,Data may vary from CSSF annual reports due to reporting deadlines or winding-up procedures.,,,C03,"Since 2019, CSSF uses the concept of ""investment fund managers"" (authorised IFMs include the following fund managers: management companies governed by chapter 15 of the law of 17 December 2010 on undertakings for collective investment, authorised alternative investment fund managers (AIFMs) governed by the law of 12 July 2013 on alternative investment fund managers) and has adjusted the calculation of the statistics accordingly.",,,spec,- Situation at the end of period.   - Management companies acording to Chapter 13 of the law of 20 December 2002.
DATAFLOW,LU1:DF_B3102(1.2),"Employment in the Luxembourg credit institutions, financial sector professionals and managment companies",I,A,Annual,C03,Management companies,SL03,Women,2024,,,,z,Not applicable,0,Zero,,,N01,Data may vary from CSSF annual reports due to reporting deadlines or winding-up procedures.,,,C03,"Since 2019, CSSF uses the concept of ""investment fund managers"" (authorised IFMs include the following fund managers: management companies governed by chapter 15 of the law of 17 December 2010 on undertakings for collective investment, authorised alternative investment fund managers (AIFMs) governed by the law of 12 July 2013 on alternative investment fund managers) and has adjusted the calculation of the statistics accordingly.",,,spec,- Situation at the end of period.   - Management companies acording to Chapter 13 of the law of 20 December 2002.
DATAFLOW,LU1:DF_B3102(1.2),"Employment in the Luxembourg credit institutions, financial sector professionals and managment companies",I,A,Annual,C03,Management companies,SL03,Women,2025,,,,z,Not applicable,0,Zero,,,N01,Data may vary from CSSF annual reports due to reporting deadlines or winding-up procedures.,,,C03,"Since 2019, CSSF uses the concept of ""investment fund managers"" (authorised IFMs include the following fund managers: management companies governed by chapter 15 of the law of 17 December 2010 on undertakings for collective investment, authorised alternative investment fund managers (AIFMs) governed by the law of 12 July 2013 on alternative investment fund managers) and has adjusted the calculation of the statistics accordingly.",,,spec,- Situation at the end of period.   - Management companies acording to Chapter 13 of the law of 20 December 2002.
DATAFLOW,LU1:DF_B3102(1.2),"Employment in the Luxembourg credit institutions, financial sector professionals and managment companies",I,A,Annual,C04,Investment fund managers,SL09,Women,1999,,,,z,Not applicable,0,Zero,,,N01,Data may vary from CSSF annual reports due to reporting deadlines or winding-up procedures.,,,C03,"Since 2019, CSSF uses the concept of ""investment fund managers"" (authorised IFMs include the following fund managers: management companies governed by chapter 15 of the law of 17 December 2010 on undertakings for collective investment, authorised alternative investment fund managers (AIFMs) governed by the law of 12 July 2013 on alternative investment fund managers) and has adjusted the calculation of the statistics accordingly.",,,spec,- Situation at the end of period.   - Management companies acording to Chapter 13 of the law of 20 December 2002.
DATAFLOW,LU1:DF_B3102(1.2),"Employment in the Luxembourg credit institutions, financial sector professionals and managment companies",I,A,Annual,C04,Investment fund managers,SL09,Women,2000,,,,z,Not applicable,0,Zero,,,N01,Data may vary from CSSF annual reports due to reporting deadlines or winding-up procedures.,,,C03,"Since 2019, CSSF uses the concept of ""investment fund managers"" (authorised IFMs include the following fund managers: management companies governed by chapter 15 of the law of 17 December 2010 on undertakings for collective investment, authorised alternative investment fund managers (AIFMs) governed by the law of 12 July 2013 on alternative investment fund managers) and has adjusted the calculation of the statistics accordingly.",,,spec,- Situation at the end of period.   - Management companies acording to Chapter 13 of the law of 20 December 2002.
DATAFLOW,LU1:DF_B3102(1.2),"Employment in the Luxembourg credit institutions, financial sector professionals and managment companies",I,A,Annual,C04,Investment fund managers,SL09,Women,2001,,,,z,Not applicable,0,Zero,,,N01,Data may vary from CSSF annual reports due to reporting deadlines or winding-up procedures.,,,C03,"Since 2019, CSSF uses the concept of ""investment fund managers"" (authorised IFMs include the following fund managers: management companies governed by chapter 15 of the law of 17 December 2010 on undertakings for collective investment, authorised alternative investment fund managers (AIFMs) governed by the law of 12 July 2013 on alternative investment fund managers) and has adjusted the calculation of the statistics accordingly.",,,spec,- Situation at the end of period.   - Management companies acording to Chapter 13 of the law of 20 December 2002.
DATAFLOW,LU1:DF_B3102(1.2),"Employment in the Luxembourg credit institutions, financial sector professionals and managment companies",I,A,Annual,C04,Investment fund managers,SL09,Women,2002,,,,z,Not applicable,0,Zero,,,N01,Data may vary from CSSF annual reports due to reporting deadlines or winding-up procedures.,,,C03,"Since 2019, CSSF uses the concept of ""investment fund managers"" (authorised IFMs include the following fund managers: management companies governed by chapter 15 of the law of 17 December 2010 on undertakings for collective investment, authorised alternative investment fund managers (AIFMs) governed by the law of 12 July 2013 on alternative investment fund managers) and has adjusted the calculation of the statistics accordingly.",,,spec,- Situation at the end of period.   - Management companies acording to Chapter 13 of the law of 20 December 2002.
DATAFLOW,LU1:DF_B3102(1.2),"Employment in the Luxembourg credit institutions, financial sector professionals and managment companies",I,A,Annual,C04,Investment fund managers,SL09,Women,2003,,,,z,Not applicable,0,Zero,,,N01,Data may vary from CSSF annual reports due to reporting deadlines or winding-up procedures.,,,C03,"Since 2019, CSSF uses the concept of ""investment fund managers"" (authorised IFMs include the following fund managers: management companies governed by chapter 15 of the law of 17 December 2010 on undertakings for collective investment, authorised alternative investment fund managers (AIFMs) governed by the law of 12 July 2013 on alternative investment fund managers) and has adjusted the calculation of the statistics accordingly.",,,spec,- Situation at the end of period.   - Management companies acording to Chapter 13 of the law of 20 December 2002.
DATAFLOW,LU1:DF_B3102(1.2),"Employment in the Luxembourg credit institutions, financial sector professionals and managment companies",I,A,Annual,C04,Investment fund managers,SL09,Women,2004,,,,z,Not applicable,0,Zero,,,N01,Data may vary from CSSF annual reports due to reporting deadlines or winding-up procedures.,,,C03,"Since 2019, CSSF uses the concept of ""investment fund managers"" (authorised IFMs include the following fund managers: management companies governed by chapter 15 of the law of 17 December 2010 on undertakings for collective investment, authorised alternative investment fund managers (AIFMs) governed by the law of 12 July 2013 on alternative investment fund managers) and has adjusted the calculation of the statistics accordingly.",,,spec,- Situation at the end of period.   - Management companies acording to Chapter 13 of the law of 20 December 2002.
DATAFLOW,LU1:DF_B3102(1.2),"Employment in the Luxembourg credit institutions, financial sector professionals and managment companies",I,A,Annual,C04,Investment fund managers,SL09,Women,2005,,,,z,Not applicable,0,Zero,,,N01,Data may vary from CSSF annual reports due to reporting deadlines or winding-up procedures.,,,C03,"Since 2019, CSSF uses the concept of ""investment fund managers"" (authorised IFMs include the following fund managers: management companies governed by chapter 15 of the law of 17 December 2010 on undertakings for collective investment, authorised alternative investment fund managers (AIFMs) governed by the law of 12 July 2013 on alternative investment fund managers) and has adjusted the calculation of the statistics accordingly.",,,spec,- Situation at the end of period.   - Management companies acording to Chapter 13 of the law of 20 December 2002.
DATAFLOW,LU1:DF_B3102(1.2),"Employment in the Luxembourg credit institutions, financial sector professionals and managment companies",I,A,Annual,C04,Investment fund managers,SL09,Women,2006,,,,z,Not applicable,0,Zero,,,N01,Data may vary from CSSF annual reports due to reporting deadlines or winding-up procedures.,,,C03,"Since 2019, CSSF uses the concept of ""investment fund managers"" (authorised IFMs include the following fund managers: management companies governed by chapter 15 of the law of 17 December 2010 on undertakings for collective investment, authorised alternative investment fund managers (AIFMs) governed by the law of 12 July 2013 on alternative investment fund managers) and has adjusted the calculation of the statistics accordingly.",,,spec,- Situation at the end of period.   - Management companies acording to Chapter 13 of the law of 20 December 2002.
DATAFLOW,LU1:DF_B3102(1.2),"Employment in the Luxembourg credit institutions, financial sector professionals and managment companies",I,A,Annual,C04,Investment fund managers,SL09,Women,2007,,,,z,Not applicable,0,Zero,,,N01,Data may vary from CSSF annual reports due to reporting deadlines or winding-up procedures.,,,C03,"Since 2019, CSSF uses the concept of ""investment fund managers"" (authorised IFMs include the following fund managers: management companies governed by chapter 15 of the law of 17 December 2010 on undertakings for collective investment, authorised alternative investment fund managers (AIFMs) governed by the law of 12 July 2013 on alternative investment fund managers) and has adjusted the calculation of the statistics accordingly.",,,spec,- Situation at the end of period.   - Management companies acording to Chapter 13 of the law of 20 December 2002.
DATAFLOW,LU1:DF_B3102(1.2),"Employment in the Luxembourg credit institutions, financial sector professionals and managment companies",I,A,Annual,C04,Investment fund managers,SL09,Women,2008,,,,z,Not applicable,0,Zero,,,N01,Data may vary from CSSF annual reports due to reporting deadlines or winding-up procedures.,,,C03,"Since 2019, CSSF uses the concept of ""investment fund managers"" (authorised IFMs include the following fund managers: management companies governed by chapter 15 of the law of 17 December 2010 on undertakings for collective investment, authorised alternative investment fund managers (AIFMs) governed by the law of 12 July 2013 on alternative investment fund managers) and has adjusted the calculation of the statistics accordingly.",,,spec,- Situation at the end of period.   - Management companies acording to Chapter 13 of the law of 20 December 2002.
DATAFLOW,LU1:DF_B3102(1.2),"Employment in the Luxembourg credit institutions, financial sector professionals and managment companies",I,A,Annual,C04,Investment fund managers,SL09,Women,2009,,,,z,Not applicable,0,Zero,,,N01,Data may vary from CSSF annual reports due to reporting deadlines or winding-up procedures.,,,C03,"Since 2019, CSSF uses the concept of ""investment fund managers"" (authorised IFMs include the following fund managers: management companies governed by chapter 15 of the law of 17 December 2010 on undertakings for collective investment, authorised alternative investment fund managers (AIFMs) governed by the law of 12 July 2013 on alternative investment fund managers) and has adjusted the calculation of the statistics accordingly.",,,spec,- Situation at the end of period.   - Management companies acording to Chapter 13 of the law of 20 December 2002.
DATAFLOW,LU1:DF_B3102(1.2),"Employment in the Luxembourg credit institutions, financial sector professionals and managment companies",I,A,Annual,C04,Investment fund managers,SL09,Women,2010,,,,z,Not applicable,0,Zero,,,N01,Data may vary from CSSF annual reports due to reporting deadlines or winding-up procedures.,,,C03,"Since 2019, CSSF uses the concept of ""investment fund managers"" (authorised IFMs include the following fund managers: management companies governed by chapter 15 of the law of 17 December 2010 on undertakings for collective investment, authorised alternative investment fund managers (AIFMs) governed by the law of 12 July 2013 on alternative investment fund managers) and has adjusted the calculation of the statistics accordingly.",,,spec,- Situation at the end of period.   - Management companies acording to Chapter 13 of the law of 20 December 2002.
DATAFLOW,LU1:DF_B3102(1.2),"Employment in the Luxembourg credit institutions, financial sector professionals and managment companies",I,A,Annual,C04,Investment fund managers,SL09,Women,2011,,,,z,Not applicable,0,Zero,,,N01,Data may vary from CSSF annual reports due to reporting deadlines or winding-up procedures.,,,C03,"Since 2019, CSSF uses the concept of ""investment fund managers"" (authorised IFMs include the following fund managers: management companies governed by chapter 15 of the law of 17 December 2010 on undertakings for collective investment, authorised alternative investment fund managers (AIFMs) governed by the law of 12 July 2013 on alternative investment fund managers) and has adjusted the calculation of the statistics accordingly.",,,spec,- Situation at the end of period.   - Management companies acording to Chapter 13 of the law of 20 December 2002.
DATAFLOW,LU1:DF_B3102(1.2),"Employment in the Luxembourg credit institutions, financial sector professionals and managment companies",I,A,Annual,C04,Investment fund managers,SL09,Women,2012,,,,z,Not applicable,0,Zero,,,N01,Data may vary from CSSF annual reports due to reporting deadlines or winding-up procedures.,,,C03,"Since 2019, CSSF uses the concept of ""investment fund managers"" (authorised IFMs include the following fund managers: management companies governed by chapter 15 of the law of 17 December 2010 on undertakings for collective investment, authorised alternative investment fund managers (AIFMs) governed by the law of 12 July 2013 on alternative investment fund managers) and has adjusted the calculation of the statistics accordingly.",,,spec,- Situation at the end of period.   - Management companies acording to Chapter 13 of the law of 20 December 2002.
DATAFLOW,LU1:DF_B3102(1.2),"Employment in the Luxembourg credit institutions, financial sector professionals and managment companies",I,A,Annual,C04,Investment fund managers,SL09,Women,2013,,,,z,Not applicable,0,Zero,,,N01,Data may vary from CSSF annual reports due to reporting deadlines or winding-up procedures.,,,C03,"Since 2019, CSSF uses the concept of ""investment fund managers"" (authorised IFMs include the following fund managers: management companies governed by chapter 15 of the law of 17 December 2010 on undertakings for collective investment, authorised alternative investment fund managers (AIFMs) governed by the law of 12 July 2013 on alternative investment fund managers) and has adjusted the calculation of the statistics accordingly.",,,spec,- Situation at the end of period.   - Management companies acording to Chapter 13 of the law of 20 December 2002.
DATAFLOW,LU1:DF_B3102(1.2),"Employment in the Luxembourg credit institutions, financial sector professionals and managment companies",I,A,Annual,C04,Investment fund managers,SL09,Women,2014,,,,z,Not applicable,0,Zero,,,N01,Data may vary from CSSF annual reports due to reporting deadlines or winding-up procedures.,,,C03,"Since 2019, CSSF uses the concept of ""investment fund managers"" (authorised IFMs include the following fund managers: management companies governed by chapter 15 of the law of 17 December 2010 on undertakings for collective investment, authorised alternative investment fund managers (AIFMs) governed by the law of 12 July 2013 on alternative investment fund managers) and has adjusted the calculation of the statistics accordingly.",,,spec,- Situation at the end of period.   - Management companies acording to Chapter 13 of the law of 20 December 2002.
DATAFLOW,LU1:DF_B3102(1.2),"Employment in the Luxembourg credit institutions, financial sector professionals and managment companies",I,A,Annual,C04,Investment fund managers,SL09,Women,2015,,,,z,Not applicable,0,Zero,,,N01,Data may vary from CSSF annual reports due to reporting deadlines or winding-up procedures.,,,C03,"Since 2019, CSSF uses the concept of ""investment fund managers"" (authorised IFMs include the following fund managers: management companies governed by chapter 15 of the law of 17 December 2010 on undertakings for collective investment, authorised alternative investment fund managers (AIFMs) governed by the law of 12 July 2013 on alternative investment fund managers) and has adjusted the calculation of the statistics accordingly.",,,spec,- Situation at the end of period.   - Management companies acording to Chapter 13 of the law of 20 December 2002.
DATAFLOW,LU1:DF_B3102(1.2),"Employment in the Luxembourg credit institutions, financial sector professionals and managment companies",I,A,Annual,C04,Investment fund managers,SL09,Women,2016,,,,z,Not applicable,0,Zero,,,N01,Data may vary from CSSF annual reports due to reporting deadlines or winding-up procedures.,,,C03,"Since 2019, CSSF uses the concept of ""investment fund managers"" (authorised IFMs include the following fund managers: management companies governed by chapter 15 of the law of 17 December 2010 on undertakings for collective investment, authorised alternative investment fund managers (AIFMs) governed by the law of 12 July 2013 on alternative investment fund managers) and has adjusted the calculation of the statistics accordingly.",,,spec,- Situation at the end of period.   - Management companies acording to Chapter 13 of the law of 20 December 2002.
DATAFLOW,LU1:DF_B3102(1.2),"Employment in the Luxembourg credit institutions, financial sector professionals and managment companies",I,A,Annual,C04,Investment fund managers,SL09,Women,2017,,,,z,Not applicable,0,Zero,,,N01,Data may vary from CSSF annual reports due to reporting deadlines or winding-up procedures.,,,C03,"Since 2019, CSSF uses the concept of ""investment fund managers"" (authorised IFMs include the following fund managers: management companies governed by chapter 15 of the law of 17 December 2010 on undertakings for collective investment, authorised alternative investment fund managers (AIFMs) governed by the law of 12 July 2013 on alternative investment fund managers) and has adjusted the calculation of the statistics accordingly.",,,spec,- Situation at the end of period.   - Management companies acording to Chapter 13 of the law of 20 December 2002.
DATAFLOW,LU1:DF_B3102(1.2),"Employment in the Luxembourg credit institutions, financial sector professionals and managment companies",I,A,Annual,C04,Investment fund managers,SL09,Women,2018,,,,z,Not applicable,0,Zero,,,N01,Data may vary from CSSF annual reports due to reporting deadlines or winding-up procedures.,,,C03,"Since 2019, CSSF uses the concept of ""investment fund managers"" (authorised IFMs include the following fund managers: management companies governed by chapter 15 of the law of 17 December 2010 on undertakings for collective investment, authorised alternative investment fund managers (AIFMs) governed by the law of 12 July 2013 on alternative investment fund managers) and has adjusted the calculation of the statistics accordingly.",,,spec,- Situation at the end of period.   - Management companies acording to Chapter 13 of the law of 20 December 2002.
DATAFLOW,LU1:DF_B3102(1.2),"Employment in the Luxembourg credit institutions, financial sector professionals and managment companies",I,A,Annual,C04,Investment fund managers,SL09,Women,2019,,,,l,Not available,0,Zero,,,N01,Data may vary from CSSF annual reports due to reporting deadlines or winding-up procedures.,,,C03,"Since 2019, CSSF uses the concept of ""investment fund managers"" (authorised IFMs include the following fund managers: management companies governed by chapter 15 of the law of 17 December 2010 on undertakings for collective investment, authorised alternative investment fund managers (AIFMs) governed by the law of 12 July 2013 on alternative investment fund managers) and has adjusted the calculation of the statistics accordingly.",,,spec,- Situation at the end of period.   - Management companies acording to Chapter 13 of the law of 20 December 2002.
DATAFLOW,LU1:DF_B3102(1.2),"Employment in the Luxembourg credit institutions, financial sector professionals and managment companies",I,A,Annual,C04,Investment fund managers,SL09,Women,2020,,,,l,Not available,0,Zero,,,N01,Data may vary from CSSF annual reports due to reporting deadlines or winding-up procedures.,,,C03,"Since 2019, CSSF uses the concept of ""investment fund managers"" (authorised IFMs include the following fund managers: management companies governed by chapter 15 of the law of 17 December 2010 on undertakings for collective investment, authorised alternative investment fund managers (AIFMs) governed by the law of 12 July 2013 on alternative investment fund managers) and has adjusted the calculation of the statistics accordingly.",,,spec,- Situation at the end of period.   - Management companies acording to Chapter 13 of the law of 20 December 2002.
DATAFLOW,LU1:DF_B3102(1.2),"Employment in the Luxembourg credit institutions, financial sector professionals and managment companies",I,A,Annual,C04,Investment fund managers,SL09,Women,2021,,,,l,Not available,0,Zero,,,N01,Data may vary from CSSF annual reports due to reporting deadlines or winding-up procedures.,,,C03,"Since 2019, CSSF uses the concept of ""investment fund managers"" (authorised IFMs include the following fund managers: management companies governed by chapter 15 of the law of 17 December 2010 on undertakings for collective investment, authorised alternative investment fund managers (AIFMs) governed by the law of 12 July 2013 on alternative investment fund managers) and has adjusted the calculation of the statistics accordingly.",,,spec,- Situation at the end of period.   - Management companies acording to Chapter 13 of the law of 20 December 2002.
DATAFLOW,LU1:DF_B3102(1.2),"Employment in the Luxembourg credit institutions, financial sector professionals and managment companies",I,A,Annual,C04,Investment fund managers,SL09,Women,2022,,,,l,Not available,0,Zero,,,N01,Data may vary from CSSF annual reports due to reporting deadlines or winding-up procedures.,,,C03,"Since 2019, CSSF uses the concept of ""investment fund managers"" (authorised IFMs include the following fund managers: management companies governed by chapter 15 of the law of 17 December 2010 on undertakings for collective investment, authorised alternative investment fund managers (AIFMs) governed by the law of 12 July 2013 on alternative investment fund managers) and has adjusted the calculation of the statistics accordingly.",,,spec,- Situation at the end of period.   - Management companies acording to Chapter 13 of the law of 20 December 2002.
DATAFLOW,LU1:DF_B3102(1.2),"Employment in the Luxembourg credit institutions, financial sector professionals and managment companies",I,A,Annual,C04,Investment fund managers,SL09,Women,2023,,,,l,Not available,0,Zero,,,N01,Data may vary from CSSF annual reports due to reporting deadlines or winding-up procedures.,,,C03,"Since 2019, CSSF uses the concept of ""investment fund managers"" (authorised IFMs include the following fund managers: management companies governed by chapter 15 of the law of 17 December 2010 on undertakings for collective investment, authorised alternative investment fund managers (AIFMs) governed by the law of 12 July 2013 on alternative investment fund managers) and has adjusted the calculation of the statistics accordingly.",,,spec,- Situation at the end of period.   - Management companies acording to Chapter 13 of the law of 20 December 2002.
DATAFLOW,LU1:DF_B3102(1.2),"Employment in the Luxembourg credit institutions, financial sector professionals and managment companies",I,A,Annual,C04,Investment fund managers,SL09,Women,2024,,,,l,Not available,0,Zero,,,N01,Data may vary from CSSF annual reports due to reporting deadlines or winding-up procedures.,,,C03,"Since 2019, CSSF uses the concept of ""investment fund managers"" (authorised IFMs include the following fund managers: management companies governed by chapter 15 of the law of 17 December 2010 on undertakings for collective investment, authorised alternative investment fund managers (AIFMs) governed by the law of 12 July 2013 on alternative investment fund managers) and has adjusted the calculation of the statistics accordingly.",,,spec,- Situation at the end of period.   - Management companies acording to Chapter 13 of the law of 20 December 2002.
DATAFLOW,LU1:DF_B3102(1.2),"Employment in the Luxembourg credit institutions, financial sector professionals and managment companies",I,A,Annual,C04,Investment fund managers,SL09,Women,2025,,,,l,Not available,0,Zero,,,N01,Data may vary from CSSF annual reports due to reporting deadlines or winding-up procedures.,,,C03,"Since 2019, CSSF uses the concept of ""investment fund managers"" (authorised IFMs include the following fund managers: management companies governed by chapter 15 of the law of 17 December 2010 on undertakings for collective investment, authorised alternative investment fund managers (AIFMs) governed by the law of 12 July 2013 on alternative investment fund managers) and has adjusted the calculation of the statistics accordingly.",,,spec,- Situation at the end of period.   - Management companies acording to Chapter 13 of the law of 20 December 2002.
DATAFLOW,LU1:DF_B3102(1.2),"Employment in the Luxembourg credit institutions, financial sector professionals and managment companies",I,A,Annual,C01,Credit institutions,SL02,Men,1999,,11515,,,,0,Zero,,,N01,Data may vary from CSSF annual reports due to reporting deadlines or winding-up procedures.,,,,,,,spec,- Situation at the end of period.   - Management companies acording to Chapter 13 of the law of 20 December 2002.
DATAFLOW,LU1:DF_B3102(1.2),"Employment in the Luxembourg credit institutions, financial sector professionals and managment companies",I,A,Annual,C01,Credit institutions,SL02,Men,2000,,12422,,,,0,Zero,,,N01,Data may vary from CSSF annual reports due to reporting deadlines or winding-up procedures.,,,,,,,spec,- Situation at the end of period.   - Management companies acording to Chapter 13 of the law of 20 December 2002.
DATAFLOW,LU1:DF_B3102(1.2),"Employment in the Luxembourg credit institutions, financial sector professionals and managment companies",I,A,Annual,C01,Credit institutions,SL02,Men,2001,,12857,,,,0,Zero,,,N01,Data may vary from CSSF annual reports due to reporting deadlines or winding-up procedures.,,,,,,,spec,- Situation at the end of period.   - Management companies acording to Chapter 13 of the law of 20 December 2002.
DATAFLOW,LU1:DF_B3102(1.2),"Employment in the Luxembourg credit institutions, financial sector professionals and managment companies",I,A,Annual,C01,Credit institutions,SL02,Men,2002,,12620,,,,0,Zero,,,N01,Data may vary from CSSF annual reports due to reporting deadlines or winding-up procedures.,,,,,,,spec,- Situation at the end of period.   - Management companies acording to Chapter 13 of the law of 20 December 2002.
DATAFLOW,LU1:DF_B3102(1.2),"Employment in the Luxembourg credit institutions, financial sector professionals and managment companies",I,A,Annual,C01,Credit institutions,SL02,Men,2003,,12223,,,,0,Zero,,,N01,Data may vary from CSSF annual reports due to reporting deadlines or winding-up procedures.,,,,,,,spec,- Situation at the end of period.   - Management companies acording to Chapter 13 of the law of 20 December 2002.
DATAFLOW,LU1:DF_B3102(1.2),"Employment in the Luxembourg credit institutions, financial sector professionals and managment companies",I,A,Annual,C01,Credit institutions,SL02,Men,2004,,12268,,,,0,Zero,,,N01,Data may vary from CSSF annual reports due to reporting deadlines or winding-up procedures.,,,,,,,spec,- Situation at the end of period.   - Management companies acording to Chapter 13 of the law of 20 December 2002.
DATAFLOW,LU1:DF_B3102(1.2),"Employment in the Luxembourg credit institutions, financial sector professionals and managment companies",I,A,Annual,C01,Credit institutions,SL02,Men,2005,,12607,,,,0,Zero,,,N01,Data may vary from CSSF annual reports due to reporting deadlines or winding-up procedures.,,,,,,,spec,- Situation at the end of period.   - Management companies acording to Chapter 13 of the law of 20 December 2002.
DATAFLOW,LU1:DF_B3102(1.2),"Employment in the Luxembourg credit institutions, financial sector professionals and managment companies",I,A,Annual,C01,Credit institutions,SL02,Men,2006,,13454,,,,0,Zero,,,N01,Data may vary from CSSF annual reports due to reporting deadlines or winding-up procedures.,,,,,,,spec,- Situation at the end of period.   - Management companies acording to Chapter 13 of the law of 20 December 2002.
DATAFLOW,LU1:DF_B3102(1.2),"Employment in the Luxembourg credit institutions, financial sector professionals and managment companies",I,A,Annual,C01,Credit institutions,SL02,Men,2007,,14225,,,,0,Zero,,,N01,Data may vary from CSSF annual reports due to reporting deadlines or winding-up procedures.,,,,,,,spec,- Situation at the end of period.   - Management companies acording to Chapter 13 of the law of 20 December 2002.
DATAFLOW,LU1:DF_B3102(1.2),"Employment in the Luxembourg credit institutions, financial sector professionals and managment companies",I,A,Annual,C01,Credit institutions,SL02,Men,2008,,14778,,,,0,Zero,,,N01,Data may vary from CSSF annual reports due to reporting deadlines or winding-up procedures.,,,,,,,spec,- Situation at the end of period.   - Management companies acording to Chapter 13 of the law of 20 December 2002.
DATAFLOW,LU1:DF_B3102(1.2),"Employment in the Luxembourg credit institutions, financial sector professionals and managment companies",I,A,Annual,C01,Credit institutions,SL02,Men,2009,,14418,,,,0,Zero,,,N01,Data may vary from CSSF annual reports due to reporting deadlines or winding-up procedures.,,,,,,,spec,- Situation at the end of period.   - Management companies acording to Chapter 13 of the law of 20 December 2002.
DATAFLOW,LU1:DF_B3102(1.2),"Employment in the Luxembourg credit institutions, financial sector professionals and managment companies",I,A,Annual,C01,Credit institutions,SL02,Men,2010,,14215,,,,0,Zero,,,N01,Data may vary from CSSF annual reports due to reporting deadlines or winding-up procedures.,,,,,,,spec,- Situation at the end of period.   - Management companies acording to Chapter 13 of the law of 20 December 2002.
DATAFLOW,LU1:DF_B3102(1.2),"Employment in the Luxembourg credit institutions, financial sector professionals and managment companies",I,A,Annual,C01,Credit institutions,SL02,Men,2011,,14444,,,,0,Zero,,,N01,Data may vary from CSSF annual reports due to reporting deadlines or winding-up procedures.,,,,,,,spec,- Situation at the end of period.   - Management companies acording to Chapter 13 of the law of 20 December 2002.
DATAFLOW,LU1:DF_B3102(1.2),"Employment in the Luxembourg credit institutions, financial sector professionals and managment companies",I,A,Annual,C01,Credit institutions,SL02,Men,2012,,14378,,,,0,Zero,,,N01,Data may vary from CSSF annual reports due to reporting deadlines or winding-up procedures.,,,,,,,spec,- Situation at the end of period.   - Management companies acording to Chapter 13 of the law of 20 December 2002.
DATAFLOW,LU1:DF_B3102(1.2),"Employment in the Luxembourg credit institutions, financial sector professionals and managment companies",I,A,Annual,C01,Credit institutions,SL02,Men,2013,,14148,,,,0,Zero,,,N01,Data may vary from CSSF annual reports due to reporting deadlines or winding-up procedures.,,,,,,,spec,- Situation at the end of period.   - Management companies acording to Chapter 13 of the law of 20 December 2002.
DATAFLOW,LU1:DF_B3102(1.2),"Employment in the Luxembourg credit institutions, financial sector professionals and managment companies",I,A,Annual,C01,Credit institutions,SL02,Men,2014,,14055,,,,0,Zero,,,N01,Data may vary from CSSF annual reports due to reporting deadlines or winding-up procedures.,,,,,,,spec,- Situation at the end of period.   - Management companies acording to Chapter 13 of the law of 20 December 2002.
DATAFLOW,LU1:DF_B3102(1.2),"Employment in the Luxembourg credit institutions, financial sector professionals and managment companies",I,A,Annual,C01,Credit institutions,SL02,Men,2015,,14018,,,,0,Zero,,,N01,Data may vary from CSSF annual reports due to reporting deadlines or winding-up procedures.,,,,,,,spec,- Situation at the end of period.   - Management companies acording to Chapter 13 of the law of 20 December 2002.
DATAFLOW,LU1:DF_B3102(1.2),"Employment in the Luxembourg credit institutions, financial sector professionals and managment companies",I,A,Annual,C01,Credit institutions,SL02,Men,2016,,14139,,,,0,Zero,,,N01,Data may vary from CSSF annual reports due to reporting deadlines or winding-up procedures.,,,,,,,spec,- Situation at the end of period.   - Management companies acording to Chapter 13 of the law of 20 December 2002.
DATAFLOW,LU1:DF_B3102(1.2),"Employment in the Luxembourg credit institutions, financial sector professionals and managment companies",I,A,Annual,C01,Credit institutions,SL02,Men,2017,,14254,,,,0,Zero,,,N01,Data may vary from CSSF annual reports due to reporting deadlines or winding-up procedures.,,,,,,,spec,- Situation at the end of period.   - Management companies acording to Chapter 13 of the law of 20 December 2002.
DATAFLOW,LU1:DF_B3102(1.2),"Employment in the Luxembourg credit institutions, financial sector professionals and managment companies",I,A,Annual,C01,Credit institutions,SL02,Men,2018,,14444,,,,0,Zero,,,N01,Data may vary from CSSF annual reports due to reporting deadlines or winding-up procedures.,,,,,,,spec,- Situation at the end of period.   - Management companies acording to Chapter 13 of the law of 20 December 2002.
DATAFLOW,LU1:DF_B3102(1.2),"Employment in the Luxembourg credit institutions, financial sector professionals and managment companies",I,A,Annual,C01,Credit institutions,SL02,Men,2019,,14490,,,,0,Zero,,,N01,Data may vary from CSSF annual reports due to reporting deadlines or winding-up procedures.,,,,,,,spec,- Situation at the end of period.   - Management companies acording to Chapter 13 of the law of 20 December 2002.
DATAFLOW,LU1:DF_B3102(1.2),"Employment in the Luxembourg credit institutions, financial sector professionals and managment companies",I,A,Annual,C01,Credit institutions,SL02,Men,2020,,14189,,,,0,Zero,,,N01,Data may vary from CSSF annual reports due to reporting deadlines or winding-up procedures.,,,,,,,spec,- Situation at the end of period.   - Management companies acording to Chapter 13 of the law of 20 December 2002.
DATAFLOW,LU1:DF_B3102(1.2),"Employment in the Luxembourg credit institutions, financial sector professionals and managment companies",I,A,Annual,C01,Credit institutions,SL02,Men,2021,,14386,,,,0,Zero,,,N01,Data may vary from CSSF annual reports due to reporting deadlines or winding-up procedures.,,,,,,,spec,- Situation at the end of period.   - Management companies acording to Chapter 13 of the law of 20 December 2002.
DATAFLOW,LU1:DF_B3102(1.2),"Employment in the Luxembourg credit institutions, financial sector professionals and managment companies",I,A,Annual,C01,Credit institutions,SL02,Men,2022,,14394,,,,0,Zero,,,N01,Data may vary from CSSF annual reports due to reporting deadlines or winding-up procedures.,,,,,,,spec,- Situation at the end of period.   - Management companies acording to Chapter 13 of the law of 20 December 2002.
DATAFLOW,LU1:DF_B3102(1.2),"Employment in the Luxembourg credit institutions, financial sector professionals and managment companies",I,A,Annual,C01,Credit institutions,SL02,Men,2023,,14560,,,,0,Zero,,,N01,Data may vary from CSSF annual reports due to reporting deadlines or winding-up procedures.,,,,,,,spec,- Situation at the end of period.   - Management companies acording to Chapter 13 of the law of 20 December 2002.
DATAFLOW,LU1:DF_B3102(1.2),"Employment in the Luxembourg credit institutions, financial sector professionals and managment companies",I,A,Annual,C01,Credit institutions,SL02,Men,2024,,14552,,,,0,Zero,,,N01,Data may vary from CSSF annual reports due to reporting deadlines or winding-up procedures.,,,,,,,spec,- Situation at the end of period.   - Management companies acording to Chapter 13 of the law of 20 December 2002.
DATAFLOW,LU1:DF_B3102(1.2),"Employment in the Luxembourg credit institutions, financial sector professionals and managment companies",I,A,Annual,C01,Credit institutions,SL02,Men,2025,,14635,,,,0,Zero,,,N01,Data may vary from CSSF annual reports due to reporting deadlines or winding-up procedures.,,,,,,,spec,- Situation at the end of period.   - Management companies acording to Chapter 13 of the law of 20 December 2002.
DATAFLOW,LU1:DF_B3102(1.2),"Employment in the Luxembourg credit institutions, financial sector professionals and managment companies",I,A,Annual,C03,Management companies,SL09,Women,1999,,,,z,Not applicable,0,Zero,,,N01,Data may vary from CSSF annual reports due to reporting deadlines or winding-up procedures.,,,C03,"Since 2019, CSSF uses the concept of ""investment fund managers"" (authorised IFMs include the following fund managers: management companies governed by chapter 15 of the law of 17 December 2010 on undertakings for collective investment, authorised alternative investment fund managers (AIFMs) governed by the law of 12 July 2013 on alternative investment fund managers) and has adjusted the calculation of the statistics accordingly.",,,spec,- Situation at the end of period.   - Management companies acording to Chapter 13 of the law of 20 December 2002.
DATAFLOW,LU1:DF_B3102(1.2),"Employment in the Luxembourg credit institutions, financial sector professionals and managment companies",I,A,Annual,C03,Management companies,SL09,Women,2000,,,,z,Not applicable,0,Zero,,,N01,Data may vary from CSSF annual reports due to reporting deadlines or winding-up procedures.,,,C03,"Since 2019, CSSF uses the concept of ""investment fund managers"" (authorised IFMs include the following fund managers: management companies governed by chapter 15 of the law of 17 December 2010 on undertakings for collective investment, authorised alternative investment fund managers (AIFMs) governed by the law of 12 July 2013 on alternative investment fund managers) and has adjusted the calculation of the statistics accordingly.",,,spec,- Situation at the end of period.   - Management companies acording to Chapter 13 of the law of 20 December 2002.
DATAFLOW,LU1:DF_B3102(1.2),"Employment in the Luxembourg credit institutions, financial sector professionals and managment companies",I,A,Annual,C03,Management companies,SL09,Women,2001,,,,z,Not applicable,0,Zero,,,N01,Data may vary from CSSF annual reports due to reporting deadlines or winding-up procedures.,,,C03,"Since 2019, CSSF uses the concept of ""investment fund managers"" (authorised IFMs include the following fund managers: management companies governed by chapter 15 of the law of 17 December 2010 on undertakings for collective investment, authorised alternative investment fund managers (AIFMs) governed by the law of 12 July 2013 on alternative investment fund managers) and has adjusted the calculation of the statistics accordingly.",,,spec,- Situation at the end of period.   - Management companies acording to Chapter 13 of the law of 20 December 2002.
DATAFLOW,LU1:DF_B3102(1.2),"Employment in the Luxembourg credit institutions, financial sector professionals and managment companies",I,A,Annual,C03,Management companies,SL09,Women,2002,,,,z,Not applicable,0,Zero,,,N01,Data may vary from CSSF annual reports due to reporting deadlines or winding-up procedures.,,,C03,"Since 2019, CSSF uses the concept of ""investment fund managers"" (authorised IFMs include the following fund managers: management companies governed by chapter 15 of the law of 17 December 2010 on undertakings for collective investment, authorised alternative investment fund managers (AIFMs) governed by the law of 12 July 2013 on alternative investment fund managers) and has adjusted the calculation of the statistics accordingly.",,,spec,- Situation at the end of period.   - Management companies acording to Chapter 13 of the law of 20 December 2002.
DATAFLOW,LU1:DF_B3102(1.2),"Employment in the Luxembourg credit institutions, financial sector professionals and managment companies",I,A,Annual,C03,Management companies,SL09,Women,2003,,52,,,,0,Zero,,,N01,Data may vary from CSSF annual reports due to reporting deadlines or winding-up procedures.,,,C03,"Since 2019, CSSF uses the concept of ""investment fund managers"" (authorised IFMs include the following fund managers: management companies governed by chapter 15 of the law of 17 December 2010 on undertakings for collective investment, authorised alternative investment fund managers (AIFMs) governed by the law of 12 July 2013 on alternative investment fund managers) and has adjusted the calculation of the statistics accordingly.",,,spec,- Situation at the end of period.   - Management companies acording to Chapter 13 of the law of 20 December 2002.
DATAFLOW,LU1:DF_B3102(1.2),"Employment in the Luxembourg credit institutions, financial sector professionals and managment companies",I,A,Annual,C03,Management companies,SL09,Women,2004,,178,,,,0,Zero,,,N01,Data may vary from CSSF annual reports due to reporting deadlines or winding-up procedures.,,,C03,"Since 2019, CSSF uses the concept of ""investment fund managers"" (authorised IFMs include the following fund managers: management companies governed by chapter 15 of the law of 17 December 2010 on undertakings for collective investment, authorised alternative investment fund managers (AIFMs) governed by the law of 12 July 2013 on alternative investment fund managers) and has adjusted the calculation of the statistics accordingly.",,,spec,- Situation at the end of period.   - Management companies acording to Chapter 13 of the law of 20 December 2002.
DATAFLOW,LU1:DF_B3102(1.2),"Employment in the Luxembourg credit institutions, financial sector professionals and managment companies",I,A,Annual,C03,Management companies,SL09,Women,2005,,691,,,,0,Zero,,,N01,Data may vary from CSSF annual reports due to reporting deadlines or winding-up procedures.,,,C03,"Since 2019, CSSF uses the concept of ""investment fund managers"" (authorised IFMs include the following fund managers: management companies governed by chapter 15 of the law of 17 December 2010 on undertakings for collective investment, authorised alternative investment fund managers (AIFMs) governed by the law of 12 July 2013 on alternative investment fund managers) and has adjusted the calculation of the statistics accordingly.",,,spec,- Situation at the end of period.   - Management companies acording to Chapter 13 of the law of 20 December 2002.
DATAFLOW,LU1:DF_B3102(1.2),"Employment in the Luxembourg credit institutions, financial sector professionals and managment companies",I,A,Annual,C03,Management companies,SL09,Women,2006,,945,,,,0,Zero,,,N01,Data may vary from CSSF annual reports due to reporting deadlines or winding-up procedures.,,,C03,"Since 2019, CSSF uses the concept of ""investment fund managers"" (authorised IFMs include the following fund managers: management companies governed by chapter 15 of the law of 17 December 2010 on undertakings for collective investment, authorised alternative investment fund managers (AIFMs) governed by the law of 12 July 2013 on alternative investment fund managers) and has adjusted the calculation of the statistics accordingly.",,,spec,- Situation at the end of period.   - Management companies acording to Chapter 13 of the law of 20 December 2002.
DATAFLOW,LU1:DF_B3102(1.2),"Employment in the Luxembourg credit institutions, financial sector professionals and managment companies",I,A,Annual,C03,Management companies,SL09,Women,2007,,1061,,,,0,Zero,,,N01,Data may vary from CSSF annual reports due to reporting deadlines or winding-up procedures.,,,C03,"Since 2019, CSSF uses the concept of ""investment fund managers"" (authorised IFMs include the following fund managers: management companies governed by chapter 15 of the law of 17 December 2010 on undertakings for collective investment, authorised alternative investment fund managers (AIFMs) governed by the law of 12 July 2013 on alternative investment fund managers) and has adjusted the calculation of the statistics accordingly.",,,spec,- Situation at the end of period.   - Management companies acording to Chapter 13 of the law of 20 December 2002.
DATAFLOW,LU1:DF_B3102(1.2),"Employment in the Luxembourg credit institutions, financial sector professionals and managment companies",I,A,Annual,C03,Management companies,SL09,Women,2008,,1077,,,,0,Zero,,,N01,Data may vary from CSSF annual reports due to reporting deadlines or winding-up procedures.,,,C03,"Since 2019, CSSF uses the concept of ""investment fund managers"" (authorised IFMs include the following fund managers: management companies governed by chapter 15 of the law of 17 December 2010 on undertakings for collective investment, authorised alternative investment fund managers (AIFMs) governed by the law of 12 July 2013 on alternative investment fund managers) and has adjusted the calculation of the statistics accordingly.",,,spec,- Situation at the end of period.   - Management companies acording to Chapter 13 of the law of 20 December 2002.
DATAFLOW,LU1:DF_B3102(1.2),"Employment in the Luxembourg credit institutions, financial sector professionals and managment companies",I,A,Annual,C03,Management companies,SL09,Women,2009,,1037,,,,0,Zero,,,N01,Data may vary from CSSF annual reports due to reporting deadlines or winding-up procedures.,,,C03,"Since 2019, CSSF uses the concept of ""investment fund managers"" (authorised IFMs include the following fund managers: management companies governed by chapter 15 of the law of 17 December 2010 on undertakings for collective investment, authorised alternative investment fund managers (AIFMs) governed by the law of 12 July 2013 on alternative investment fund managers) and has adjusted the calculation of the statistics accordingly.",,,spec,- Situation at the end of period.   - Management companies acording to Chapter 13 of the law of 20 December 2002.
DATAFLOW,LU1:DF_B3102(1.2),"Employment in the Luxembourg credit institutions, financial sector professionals and managment companies",I,A,Annual,C03,Management companies,SL09,Women,2010,,992,,,,0,Zero,,,N01,Data may vary from CSSF annual reports due to reporting deadlines or winding-up procedures.,,,C03,"Since 2019, CSSF uses the concept of ""investment fund managers"" (authorised IFMs include the following fund managers: management companies governed by chapter 15 of the law of 17 December 2010 on undertakings for collective investment, authorised alternative investment fund managers (AIFMs) governed by the law of 12 July 2013 on alternative investment fund managers) and has adjusted the calculation of the statistics accordingly.",,,spec,- Situation at the end of period.   - Management companies acording to Chapter 13 of the law of 20 December 2002.
DATAFLOW,LU1:DF_B3102(1.2),"Employment in the Luxembourg credit institutions, financial sector professionals and managment companies",I,A,Annual,C03,Management companies,SL09,Women,2011,,1071,,,,0,Zero,,,N01,Data may vary from CSSF annual reports due to reporting deadlines or winding-up procedures.,,,C03,"Since 2019, CSSF uses the concept of ""investment fund managers"" (authorised IFMs include the following fund managers: management companies governed by chapter 15 of the law of 17 December 2010 on undertakings for collective investment, authorised alternative investment fund managers (AIFMs) governed by the law of 12 July 2013 on alternative investment fund managers) and has adjusted the calculation of the statistics accordingly.",,,spec,- Situation at the end of period.   - Management companies acording to Chapter 13 of the law of 20 December 2002.
DATAFLOW,LU1:DF_B3102(1.2),"Employment in the Luxembourg credit institutions, financial sector professionals and managment companies",I,A,Annual,C03,Management companies,SL09,Women,2012,,1143,,,,0,Zero,,,N01,Data may vary from CSSF annual reports due to reporting deadlines or winding-up procedures.,,,C03,"Since 2019, CSSF uses the concept of ""investment fund managers"" (authorised IFMs include the following fund managers: management companies governed by chapter 15 of the law of 17 December 2010 on undertakings for collective investment, authorised alternative investment fund managers (AIFMs) governed by the law of 12 July 2013 on alternative investment fund managers) and has adjusted the calculation of the statistics accordingly.",,,spec,- Situation at the end of period.   - Management companies acording to Chapter 13 of the law of 20 December 2002.
DATAFLOW,LU1:DF_B3102(1.2),"Employment in the Luxembourg credit institutions, financial sector professionals and managment companies",I,A,Annual,C03,Management companies,SL09,Women,2013,,1341,,,,0,Zero,,,N01,Data may vary from CSSF annual reports due to reporting deadlines or winding-up procedures.,,,C03,"Since 2019, CSSF uses the concept of ""investment fund managers"" (authorised IFMs include the following fund managers: management companies governed by chapter 15 of the law of 17 December 2010 on undertakings for collective investment, authorised alternative investment fund managers (AIFMs) governed by the law of 12 July 2013 on alternative investment fund managers) and has adjusted the calculation of the statistics accordingly.",,,spec,- Situation at the end of period.   - Management companies acording to Chapter 13 of the law of 20 December 2002.
DATAFLOW,LU1:DF_B3102(1.2),"Employment in the Luxembourg credit institutions, financial sector professionals and managment companies",I,A,Annual,C03,Management companies,SL09,Women,2014,,,,l,Not available,0,Zero,,,N01,Data may vary from CSSF annual reports due to reporting deadlines or winding-up procedures.,,,C03,"Since 2019, CSSF uses the concept of ""investment fund managers"" (authorised IFMs include the following fund managers: management companies governed by chapter 15 of the law of 17 December 2010 on undertakings for collective investment, authorised alternative investment fund managers (AIFMs) governed by the law of 12 July 2013 on alternative investment fund managers) and has adjusted the calculation of the statistics accordingly.",,,spec,- Situation at the end of period.   - Management companies acording to Chapter 13 of the law of 20 December 2002.
DATAFLOW,LU1:DF_B3102(1.2),"Employment in the Luxembourg credit institutions, financial sector professionals and managment companies",I,A,Annual,C03,Management companies,SL09,Women,2015,,,,l,Not available,0,Zero,,,N01,Data may vary from CSSF annual reports due to reporting deadlines or winding-up procedures.,,,C03,"Since 2019, CSSF uses the concept of ""investment fund managers"" (authorised IFMs include the following fund managers: management companies governed by chapter 15 of the law of 17 December 2010 on undertakings for collective investment, authorised alternative investment fund managers (AIFMs) governed by the law of 12 July 2013 on alternative investment fund managers) and has adjusted the calculation of the statistics accordingly.",,,spec,- Situation at the end of period.   - Management companies acording to Chapter 13 of the law of 20 December 2002.
DATAFLOW,LU1:DF_B3102(1.2),"Employment in the Luxembourg credit institutions, financial sector professionals and managment companies",I,A,Annual,C03,Management companies,SL09,Women,2016,,,,l,Not available,0,Zero,,,N01,Data may vary from CSSF annual reports due to reporting deadlines or winding-up procedures.,,,C03,"Since 2019, CSSF uses the concept of ""investment fund managers"" (authorised IFMs include the following fund managers: management companies governed by chapter 15 of the law of 17 December 2010 on undertakings for collective investment, authorised alternative investment fund managers (AIFMs) governed by the law of 12 July 2013 on alternative investment fund managers) and has adjusted the calculation of the statistics accordingly.",,,spec,- Situation at the end of period.   - Management companies acording to Chapter 13 of the law of 20 December 2002.
DATAFLOW,LU1:DF_B3102(1.2),"Employment in the Luxembourg credit institutions, financial sector professionals and managment companies",I,A,Annual,C03,Management companies,SL09,Women,2017,,,,l,Not available,0,Zero,,,N01,Data may vary from CSSF annual reports due to reporting deadlines or winding-up procedures.,,,C03,"Since 2019, CSSF uses the concept of ""investment fund managers"" (authorised IFMs include the following fund managers: management companies governed by chapter 15 of the law of 17 December 2010 on undertakings for collective investment, authorised alternative investment fund managers (AIFMs) governed by the law of 12 July 2013 on alternative investment fund managers) and has adjusted the calculation of the statistics accordingly.",,,spec,- Situation at the end of period.   - Management companies acording to Chapter 13 of the law of 20 December 2002.
DATAFLOW,LU1:DF_B3102(1.2),"Employment in the Luxembourg credit institutions, financial sector professionals and managment companies",I,A,Annual,C03,Management companies,SL09,Women,2018,,,,l,Not available,0,Zero,,,N01,Data may vary from CSSF annual reports due to reporting deadlines or winding-up procedures.,,,C03,"Since 2019, CSSF uses the concept of ""investment fund managers"" (authorised IFMs include the following fund managers: management companies governed by chapter 15 of the law of 17 December 2010 on undertakings for collective investment, authorised alternative investment fund managers (AIFMs) governed by the law of 12 July 2013 on alternative investment fund managers) and has adjusted the calculation of the statistics accordingly.",,,spec,- Situation at the end of period.   - Management companies acording to Chapter 13 of the law of 20 December 2002.
DATAFLOW,LU1:DF_B3102(1.2),"Employment in the Luxembourg credit institutions, financial sector professionals and managment companies",I,A,Annual,C03,Management companies,SL09,Women,2019,,,,z,Not applicable,0,Zero,,,N01,Data may vary from CSSF annual reports due to reporting deadlines or winding-up procedures.,,,C03,"Since 2019, CSSF uses the concept of ""investment fund managers"" (authorised IFMs include the following fund managers: management companies governed by chapter 15 of the law of 17 December 2010 on undertakings for collective investment, authorised alternative investment fund managers (AIFMs) governed by the law of 12 July 2013 on alternative investment fund managers) and has adjusted the calculation of the statistics accordingly.",,,spec,- Situation at the end of period.   - Management companies acording to Chapter 13 of the law of 20 December 2002.
DATAFLOW,LU1:DF_B3102(1.2),"Employment in the Luxembourg credit institutions, financial sector professionals and managment companies",I,A,Annual,C03,Management companies,SL09,Women,2020,,,,z,Not applicable,0,Zero,,,N01,Data may vary from CSSF annual reports due to reporting deadlines or winding-up procedures.,,,C03,"Since 2019, CSSF uses the concept of ""investment fund managers"" (authorised IFMs include the following fund managers: management companies governed by chapter 15 of the law of 17 December 2010 on undertakings for collective investment, authorised alternative investment fund managers (AIFMs) governed by the law of 12 July 2013 on alternative investment fund managers) and has adjusted the calculation of the statistics accordingly.",,,spec,- Situation at the end of period.   - Management companies acording to Chapter 13 of the law of 20 December 2002.
DATAFLOW,LU1:DF_B3102(1.2),"Employment in the Luxembourg credit institutions, financial sector professionals and managment companies",I,A,Annual,C03,Management companies,SL09,Women,2021,,,,z,Not applicable,0,Zero,,,N01,Data may vary from CSSF annual reports due to reporting deadlines or winding-up procedures.,,,C03,"Since 2019, CSSF uses the concept of ""investment fund managers"" (authorised IFMs include the following fund managers: management companies governed by chapter 15 of the law of 17 December 2010 on undertakings for collective investment, authorised alternative investment fund managers (AIFMs) governed by the law of 12 July 2013 on alternative investment fund managers) and has adjusted the calculation of the statistics accordingly.",,,spec,- Situation at the end of period.   - Management companies acording to Chapter 13 of the law of 20 December 2002.
DATAFLOW,LU1:DF_B3102(1.2),"Employment in the Luxembourg credit institutions, financial sector professionals and managment companies",I,A,Annual,C03,Management companies,SL09,Women,2022,,,,z,Not applicable,0,Zero,,,N01,Data may vary from CSSF annual reports due to reporting deadlines or winding-up procedures.,,,C03,"Since 2019, CSSF uses the concept of ""investment fund managers"" (authorised IFMs include the following fund managers: management companies governed by chapter 15 of the law of 17 December 2010 on undertakings for collective investment, authorised alternative investment fund managers (AIFMs) governed by the law of 12 July 2013 on alternative investment fund managers) and has adjusted the calculation of the statistics accordingly.",,,spec,- Situation at the end of period.   - Management companies acording to Chapter 13 of the law of 20 December 2002.
DATAFLOW,LU1:DF_B3102(1.2),"Employment in the Luxembourg credit institutions, financial sector professionals and managment companies",I,A,Annual,C03,Management companies,SL09,Women,2023,,,,z,Not applicable,0,Zero,,,N01,Data may vary from CSSF annual reports due to reporting deadlines or winding-up procedures.,,,C03,"Since 2019, CSSF uses the concept of ""investment fund managers"" (authorised IFMs include the following fund managers: management companies governed by chapter 15 of the law of 17 December 2010 on undertakings for collective investment, authorised alternative investment fund managers (AIFMs) governed by the law of 12 July 2013 on alternative investment fund managers) and has adjusted the calculation of the statistics accordingly.",,,spec,- Situation at the end of period.   - Management companies acording to Chapter 13 of the law of 20 December 2002.
DATAFLOW,LU1:DF_B3102(1.2),"Employment in the Luxembourg credit institutions, financial sector professionals and managment companies",I,A,Annual,C03,Management companies,SL09,Women,2024,,,,z,Not applicable,0,Zero,,,N01,Data may vary from CSSF annual reports due to reporting deadlines or winding-up procedures.,,,C03,"Since 2019, CSSF uses the concept of ""investment fund managers"" (authorised IFMs include the following fund managers: management companies governed by chapter 15 of the law of 17 December 2010 on undertakings for collective investment, authorised alternative investment fund managers (AIFMs) governed by the law of 12 July 2013 on alternative investment fund managers) and has adjusted the calculation of the statistics accordingly.",,,spec,- Situation at the end of period.   - Management companies acording to Chapter 13 of the law of 20 December 2002.
DATAFLOW,LU1:DF_B3102(1.2),"Employment in the Luxembourg credit institutions, financial sector professionals and managment companies",I,A,Annual,C03,Management companies,SL09,Women,2025,,,,z,Not applicable,0,Zero,,,N01,Data may vary from CSSF annual reports due to reporting deadlines or winding-up procedures.,,,C03,"Since 2019, CSSF uses the concept of ""investment fund managers"" (authorised IFMs include the following fund managers: management companies governed by chapter 15 of the law of 17 December 2010 on undertakings for collective investment, authorised alternative investment fund managers (AIFMs) governed by the law of 12 July 2013 on alternative investment fund managers) and has adjusted the calculation of the statistics accordingly.",,,spec,- Situation at the end of period.   - Management companies acording to Chapter 13 of the law of 20 December 2002.
DATAFLOW,LU1:DF_B3102(1.2),"Employment in the Luxembourg credit institutions, financial sector professionals and managment companies",I,A,Annual,C04,Investment fund managers,SL01,TOTAL,1999,,,,z,Not applicable,0,Zero,,,N01,Data may vary from CSSF annual reports due to reporting deadlines or winding-up procedures.,,,C03,"Since 2019, CSSF uses the concept of ""investment fund managers"" (authorised IFMs include the following fund managers: management companies governed by chapter 15 of the law of 17 December 2010 on undertakings for collective investment, authorised alternative investment fund managers (AIFMs) governed by the law of 12 July 2013 on alternative investment fund managers) and has adjusted the calculation of the statistics accordingly.",,,spec,- Situation at the end of period.   - Management companies acording to Chapter 13 of the law of 20 December 2002.
DATAFLOW,LU1:DF_B3102(1.2),"Employment in the Luxembourg credit institutions, financial sector professionals and managment companies",I,A,Annual,C04,Investment fund managers,SL01,TOTAL,2000,,,,z,Not applicable,0,Zero,,,N01,Data may vary from CSSF annual reports due to reporting deadlines or winding-up procedures.,,,C03,"Since 2019, CSSF uses the concept of ""investment fund managers"" (authorised IFMs include the following fund managers: management companies governed by chapter 15 of the law of 17 December 2010 on undertakings for collective investment, authorised alternative investment fund managers (AIFMs) governed by the law of 12 July 2013 on alternative investment fund managers) and has adjusted the calculation of the statistics accordingly.",,,spec,- Situation at the end of period.   - Management companies acording to Chapter 13 of the law of 20 December 2002.
DATAFLOW,LU1:DF_B3102(1.2),"Employment in the Luxembourg credit institutions, financial sector professionals and managment companies",I,A,Annual,C04,Investment fund managers,SL01,TOTAL,2001,,,,z,Not applicable,0,Zero,,,N01,Data may vary from CSSF annual reports due to reporting deadlines or winding-up procedures.,,,C03,"Since 2019, CSSF uses the concept of ""investment fund managers"" (authorised IFMs include the following fund managers: management companies governed by chapter 15 of the law of 17 December 2010 on undertakings for collective investment, authorised alternative investment fund managers (AIFMs) governed by the law of 12 July 2013 on alternative investment fund managers) and has adjusted the calculation of the statistics accordingly.",,,spec,- Situation at the end of period.   - Management companies acording to Chapter 13 of the law of 20 December 2002.
DATAFLOW,LU1:DF_B3102(1.2),"Employment in the Luxembourg credit institutions, financial sector professionals and managment companies",I,A,Annual,C04,Investment fund managers,SL01,TOTAL,2002,,,,z,Not applicable,0,Zero,,,N01,Data may vary from CSSF annual reports due to reporting deadlines or winding-up procedures.,,,C03,"Since 2019, CSSF uses the concept of ""investment fund managers"" (authorised IFMs include the following fund managers: management companies governed by chapter 15 of the law of 17 December 2010 on undertakings for collective investment, authorised alternative investment fund managers (AIFMs) governed by the law of 12 July 2013 on alternative investment fund managers) and has adjusted the calculation of the statistics accordingly.",,,spec,- Situation at the end of period.   - Management companies acording to Chapter 13 of the law of 20 December 2002.
DATAFLOW,LU1:DF_B3102(1.2),"Employment in the Luxembourg credit institutions, financial sector professionals and managment companies",I,A,Annual,C04,Investment fund managers,SL01,TOTAL,2003,,,,z,Not applicable,0,Zero,,,N01,Data may vary from CSSF annual reports due to reporting deadlines or winding-up procedures.,,,C03,"Since 2019, CSSF uses the concept of ""investment fund managers"" (authorised IFMs include the following fund managers: management companies governed by chapter 15 of the law of 17 December 2010 on undertakings for collective investment, authorised alternative investment fund managers (AIFMs) governed by the law of 12 July 2013 on alternative investment fund managers) and has adjusted the calculation of the statistics accordingly.",,,spec,- Situation at the end of period.   - Management companies acording to Chapter 13 of the law of 20 December 2002.
DATAFLOW,LU1:DF_B3102(1.2),"Employment in the Luxembourg credit institutions, financial sector professionals and managment companies",I,A,Annual,C04,Investment fund managers,SL01,TOTAL,2004,,,,z,Not applicable,0,Zero,,,N01,Data may vary from CSSF annual reports due to reporting deadlines or winding-up procedures.,,,C03,"Since 2019, CSSF uses the concept of ""investment fund managers"" (authorised IFMs include the following fund managers: management companies governed by chapter 15 of the law of 17 December 2010 on undertakings for collective investment, authorised alternative investment fund managers (AIFMs) governed by the law of 12 July 2013 on alternative investment fund managers) and has adjusted the calculation of the statistics accordingly.",,,spec,- Situation at the end of period.   - Management companies acording to Chapter 13 of the law of 20 December 2002.
DATAFLOW,LU1:DF_B3102(1.2),"Employment in the Luxembourg credit institutions, financial sector professionals and managment companies",I,A,Annual,C04,Investment fund managers,SL01,TOTAL,2005,,,,z,Not applicable,0,Zero,,,N01,Data may vary from CSSF annual reports due to reporting deadlines or winding-up procedures.,,,C03,"Since 2019, CSSF uses the concept of ""investment fund managers"" (authorised IFMs include the following fund managers: management companies governed by chapter 15 of the law of 17 December 2010 on undertakings for collective investment, authorised alternative investment fund managers (AIFMs) governed by the law of 12 July 2013 on alternative investment fund managers) and has adjusted the calculation of the statistics accordingly.",,,spec,- Situation at the end of period.   - Management companies acording to Chapter 13 of the law of 20 December 2002.
DATAFLOW,LU1:DF_B3102(1.2),"Employment in the Luxembourg credit institutions, financial sector professionals and managment companies",I,A,Annual,C04,Investment fund managers,SL01,TOTAL,2006,,,,z,Not applicable,0,Zero,,,N01,Data may vary from CSSF annual reports due to reporting deadlines or winding-up procedures.,,,C03,"Since 2019, CSSF uses the concept of ""investment fund managers"" (authorised IFMs include the following fund managers: management companies governed by chapter 15 of the law of 17 December 2010 on undertakings for collective investment, authorised alternative investment fund managers (AIFMs) governed by the law of 12 July 2013 on alternative investment fund managers) and has adjusted the calculation of the statistics accordingly.",,,spec,- Situation at the end of period.   - Management companies acording to Chapter 13 of the law of 20 December 2002.
DATAFLOW,LU1:DF_B3102(1.2),"Employment in the Luxembourg credit institutions, financial sector professionals and managment companies",I,A,Annual,C04,Investment fund managers,SL01,TOTAL,2007,,,,z,Not applicable,0,Zero,,,N01,Data may vary from CSSF annual reports due to reporting deadlines or winding-up procedures.,,,C03,"Since 2019, CSSF uses the concept of ""investment fund managers"" (authorised IFMs include the following fund managers: management companies governed by chapter 15 of the law of 17 December 2010 on undertakings for collective investment, authorised alternative investment fund managers (AIFMs) governed by the law of 12 July 2013 on alternative investment fund managers) and has adjusted the calculation of the statistics accordingly.",,,spec,- Situation at the end of period.   - Management companies acording to Chapter 13 of the law of 20 December 2002.
DATAFLOW,LU1:DF_B3102(1.2),"Employment in the Luxembourg credit institutions, financial sector professionals and managment companies",I,A,Annual,C04,Investment fund managers,SL01,TOTAL,2008,,,,z,Not applicable,0,Zero,,,N01,Data may vary from CSSF annual reports due to reporting deadlines or winding-up procedures.,,,C03,"Since 2019, CSSF uses the concept of ""investment fund managers"" (authorised IFMs include the following fund managers: management companies governed by chapter 15 of the law of 17 December 2010 on undertakings for collective investment, authorised alternative investment fund managers (AIFMs) governed by the law of 12 July 2013 on alternative investment fund managers) and has adjusted the calculation of the statistics accordingly.",,,spec,- Situation at the end of period.   - Management companies acording to Chapter 13 of the law of 20 December 2002.
DATAFLOW,LU1:DF_B3102(1.2),"Employment in the Luxembourg credit institutions, financial sector professionals and managment companies",I,A,Annual,C04,Investment fund managers,SL01,TOTAL,2009,,,,z,Not applicable,0,Zero,,,N01,Data may vary from CSSF annual reports due to reporting deadlines or winding-up procedures.,,,C03,"Since 2019, CSSF uses the concept of ""investment fund managers"" (authorised IFMs include the following fund managers: management companies governed by chapter 15 of the law of 17 December 2010 on undertakings for collective investment, authorised alternative investment fund managers (AIFMs) governed by the law of 12 July 2013 on alternative investment fund managers) and has adjusted the calculation of the statistics accordingly.",,,spec,- Situation at the end of period.   - Management companies acording to Chapter 13 of the law of 20 December 2002.
DATAFLOW,LU1:DF_B3102(1.2),"Employment in the Luxembourg credit institutions, financial sector professionals and managment companies",I,A,Annual,C04,Investment fund managers,SL01,TOTAL,2010,,,,z,Not applicable,0,Zero,,,N01,Data may vary from CSSF annual reports due to reporting deadlines or winding-up procedures.,,,C03,"Since 2019, CSSF uses the concept of ""investment fund managers"" (authorised IFMs include the following fund managers: management companies governed by chapter 15 of the law of 17 December 2010 on undertakings for collective investment, authorised alternative investment fund managers (AIFMs) governed by the law of 12 July 2013 on alternative investment fund managers) and has adjusted the calculation of the statistics accordingly.",,,spec,- Situation at the end of period.   - Management companies acording to Chapter 13 of the law of 20 December 2002.
DATAFLOW,LU1:DF_B3102(1.2),"Employment in the Luxembourg credit institutions, financial sector professionals and managment companies",I,A,Annual,C04,Investment fund managers,SL01,TOTAL,2011,,,,z,Not applicable,0,Zero,,,N01,Data may vary from CSSF annual reports due to reporting deadlines or winding-up procedures.,,,C03,"Since 2019, CSSF uses the concept of ""investment fund managers"" (authorised IFMs include the following fund managers: management companies governed by chapter 15 of the law of 17 December 2010 on undertakings for collective investment, authorised alternative investment fund managers (AIFMs) governed by the law of 12 July 2013 on alternative investment fund managers) and has adjusted the calculation of the statistics accordingly.",,,spec,- Situation at the end of period.   - Management companies acording to Chapter 13 of the law of 20 December 2002.
DATAFLOW,LU1:DF_B3102(1.2),"Employment in the Luxembourg credit institutions, financial sector professionals and managment companies",I,A,Annual,C04,Investment fund managers,SL01,TOTAL,2012,,,,z,Not applicable,0,Zero,,,N01,Data may vary from CSSF annual reports due to reporting deadlines or winding-up procedures.,,,C03,"Since 2019, CSSF uses the concept of ""investment fund managers"" (authorised IFMs include the following fund managers: management companies governed by chapter 15 of the law of 17 December 2010 on undertakings for collective investment, authorised alternative investment fund managers (AIFMs) governed by the law of 12 July 2013 on alternative investment fund managers) and has adjusted the calculation of the statistics accordingly.",,,spec,- Situation at the end of period.   - Management companies acording to Chapter 13 of the law of 20 December 2002.
DATAFLOW,LU1:DF_B3102(1.2),"Employment in the Luxembourg credit institutions, financial sector professionals and managment companies",I,A,Annual,C04,Investment fund managers,SL01,TOTAL,2013,,,,z,Not applicable,0,Zero,,,N01,Data may vary from CSSF annual reports due to reporting deadlines or winding-up procedures.,,,C03,"Since 2019, CSSF uses the concept of ""investment fund managers"" (authorised IFMs include the following fund managers: management companies governed by chapter 15 of the law of 17 December 2010 on undertakings for collective investment, authorised alternative investment fund managers (AIFMs) governed by the law of 12 July 2013 on alternative investment fund managers) and has adjusted the calculation of the statistics accordingly.",,,spec,- Situation at the end of period.   - Management companies acording to Chapter 13 of the law of 20 December 2002.
DATAFLOW,LU1:DF_B3102(1.2),"Employment in the Luxembourg credit institutions, financial sector professionals and managment companies",I,A,Annual,C04,Investment fund managers,SL01,TOTAL,2014,,,,z,Not applicable,0,Zero,,,N01,Data may vary from CSSF annual reports due to reporting deadlines or winding-up procedures.,,,C03,"Since 2019, CSSF uses the concept of ""investment fund managers"" (authorised IFMs include the following fund managers: management companies governed by chapter 15 of the law of 17 December 2010 on undertakings for collective investment, authorised alternative investment fund managers (AIFMs) governed by the law of 12 July 2013 on alternative investment fund managers) and has adjusted the calculation of the statistics accordingly.",,,spec,- Situation at the end of period.   - Management companies acording to Chapter 13 of the law of 20 December 2002.
DATAFLOW,LU1:DF_B3102(1.2),"Employment in the Luxembourg credit institutions, financial sector professionals and managment companies",I,A,Annual,C04,Investment fund managers,SL01,TOTAL,2015,,,,z,Not applicable,0,Zero,,,N01,Data may vary from CSSF annual reports due to reporting deadlines or winding-up procedures.,,,C03,"Since 2019, CSSF uses the concept of ""investment fund managers"" (authorised IFMs include the following fund managers: management companies governed by chapter 15 of the law of 17 December 2010 on undertakings for collective investment, authorised alternative investment fund managers (AIFMs) governed by the law of 12 July 2013 on alternative investment fund managers) and has adjusted the calculation of the statistics accordingly.",,,spec,- Situation at the end of period.   - Management companies acording to Chapter 13 of the law of 20 December 2002.
DATAFLOW,LU1:DF_B3102(1.2),"Employment in the Luxembourg credit institutions, financial sector professionals and managment companies",I,A,Annual,C04,Investment fund managers,SL01,TOTAL,2016,,,,z,Not applicable,0,Zero,,,N01,Data may vary from CSSF annual reports due to reporting deadlines or winding-up procedures.,,,C03,"Since 2019, CSSF uses the concept of ""investment fund managers"" (authorised IFMs include the following fund managers: management companies governed by chapter 15 of the law of 17 December 2010 on undertakings for collective investment, authorised alternative investment fund managers (AIFMs) governed by the law of 12 July 2013 on alternative investment fund managers) and has adjusted the calculation of the statistics accordingly.",,,spec,- Situation at the end of period.   - Management companies acording to Chapter 13 of the law of 20 December 2002.
DATAFLOW,LU1:DF_B3102(1.2),"Employment in the Luxembourg credit institutions, financial sector professionals and managment companies",I,A,Annual,C04,Investment fund managers,SL01,TOTAL,2017,,,,z,Not applicable,0,Zero,,,N01,Data may vary from CSSF annual reports due to reporting deadlines or winding-up procedures.,,,C03,"Since 2019, CSSF uses the concept of ""investment fund managers"" (authorised IFMs include the following fund managers: management companies governed by chapter 15 of the law of 17 December 2010 on undertakings for collective investment, authorised alternative investment fund managers (AIFMs) governed by the law of 12 July 2013 on alternative investment fund managers) and has adjusted the calculation of the statistics accordingly.",,,spec,- Situation at the end of period.   - Management companies acording to Chapter 13 of the law of 20 December 2002.
DATAFLOW,LU1:DF_B3102(1.2),"Employment in the Luxembourg credit institutions, financial sector professionals and managment companies",I,A,Annual,C04,Investment fund managers,SL01,TOTAL,2018,,,,z,Not applicable,0,Zero,,,N01,Data may vary from CSSF annual reports due to reporting deadlines or winding-up procedures.,,,C03,"Since 2019, CSSF uses the concept of ""investment fund managers"" (authorised IFMs include the following fund managers: management companies governed by chapter 15 of the law of 17 December 2010 on undertakings for collective investment, authorised alternative investment fund managers (AIFMs) governed by the law of 12 July 2013 on alternative investment fund managers) and has adjusted the calculation of the statistics accordingly.",,,spec,- Situation at the end of period.   - Management companies acording to Chapter 13 of the law of 20 December 2002.
DATAFLOW,LU1:DF_B3102(1.2),"Employment in the Luxembourg credit institutions, financial sector professionals and managment companies",I,A,Annual,C04,Investment fund managers,SL01,TOTAL,2019,,5979,,,,0,Zero,,,N01,Data may vary from CSSF annual reports due to reporting deadlines or winding-up procedures.,,,C03,"Since 2019, CSSF uses the concept of ""investment fund managers"" (authorised IFMs include the following fund managers: management companies governed by chapter 15 of the law of 17 December 2010 on undertakings for collective investment, authorised alternative investment fund managers (AIFMs) governed by the law of 12 July 2013 on alternative investment fund managers) and has adjusted the calculation of the statistics accordingly.",,,spec,- Situation at the end of period.   - Management companies acording to Chapter 13 of the law of 20 December 2002.
DATAFLOW,LU1:DF_B3102(1.2),"Employment in the Luxembourg credit institutions, financial sector professionals and managment companies",I,A,Annual,C04,Investment fund managers,SL01,TOTAL,2020,,6130,,,,0,Zero,,,N01,Data may vary from CSSF annual reports due to reporting deadlines or winding-up procedures.,,,C03,"Since 2019, CSSF uses the concept of ""investment fund managers"" (authorised IFMs include the following fund managers: management companies governed by chapter 15 of the law of 17 December 2010 on undertakings for collective investment, authorised alternative investment fund managers (AIFMs) governed by the law of 12 July 2013 on alternative investment fund managers) and has adjusted the calculation of the statistics accordingly.",,,spec,- Situation at the end of period.   - Management companies acording to Chapter 13 of the law of 20 December 2002.
DATAFLOW,LU1:DF_B3102(1.2),"Employment in the Luxembourg credit institutions, financial sector professionals and managment companies",I,A,Annual,C04,Investment fund managers,SL01,TOTAL,2021,,6507,,,,0,Zero,,,N01,Data may vary from CSSF annual reports due to reporting deadlines or winding-up procedures.,,,C03,"Since 2019, CSSF uses the concept of ""investment fund managers"" (authorised IFMs include the following fund managers: management companies governed by chapter 15 of the law of 17 December 2010 on undertakings for collective investment, authorised alternative investment fund managers (AIFMs) governed by the law of 12 July 2013 on alternative investment fund managers) and has adjusted the calculation of the statistics accordingly.",,,spec,- Situation at the end of period.   - Management companies acording to Chapter 13 of the law of 20 December 2002.
DATAFLOW,LU1:DF_B3102(1.2),"Employment in the Luxembourg credit institutions, financial sector professionals and managment companies",I,A,Annual,C04,Investment fund managers,SL01,TOTAL,2022,,7211,,,,0,Zero,,,N01,Data may vary from CSSF annual reports due to reporting deadlines or winding-up procedures.,,,C03,"Since 2019, CSSF uses the concept of ""investment fund managers"" (authorised IFMs include the following fund managers: management companies governed by chapter 15 of the law of 17 December 2010 on undertakings for collective investment, authorised alternative investment fund managers (AIFMs) governed by the law of 12 July 2013 on alternative investment fund managers) and has adjusted the calculation of the statistics accordingly.",,,spec,- Situation at the end of period.   - Management companies acording to Chapter 13 of the law of 20 December 2002.
DATAFLOW,LU1:DF_B3102(1.2),"Employment in the Luxembourg credit institutions, financial sector professionals and managment companies",I,A,Annual,C04,Investment fund managers,SL01,TOTAL,2023,,7715,,,,0,Zero,,,N01,Data may vary from CSSF annual reports due to reporting deadlines or winding-up procedures.,,,C03,"Since 2019, CSSF uses the concept of ""investment fund managers"" (authorised IFMs include the following fund managers: management companies governed by chapter 15 of the law of 17 December 2010 on undertakings for collective investment, authorised alternative investment fund managers (AIFMs) governed by the law of 12 July 2013 on alternative investment fund managers) and has adjusted the calculation of the statistics accordingly.",,,spec,- Situation at the end of period.   - Management companies acording to Chapter 13 of the law of 20 December 2002.
DATAFLOW,LU1:DF_B3102(1.2),"Employment in the Luxembourg credit institutions, financial sector professionals and managment companies",I,A,Annual,C04,Investment fund managers,SL01,TOTAL,2024,,7748,,,,0,Zero,,,N01,Data may vary from CSSF annual reports due to reporting deadlines or winding-up procedures.,,,C03,"Since 2019, CSSF uses the concept of ""investment fund managers"" (authorised IFMs include the following fund managers: management companies governed by chapter 15 of the law of 17 December 2010 on undertakings for collective investment, authorised alternative investment fund managers (AIFMs) governed by the law of 12 July 2013 on alternative investment fund managers) and has adjusted the calculation of the statistics accordingly.",,,spec,- Situation at the end of period.   - Management companies acording to Chapter 13 of the law of 20 December 2002.
DATAFLOW,LU1:DF_B3102(1.2),"Employment in the Luxembourg credit institutions, financial sector professionals and managment companies",I,A,Annual,C04,Investment fund managers,SL01,TOTAL,2025,,7810,,,,0,Zero,,,N01,Data may vary from CSSF annual reports due to reporting deadlines or winding-up procedures.,,,C03,"Since 2019, CSSF uses the concept of ""investment fund managers"" (authorised IFMs include the following fund managers: management companies governed by chapter 15 of the law of 17 December 2010 on undertakings for collective investment, authorised alternative investment fund managers (AIFMs) governed by the law of 12 July 2013 on alternative investment fund managers) and has adjusted the calculation of the statistics accordingly.",,,spec,- Situation at the end of period.   - Management companies acording to Chapter 13 of the law of 20 December 2002.
DATAFLOW,LU1:DF_B3102(1.2),"Employment in the Luxembourg credit institutions, financial sector professionals and managment companies",I,A,Annual,C02,Financial sector professionals,SL04,Luxembourgers,1999,,458,,,,0,Zero,,,N01,Data may vary from CSSF annual reports due to reporting deadlines or winding-up procedures.,,,C02,"FSP include specialised financial sector professionals, support financial sector professionals and investment firms",,,spec,- Situation at the end of period.   - Management companies acording to Chapter 13 of the law of 20 December 2002.
DATAFLOW,LU1:DF_B3102(1.2),"Employment in the Luxembourg credit institutions, financial sector professionals and managment companies",I,A,Annual,C02,Financial sector professionals,SL04,Luxembourgers,2000,,507,,,,0,Zero,,,N01,Data may vary from CSSF annual reports due to reporting deadlines or winding-up procedures.,,,C02,"FSP include specialised financial sector professionals, support financial sector professionals and investment firms",,,spec,- Situation at the end of period.   - Management companies acording to Chapter 13 of the law of 20 December 2002.
DATAFLOW,LU1:DF_B3102(1.2),"Employment in the Luxembourg credit institutions, financial sector professionals and managment companies",I,A,Annual,C02,Financial sector professionals,SL04,Luxembourgers,2001,,643,,,,0,Zero,,,N01,Data may vary from CSSF annual reports due to reporting deadlines or winding-up procedures.,,,C02,"FSP include specialised financial sector professionals, support financial sector professionals and investment firms",,,spec,- Situation at the end of period.   - Management companies acording to Chapter 13 of the law of 20 December 2002.
DATAFLOW,LU1:DF_B3102(1.2),"Employment in the Luxembourg credit institutions, financial sector professionals and managment companies",I,A,Annual,C02,Financial sector professionals,SL04,Luxembourgers,2002,,695,,,,0,Zero,,,N01,Data may vary from CSSF annual reports due to reporting deadlines or winding-up procedures.,,,C02,"FSP include specialised financial sector professionals, support financial sector professionals and investment firms",,,spec,- Situation at the end of period.   - Management companies acording to Chapter 13 of the law of 20 December 2002.
DATAFLOW,LU1:DF_B3102(1.2),"Employment in the Luxembourg credit institutions, financial sector professionals and managment companies",I,A,Annual,C02,Financial sector professionals,SL04,Luxembourgers,2003,,636,,,,0,Zero,,,N01,Data may vary from CSSF annual reports due to reporting deadlines or winding-up procedures.,,,C02,"FSP include specialised financial sector professionals, support financial sector professionals and investment firms",,,spec,- Situation at the end of period.   - Management companies acording to Chapter 13 of the law of 20 December 2002.
DATAFLOW,LU1:DF_B3102(1.2),"Employment in the Luxembourg credit institutions, financial sector professionals and managment companies",I,A,Annual,C02,Financial sector professionals,SL04,Luxembourgers,2004,,976,,,,0,Zero,,,N01,Data may vary from CSSF annual reports due to reporting deadlines or winding-up procedures.,,,C02,"FSP include specialised financial sector professionals, support financial sector professionals and investment firms",,,spec,- Situation at the end of period.   - Management companies acording to Chapter 13 of the law of 20 December 2002.
DATAFLOW,LU1:DF_B3102(1.2),"Employment in the Luxembourg credit institutions, financial sector professionals and managment companies",I,A,Annual,C02,Financial sector professionals,SL04,Luxembourgers,2005,,1057,,,,0,Zero,,,N01,Data may vary from CSSF annual reports due to reporting deadlines or winding-up procedures.,,,C02,"FSP include specialised financial sector professionals, support financial sector professionals and investment firms",,,spec,- Situation at the end of period.   - Management companies acording to Chapter 13 of the law of 20 December 2002.
DATAFLOW,LU1:DF_B3102(1.2),"Employment in the Luxembourg credit institutions, financial sector professionals and managment companies",I,A,Annual,C02,Financial sector professionals,SL04,Luxembourgers,2006,,1752,,,,0,Zero,,,N01,Data may vary from CSSF annual reports due to reporting deadlines or winding-up procedures.,,,C02,"FSP include specialised financial sector professionals, support financial sector professionals and investment firms",,,spec,- Situation at the end of period.   - Management companies acording to Chapter 13 of the law of 20 December 2002.
DATAFLOW,LU1:DF_B3102(1.2),"Employment in the Luxembourg credit institutions, financial sector professionals and managment companies",I,A,Annual,C02,Financial sector professionals,SL04,Luxembourgers,2007,,2046,,,,0,Zero,,,N01,Data may vary from CSSF annual reports due to reporting deadlines or winding-up procedures.,,,C02,"FSP include specialised financial sector professionals, support financial sector professionals and investment firms",,,spec,- Situation at the end of period.   - Management companies acording to Chapter 13 of the law of 20 December 2002.
DATAFLOW,LU1:DF_B3102(1.2),"Employment in the Luxembourg credit institutions, financial sector professionals and managment companies",I,A,Annual,C02,Financial sector professionals,SL04,Luxembourgers,2008,,2390,,,,0,Zero,,,N01,Data may vary from CSSF annual reports due to reporting deadlines or winding-up procedures.,,,C02,"FSP include specialised financial sector professionals, support financial sector professionals and investment firms",,,spec,- Situation at the end of period.   - Management companies acording to Chapter 13 of the law of 20 December 2002.
DATAFLOW,LU1:DF_B3102(1.2),"Employment in the Luxembourg credit institutions, financial sector professionals and managment companies",I,A,Annual,C02,Financial sector professionals,SL04,Luxembourgers,2009,,1857,,,,0,Zero,,,N01,Data may vary from CSSF annual reports due to reporting deadlines or winding-up procedures.,,,C02,"FSP include specialised financial sector professionals, support financial sector professionals and investment firms",,,spec,- Situation at the end of period.   - Management companies acording to Chapter 13 of the law of 20 December 2002.
DATAFLOW,LU1:DF_B3102(1.2),"Employment in the Luxembourg credit institutions, financial sector professionals and managment companies",I,A,Annual,C02,Financial sector professionals,SL04,Luxembourgers,2010,,1905,,,,0,Zero,,,N01,Data may vary from CSSF annual reports due to reporting deadlines or winding-up procedures.,,,C02,"FSP include specialised financial sector professionals, support financial sector professionals and investment firms",,,spec,- Situation at the end of period.   - Management companies acording to Chapter 13 of the law of 20 December 2002.
DATAFLOW,LU1:DF_B3102(1.2),"Employment in the Luxembourg credit institutions, financial sector professionals and managment companies",I,A,Annual,C02,Financial sector professionals,SL04,Luxembourgers,2011,,1947,,,,0,Zero,,,N01,Data may vary from CSSF annual reports due to reporting deadlines or winding-up procedures.,,,C02,"FSP include specialised financial sector professionals, support financial sector professionals and investment firms",,,spec,- Situation at the end of period.   - Management companies acording to Chapter 13 of the law of 20 December 2002.
DATAFLOW,LU1:DF_B3102(1.2),"Employment in the Luxembourg credit institutions, financial sector professionals and managment companies",I,A,Annual,C02,Financial sector professionals,SL04,Luxembourgers,2012,,1889,,,,0,Zero,,,N01,Data may vary from CSSF annual reports due to reporting deadlines or winding-up procedures.,,,C02,"FSP include specialised financial sector professionals, support financial sector professionals and investment firms",,,spec,- Situation at the end of period.   - Management companies acording to Chapter 13 of the law of 20 December 2002.
DATAFLOW,LU1:DF_B3102(1.2),"Employment in the Luxembourg credit institutions, financial sector professionals and managment companies",I,A,Annual,C02,Financial sector professionals,SL04,Luxembourgers,2013,,1839,,,,0,Zero,,,N01,Data may vary from CSSF annual reports due to reporting deadlines or winding-up procedures.,,,C02,"FSP include specialised financial sector professionals, support financial sector professionals and investment firms",,,spec,- Situation at the end of period.   - Management companies acording to Chapter 13 of the law of 20 December 2002.
DATAFLOW,LU1:DF_B3102(1.2),"Employment in the Luxembourg credit institutions, financial sector professionals and managment companies",I,A,Annual,C02,Financial sector professionals,SL04,Luxembourgers,2014,,,,l,Not available,0,Zero,,,N01,Data may vary from CSSF annual reports due to reporting deadlines or winding-up procedures.,,,C02,"FSP include specialised financial sector professionals, support financial sector professionals and investment firms",,,spec,- Situation at the end of period.   - Management companies acording to Chapter 13 of the law of 20 December 2002.
DATAFLOW,LU1:DF_B3102(1.2),"Employment in the Luxembourg credit institutions, financial sector professionals and managment companies",I,A,Annual,C02,Financial sector professionals,SL04,Luxembourgers,2015,,,,l,Not available,0,Zero,,,N01,Data may vary from CSSF annual reports due to reporting deadlines or winding-up procedures.,,,C02,"FSP include specialised financial sector professionals, support financial sector professionals and investment firms",,,spec,- Situation at the end of period.   - Management companies acording to Chapter 13 of the law of 20 December 2002.
DATAFLOW,LU1:DF_B3102(1.2),"Employment in the Luxembourg credit institutions, financial sector professionals and managment companies",I,A,Annual,C02,Financial sector professionals,SL04,Luxembourgers,2016,,,,l,Not available,0,Zero,,,N01,Data may vary from CSSF annual reports due to reporting deadlines or winding-up procedures.,,,C02,"FSP include specialised financial sector professionals, support financial sector professionals and investment firms",,,spec,- Situation at the end of period.   - Management companies acording to Chapter 13 of the law of 20 December 2002.
DATAFLOW,LU1:DF_B3102(1.2),"Employment in the Luxembourg credit institutions, financial sector professionals and managment companies",I,A,Annual,C02,Financial sector professionals,SL04,Luxembourgers,2017,,,,l,Not available,0,Zero,,,N01,Data may vary from CSSF annual reports due to reporting deadlines or winding-up procedures.,,,C02,"FSP include specialised financial sector professionals, support financial sector professionals and investment firms",,,spec,- Situation at the end of period.   - Management companies acording to Chapter 13 of the law of 20 December 2002.
DATAFLOW,LU1:DF_B3102(1.2),"Employment in the Luxembourg credit institutions, financial sector professionals and managment companies",I,A,Annual,C02,Financial sector professionals,SL04,Luxembourgers,2018,,,,l,Not available,0,Zero,,,N01,Data may vary from CSSF annual reports due to reporting deadlines or winding-up procedures.,,,C02,"FSP include specialised financial sector professionals, support financial sector professionals and investment firms",,,spec,- Situation at the end of period.   - Management companies acording to Chapter 13 of the law of 20 December 2002.
DATAFLOW,LU1:DF_B3102(1.2),"Employment in the Luxembourg credit institutions, financial sector professionals and managment companies",I,A,Annual,C02,Financial sector professionals,SL04,Luxembourgers,2019,,,,l,Not available,0,Zero,,,N01,Data may vary from CSSF annual reports due to reporting deadlines or winding-up procedures.,,,C02,"FSP include specialised financial sector professionals, support financial sector professionals and investment firms",,,spec,- Situation at the end of period.   - Management companies acording to Chapter 13 of the law of 20 December 2002.
DATAFLOW,LU1:DF_B3102(1.2),"Employment in the Luxembourg credit institutions, financial sector professionals and managment companies",I,A,Annual,C02,Financial sector professionals,SL04,Luxembourgers,2020,,,,l,Not available,0,Zero,,,N01,Data may vary from CSSF annual reports due to reporting deadlines or winding-up procedures.,,,C02,"FSP include specialised financial sector professionals, support financial sector professionals and investment firms",,,spec,- Situation at the end of period.   - Management companies acording to Chapter 13 of the law of 20 December 2002.
DATAFLOW,LU1:DF_B3102(1.2),"Employment in the Luxembourg credit institutions, financial sector professionals and managment companies",I,A,Annual,C02,Financial sector professionals,SL04,Luxembourgers,2021,,,,l,Not available,0,Zero,,,N01,Data may vary from CSSF annual reports due to reporting deadlines or winding-up procedures.,,,C02,"FSP include specialised financial sector professionals, support financial sector professionals and investment firms",,,spec,- Situation at the end of period.   - Management companies acording to Chapter 13 of the law of 20 December 2002.
DATAFLOW,LU1:DF_B3102(1.2),"Employment in the Luxembourg credit institutions, financial sector professionals and managment companies",I,A,Annual,C02,Financial sector professionals,SL04,Luxembourgers,2022,,,,l,Not available,0,Zero,,,N01,Data may vary from CSSF annual reports due to reporting deadlines or winding-up procedures.,,,C02,"FSP include specialised financial sector professionals, support financial sector professionals and investment firms",,,spec,- Situation at the end of period.   - Management companies acording to Chapter 13 of the law of 20 December 2002.
DATAFLOW,LU1:DF_B3102(1.2),"Employment in the Luxembourg credit institutions, financial sector professionals and managment companies",I,A,Annual,C02,Financial sector professionals,SL04,Luxembourgers,2023,,,,l,Not available,0,Zero,,,N01,Data may vary from CSSF annual reports due to reporting deadlines or winding-up procedures.,,,C02,"FSP include specialised financial sector professionals, support financial sector professionals and investment firms",,,spec,- Situation at the end of period.   - Management companies acording to Chapter 13 of the law of 20 December 2002.
DATAFLOW,LU1:DF_B3102(1.2),"Employment in the Luxembourg credit institutions, financial sector professionals and managment companies",I,A,Annual,C02,Financial sector professionals,SL04,Luxembourgers,2024,,,,l,Not available,0,Zero,,,N01,Data may vary from CSSF annual reports due to reporting deadlines or winding-up procedures.,,,C02,"FSP include specialised financial sector professionals, support financial sector professionals and investment firms",,,spec,- Situation at the end of period.   - Management companies acording to Chapter 13 of the law of 20 December 2002.
DATAFLOW,LU1:DF_B3102(1.2),"Employment in the Luxembourg credit institutions, financial sector professionals and managment companies",I,A,Annual,C02,Financial sector professionals,SL04,Luxembourgers,2025,,,,l,Not available,0,Zero,,,N01,Data may vary from CSSF annual reports due to reporting deadlines or winding-up procedures.,,,C02,"FSP include specialised financial sector professionals, support financial sector professionals and investment firms",,,spec,- Situation at the end of period.   - Management companies acording to Chapter 13 of the law of 20 December 2002.
DATAFLOW,LU1:DF_B3102(1.2),"Employment in the Luxembourg credit institutions, financial sector professionals and managment companies",I,A,Annual,C02,Financial sector professionals,SL09,Women,1999,,1070,,,,0,Zero,,,N01,Data may vary from CSSF annual reports due to reporting deadlines or winding-up procedures.,,,C02,"FSP include specialised financial sector professionals, support financial sector professionals and investment firms",,,spec,- Situation at the end of period.   - Management companies acording to Chapter 13 of the law of 20 December 2002.
DATAFLOW,LU1:DF_B3102(1.2),"Employment in the Luxembourg credit institutions, financial sector professionals and managment companies",I,A,Annual,C02,Financial sector professionals,SL09,Women,2000,,1466,,,,0,Zero,,,N01,Data may vary from CSSF annual reports due to reporting deadlines or winding-up procedures.,,,C02,"FSP include specialised financial sector professionals, support financial sector professionals and investment firms",,,spec,- Situation at the end of period.   - Management companies acording to Chapter 13 of the law of 20 December 2002.
DATAFLOW,LU1:DF_B3102(1.2),"Employment in the Luxembourg credit institutions, financial sector professionals and managment companies",I,A,Annual,C02,Financial sector professionals,SL09,Women,2001,,1719,,,,0,Zero,,,N01,Data may vary from CSSF annual reports due to reporting deadlines or winding-up procedures.,,,C02,"FSP include specialised financial sector professionals, support financial sector professionals and investment firms",,,spec,- Situation at the end of period.   - Management companies acording to Chapter 13 of the law of 20 December 2002.
DATAFLOW,LU1:DF_B3102(1.2),"Employment in the Luxembourg credit institutions, financial sector professionals and managment companies",I,A,Annual,C02,Financial sector professionals,SL09,Women,2002,,1805,,,,0,Zero,,,N01,Data may vary from CSSF annual reports due to reporting deadlines or winding-up procedures.,,,C02,"FSP include specialised financial sector professionals, support financial sector professionals and investment firms",,,spec,- Situation at the end of period.   - Management companies acording to Chapter 13 of the law of 20 December 2002.
DATAFLOW,LU1:DF_B3102(1.2),"Employment in the Luxembourg credit institutions, financial sector professionals and managment companies",I,A,Annual,C02,Financial sector professionals,SL09,Women,2003,,1791,,,,0,Zero,,,N01,Data may vary from CSSF annual reports due to reporting deadlines or winding-up procedures.,,,C02,"FSP include specialised financial sector professionals, support financial sector professionals and investment firms",,,spec,- Situation at the end of period.   - Management companies acording to Chapter 13 of the law of 20 December 2002.
DATAFLOW,LU1:DF_B3102(1.2),"Employment in the Luxembourg credit institutions, financial sector professionals and managment companies",I,A,Annual,C02,Financial sector professionals,SL09,Women,2004,,2122,,,,0,Zero,,,N01,Data may vary from CSSF annual reports due to reporting deadlines or winding-up procedures.,,,C02,"FSP include specialised financial sector professionals, support financial sector professionals and investment firms",,,spec,- Situation at the end of period.   - Management companies acording to Chapter 13 of the law of 20 December 2002.
DATAFLOW,LU1:DF_B3102(1.2),"Employment in the Luxembourg credit institutions, financial sector professionals and managment companies",I,A,Annual,C02,Financial sector professionals,SL09,Women,2005,,2122,,,,0,Zero,,,N01,Data may vary from CSSF annual reports due to reporting deadlines or winding-up procedures.,,,C02,"FSP include specialised financial sector professionals, support financial sector professionals and investment firms",,,spec,- Situation at the end of period.   - Management companies acording to Chapter 13 of the law of 20 December 2002.
DATAFLOW,LU1:DF_B3102(1.2),"Employment in the Luxembourg credit institutions, financial sector professionals and managment companies",I,A,Annual,C02,Financial sector professionals,SL09,Women,2006,,2698,,,,0,Zero,,,N01,Data may vary from CSSF annual reports due to reporting deadlines or winding-up procedures.,,,C02,"FSP include specialised financial sector professionals, support financial sector professionals and investment firms",,,spec,- Situation at the end of period.   - Management companies acording to Chapter 13 of the law of 20 December 2002.
DATAFLOW,LU1:DF_B3102(1.2),"Employment in the Luxembourg credit institutions, financial sector professionals and managment companies",I,A,Annual,C02,Financial sector professionals,SL09,Women,2007,,3526,,,,0,Zero,,,N01,Data may vary from CSSF annual reports due to reporting deadlines or winding-up procedures.,,,C02,"FSP include specialised financial sector professionals, support financial sector professionals and investment firms",,,spec,- Situation at the end of period.   - Management companies acording to Chapter 13 of the law of 20 December 2002.
DATAFLOW,LU1:DF_B3102(1.2),"Employment in the Luxembourg credit institutions, financial sector professionals and managment companies",I,A,Annual,C02,Financial sector professionals,SL09,Women,2008,,3882,,,,0,Zero,,,N01,Data may vary from CSSF annual reports due to reporting deadlines or winding-up procedures.,,,C02,"FSP include specialised financial sector professionals, support financial sector professionals and investment firms",,,spec,- Situation at the end of period.   - Management companies acording to Chapter 13 of the law of 20 December 2002.
DATAFLOW,LU1:DF_B3102(1.2),"Employment in the Luxembourg credit institutions, financial sector professionals and managment companies",I,A,Annual,C02,Financial sector professionals,SL09,Women,2009,,3964,,,,0,Zero,,,N01,Data may vary from CSSF annual reports due to reporting deadlines or winding-up procedures.,,,C02,"FSP include specialised financial sector professionals, support financial sector professionals and investment firms",,,spec,- Situation at the end of period.   - Management companies acording to Chapter 13 of the law of 20 December 2002.
DATAFLOW,LU1:DF_B3102(1.2),"Employment in the Luxembourg credit institutions, financial sector professionals and managment companies",I,A,Annual,C02,Financial sector professionals,SL09,Women,2010,,4240,,,,0,Zero,,,N01,Data may vary from CSSF annual reports due to reporting deadlines or winding-up procedures.,,,C02,"FSP include specialised financial sector professionals, support financial sector professionals and investment firms",,,spec,- Situation at the end of period.   - Management companies acording to Chapter 13 of the law of 20 December 2002.
DATAFLOW,LU1:DF_B3102(1.2),"Employment in the Luxembourg credit institutions, financial sector professionals and managment companies",I,A,Annual,C02,Financial sector professionals,SL09,Women,2011,,3990,,,,0,Zero,,,N01,Data may vary from CSSF annual reports due to reporting deadlines or winding-up procedures.,,,C02,"FSP include specialised financial sector professionals, support financial sector professionals and investment firms",,,spec,- Situation at the end of period.   - Management companies acording to Chapter 13 of the law of 20 December 2002.
DATAFLOW,LU1:DF_B3102(1.2),"Employment in the Luxembourg credit institutions, financial sector professionals and managment companies",I,A,Annual,C02,Financial sector professionals,SL09,Women,2012,,4221,,,,0,Zero,,,N01,Data may vary from CSSF annual reports due to reporting deadlines or winding-up procedures.,,,C02,"FSP include specialised financial sector professionals, support financial sector professionals and investment firms",,,spec,- Situation at the end of period.   - Management companies acording to Chapter 13 of the law of 20 December 2002.
DATAFLOW,LU1:DF_B3102(1.2),"Employment in the Luxembourg credit institutions, financial sector professionals and managment companies",I,A,Annual,C02,Financial sector professionals,SL09,Women,2013,,4181,,,,0,Zero,,,N01,Data may vary from CSSF annual reports due to reporting deadlines or winding-up procedures.,,,C02,"FSP include specialised financial sector professionals, support financial sector professionals and investment firms",,,spec,- Situation at the end of period.   - Management companies acording to Chapter 13 of the law of 20 December 2002.
DATAFLOW,LU1:DF_B3102(1.2),"Employment in the Luxembourg credit institutions, financial sector professionals and managment companies",I,A,Annual,C02,Financial sector professionals,SL09,Women,2014,,,,l,Not available,0,Zero,,,N01,Data may vary from CSSF annual reports due to reporting deadlines or winding-up procedures.,,,C02,"FSP include specialised financial sector professionals, support financial sector professionals and investment firms",,,spec,- Situation at the end of period.   - Management companies acording to Chapter 13 of the law of 20 December 2002.
DATAFLOW,LU1:DF_B3102(1.2),"Employment in the Luxembourg credit institutions, financial sector professionals and managment companies",I,A,Annual,C02,Financial sector professionals,SL09,Women,2015,,,,l,Not available,0,Zero,,,N01,Data may vary from CSSF annual reports due to reporting deadlines or winding-up procedures.,,,C02,"FSP include specialised financial sector professionals, support financial sector professionals and investment firms",,,spec,- Situation at the end of period.   - Management companies acording to Chapter 13 of the law of 20 December 2002.
DATAFLOW,LU1:DF_B3102(1.2),"Employment in the Luxembourg credit institutions, financial sector professionals and managment companies",I,A,Annual,C02,Financial sector professionals,SL09,Women,2016,,,,l,Not available,0,Zero,,,N01,Data may vary from CSSF annual reports due to reporting deadlines or winding-up procedures.,,,C02,"FSP include specialised financial sector professionals, support financial sector professionals and investment firms",,,spec,- Situation at the end of period.   - Management companies acording to Chapter 13 of the law of 20 December 2002.
DATAFLOW,LU1:DF_B3102(1.2),"Employment in the Luxembourg credit institutions, financial sector professionals and managment companies",I,A,Annual,C02,Financial sector professionals,SL09,Women,2017,,,,l,Not available,0,Zero,,,N01,Data may vary from CSSF annual reports due to reporting deadlines or winding-up procedures.,,,C02,"FSP include specialised financial sector professionals, support financial sector professionals and investment firms",,,spec,- Situation at the end of period.   - Management companies acording to Chapter 13 of the law of 20 December 2002.
DATAFLOW,LU1:DF_B3102(1.2),"Employment in the Luxembourg credit institutions, financial sector professionals and managment companies",I,A,Annual,C02,Financial sector professionals,SL09,Women,2018,,,,l,Not available,0,Zero,,,N01,Data may vary from CSSF annual reports due to reporting deadlines or winding-up procedures.,,,C02,"FSP include specialised financial sector professionals, support financial sector professionals and investment firms",,,spec,- Situation at the end of period.   - Management companies acording to Chapter 13 of the law of 20 December 2002.
DATAFLOW,LU1:DF_B3102(1.2),"Employment in the Luxembourg credit institutions, financial sector professionals and managment companies",I,A,Annual,C02,Financial sector professionals,SL09,Women,2019,,,,l,Not available,0,Zero,,,N01,Data may vary from CSSF annual reports due to reporting deadlines or winding-up procedures.,,,C02,"FSP include specialised financial sector professionals, support financial sector professionals and investment firms",,,spec,- Situation at the end of period.   - Management companies acording to Chapter 13 of the law of 20 December 2002.
DATAFLOW,LU1:DF_B3102(1.2),"Employment in the Luxembourg credit institutions, financial sector professionals and managment companies",I,A,Annual,C02,Financial sector professionals,SL09,Women,2020,,,,l,Not available,0,Zero,,,N01,Data may vary from CSSF annual reports due to reporting deadlines or winding-up procedures.,,,C02,"FSP include specialised financial sector professionals, support financial sector professionals and investment firms",,,spec,- Situation at the end of period.   - Management companies acording to Chapter 13 of the law of 20 December 2002.
DATAFLOW,LU1:DF_B3102(1.2),"Employment in the Luxembourg credit institutions, financial sector professionals and managment companies",I,A,Annual,C02,Financial sector professionals,SL09,Women,2021,,,,l,Not available,0,Zero,,,N01,Data may vary from CSSF annual reports due to reporting deadlines or winding-up procedures.,,,C02,"FSP include specialised financial sector professionals, support financial sector professionals and investment firms",,,spec,- Situation at the end of period.   - Management companies acording to Chapter 13 of the law of 20 December 2002.
DATAFLOW,LU1:DF_B3102(1.2),"Employment in the Luxembourg credit institutions, financial sector professionals and managment companies",I,A,Annual,C02,Financial sector professionals,SL09,Women,2022,,,,l,Not available,0,Zero,,,N01,Data may vary from CSSF annual reports due to reporting deadlines or winding-up procedures.,,,C02,"FSP include specialised financial sector professionals, support financial sector professionals and investment firms",,,spec,- Situation at the end of period.   - Management companies acording to Chapter 13 of the law of 20 December 2002.
DATAFLOW,LU1:DF_B3102(1.2),"Employment in the Luxembourg credit institutions, financial sector professionals and managment companies",I,A,Annual,C02,Financial sector professionals,SL09,Women,2023,,,,l,Not available,0,Zero,,,N01,Data may vary from CSSF annual reports due to reporting deadlines or winding-up procedures.,,,C02,"FSP include specialised financial sector professionals, support financial sector professionals and investment firms",,,spec,- Situation at the end of period.   - Management companies acording to Chapter 13 of the law of 20 December 2002.
DATAFLOW,LU1:DF_B3102(1.2),"Employment in the Luxembourg credit institutions, financial sector professionals and managment companies",I,A,Annual,C02,Financial sector professionals,SL09,Women,2024,,,,l,Not available,0,Zero,,,N01,Data may vary from CSSF annual reports due to reporting deadlines or winding-up procedures.,,,C02,"FSP include specialised financial sector professionals, support financial sector professionals and investment firms",,,spec,- Situation at the end of period.   - Management companies acording to Chapter 13 of the law of 20 December 2002.
DATAFLOW,LU1:DF_B3102(1.2),"Employment in the Luxembourg credit institutions, financial sector professionals and managment companies",I,A,Annual,C02,Financial sector professionals,SL09,Women,2025,,,,l,Not available,0,Zero,,,N01,Data may vary from CSSF annual reports due to reporting deadlines or winding-up procedures.,,,C02,"FSP include specialised financial sector professionals, support financial sector professionals and investment firms",,,spec,- Situation at the end of period.   - Management companies acording to Chapter 13 of the law of 20 December 2002.
DATAFLOW,LU1:DF_B3102(1.2),"Employment in the Luxembourg credit institutions, financial sector professionals and managment companies",I,A,Annual,C04,Investment fund managers,SL03,Women,1999,,,,z,Not applicable,0,Zero,,,N01,Data may vary from CSSF annual reports due to reporting deadlines or winding-up procedures.,,,C03,"Since 2019, CSSF uses the concept of ""investment fund managers"" (authorised IFMs include the following fund managers: management companies governed by chapter 15 of the law of 17 December 2010 on undertakings for collective investment, authorised alternative investment fund managers (AIFMs) governed by the law of 12 July 2013 on alternative investment fund managers) and has adjusted the calculation of the statistics accordingly.",,,spec,- Situation at the end of period.   - Management companies acording to Chapter 13 of the law of 20 December 2002.
DATAFLOW,LU1:DF_B3102(1.2),"Employment in the Luxembourg credit institutions, financial sector professionals and managment companies",I,A,Annual,C04,Investment fund managers,SL03,Women,2000,,,,z,Not applicable,0,Zero,,,N01,Data may vary from CSSF annual reports due to reporting deadlines or winding-up procedures.,,,C03,"Since 2019, CSSF uses the concept of ""investment fund managers"" (authorised IFMs include the following fund managers: management companies governed by chapter 15 of the law of 17 December 2010 on undertakings for collective investment, authorised alternative investment fund managers (AIFMs) governed by the law of 12 July 2013 on alternative investment fund managers) and has adjusted the calculation of the statistics accordingly.",,,spec,- Situation at the end of period.   - Management companies acording to Chapter 13 of the law of 20 December 2002.
DATAFLOW,LU1:DF_B3102(1.2),"Employment in the Luxembourg credit institutions, financial sector professionals and managment companies",I,A,Annual,C04,Investment fund managers,SL03,Women,2001,,,,z,Not applicable,0,Zero,,,N01,Data may vary from CSSF annual reports due to reporting deadlines or winding-up procedures.,,,C03,"Since 2019, CSSF uses the concept of ""investment fund managers"" (authorised IFMs include the following fund managers: management companies governed by chapter 15 of the law of 17 December 2010 on undertakings for collective investment, authorised alternative investment fund managers (AIFMs) governed by the law of 12 July 2013 on alternative investment fund managers) and has adjusted the calculation of the statistics accordingly.",,,spec,- Situation at the end of period.   - Management companies acording to Chapter 13 of the law of 20 December 2002.
DATAFLOW,LU1:DF_B3102(1.2),"Employment in the Luxembourg credit institutions, financial sector professionals and managment companies",I,A,Annual,C04,Investment fund managers,SL03,Women,2002,,,,z,Not applicable,0,Zero,,,N01,Data may vary from CSSF annual reports due to reporting deadlines or winding-up procedures.,,,C03,"Since 2019, CSSF uses the concept of ""investment fund managers"" (authorised IFMs include the following fund managers: management companies governed by chapter 15 of the law of 17 December 2010 on undertakings for collective investment, authorised alternative investment fund managers (AIFMs) governed by the law of 12 July 2013 on alternative investment fund managers) and has adjusted the calculation of the statistics accordingly.",,,spec,- Situation at the end of period.   - Management companies acording to Chapter 13 of the law of 20 December 2002.
DATAFLOW,LU1:DF_B3102(1.2),"Employment in the Luxembourg credit institutions, financial sector professionals and managment companies",I,A,Annual,C04,Investment fund managers,SL03,Women,2003,,,,z,Not applicable,0,Zero,,,N01,Data may vary from CSSF annual reports due to reporting deadlines or winding-up procedures.,,,C03,"Since 2019, CSSF uses the concept of ""investment fund managers"" (authorised IFMs include the following fund managers: management companies governed by chapter 15 of the law of 17 December 2010 on undertakings for collective investment, authorised alternative investment fund managers (AIFMs) governed by the law of 12 July 2013 on alternative investment fund managers) and has adjusted the calculation of the statistics accordingly.",,,spec,- Situation at the end of period.   - Management companies acording to Chapter 13 of the law of 20 December 2002.
DATAFLOW,LU1:DF_B3102(1.2),"Employment in the Luxembourg credit institutions, financial sector professionals and managment companies",I,A,Annual,C04,Investment fund managers,SL03,Women,2004,,,,z,Not applicable,0,Zero,,,N01,Data may vary from CSSF annual reports due to reporting deadlines or winding-up procedures.,,,C03,"Since 2019, CSSF uses the concept of ""investment fund managers"" (authorised IFMs include the following fund managers: management companies governed by chapter 15 of the law of 17 December 2010 on undertakings for collective investment, authorised alternative investment fund managers (AIFMs) governed by the law of 12 July 2013 on alternative investment fund managers) and has adjusted the calculation of the statistics accordingly.",,,spec,- Situation at the end of period.   - Management companies acording to Chapter 13 of the law of 20 December 2002.
DATAFLOW,LU1:DF_B3102(1.2),"Employment in the Luxembourg credit institutions, financial sector professionals and managment companies",I,A,Annual,C04,Investment fund managers,SL03,Women,2005,,,,z,Not applicable,0,Zero,,,N01,Data may vary from CSSF annual reports due to reporting deadlines or winding-up procedures.,,,C03,"Since 2019, CSSF uses the concept of ""investment fund managers"" (authorised IFMs include the following fund managers: management companies governed by chapter 15 of the law of 17 December 2010 on undertakings for collective investment, authorised alternative investment fund managers (AIFMs) governed by the law of 12 July 2013 on alternative investment fund managers) and has adjusted the calculation of the statistics accordingly.",,,spec,- Situation at the end of period.   - Management companies acording to Chapter 13 of the law of 20 December 2002.
DATAFLOW,LU1:DF_B3102(1.2),"Employment in the Luxembourg credit institutions, financial sector professionals and managment companies",I,A,Annual,C04,Investment fund managers,SL03,Women,2006,,,,z,Not applicable,0,Zero,,,N01,Data may vary from CSSF annual reports due to reporting deadlines or winding-up procedures.,,,C03,"Since 2019, CSSF uses the concept of ""investment fund managers"" (authorised IFMs include the following fund managers: management companies governed by chapter 15 of the law of 17 December 2010 on undertakings for collective investment, authorised alternative investment fund managers (AIFMs) governed by the law of 12 July 2013 on alternative investment fund managers) and has adjusted the calculation of the statistics accordingly.",,,spec,- Situation at the end of period.   - Management companies acording to Chapter 13 of the law of 20 December 2002.
DATAFLOW,LU1:DF_B3102(1.2),"Employment in the Luxembourg credit institutions, financial sector professionals and managment companies",I,A,Annual,C04,Investment fund managers,SL03,Women,2007,,,,z,Not applicable,0,Zero,,,N01,Data may vary from CSSF annual reports due to reporting deadlines or winding-up procedures.,,,C03,"Since 2019, CSSF uses the concept of ""investment fund managers"" (authorised IFMs include the following fund managers: management companies governed by chapter 15 of the law of 17 December 2010 on undertakings for collective investment, authorised alternative investment fund managers (AIFMs) governed by the law of 12 July 2013 on alternative investment fund managers) and has adjusted the calculation of the statistics accordingly.",,,spec,- Situation at the end of period.   - Management companies acording to Chapter 13 of the law of 20 December 2002.
DATAFLOW,LU1:DF_B3102(1.2),"Employment in the Luxembourg credit institutions, financial sector professionals and managment companies",I,A,Annual,C04,Investment fund managers,SL03,Women,2008,,,,z,Not applicable,0,Zero,,,N01,Data may vary from CSSF annual reports due to reporting deadlines or winding-up procedures.,,,C03,"Since 2019, CSSF uses the concept of ""investment fund managers"" (authorised IFMs include the following fund managers: management companies governed by chapter 15 of the law of 17 December 2010 on undertakings for collective investment, authorised alternative investment fund managers (AIFMs) governed by the law of 12 July 2013 on alternative investment fund managers) and has adjusted the calculation of the statistics accordingly.",,,spec,- Situation at the end of period.   - Management companies acording to Chapter 13 of the law of 20 December 2002.
DATAFLOW,LU1:DF_B3102(1.2),"Employment in the Luxembourg credit institutions, financial sector professionals and managment companies",I,A,Annual,C04,Investment fund managers,SL03,Women,2009,,,,z,Not applicable,0,Zero,,,N01,Data may vary from CSSF annual reports due to reporting deadlines or winding-up procedures.,,,C03,"Since 2019, CSSF uses the concept of ""investment fund managers"" (authorised IFMs include the following fund managers: management companies governed by chapter 15 of the law of 17 December 2010 on undertakings for collective investment, authorised alternative investment fund managers (AIFMs) governed by the law of 12 July 2013 on alternative investment fund managers) and has adjusted the calculation of the statistics accordingly.",,,spec,- Situation at the end of period.   - Management companies acording to Chapter 13 of the law of 20 December 2002.
DATAFLOW,LU1:DF_B3102(1.2),"Employment in the Luxembourg credit institutions, financial sector professionals and managment companies",I,A,Annual,C04,Investment fund managers,SL03,Women,2010,,,,z,Not applicable,0,Zero,,,N01,Data may vary from CSSF annual reports due to reporting deadlines or winding-up procedures.,,,C03,"Since 2019, CSSF uses the concept of ""investment fund managers"" (authorised IFMs include the following fund managers: management companies governed by chapter 15 of the law of 17 December 2010 on undertakings for collective investment, authorised alternative investment fund managers (AIFMs) governed by the law of 12 July 2013 on alternative investment fund managers) and has adjusted the calculation of the statistics accordingly.",,,spec,- Situation at the end of period.   - Management companies acording to Chapter 13 of the law of 20 December 2002.
DATAFLOW,LU1:DF_B3102(1.2),"Employment in the Luxembourg credit institutions, financial sector professionals and managment companies",I,A,Annual,C04,Investment fund managers,SL03,Women,2011,,,,z,Not applicable,0,Zero,,,N01,Data may vary from CSSF annual reports due to reporting deadlines or winding-up procedures.,,,C03,"Since 2019, CSSF uses the concept of ""investment fund managers"" (authorised IFMs include the following fund managers: management companies governed by chapter 15 of the law of 17 December 2010 on undertakings for collective investment, authorised alternative investment fund managers (AIFMs) governed by the law of 12 July 2013 on alternative investment fund managers) and has adjusted the calculation of the statistics accordingly.",,,spec,- Situation at the end of period.   - Management companies acording to Chapter 13 of the law of 20 December 2002.
DATAFLOW,LU1:DF_B3102(1.2),"Employment in the Luxembourg credit institutions, financial sector professionals and managment companies",I,A,Annual,C04,Investment fund managers,SL03,Women,2012,,,,z,Not applicable,0,Zero,,,N01,Data may vary from CSSF annual reports due to reporting deadlines or winding-up procedures.,,,C03,"Since 2019, CSSF uses the concept of ""investment fund managers"" (authorised IFMs include the following fund managers: management companies governed by chapter 15 of the law of 17 December 2010 on undertakings for collective investment, authorised alternative investment fund managers (AIFMs) governed by the law of 12 July 2013 on alternative investment fund managers) and has adjusted the calculation of the statistics accordingly.",,,spec,- Situation at the end of period.   - Management companies acording to Chapter 13 of the law of 20 December 2002.
DATAFLOW,LU1:DF_B3102(1.2),"Employment in the Luxembourg credit institutions, financial sector professionals and managment companies",I,A,Annual,C04,Investment fund managers,SL03,Women,2013,,,,z,Not applicable,0,Zero,,,N01,Data may vary from CSSF annual reports due to reporting deadlines or winding-up procedures.,,,C03,"Since 2019, CSSF uses the concept of ""investment fund managers"" (authorised IFMs include the following fund managers: management companies governed by chapter 15 of the law of 17 December 2010 on undertakings for collective investment, authorised alternative investment fund managers (AIFMs) governed by the law of 12 July 2013 on alternative investment fund managers) and has adjusted the calculation of the statistics accordingly.",,,spec,- Situation at the end of period.   - Management companies acording to Chapter 13 of the law of 20 December 2002.
DATAFLOW,LU1:DF_B3102(1.2),"Employment in the Luxembourg credit institutions, financial sector professionals and managment companies",I,A,Annual,C04,Investment fund managers,SL03,Women,2014,,,,z,Not applicable,0,Zero,,,N01,Data may vary from CSSF annual reports due to reporting deadlines or winding-up procedures.,,,C03,"Since 2019, CSSF uses the concept of ""investment fund managers"" (authorised IFMs include the following fund managers: management companies governed by chapter 15 of the law of 17 December 2010 on undertakings for collective investment, authorised alternative investment fund managers (AIFMs) governed by the law of 12 July 2013 on alternative investment fund managers) and has adjusted the calculation of the statistics accordingly.",,,spec,- Situation at the end of period.   - Management companies acording to Chapter 13 of the law of 20 December 2002.
DATAFLOW,LU1:DF_B3102(1.2),"Employment in the Luxembourg credit institutions, financial sector professionals and managment companies",I,A,Annual,C04,Investment fund managers,SL03,Women,2015,,,,z,Not applicable,0,Zero,,,N01,Data may vary from CSSF annual reports due to reporting deadlines or winding-up procedures.,,,C03,"Since 2019, CSSF uses the concept of ""investment fund managers"" (authorised IFMs include the following fund managers: management companies governed by chapter 15 of the law of 17 December 2010 on undertakings for collective investment, authorised alternative investment fund managers (AIFMs) governed by the law of 12 July 2013 on alternative investment fund managers) and has adjusted the calculation of the statistics accordingly.",,,spec,- Situation at the end of period.   - Management companies acording to Chapter 13 of the law of 20 December 2002.
DATAFLOW,LU1:DF_B3102(1.2),"Employment in the Luxembourg credit institutions, financial sector professionals and managment companies",I,A,Annual,C04,Investment fund managers,SL03,Women,2016,,,,z,Not applicable,0,Zero,,,N01,Data may vary from CSSF annual reports due to reporting deadlines or winding-up procedures.,,,C03,"Since 2019, CSSF uses the concept of ""investment fund managers"" (authorised IFMs include the following fund managers: management companies governed by chapter 15 of the law of 17 December 2010 on undertakings for collective investment, authorised alternative investment fund managers (AIFMs) governed by the law of 12 July 2013 on alternative investment fund managers) and has adjusted the calculation of the statistics accordingly.",,,spec,- Situation at the end of period.   - Management companies acording to Chapter 13 of the law of 20 December 2002.
DATAFLOW,LU1:DF_B3102(1.2),"Employment in the Luxembourg credit institutions, financial sector professionals and managment companies",I,A,Annual,C04,Investment fund managers,SL03,Women,2017,,,,z,Not applicable,0,Zero,,,N01,Data may vary from CSSF annual reports due to reporting deadlines or winding-up procedures.,,,C03,"Since 2019, CSSF uses the concept of ""investment fund managers"" (authorised IFMs include the following fund managers: management companies governed by chapter 15 of the law of 17 December 2010 on undertakings for collective investment, authorised alternative investment fund managers (AIFMs) governed by the law of 12 July 2013 on alternative investment fund managers) and has adjusted the calculation of the statistics accordingly.",,,spec,- Situation at the end of period.   - Management companies acording to Chapter 13 of the law of 20 December 2002.
DATAFLOW,LU1:DF_B3102(1.2),"Employment in the Luxembourg credit institutions, financial sector professionals and managment companies",I,A,Annual,C04,Investment fund managers,SL03,Women,2018,,,,z,Not applicable,0,Zero,,,N01,Data may vary from CSSF annual reports due to reporting deadlines or winding-up procedures.,,,C03,"Since 2019, CSSF uses the concept of ""investment fund managers"" (authorised IFMs include the following fund managers: management companies governed by chapter 15 of the law of 17 December 2010 on undertakings for collective investment, authorised alternative investment fund managers (AIFMs) governed by the law of 12 July 2013 on alternative investment fund managers) and has adjusted the calculation of the statistics accordingly.",,,spec,- Situation at the end of period.   - Management companies acording to Chapter 13 of the law of 20 December 2002.
DATAFLOW,LU1:DF_B3102(1.2),"Employment in the Luxembourg credit institutions, financial sector professionals and managment companies",I,A,Annual,C04,Investment fund managers,SL03,Women,2019,,2580,,,,0,Zero,,,N01,Data may vary from CSSF annual reports due to reporting deadlines or winding-up procedures.,,,C03,"Since 2019, CSSF uses the concept of ""investment fund managers"" (authorised IFMs include the following fund managers: management companies governed by chapter 15 of the law of 17 December 2010 on undertakings for collective investment, authorised alternative investment fund managers (AIFMs) governed by the law of 12 July 2013 on alternative investment fund managers) and has adjusted the calculation of the statistics accordingly.",,,spec,- Situation at the end of period.   - Management companies acording to Chapter 13 of the law of 20 December 2002.
DATAFLOW,LU1:DF_B3102(1.2),"Employment in the Luxembourg credit institutions, financial sector professionals and managment companies",I,A,Annual,C04,Investment fund managers,SL03,Women,2020,,2646,,,,0,Zero,,,N01,Data may vary from CSSF annual reports due to reporting deadlines or winding-up procedures.,,,C03,"Since 2019, CSSF uses the concept of ""investment fund managers"" (authorised IFMs include the following fund managers: management companies governed by chapter 15 of the law of 17 December 2010 on undertakings for collective investment, authorised alternative investment fund managers (AIFMs) governed by the law of 12 July 2013 on alternative investment fund managers) and has adjusted the calculation of the statistics accordingly.",,,spec,- Situation at the end of period.   - Management companies acording to Chapter 13 of the law of 20 December 2002.
DATAFLOW,LU1:DF_B3102(1.2),"Employment in the Luxembourg credit institutions, financial sector professionals and managment companies",I,A,Annual,C04,Investment fund managers,SL03,Women,2021,,2869,,,,0,Zero,,,N01,Data may vary from CSSF annual reports due to reporting deadlines or winding-up procedures.,,,C03,"Since 2019, CSSF uses the concept of ""investment fund managers"" (authorised IFMs include the following fund managers: management companies governed by chapter 15 of the law of 17 December 2010 on undertakings for collective investment, authorised alternative investment fund managers (AIFMs) governed by the law of 12 July 2013 on alternative investment fund managers) and has adjusted the calculation of the statistics accordingly.",,,spec,- Situation at the end of period.   - Management companies acording to Chapter 13 of the law of 20 December 2002.
DATAFLOW,LU1:DF_B3102(1.2),"Employment in the Luxembourg credit institutions, financial sector professionals and managment companies",I,A,Annual,C04,Investment fund managers,SL03,Women,2022,,3155,,,,0,Zero,,,N01,Data may vary from CSSF annual reports due to reporting deadlines or winding-up procedures.,,,C03,"Since 2019, CSSF uses the concept of ""investment fund managers"" (authorised IFMs include the following fund managers: management companies governed by chapter 15 of the law of 17 December 2010 on undertakings for collective investment, authorised alternative investment fund managers (AIFMs) governed by the law of 12 July 2013 on alternative investment fund managers) and has adjusted the calculation of the statistics accordingly.",,,spec,- Situation at the end of period.   - Management companies acording to Chapter 13 of the law of 20 December 2002.
DATAFLOW,LU1:DF_B3102(1.2),"Employment in the Luxembourg credit institutions, financial sector professionals and managment companies",I,A,Annual,C04,Investment fund managers,SL03,Women,2023,,3418,,,,0,Zero,,,N01,Data may vary from CSSF annual reports due to reporting deadlines or winding-up procedures.,,,C03,"Since 2019, CSSF uses the concept of ""investment fund managers"" (authorised IFMs include the following fund managers: management companies governed by chapter 15 of the law of 17 December 2010 on undertakings for collective investment, authorised alternative investment fund managers (AIFMs) governed by the law of 12 July 2013 on alternative investment fund managers) and has adjusted the calculation of the statistics accordingly.",,,spec,- Situation at the end of period.   - Management companies acording to Chapter 13 of the law of 20 December 2002.
DATAFLOW,LU1:DF_B3102(1.2),"Employment in the Luxembourg credit institutions, financial sector professionals and managment companies",I,A,Annual,C04,Investment fund managers,SL03,Women,2024,,3419,,,,0,Zero,,,N01,Data may vary from CSSF annual reports due to reporting deadlines or winding-up procedures.,,,C03,"Since 2019, CSSF uses the concept of ""investment fund managers"" (authorised IFMs include the following fund managers: management companies governed by chapter 15 of the law of 17 December 2010 on undertakings for collective investment, authorised alternative investment fund managers (AIFMs) governed by the law of 12 July 2013 on alternative investment fund managers) and has adjusted the calculation of the statistics accordingly.",,,spec,- Situation at the end of period.   - Management companies acording to Chapter 13 of the law of 20 December 2002.
DATAFLOW,LU1:DF_B3102(1.2),"Employment in the Luxembourg credit institutions, financial sector professionals and managment companies",I,A,Annual,C04,Investment fund managers,SL03,Women,2025,,3446,,,,0,Zero,,,N01,Data may vary from CSSF annual reports due to reporting deadlines or winding-up procedures.,,,C03,"Since 2019, CSSF uses the concept of ""investment fund managers"" (authorised IFMs include the following fund managers: management companies governed by chapter 15 of the law of 17 December 2010 on undertakings for collective investment, authorised alternative investment fund managers (AIFMs) governed by the law of 12 July 2013 on alternative investment fund managers) and has adjusted the calculation of the statistics accordingly.",,,spec,- Situation at the end of period.   - Management companies acording to Chapter 13 of the law of 20 December 2002.
