STRUCTURE,STRUCTURE_ID,STRUCTURE_NAME,ACTION,UNIT_MEASURE,Unit of measure,MEASURE,Measure,FREQ,Frequency,SEX,Sex,ACTIVITY,Economic activity (NACE Rev.2),ADJUSTMENT,Adjustment,RESIDENCE,Place of residence,TIME_PERIOD,Time period,OBS_VALUE,Observation value,UNIT_MULT,Unit multiplier,OBS_STATUS,Observation status,DECIMALS,Decimals,COMMENT_TS_NACE,Comments on the time series NACE
DATAFLOW,LU1:DSD_EMPLOI_SAL@DF_B3000(1.0),Domestic payroll employment by economic activity,I,PERS,Persons,SAL_INT,Domestic payroll employment,Q,Quarterly,_Z,Not applicable,_T,Total - all NACE activities,N,Neither seasonally adjusted nor calendar adjusted data,_Z,Not applicable,1995-Q1,,195188,,0,Units,,,0,Zero,,
DATAFLOW,LU1:DSD_EMPLOI_SAL@DF_B3000(1.0),Domestic payroll employment by economic activity,I,PERS,Persons,SAL_INT,Domestic payroll employment,Q,Quarterly,_Z,Not applicable,_T,Total - all NACE activities,N,Neither seasonally adjusted nor calendar adjusted data,_Z,Not applicable,1995-Q2,,197989,,0,Units,,,0,Zero,,
DATAFLOW,LU1:DSD_EMPLOI_SAL@DF_B3000(1.0),Domestic payroll employment by economic activity,I,PERS,Persons,SAL_INT,Domestic payroll employment,Q,Quarterly,_Z,Not applicable,_T,Total - all NACE activities,N,Neither seasonally adjusted nor calendar adjusted data,_Z,Not applicable,1995-Q3,,201864,,0,Units,,,0,Zero,,
DATAFLOW,LU1:DSD_EMPLOI_SAL@DF_B3000(1.0),Domestic payroll employment by economic activity,I,PERS,Persons,SAL_INT,Domestic payroll employment,Q,Quarterly,_Z,Not applicable,_T,Total - all NACE activities,N,Neither seasonally adjusted nor calendar adjusted data,_Z,Not applicable,1995-Q4,,203236,,0,Units,,,0,Zero,,
DATAFLOW,LU1:DSD_EMPLOI_SAL@DF_B3000(1.0),Domestic payroll employment by economic activity,I,PERS,Persons,SAL_INT,Domestic payroll employment,Q,Quarterly,_Z,Not applicable,_T,Total - all NACE activities,N,Neither seasonally adjusted nor calendar adjusted data,_Z,Not applicable,1996-Q1,,203073,,0,Units,,,0,Zero,,
DATAFLOW,LU1:DSD_EMPLOI_SAL@DF_B3000(1.0),Domestic payroll employment by economic activity,I,PERS,Persons,SAL_INT,Domestic payroll employment,Q,Quarterly,_Z,Not applicable,_T,Total - all NACE activities,N,Neither seasonally adjusted nor calendar adjusted data,_Z,Not applicable,1996-Q2,,205069,,0,Units,,,0,Zero,,
DATAFLOW,LU1:DSD_EMPLOI_SAL@DF_B3000(1.0),Domestic payroll employment by economic activity,I,PERS,Persons,SAL_INT,Domestic payroll employment,Q,Quarterly,_Z,Not applicable,_T,Total - all NACE activities,N,Neither seasonally adjusted nor calendar adjusted data,_Z,Not applicable,1996-Q3,,205223,,0,Units,,,0,Zero,,
DATAFLOW,LU1:DSD_EMPLOI_SAL@DF_B3000(1.0),Domestic payroll employment by economic activity,I,PERS,Persons,SAL_INT,Domestic payroll employment,Q,Quarterly,_Z,Not applicable,_T,Total - all NACE activities,N,Neither seasonally adjusted nor calendar adjusted data,_Z,Not applicable,1996-Q4,,205783,,0,Units,,,0,Zero,,
DATAFLOW,LU1:DSD_EMPLOI_SAL@DF_B3000(1.0),Domestic payroll employment by economic activity,I,PERS,Persons,SAL_INT,Domestic payroll employment,Q,Quarterly,_Z,Not applicable,_T,Total - all NACE activities,N,Neither seasonally adjusted nor calendar adjusted data,_Z,Not applicable,1997-Q1,,205648,,0,Units,,,0,Zero,,
DATAFLOW,LU1:DSD_EMPLOI_SAL@DF_B3000(1.0),Domestic payroll employment by economic activity,I,PERS,Persons,SAL_INT,Domestic payroll employment,Q,Quarterly,_Z,Not applicable,_T,Total - all NACE activities,N,Neither seasonally adjusted nor calendar adjusted data,_Z,Not applicable,1997-Q2,,210428,,0,Units,,,0,Zero,,
DATAFLOW,LU1:DSD_EMPLOI_SAL@DF_B3000(1.0),Domestic payroll employment by economic activity,I,PERS,Persons,SAL_INT,Domestic payroll employment,Q,Quarterly,_Z,Not applicable,_T,Total - all NACE activities,N,Neither seasonally adjusted nor calendar adjusted data,_Z,Not applicable,1997-Q3,,214080,,0,Units,,,0,Zero,,
DATAFLOW,LU1:DSD_EMPLOI_SAL@DF_B3000(1.0),Domestic payroll employment by economic activity,I,PERS,Persons,SAL_INT,Domestic payroll employment,Q,Quarterly,_Z,Not applicable,_T,Total - all NACE activities,N,Neither seasonally adjusted nor calendar adjusted data,_Z,Not applicable,1997-Q4,,217181,,0,Units,,,0,Zero,,
DATAFLOW,LU1:DSD_EMPLOI_SAL@DF_B3000(1.0),Domestic payroll employment by economic activity,I,PERS,Persons,SAL_INT,Domestic payroll employment,Q,Quarterly,_Z,Not applicable,_T,Total - all NACE activities,N,Neither seasonally adjusted nor calendar adjusted data,_Z,Not applicable,1998-Q1,,215698,,0,Units,,,0,Zero,,
DATAFLOW,LU1:DSD_EMPLOI_SAL@DF_B3000(1.0),Domestic payroll employment by economic activity,I,PERS,Persons,SAL_INT,Domestic payroll employment,Q,Quarterly,_Z,Not applicable,_T,Total - all NACE activities,N,Neither seasonally adjusted nor calendar adjusted data,_Z,Not applicable,1998-Q2,,221106,,0,Units,,,0,Zero,,
DATAFLOW,LU1:DSD_EMPLOI_SAL@DF_B3000(1.0),Domestic payroll employment by economic activity,I,PERS,Persons,SAL_INT,Domestic payroll employment,Q,Quarterly,_Z,Not applicable,_T,Total - all NACE activities,N,Neither seasonally adjusted nor calendar adjusted data,_Z,Not applicable,1998-Q3,,223713,,0,Units,,,0,Zero,,
DATAFLOW,LU1:DSD_EMPLOI_SAL@DF_B3000(1.0),Domestic payroll employment by economic activity,I,PERS,Persons,SAL_INT,Domestic payroll employment,Q,Quarterly,_Z,Not applicable,_T,Total - all NACE activities,N,Neither seasonally adjusted nor calendar adjusted data,_Z,Not applicable,1998-Q4,,226819,,0,Units,,,0,Zero,,
DATAFLOW,LU1:DSD_EMPLOI_SAL@DF_B3000(1.0),Domestic payroll employment by economic activity,I,PERS,Persons,SAL_INT,Domestic payroll employment,Q,Quarterly,_Z,Not applicable,_T,Total - all NACE activities,N,Neither seasonally adjusted nor calendar adjusted data,_Z,Not applicable,1999-Q1,,226209,,0,Units,,,0,Zero,,
DATAFLOW,LU1:DSD_EMPLOI_SAL@DF_B3000(1.0),Domestic payroll employment by economic activity,I,PERS,Persons,SAL_INT,Domestic payroll employment,Q,Quarterly,_Z,Not applicable,_T,Total - all NACE activities,N,Neither seasonally adjusted nor calendar adjusted data,_Z,Not applicable,1999-Q2,,231448,,0,Units,,,0,Zero,,
DATAFLOW,LU1:DSD_EMPLOI_SAL@DF_B3000(1.0),Domestic payroll employment by economic activity,I,PERS,Persons,SAL_INT,Domestic payroll employment,Q,Quarterly,_Z,Not applicable,_T,Total - all NACE activities,N,Neither seasonally adjusted nor calendar adjusted data,_Z,Not applicable,1999-Q3,,234486,,0,Units,,,0,Zero,,
DATAFLOW,LU1:DSD_EMPLOI_SAL@DF_B3000(1.0),Domestic payroll employment by economic activity,I,PERS,Persons,SAL_INT,Domestic payroll employment,Q,Quarterly,_Z,Not applicable,_T,Total - all NACE activities,N,Neither seasonally adjusted nor calendar adjusted data,_Z,Not applicable,1999-Q4,,238503,,0,Units,,,0,Zero,,
DATAFLOW,LU1:DSD_EMPLOI_SAL@DF_B3000(1.0),Domestic payroll employment by economic activity,I,PERS,Persons,SAL_INT,Domestic payroll employment,Q,Quarterly,_Z,Not applicable,_T,Total - all NACE activities,N,Neither seasonally adjusted nor calendar adjusted data,_Z,Not applicable,2000-Q1,,239239,,0,Units,,,0,Zero,,
DATAFLOW,LU1:DSD_EMPLOI_SAL@DF_B3000(1.0),Domestic payroll employment by economic activity,I,PERS,Persons,SAL_INT,Domestic payroll employment,Q,Quarterly,_Z,Not applicable,_T,Total - all NACE activities,N,Neither seasonally adjusted nor calendar adjusted data,_Z,Not applicable,2000-Q2,,244247,,0,Units,,,0,Zero,,
DATAFLOW,LU1:DSD_EMPLOI_SAL@DF_B3000(1.0),Domestic payroll employment by economic activity,I,PERS,Persons,SAL_INT,Domestic payroll employment,Q,Quarterly,_Z,Not applicable,_T,Total - all NACE activities,N,Neither seasonally adjusted nor calendar adjusted data,_Z,Not applicable,2000-Q3,,247120,,0,Units,,,0,Zero,,
DATAFLOW,LU1:DSD_EMPLOI_SAL@DF_B3000(1.0),Domestic payroll employment by economic activity,I,PERS,Persons,SAL_INT,Domestic payroll employment,Q,Quarterly,_Z,Not applicable,_T,Total - all NACE activities,N,Neither seasonally adjusted nor calendar adjusted data,_Z,Not applicable,2000-Q4,,252313,,0,Units,,,0,Zero,,
DATAFLOW,LU1:DSD_EMPLOI_SAL@DF_B3000(1.0),Domestic payroll employment by economic activity,I,PERS,Persons,SAL_INT,Domestic payroll employment,Q,Quarterly,_Z,Not applicable,_T,Total - all NACE activities,N,Neither seasonally adjusted nor calendar adjusted data,_Z,Not applicable,2001-Q1,,255172,,0,Units,,,0,Zero,,
DATAFLOW,LU1:DSD_EMPLOI_SAL@DF_B3000(1.0),Domestic payroll employment by economic activity,I,PERS,Persons,SAL_INT,Domestic payroll employment,Q,Quarterly,_Z,Not applicable,_T,Total - all NACE activities,N,Neither seasonally adjusted nor calendar adjusted data,_Z,Not applicable,2001-Q2,,259336,,0,Units,,,0,Zero,,
DATAFLOW,LU1:DSD_EMPLOI_SAL@DF_B3000(1.0),Domestic payroll employment by economic activity,I,PERS,Persons,SAL_INT,Domestic payroll employment,Q,Quarterly,_Z,Not applicable,_T,Total - all NACE activities,N,Neither seasonally adjusted nor calendar adjusted data,_Z,Not applicable,2001-Q3,,261529,,0,Units,,,0,Zero,,
DATAFLOW,LU1:DSD_EMPLOI_SAL@DF_B3000(1.0),Domestic payroll employment by economic activity,I,PERS,Persons,SAL_INT,Domestic payroll employment,Q,Quarterly,_Z,Not applicable,_T,Total - all NACE activities,N,Neither seasonally adjusted nor calendar adjusted data,_Z,Not applicable,2001-Q4,,264491,,0,Units,,,0,Zero,,
DATAFLOW,LU1:DSD_EMPLOI_SAL@DF_B3000(1.0),Domestic payroll employment by economic activity,I,PERS,Persons,SAL_INT,Domestic payroll employment,Q,Quarterly,_Z,Not applicable,_T,Total - all NACE activities,N,Neither seasonally adjusted nor calendar adjusted data,_Z,Not applicable,2002-Q1,,265861,,0,Units,,,0,Zero,,
DATAFLOW,LU1:DSD_EMPLOI_SAL@DF_B3000(1.0),Domestic payroll employment by economic activity,I,PERS,Persons,SAL_INT,Domestic payroll employment,Q,Quarterly,_Z,Not applicable,_T,Total - all NACE activities,N,Neither seasonally adjusted nor calendar adjusted data,_Z,Not applicable,2002-Q2,,267586,,0,Units,,,0,Zero,,
DATAFLOW,LU1:DSD_EMPLOI_SAL@DF_B3000(1.0),Domestic payroll employment by economic activity,I,PERS,Persons,SAL_INT,Domestic payroll employment,Q,Quarterly,_Z,Not applicable,_T,Total - all NACE activities,N,Neither seasonally adjusted nor calendar adjusted data,_Z,Not applicable,2002-Q3,,267756,,0,Units,,,0,Zero,,
DATAFLOW,LU1:DSD_EMPLOI_SAL@DF_B3000(1.0),Domestic payroll employment by economic activity,I,PERS,Persons,SAL_INT,Domestic payroll employment,Q,Quarterly,_Z,Not applicable,_T,Total - all NACE activities,N,Neither seasonally adjusted nor calendar adjusted data,_Z,Not applicable,2002-Q4,,269880,,0,Units,,,0,Zero,,
DATAFLOW,LU1:DSD_EMPLOI_SAL@DF_B3000(1.0),Domestic payroll employment by economic activity,I,PERS,Persons,SAL_INT,Domestic payroll employment,Q,Quarterly,_Z,Not applicable,_T,Total - all NACE activities,N,Neither seasonally adjusted nor calendar adjusted data,_Z,Not applicable,2003-Q1,,270685,,0,Units,,,0,Zero,,
DATAFLOW,LU1:DSD_EMPLOI_SAL@DF_B3000(1.0),Domestic payroll employment by economic activity,I,PERS,Persons,SAL_INT,Domestic payroll employment,Q,Quarterly,_Z,Not applicable,_T,Total - all NACE activities,N,Neither seasonally adjusted nor calendar adjusted data,_Z,Not applicable,2003-Q2,,272888,,0,Units,,,0,Zero,,
DATAFLOW,LU1:DSD_EMPLOI_SAL@DF_B3000(1.0),Domestic payroll employment by economic activity,I,PERS,Persons,SAL_INT,Domestic payroll employment,Q,Quarterly,_Z,Not applicable,_T,Total - all NACE activities,N,Neither seasonally adjusted nor calendar adjusted data,_Z,Not applicable,2003-Q3,,273476,,0,Units,,,0,Zero,,
DATAFLOW,LU1:DSD_EMPLOI_SAL@DF_B3000(1.0),Domestic payroll employment by economic activity,I,PERS,Persons,SAL_INT,Domestic payroll employment,Q,Quarterly,_Z,Not applicable,_T,Total - all NACE activities,N,Neither seasonally adjusted nor calendar adjusted data,_Z,Not applicable,2003-Q4,,275674,,0,Units,,,0,Zero,,
DATAFLOW,LU1:DSD_EMPLOI_SAL@DF_B3000(1.0),Domestic payroll employment by economic activity,I,PERS,Persons,SAL_INT,Domestic payroll employment,Q,Quarterly,_Z,Not applicable,_T,Total - all NACE activities,N,Neither seasonally adjusted nor calendar adjusted data,_Z,Not applicable,2004-Q1,,275725,,0,Units,,,0,Zero,,
DATAFLOW,LU1:DSD_EMPLOI_SAL@DF_B3000(1.0),Domestic payroll employment by economic activity,I,PERS,Persons,SAL_INT,Domestic payroll employment,Q,Quarterly,_Z,Not applicable,_T,Total - all NACE activities,N,Neither seasonally adjusted nor calendar adjusted data,_Z,Not applicable,2004-Q2,,279442,,0,Units,,,0,Zero,,
DATAFLOW,LU1:DSD_EMPLOI_SAL@DF_B3000(1.0),Domestic payroll employment by economic activity,I,PERS,Persons,SAL_INT,Domestic payroll employment,Q,Quarterly,_Z,Not applicable,_T,Total - all NACE activities,N,Neither seasonally adjusted nor calendar adjusted data,_Z,Not applicable,2004-Q3,,280187,,0,Units,,,0,Zero,,
DATAFLOW,LU1:DSD_EMPLOI_SAL@DF_B3000(1.0),Domestic payroll employment by economic activity,I,PERS,Persons,SAL_INT,Domestic payroll employment,Q,Quarterly,_Z,Not applicable,_T,Total - all NACE activities,N,Neither seasonally adjusted nor calendar adjusted data,_Z,Not applicable,2004-Q4,,282353,,0,Units,,,0,Zero,,
DATAFLOW,LU1:DSD_EMPLOI_SAL@DF_B3000(1.0),Domestic payroll employment by economic activity,I,PERS,Persons,SAL_INT,Domestic payroll employment,Q,Quarterly,_Z,Not applicable,_T,Total - all NACE activities,N,Neither seasonally adjusted nor calendar adjusted data,_Z,Not applicable,2005-Q1,,283272,,0,Units,,,0,Zero,,
DATAFLOW,LU1:DSD_EMPLOI_SAL@DF_B3000(1.0),Domestic payroll employment by economic activity,I,PERS,Persons,SAL_INT,Domestic payroll employment,Q,Quarterly,_Z,Not applicable,_T,Total - all NACE activities,N,Neither seasonally adjusted nor calendar adjusted data,_Z,Not applicable,2005-Q2,,286650,,0,Units,,,0,Zero,,
DATAFLOW,LU1:DSD_EMPLOI_SAL@DF_B3000(1.0),Domestic payroll employment by economic activity,I,PERS,Persons,SAL_INT,Domestic payroll employment,Q,Quarterly,_Z,Not applicable,_T,Total - all NACE activities,N,Neither seasonally adjusted nor calendar adjusted data,_Z,Not applicable,2005-Q3,,287986,,0,Units,,,0,Zero,,
DATAFLOW,LU1:DSD_EMPLOI_SAL@DF_B3000(1.0),Domestic payroll employment by economic activity,I,PERS,Persons,SAL_INT,Domestic payroll employment,Q,Quarterly,_Z,Not applicable,_T,Total - all NACE activities,N,Neither seasonally adjusted nor calendar adjusted data,_Z,Not applicable,2005-Q4,,290814,,0,Units,,,0,Zero,,
DATAFLOW,LU1:DSD_EMPLOI_SAL@DF_B3000(1.0),Domestic payroll employment by economic activity,I,PERS,Persons,SAL_INT,Domestic payroll employment,Q,Quarterly,_Z,Not applicable,_T,Total - all NACE activities,N,Neither seasonally adjusted nor calendar adjusted data,_Z,Not applicable,2006-Q1,,293913,,0,Units,,,0,Zero,,
DATAFLOW,LU1:DSD_EMPLOI_SAL@DF_B3000(1.0),Domestic payroll employment by economic activity,I,PERS,Persons,SAL_INT,Domestic payroll employment,Q,Quarterly,_Z,Not applicable,_T,Total - all NACE activities,N,Neither seasonally adjusted nor calendar adjusted data,_Z,Not applicable,2006-Q2,,298429,,0,Units,,,0,Zero,,
DATAFLOW,LU1:DSD_EMPLOI_SAL@DF_B3000(1.0),Domestic payroll employment by economic activity,I,PERS,Persons,SAL_INT,Domestic payroll employment,Q,Quarterly,_Z,Not applicable,_T,Total - all NACE activities,N,Neither seasonally adjusted nor calendar adjusted data,_Z,Not applicable,2006-Q3,,300050,,0,Units,,,0,Zero,,
DATAFLOW,LU1:DSD_EMPLOI_SAL@DF_B3000(1.0),Domestic payroll employment by economic activity,I,PERS,Persons,SAL_INT,Domestic payroll employment,Q,Quarterly,_Z,Not applicable,_T,Total - all NACE activities,N,Neither seasonally adjusted nor calendar adjusted data,_Z,Not applicable,2006-Q4,,303588,,0,Units,,,0,Zero,,
DATAFLOW,LU1:DSD_EMPLOI_SAL@DF_B3000(1.0),Domestic payroll employment by economic activity,I,PERS,Persons,SAL_INT,Domestic payroll employment,Q,Quarterly,_Z,Not applicable,_T,Total - all NACE activities,N,Neither seasonally adjusted nor calendar adjusted data,_Z,Not applicable,2007-Q1,,306240,,0,Units,,,0,Zero,,
DATAFLOW,LU1:DSD_EMPLOI_SAL@DF_B3000(1.0),Domestic payroll employment by economic activity,I,PERS,Persons,SAL_INT,Domestic payroll employment,Q,Quarterly,_Z,Not applicable,_T,Total - all NACE activities,N,Neither seasonally adjusted nor calendar adjusted data,_Z,Not applicable,2007-Q2,,311371,,0,Units,,,0,Zero,,
DATAFLOW,LU1:DSD_EMPLOI_SAL@DF_B3000(1.0),Domestic payroll employment by economic activity,I,PERS,Persons,SAL_INT,Domestic payroll employment,Q,Quarterly,_Z,Not applicable,_T,Total - all NACE activities,N,Neither seasonally adjusted nor calendar adjusted data,_Z,Not applicable,2007-Q3,,314128,,0,Units,,,0,Zero,,
DATAFLOW,LU1:DSD_EMPLOI_SAL@DF_B3000(1.0),Domestic payroll employment by economic activity,I,PERS,Persons,SAL_INT,Domestic payroll employment,Q,Quarterly,_Z,Not applicable,_T,Total - all NACE activities,N,Neither seasonally adjusted nor calendar adjusted data,_Z,Not applicable,2007-Q4,,318668,,0,Units,,,0,Zero,,
DATAFLOW,LU1:DSD_EMPLOI_SAL@DF_B3000(1.0),Domestic payroll employment by economic activity,I,PERS,Persons,SAL_INT,Domestic payroll employment,Q,Quarterly,_Z,Not applicable,_T,Total - all NACE activities,N,Neither seasonally adjusted nor calendar adjusted data,_Z,Not applicable,2008-Q1,,322555,,0,Units,,,0,Zero,,
DATAFLOW,LU1:DSD_EMPLOI_SAL@DF_B3000(1.0),Domestic payroll employment by economic activity,I,PERS,Persons,SAL_INT,Domestic payroll employment,Q,Quarterly,_Z,Not applicable,_T,Total - all NACE activities,N,Neither seasonally adjusted nor calendar adjusted data,_Z,Not applicable,2008-Q2,,327153,,0,Units,,,0,Zero,,
DATAFLOW,LU1:DSD_EMPLOI_SAL@DF_B3000(1.0),Domestic payroll employment by economic activity,I,PERS,Persons,SAL_INT,Domestic payroll employment,Q,Quarterly,_Z,Not applicable,_T,Total - all NACE activities,N,Neither seasonally adjusted nor calendar adjusted data,_Z,Not applicable,2008-Q3,,329678,,0,Units,,,0,Zero,,
DATAFLOW,LU1:DSD_EMPLOI_SAL@DF_B3000(1.0),Domestic payroll employment by economic activity,I,PERS,Persons,SAL_INT,Domestic payroll employment,Q,Quarterly,_Z,Not applicable,_T,Total - all NACE activities,N,Neither seasonally adjusted nor calendar adjusted data,_Z,Not applicable,2008-Q4,,331820,,0,Units,,,0,Zero,,
DATAFLOW,LU1:DSD_EMPLOI_SAL@DF_B3000(1.0),Domestic payroll employment by economic activity,I,PERS,Persons,SAL_INT,Domestic payroll employment,Q,Quarterly,_Z,Not applicable,_T,Total - all NACE activities,N,Neither seasonally adjusted nor calendar adjusted data,_Z,Not applicable,2009-Q1,,330210,,0,Units,,,0,Zero,,
DATAFLOW,LU1:DSD_EMPLOI_SAL@DF_B3000(1.0),Domestic payroll employment by economic activity,I,PERS,Persons,SAL_INT,Domestic payroll employment,Q,Quarterly,_Z,Not applicable,_T,Total - all NACE activities,N,Neither seasonally adjusted nor calendar adjusted data,_Z,Not applicable,2009-Q2,,331035,,0,Units,,,0,Zero,,
DATAFLOW,LU1:DSD_EMPLOI_SAL@DF_B3000(1.0),Domestic payroll employment by economic activity,I,PERS,Persons,SAL_INT,Domestic payroll employment,Q,Quarterly,_Z,Not applicable,_T,Total - all NACE activities,N,Neither seasonally adjusted nor calendar adjusted data,_Z,Not applicable,2009-Q3,,330172,,0,Units,,,0,Zero,,
DATAFLOW,LU1:DSD_EMPLOI_SAL@DF_B3000(1.0),Domestic payroll employment by economic activity,I,PERS,Persons,SAL_INT,Domestic payroll employment,Q,Quarterly,_Z,Not applicable,_T,Total - all NACE activities,N,Neither seasonally adjusted nor calendar adjusted data,_Z,Not applicable,2009-Q4,,332255,,0,Units,,,0,Zero,,
DATAFLOW,LU1:DSD_EMPLOI_SAL@DF_B3000(1.0),Domestic payroll employment by economic activity,I,PERS,Persons,SAL_INT,Domestic payroll employment,Q,Quarterly,_Z,Not applicable,_T,Total - all NACE activities,N,Neither seasonally adjusted nor calendar adjusted data,_Z,Not applicable,2010-Q1,,333107,,0,Units,,,0,Zero,,
DATAFLOW,LU1:DSD_EMPLOI_SAL@DF_B3000(1.0),Domestic payroll employment by economic activity,I,PERS,Persons,SAL_INT,Domestic payroll employment,Q,Quarterly,_Z,Not applicable,_T,Total - all NACE activities,N,Neither seasonally adjusted nor calendar adjusted data,_Z,Not applicable,2010-Q2,,336961,,0,Units,,,0,Zero,,
DATAFLOW,LU1:DSD_EMPLOI_SAL@DF_B3000(1.0),Domestic payroll employment by economic activity,I,PERS,Persons,SAL_INT,Domestic payroll employment,Q,Quarterly,_Z,Not applicable,_T,Total - all NACE activities,N,Neither seasonally adjusted nor calendar adjusted data,_Z,Not applicable,2010-Q3,,337717,,0,Units,,,0,Zero,,
DATAFLOW,LU1:DSD_EMPLOI_SAL@DF_B3000(1.0),Domestic payroll employment by economic activity,I,PERS,Persons,SAL_INT,Domestic payroll employment,Q,Quarterly,_Z,Not applicable,_T,Total - all NACE activities,N,Neither seasonally adjusted nor calendar adjusted data,_Z,Not applicable,2010-Q4,,340246,,0,Units,,,0,Zero,,
DATAFLOW,LU1:DSD_EMPLOI_SAL@DF_B3000(1.0),Domestic payroll employment by economic activity,I,PERS,Persons,SAL_INT,Domestic payroll employment,Q,Quarterly,_Z,Not applicable,_T,Total - all NACE activities,N,Neither seasonally adjusted nor calendar adjusted data,_Z,Not applicable,2011-Q1,,341907,,0,Units,,,0,Zero,,
DATAFLOW,LU1:DSD_EMPLOI_SAL@DF_B3000(1.0),Domestic payroll employment by economic activity,I,PERS,Persons,SAL_INT,Domestic payroll employment,Q,Quarterly,_Z,Not applicable,_T,Total - all NACE activities,N,Neither seasonally adjusted nor calendar adjusted data,_Z,Not applicable,2011-Q2,,347414,,0,Units,,,0,Zero,,
DATAFLOW,LU1:DSD_EMPLOI_SAL@DF_B3000(1.0),Domestic payroll employment by economic activity,I,PERS,Persons,SAL_INT,Domestic payroll employment,Q,Quarterly,_Z,Not applicable,_T,Total - all NACE activities,N,Neither seasonally adjusted nor calendar adjusted data,_Z,Not applicable,2011-Q3,,348275,,0,Units,,,0,Zero,,
DATAFLOW,LU1:DSD_EMPLOI_SAL@DF_B3000(1.0),Domestic payroll employment by economic activity,I,PERS,Persons,SAL_INT,Domestic payroll employment,Q,Quarterly,_Z,Not applicable,_T,Total - all NACE activities,N,Neither seasonally adjusted nor calendar adjusted data,_Z,Not applicable,2011-Q4,,350491,,0,Units,,,0,Zero,,
DATAFLOW,LU1:DSD_EMPLOI_SAL@DF_B3000(1.0),Domestic payroll employment by economic activity,I,PERS,Persons,SAL_INT,Domestic payroll employment,Q,Quarterly,_Z,Not applicable,_T,Total - all NACE activities,N,Neither seasonally adjusted nor calendar adjusted data,_Z,Not applicable,2012-Q1,,352012,,0,Units,,,0,Zero,,
DATAFLOW,LU1:DSD_EMPLOI_SAL@DF_B3000(1.0),Domestic payroll employment by economic activity,I,PERS,Persons,SAL_INT,Domestic payroll employment,Q,Quarterly,_Z,Not applicable,_T,Total - all NACE activities,N,Neither seasonally adjusted nor calendar adjusted data,_Z,Not applicable,2012-Q2,,356079,,0,Units,,,0,Zero,,
DATAFLOW,LU1:DSD_EMPLOI_SAL@DF_B3000(1.0),Domestic payroll employment by economic activity,I,PERS,Persons,SAL_INT,Domestic payroll employment,Q,Quarterly,_Z,Not applicable,_T,Total - all NACE activities,N,Neither seasonally adjusted nor calendar adjusted data,_Z,Not applicable,2012-Q3,,355898,,0,Units,,,0,Zero,,
DATAFLOW,LU1:DSD_EMPLOI_SAL@DF_B3000(1.0),Domestic payroll employment by economic activity,I,PERS,Persons,SAL_INT,Domestic payroll employment,Q,Quarterly,_Z,Not applicable,_T,Total - all NACE activities,N,Neither seasonally adjusted nor calendar adjusted data,_Z,Not applicable,2012-Q4,,358492,,0,Units,,,0,Zero,,
DATAFLOW,LU1:DSD_EMPLOI_SAL@DF_B3000(1.0),Domestic payroll employment by economic activity,I,PERS,Persons,SAL_INT,Domestic payroll employment,Q,Quarterly,_Z,Not applicable,_T,Total - all NACE activities,N,Neither seasonally adjusted nor calendar adjusted data,_Z,Not applicable,2013-Q1,,358255,,0,Units,,,0,Zero,,
DATAFLOW,LU1:DSD_EMPLOI_SAL@DF_B3000(1.0),Domestic payroll employment by economic activity,I,PERS,Persons,SAL_INT,Domestic payroll employment,Q,Quarterly,_Z,Not applicable,_T,Total - all NACE activities,N,Neither seasonally adjusted nor calendar adjusted data,_Z,Not applicable,2013-Q2,,362258,,0,Units,,,0,Zero,,
DATAFLOW,LU1:DSD_EMPLOI_SAL@DF_B3000(1.0),Domestic payroll employment by economic activity,I,PERS,Persons,SAL_INT,Domestic payroll employment,Q,Quarterly,_Z,Not applicable,_T,Total - all NACE activities,N,Neither seasonally adjusted nor calendar adjusted data,_Z,Not applicable,2013-Q3,,362210,,0,Units,,,0,Zero,,
DATAFLOW,LU1:DSD_EMPLOI_SAL@DF_B3000(1.0),Domestic payroll employment by economic activity,I,PERS,Persons,SAL_INT,Domestic payroll employment,Q,Quarterly,_Z,Not applicable,_T,Total - all NACE activities,N,Neither seasonally adjusted nor calendar adjusted data,_Z,Not applicable,2013-Q4,,365186,,0,Units,,,0,Zero,,
DATAFLOW,LU1:DSD_EMPLOI_SAL@DF_B3000(1.0),Domestic payroll employment by economic activity,I,PERS,Persons,SAL_INT,Domestic payroll employment,Q,Quarterly,_Z,Not applicable,_T,Total - all NACE activities,N,Neither seasonally adjusted nor calendar adjusted data,_Z,Not applicable,2014-Q1,,367012,,0,Units,,,0,Zero,,
DATAFLOW,LU1:DSD_EMPLOI_SAL@DF_B3000(1.0),Domestic payroll employment by economic activity,I,PERS,Persons,SAL_INT,Domestic payroll employment,Q,Quarterly,_Z,Not applicable,_T,Total - all NACE activities,N,Neither seasonally adjusted nor calendar adjusted data,_Z,Not applicable,2014-Q2,,371222,,0,Units,,,0,Zero,,
DATAFLOW,LU1:DSD_EMPLOI_SAL@DF_B3000(1.0),Domestic payroll employment by economic activity,I,PERS,Persons,SAL_INT,Domestic payroll employment,Q,Quarterly,_Z,Not applicable,_T,Total - all NACE activities,N,Neither seasonally adjusted nor calendar adjusted data,_Z,Not applicable,2014-Q3,,371317,,0,Units,,,0,Zero,,
DATAFLOW,LU1:DSD_EMPLOI_SAL@DF_B3000(1.0),Domestic payroll employment by economic activity,I,PERS,Persons,SAL_INT,Domestic payroll employment,Q,Quarterly,_Z,Not applicable,_T,Total - all NACE activities,N,Neither seasonally adjusted nor calendar adjusted data,_Z,Not applicable,2014-Q4,,374608,,0,Units,,,0,Zero,,
DATAFLOW,LU1:DSD_EMPLOI_SAL@DF_B3000(1.0),Domestic payroll employment by economic activity,I,PERS,Persons,SAL_INT,Domestic payroll employment,Q,Quarterly,_Z,Not applicable,_T,Total - all NACE activities,N,Neither seasonally adjusted nor calendar adjusted data,_Z,Not applicable,2015-Q1,,375819,,0,Units,,,0,Zero,,
DATAFLOW,LU1:DSD_EMPLOI_SAL@DF_B3000(1.0),Domestic payroll employment by economic activity,I,PERS,Persons,SAL_INT,Domestic payroll employment,Q,Quarterly,_Z,Not applicable,_T,Total - all NACE activities,N,Neither seasonally adjusted nor calendar adjusted data,_Z,Not applicable,2015-Q2,,380670,,0,Units,,,0,Zero,,
DATAFLOW,LU1:DSD_EMPLOI_SAL@DF_B3000(1.0),Domestic payroll employment by economic activity,I,PERS,Persons,SAL_INT,Domestic payroll employment,Q,Quarterly,_Z,Not applicable,_T,Total - all NACE activities,N,Neither seasonally adjusted nor calendar adjusted data,_Z,Not applicable,2015-Q3,,380902,,0,Units,,,0,Zero,,
DATAFLOW,LU1:DSD_EMPLOI_SAL@DF_B3000(1.0),Domestic payroll employment by economic activity,I,PERS,Persons,SAL_INT,Domestic payroll employment,Q,Quarterly,_Z,Not applicable,_T,Total - all NACE activities,N,Neither seasonally adjusted nor calendar adjusted data,_Z,Not applicable,2015-Q4,,384926,,0,Units,,,0,Zero,,
DATAFLOW,LU1:DSD_EMPLOI_SAL@DF_B3000(1.0),Domestic payroll employment by economic activity,I,PERS,Persons,SAL_INT,Domestic payroll employment,Q,Quarterly,_Z,Not applicable,_T,Total - all NACE activities,N,Neither seasonally adjusted nor calendar adjusted data,_Z,Not applicable,2016-Q1,,386871,,0,Units,,,0,Zero,,
DATAFLOW,LU1:DSD_EMPLOI_SAL@DF_B3000(1.0),Domestic payroll employment by economic activity,I,PERS,Persons,SAL_INT,Domestic payroll employment,Q,Quarterly,_Z,Not applicable,_T,Total - all NACE activities,N,Neither seasonally adjusted nor calendar adjusted data,_Z,Not applicable,2016-Q2,,391931,,0,Units,,,0,Zero,,
DATAFLOW,LU1:DSD_EMPLOI_SAL@DF_B3000(1.0),Domestic payroll employment by economic activity,I,PERS,Persons,SAL_INT,Domestic payroll employment,Q,Quarterly,_Z,Not applicable,_T,Total - all NACE activities,N,Neither seasonally adjusted nor calendar adjusted data,_Z,Not applicable,2016-Q3,,392441,,0,Units,,,0,Zero,,
DATAFLOW,LU1:DSD_EMPLOI_SAL@DF_B3000(1.0),Domestic payroll employment by economic activity,I,PERS,Persons,SAL_INT,Domestic payroll employment,Q,Quarterly,_Z,Not applicable,_T,Total - all NACE activities,N,Neither seasonally adjusted nor calendar adjusted data,_Z,Not applicable,2016-Q4,,397548,,0,Units,,,0,Zero,,
DATAFLOW,LU1:DSD_EMPLOI_SAL@DF_B3000(1.0),Domestic payroll employment by economic activity,I,PERS,Persons,SAL_INT,Domestic payroll employment,Q,Quarterly,_Z,Not applicable,_T,Total - all NACE activities,N,Neither seasonally adjusted nor calendar adjusted data,_Z,Not applicable,2017-Q1,,400345,,0,Units,,,0,Zero,,
DATAFLOW,LU1:DSD_EMPLOI_SAL@DF_B3000(1.0),Domestic payroll employment by economic activity,I,PERS,Persons,SAL_INT,Domestic payroll employment,Q,Quarterly,_Z,Not applicable,_T,Total - all NACE activities,N,Neither seasonally adjusted nor calendar adjusted data,_Z,Not applicable,2017-Q2,,406131,,0,Units,,,0,Zero,,
DATAFLOW,LU1:DSD_EMPLOI_SAL@DF_B3000(1.0),Domestic payroll employment by economic activity,I,PERS,Persons,SAL_INT,Domestic payroll employment,Q,Quarterly,_Z,Not applicable,_T,Total - all NACE activities,N,Neither seasonally adjusted nor calendar adjusted data,_Z,Not applicable,2017-Q3,,406280,,0,Units,,,0,Zero,,
DATAFLOW,LU1:DSD_EMPLOI_SAL@DF_B3000(1.0),Domestic payroll employment by economic activity,I,PERS,Persons,SAL_INT,Domestic payroll employment,Q,Quarterly,_Z,Not applicable,_T,Total - all NACE activities,N,Neither seasonally adjusted nor calendar adjusted data,_Z,Not applicable,2017-Q4,,412597,,0,Units,,,0,Zero,,
DATAFLOW,LU1:DSD_EMPLOI_SAL@DF_B3000(1.0),Domestic payroll employment by economic activity,I,PERS,Persons,SAL_INT,Domestic payroll employment,Q,Quarterly,_Z,Not applicable,_T,Total - all NACE activities,N,Neither seasonally adjusted nor calendar adjusted data,_Z,Not applicable,2018-Q1,,415645,,0,Units,,,0,Zero,,
DATAFLOW,LU1:DSD_EMPLOI_SAL@DF_B3000(1.0),Domestic payroll employment by economic activity,I,PERS,Persons,SAL_INT,Domestic payroll employment,Q,Quarterly,_Z,Not applicable,_T,Total - all NACE activities,N,Neither seasonally adjusted nor calendar adjusted data,_Z,Not applicable,2018-Q2,,421096,,0,Units,,,0,Zero,,
DATAFLOW,LU1:DSD_EMPLOI_SAL@DF_B3000(1.0),Domestic payroll employment by economic activity,I,PERS,Persons,SAL_INT,Domestic payroll employment,Q,Quarterly,_Z,Not applicable,_T,Total - all NACE activities,N,Neither seasonally adjusted nor calendar adjusted data,_Z,Not applicable,2018-Q3,,420789,,0,Units,,,0,Zero,,
DATAFLOW,LU1:DSD_EMPLOI_SAL@DF_B3000(1.0),Domestic payroll employment by economic activity,I,PERS,Persons,SAL_INT,Domestic payroll employment,Q,Quarterly,_Z,Not applicable,_T,Total - all NACE activities,N,Neither seasonally adjusted nor calendar adjusted data,_Z,Not applicable,2018-Q4,,426757,,0,Units,,,0,Zero,,
DATAFLOW,LU1:DSD_EMPLOI_SAL@DF_B3000(1.0),Domestic payroll employment by economic activity,I,PERS,Persons,SAL_INT,Domestic payroll employment,Q,Quarterly,_Z,Not applicable,_T,Total - all NACE activities,N,Neither seasonally adjusted nor calendar adjusted data,_Z,Not applicable,2019-Q1,,430929,,0,Units,,,0,Zero,,
DATAFLOW,LU1:DSD_EMPLOI_SAL@DF_B3000(1.0),Domestic payroll employment by economic activity,I,PERS,Persons,SAL_INT,Domestic payroll employment,Q,Quarterly,_Z,Not applicable,_T,Total - all NACE activities,N,Neither seasonally adjusted nor calendar adjusted data,_Z,Not applicable,2019-Q2,,436756,,0,Units,,,0,Zero,,
DATAFLOW,LU1:DSD_EMPLOI_SAL@DF_B3000(1.0),Domestic payroll employment by economic activity,I,PERS,Persons,SAL_INT,Domestic payroll employment,Q,Quarterly,_Z,Not applicable,_T,Total - all NACE activities,N,Neither seasonally adjusted nor calendar adjusted data,_Z,Not applicable,2019-Q3,,435949,,0,Units,,,0,Zero,,
DATAFLOW,LU1:DSD_EMPLOI_SAL@DF_B3000(1.0),Domestic payroll employment by economic activity,I,PERS,Persons,SAL_INT,Domestic payroll employment,Q,Quarterly,_Z,Not applicable,_T,Total - all NACE activities,N,Neither seasonally adjusted nor calendar adjusted data,_Z,Not applicable,2019-Q4,,441732,,0,Units,,,0,Zero,,
DATAFLOW,LU1:DSD_EMPLOI_SAL@DF_B3000(1.0),Domestic payroll employment by economic activity,I,PERS,Persons,SAL_INT,Domestic payroll employment,Q,Quarterly,_Z,Not applicable,_T,Total - all NACE activities,N,Neither seasonally adjusted nor calendar adjusted data,_Z,Not applicable,2020-Q1,,442461,,0,Units,,,0,Zero,,
DATAFLOW,LU1:DSD_EMPLOI_SAL@DF_B3000(1.0),Domestic payroll employment by economic activity,I,PERS,Persons,SAL_INT,Domestic payroll employment,Q,Quarterly,_Z,Not applicable,_T,Total - all NACE activities,N,Neither seasonally adjusted nor calendar adjusted data,_Z,Not applicable,2020-Q2,,441659,,0,Units,,,0,Zero,,
DATAFLOW,LU1:DSD_EMPLOI_SAL@DF_B3000(1.0),Domestic payroll employment by economic activity,I,PERS,Persons,SAL_INT,Domestic payroll employment,Q,Quarterly,_Z,Not applicable,_T,Total - all NACE activities,N,Neither seasonally adjusted nor calendar adjusted data,_Z,Not applicable,2020-Q3,,443350,,0,Units,,,0,Zero,,
DATAFLOW,LU1:DSD_EMPLOI_SAL@DF_B3000(1.0),Domestic payroll employment by economic activity,I,PERS,Persons,SAL_INT,Domestic payroll employment,Q,Quarterly,_Z,Not applicable,_T,Total - all NACE activities,N,Neither seasonally adjusted nor calendar adjusted data,_Z,Not applicable,2020-Q4,,447892,,0,Units,,,0,Zero,,
DATAFLOW,LU1:DSD_EMPLOI_SAL@DF_B3000(1.0),Domestic payroll employment by economic activity,I,PERS,Persons,SAL_INT,Domestic payroll employment,Q,Quarterly,_Z,Not applicable,_T,Total - all NACE activities,N,Neither seasonally adjusted nor calendar adjusted data,_Z,Not applicable,2021-Q1,,450779,,0,Units,,,0,Zero,,
DATAFLOW,LU1:DSD_EMPLOI_SAL@DF_B3000(1.0),Domestic payroll employment by economic activity,I,PERS,Persons,SAL_INT,Domestic payroll employment,Q,Quarterly,_Z,Not applicable,_T,Total - all NACE activities,N,Neither seasonally adjusted nor calendar adjusted data,_Z,Not applicable,2021-Q2,,456919,,0,Units,,,0,Zero,,
DATAFLOW,LU1:DSD_EMPLOI_SAL@DF_B3000(1.0),Domestic payroll employment by economic activity,I,PERS,Persons,SAL_INT,Domestic payroll employment,Q,Quarterly,_Z,Not applicable,_T,Total - all NACE activities,N,Neither seasonally adjusted nor calendar adjusted data,_Z,Not applicable,2021-Q3,,456689,,0,Units,,,0,Zero,,
DATAFLOW,LU1:DSD_EMPLOI_SAL@DF_B3000(1.0),Domestic payroll employment by economic activity,I,PERS,Persons,SAL_INT,Domestic payroll employment,Q,Quarterly,_Z,Not applicable,_T,Total - all NACE activities,N,Neither seasonally adjusted nor calendar adjusted data,_Z,Not applicable,2021-Q4,,463246,,0,Units,,,0,Zero,,
DATAFLOW,LU1:DSD_EMPLOI_SAL@DF_B3000(1.0),Domestic payroll employment by economic activity,I,PERS,Persons,SAL_INT,Domestic payroll employment,Q,Quarterly,_Z,Not applicable,_T,Total - all NACE activities,N,Neither seasonally adjusted nor calendar adjusted data,_Z,Not applicable,2022-Q1,,466989,,0,Units,,,0,Zero,,
DATAFLOW,LU1:DSD_EMPLOI_SAL@DF_B3000(1.0),Domestic payroll employment by economic activity,I,PERS,Persons,SAL_INT,Domestic payroll employment,Q,Quarterly,_Z,Not applicable,_T,Total - all NACE activities,N,Neither seasonally adjusted nor calendar adjusted data,_Z,Not applicable,2022-Q2,,472839,,0,Units,,,0,Zero,,
DATAFLOW,LU1:DSD_EMPLOI_SAL@DF_B3000(1.0),Domestic payroll employment by economic activity,I,PERS,Persons,SAL_INT,Domestic payroll employment,Q,Quarterly,_Z,Not applicable,_T,Total - all NACE activities,N,Neither seasonally adjusted nor calendar adjusted data,_Z,Not applicable,2022-Q3,,472037,,0,Units,,,0,Zero,,
DATAFLOW,LU1:DSD_EMPLOI_SAL@DF_B3000(1.0),Domestic payroll employment by economic activity,I,PERS,Persons,SAL_INT,Domestic payroll employment,Q,Quarterly,_Z,Not applicable,_T,Total - all NACE activities,N,Neither seasonally adjusted nor calendar adjusted data,_Z,Not applicable,2022-Q4,,477398,,0,Units,,,0,Zero,,
DATAFLOW,LU1:DSD_EMPLOI_SAL@DF_B3000(1.0),Domestic payroll employment by economic activity,I,PERS,Persons,SAL_INT,Domestic payroll employment,Q,Quarterly,_Z,Not applicable,_T,Total - all NACE activities,N,Neither seasonally adjusted nor calendar adjusted data,_Z,Not applicable,2023-Q1,,479125,,0,Units,,,0,Zero,,
DATAFLOW,LU1:DSD_EMPLOI_SAL@DF_B3000(1.0),Domestic payroll employment by economic activity,I,PERS,Persons,SAL_INT,Domestic payroll employment,Q,Quarterly,_Z,Not applicable,_T,Total - all NACE activities,N,Neither seasonally adjusted nor calendar adjusted data,_Z,Not applicable,2023-Q2,,483149,,0,Units,,,0,Zero,,
DATAFLOW,LU1:DSD_EMPLOI_SAL@DF_B3000(1.0),Domestic payroll employment by economic activity,I,PERS,Persons,SAL_INT,Domestic payroll employment,Q,Quarterly,_Z,Not applicable,_T,Total - all NACE activities,N,Neither seasonally adjusted nor calendar adjusted data,_Z,Not applicable,2023-Q3,,479348,,0,Units,,,0,Zero,,
DATAFLOW,LU1:DSD_EMPLOI_SAL@DF_B3000(1.0),Domestic payroll employment by economic activity,I,PERS,Persons,SAL_INT,Domestic payroll employment,Q,Quarterly,_Z,Not applicable,_T,Total - all NACE activities,N,Neither seasonally adjusted nor calendar adjusted data,_Z,Not applicable,2023-Q4,,483635,,0,Units,,,0,Zero,,
DATAFLOW,LU1:DSD_EMPLOI_SAL@DF_B3000(1.0),Domestic payroll employment by economic activity,I,PERS,Persons,SAL_INT,Domestic payroll employment,Q,Quarterly,_Z,Not applicable,_T,Total - all NACE activities,N,Neither seasonally adjusted nor calendar adjusted data,_Z,Not applicable,2024-Q1,,484972,,0,Units,,,0,Zero,,
DATAFLOW,LU1:DSD_EMPLOI_SAL@DF_B3000(1.0),Domestic payroll employment by economic activity,I,PERS,Persons,SAL_INT,Domestic payroll employment,Q,Quarterly,_Z,Not applicable,_T,Total - all NACE activities,N,Neither seasonally adjusted nor calendar adjusted data,_Z,Not applicable,2024-Q2,,487124,,0,Units,,,0,Zero,,
DATAFLOW,LU1:DSD_EMPLOI_SAL@DF_B3000(1.0),Domestic payroll employment by economic activity,I,PERS,Persons,SAL_INT,Domestic payroll employment,Q,Quarterly,_Z,Not applicable,_T,Total - all NACE activities,N,Neither seasonally adjusted nor calendar adjusted data,_Z,Not applicable,2024-Q3,,482882,,0,Units,,,0,Zero,,
DATAFLOW,LU1:DSD_EMPLOI_SAL@DF_B3000(1.0),Domestic payroll employment by economic activity,I,PERS,Persons,SAL_INT,Domestic payroll employment,Q,Quarterly,_Z,Not applicable,_T,Total - all NACE activities,N,Neither seasonally adjusted nor calendar adjusted data,_Z,Not applicable,2024-Q4,,487205,,0,Units,,,0,Zero,,
DATAFLOW,LU1:DSD_EMPLOI_SAL@DF_B3000(1.0),Domestic payroll employment by economic activity,I,PERS,Persons,SAL_INT,Domestic payroll employment,Q,Quarterly,_Z,Not applicable,_T,Total - all NACE activities,N,Neither seasonally adjusted nor calendar adjusted data,_Z,Not applicable,2025-Q1,,488426,,0,Units,,,0,Zero,,
DATAFLOW,LU1:DSD_EMPLOI_SAL@DF_B3000(1.0),Domestic payroll employment by economic activity,I,PERS,Persons,SAL_INT,Domestic payroll employment,Q,Quarterly,_Z,Not applicable,_T,Total - all NACE activities,N,Neither seasonally adjusted nor calendar adjusted data,_Z,Not applicable,2025-Q2,,491400,,0,Units,,,0,Zero,,
DATAFLOW,LU1:DSD_EMPLOI_SAL@DF_B3000(1.0),Domestic payroll employment by economic activity,I,PERS,Persons,SAL_INT,Domestic payroll employment,Q,Quarterly,_Z,Not applicable,_T,Total - all NACE activities,N,Neither seasonally adjusted nor calendar adjusted data,_Z,Not applicable,2025-Q3,,489332,,0,Units,,,0,Zero,,
DATAFLOW,LU1:DSD_EMPLOI_SAL@DF_B3000(1.0),Domestic payroll employment by economic activity,I,PERS,Persons,SAL_INT,Domestic payroll employment,Q,Quarterly,_Z,Not applicable,_T,Total - all NACE activities,N,Neither seasonally adjusted nor calendar adjusted data,_Z,Not applicable,2025-Q4,,494315,,0,Units,,,0,Zero,,
DATAFLOW,LU1:DSD_EMPLOI_SAL@DF_B3000(1.0),Domestic payroll employment by economic activity,I,PERS,Persons,SAL_INT,Domestic payroll employment,Q,Quarterly,_Z,Not applicable,_T,Total - all NACE activities,N,Neither seasonally adjusted nor calendar adjusted data,_Z,Not applicable,2026-Q1,,495775,,0,Units,,,0,Zero,,
DATAFLOW,LU1:DSD_EMPLOI_SAL@DF_B3000(1.0),Domestic payroll employment by economic activity,I,PERS,Persons,SAL_INT,Domestic payroll employment,Q,Quarterly,_Z,Not applicable,M_N,"Professional, scientific, technical, administrative and support service activities",Y,Calendar and seasonally adjusted data,_Z,Not applicable,1995-Q1,,16264.2052449841,,0,Units,,,0,Zero,,
DATAFLOW,LU1:DSD_EMPLOI_SAL@DF_B3000(1.0),Domestic payroll employment by economic activity,I,PERS,Persons,SAL_INT,Domestic payroll employment,Q,Quarterly,_Z,Not applicable,M_N,"Professional, scientific, technical, administrative and support service activities",Y,Calendar and seasonally adjusted data,_Z,Not applicable,1995-Q2,,16172.6174942502,,0,Units,,,0,Zero,,
DATAFLOW,LU1:DSD_EMPLOI_SAL@DF_B3000(1.0),Domestic payroll employment by economic activity,I,PERS,Persons,SAL_INT,Domestic payroll employment,Q,Quarterly,_Z,Not applicable,M_N,"Professional, scientific, technical, administrative and support service activities",Y,Calendar and seasonally adjusted data,_Z,Not applicable,1995-Q3,,16222.7471293149,,0,Units,,,0,Zero,,
DATAFLOW,LU1:DSD_EMPLOI_SAL@DF_B3000(1.0),Domestic payroll employment by economic activity,I,PERS,Persons,SAL_INT,Domestic payroll employment,Q,Quarterly,_Z,Not applicable,M_N,"Professional, scientific, technical, administrative and support service activities",Y,Calendar and seasonally adjusted data,_Z,Not applicable,1995-Q4,,16243.5823853754,,0,Units,,,0,Zero,,
DATAFLOW,LU1:DSD_EMPLOI_SAL@DF_B3000(1.0),Domestic payroll employment by economic activity,I,PERS,Persons,SAL_INT,Domestic payroll employment,Q,Quarterly,_Z,Not applicable,M_N,"Professional, scientific, technical, administrative and support service activities",Y,Calendar and seasonally adjusted data,_Z,Not applicable,1996-Q1,,16923.1656678252,,0,Units,,,0,Zero,,
DATAFLOW,LU1:DSD_EMPLOI_SAL@DF_B3000(1.0),Domestic payroll employment by economic activity,I,PERS,Persons,SAL_INT,Domestic payroll employment,Q,Quarterly,_Z,Not applicable,M_N,"Professional, scientific, technical, administrative and support service activities",Y,Calendar and seasonally adjusted data,_Z,Not applicable,1996-Q2,,16961.9439427001,,0,Units,,,0,Zero,,
DATAFLOW,LU1:DSD_EMPLOI_SAL@DF_B3000(1.0),Domestic payroll employment by economic activity,I,PERS,Persons,SAL_INT,Domestic payroll employment,Q,Quarterly,_Z,Not applicable,M_N,"Professional, scientific, technical, administrative and support service activities",Y,Calendar and seasonally adjusted data,_Z,Not applicable,1996-Q3,,17115.8936339469,,0,Units,,,0,Zero,,
DATAFLOW,LU1:DSD_EMPLOI_SAL@DF_B3000(1.0),Domestic payroll employment by economic activity,I,PERS,Persons,SAL_INT,Domestic payroll employment,Q,Quarterly,_Z,Not applicable,M_N,"Professional, scientific, technical, administrative and support service activities",Y,Calendar and seasonally adjusted data,_Z,Not applicable,1996-Q4,,17535.7156819901,,0,Units,,,0,Zero,,
DATAFLOW,LU1:DSD_EMPLOI_SAL@DF_B3000(1.0),Domestic payroll employment by economic activity,I,PERS,Persons,SAL_INT,Domestic payroll employment,Q,Quarterly,_Z,Not applicable,M_N,"Professional, scientific, technical, administrative and support service activities",Y,Calendar and seasonally adjusted data,_Z,Not applicable,1997-Q1,,17040.2673350719,,0,Units,,,0,Zero,,
DATAFLOW,LU1:DSD_EMPLOI_SAL@DF_B3000(1.0),Domestic payroll employment by economic activity,I,PERS,Persons,SAL_INT,Domestic payroll employment,Q,Quarterly,_Z,Not applicable,M_N,"Professional, scientific, technical, administrative and support service activities",Y,Calendar and seasonally adjusted data,_Z,Not applicable,1997-Q2,,17913.4605056061,,0,Units,,,0,Zero,,
DATAFLOW,LU1:DSD_EMPLOI_SAL@DF_B3000(1.0),Domestic payroll employment by economic activity,I,PERS,Persons,SAL_INT,Domestic payroll employment,Q,Quarterly,_Z,Not applicable,M_N,"Professional, scientific, technical, administrative and support service activities",Y,Calendar and seasonally adjusted data,_Z,Not applicable,1997-Q3,,18692.8239288077,,0,Units,,,0,Zero,,
DATAFLOW,LU1:DSD_EMPLOI_SAL@DF_B3000(1.0),Domestic payroll employment by economic activity,I,PERS,Persons,SAL_INT,Domestic payroll employment,Q,Quarterly,_Z,Not applicable,M_N,"Professional, scientific, technical, administrative and support service activities",Y,Calendar and seasonally adjusted data,_Z,Not applicable,1997-Q4,,19462.3918109014,,0,Units,,,0,Zero,,
DATAFLOW,LU1:DSD_EMPLOI_SAL@DF_B3000(1.0),Domestic payroll employment by economic activity,I,PERS,Persons,SAL_INT,Domestic payroll employment,Q,Quarterly,_Z,Not applicable,M_N,"Professional, scientific, technical, administrative and support service activities",Y,Calendar and seasonally adjusted data,_Z,Not applicable,1998-Q1,,19931.6426270812,,0,Units,,,0,Zero,,
DATAFLOW,LU1:DSD_EMPLOI_SAL@DF_B3000(1.0),Domestic payroll employment by economic activity,I,PERS,Persons,SAL_INT,Domestic payroll employment,Q,Quarterly,_Z,Not applicable,M_N,"Professional, scientific, technical, administrative and support service activities",Y,Calendar and seasonally adjusted data,_Z,Not applicable,1998-Q2,,20397.4588279929,,0,Units,,,0,Zero,,
DATAFLOW,LU1:DSD_EMPLOI_SAL@DF_B3000(1.0),Domestic payroll employment by economic activity,I,PERS,Persons,SAL_INT,Domestic payroll employment,Q,Quarterly,_Z,Not applicable,M_N,"Professional, scientific, technical, administrative and support service activities",Y,Calendar and seasonally adjusted data,_Z,Not applicable,1998-Q3,,21043.4857287401,,0,Units,,,0,Zero,,
DATAFLOW,LU1:DSD_EMPLOI_SAL@DF_B3000(1.0),Domestic payroll employment by economic activity,I,PERS,Persons,SAL_INT,Domestic payroll employment,Q,Quarterly,_Z,Not applicable,M_N,"Professional, scientific, technical, administrative and support service activities",Y,Calendar and seasonally adjusted data,_Z,Not applicable,1998-Q4,,21449.621261113,,0,Units,,,0,Zero,,
DATAFLOW,LU1:DSD_EMPLOI_SAL@DF_B3000(1.0),Domestic payroll employment by economic activity,I,PERS,Persons,SAL_INT,Domestic payroll employment,Q,Quarterly,_Z,Not applicable,M_N,"Professional, scientific, technical, administrative and support service activities",Y,Calendar and seasonally adjusted data,_Z,Not applicable,1999-Q1,,22864.4110444421,,0,Units,,,0,Zero,,
DATAFLOW,LU1:DSD_EMPLOI_SAL@DF_B3000(1.0),Domestic payroll employment by economic activity,I,PERS,Persons,SAL_INT,Domestic payroll employment,Q,Quarterly,_Z,Not applicable,M_N,"Professional, scientific, technical, administrative and support service activities",Y,Calendar and seasonally adjusted data,_Z,Not applicable,1999-Q2,,23629.3066963938,,0,Units,,,0,Zero,,
DATAFLOW,LU1:DSD_EMPLOI_SAL@DF_B3000(1.0),Domestic payroll employment by economic activity,I,PERS,Persons,SAL_INT,Domestic payroll employment,Q,Quarterly,_Z,Not applicable,M_N,"Professional, scientific, technical, administrative and support service activities",Y,Calendar and seasonally adjusted data,_Z,Not applicable,1999-Q3,,24207.8294080008,,0,Units,,,0,Zero,,
DATAFLOW,LU1:DSD_EMPLOI_SAL@DF_B3000(1.0),Domestic payroll employment by economic activity,I,PERS,Persons,SAL_INT,Domestic payroll employment,Q,Quarterly,_Z,Not applicable,M_N,"Professional, scientific, technical, administrative and support service activities",Y,Calendar and seasonally adjusted data,_Z,Not applicable,1999-Q4,,26233.6132886026,,0,Units,,,0,Zero,,
DATAFLOW,LU1:DSD_EMPLOI_SAL@DF_B3000(1.0),Domestic payroll employment by economic activity,I,PERS,Persons,SAL_INT,Domestic payroll employment,Q,Quarterly,_Z,Not applicable,M_N,"Professional, scientific, technical, administrative and support service activities",Y,Calendar and seasonally adjusted data,_Z,Not applicable,2000-Q1,,26310.5503376178,,0,Units,,,0,Zero,,
DATAFLOW,LU1:DSD_EMPLOI_SAL@DF_B3000(1.0),Domestic payroll employment by economic activity,I,PERS,Persons,SAL_INT,Domestic payroll employment,Q,Quarterly,_Z,Not applicable,M_N,"Professional, scientific, technical, administrative and support service activities",Y,Calendar and seasonally adjusted data,_Z,Not applicable,2000-Q2,,27234.7430518821,,0,Units,,,0,Zero,,
DATAFLOW,LU1:DSD_EMPLOI_SAL@DF_B3000(1.0),Domestic payroll employment by economic activity,I,PERS,Persons,SAL_INT,Domestic payroll employment,Q,Quarterly,_Z,Not applicable,M_N,"Professional, scientific, technical, administrative and support service activities",Y,Calendar and seasonally adjusted data,_Z,Not applicable,2000-Q3,,27629.3546163732,,0,Units,,,0,Zero,,
DATAFLOW,LU1:DSD_EMPLOI_SAL@DF_B3000(1.0),Domestic payroll employment by economic activity,I,PERS,Persons,SAL_INT,Domestic payroll employment,Q,Quarterly,_Z,Not applicable,M_N,"Professional, scientific, technical, administrative and support service activities",Y,Calendar and seasonally adjusted data,_Z,Not applicable,2000-Q4,,28354.8547334241,,0,Units,,,0,Zero,,
DATAFLOW,LU1:DSD_EMPLOI_SAL@DF_B3000(1.0),Domestic payroll employment by economic activity,I,PERS,Persons,SAL_INT,Domestic payroll employment,Q,Quarterly,_Z,Not applicable,M_N,"Professional, scientific, technical, administrative and support service activities",Y,Calendar and seasonally adjusted data,_Z,Not applicable,2001-Q1,,28919.7291237208,,0,Units,,,0,Zero,,
DATAFLOW,LU1:DSD_EMPLOI_SAL@DF_B3000(1.0),Domestic payroll employment by economic activity,I,PERS,Persons,SAL_INT,Domestic payroll employment,Q,Quarterly,_Z,Not applicable,M_N,"Professional, scientific, technical, administrative and support service activities",Y,Calendar and seasonally adjusted data,_Z,Not applicable,2001-Q2,,29573.7333706459,,0,Units,,,0,Zero,,
DATAFLOW,LU1:DSD_EMPLOI_SAL@DF_B3000(1.0),Domestic payroll employment by economic activity,I,PERS,Persons,SAL_INT,Domestic payroll employment,Q,Quarterly,_Z,Not applicable,M_N,"Professional, scientific, technical, administrative and support service activities",Y,Calendar and seasonally adjusted data,_Z,Not applicable,2001-Q3,,30175.9156347938,,0,Units,,,0,Zero,,
DATAFLOW,LU1:DSD_EMPLOI_SAL@DF_B3000(1.0),Domestic payroll employment by economic activity,I,PERS,Persons,SAL_INT,Domestic payroll employment,Q,Quarterly,_Z,Not applicable,M_N,"Professional, scientific, technical, administrative and support service activities",Y,Calendar and seasonally adjusted data,_Z,Not applicable,2001-Q4,,30454.2313586625,,0,Units,,,0,Zero,,
DATAFLOW,LU1:DSD_EMPLOI_SAL@DF_B3000(1.0),Domestic payroll employment by economic activity,I,PERS,Persons,SAL_INT,Domestic payroll employment,Q,Quarterly,_Z,Not applicable,M_N,"Professional, scientific, technical, administrative and support service activities",Y,Calendar and seasonally adjusted data,_Z,Not applicable,2002-Q1,,31063.1306193203,,0,Units,,,0,Zero,,
DATAFLOW,LU1:DSD_EMPLOI_SAL@DF_B3000(1.0),Domestic payroll employment by economic activity,I,PERS,Persons,SAL_INT,Domestic payroll employment,Q,Quarterly,_Z,Not applicable,M_N,"Professional, scientific, technical, administrative and support service activities",Y,Calendar and seasonally adjusted data,_Z,Not applicable,2002-Q2,,31227.6319351247,,0,Units,,,0,Zero,,
DATAFLOW,LU1:DSD_EMPLOI_SAL@DF_B3000(1.0),Domestic payroll employment by economic activity,I,PERS,Persons,SAL_INT,Domestic payroll employment,Q,Quarterly,_Z,Not applicable,M_N,"Professional, scientific, technical, administrative and support service activities",Y,Calendar and seasonally adjusted data,_Z,Not applicable,2002-Q3,,31295.6887519035,,0,Units,,,0,Zero,,
DATAFLOW,LU1:DSD_EMPLOI_SAL@DF_B3000(1.0),Domestic payroll employment by economic activity,I,PERS,Persons,SAL_INT,Domestic payroll employment,Q,Quarterly,_Z,Not applicable,M_N,"Professional, scientific, technical, administrative and support service activities",Y,Calendar and seasonally adjusted data,_Z,Not applicable,2002-Q4,,31589.9995717268,,0,Units,,,0,Zero,,
DATAFLOW,LU1:DSD_EMPLOI_SAL@DF_B3000(1.0),Domestic payroll employment by economic activity,I,PERS,Persons,SAL_INT,Domestic payroll employment,Q,Quarterly,_Z,Not applicable,M_N,"Professional, scientific, technical, administrative and support service activities",Y,Calendar and seasonally adjusted data,_Z,Not applicable,2003-Q1,,31806.316464547,,0,Units,,,0,Zero,,
DATAFLOW,LU1:DSD_EMPLOI_SAL@DF_B3000(1.0),Domestic payroll employment by economic activity,I,PERS,Persons,SAL_INT,Domestic payroll employment,Q,Quarterly,_Z,Not applicable,M_N,"Professional, scientific, technical, administrative and support service activities",Y,Calendar and seasonally adjusted data,_Z,Not applicable,2003-Q2,,31580.206647243,,0,Units,,,0,Zero,,
DATAFLOW,LU1:DSD_EMPLOI_SAL@DF_B3000(1.0),Domestic payroll employment by economic activity,I,PERS,Persons,SAL_INT,Domestic payroll employment,Q,Quarterly,_Z,Not applicable,M_N,"Professional, scientific, technical, administrative and support service activities",Y,Calendar and seasonally adjusted data,_Z,Not applicable,2003-Q3,,32242.3405220065,,0,Units,,,0,Zero,,
DATAFLOW,LU1:DSD_EMPLOI_SAL@DF_B3000(1.0),Domestic payroll employment by economic activity,I,PERS,Persons,SAL_INT,Domestic payroll employment,Q,Quarterly,_Z,Not applicable,M_N,"Professional, scientific, technical, administrative and support service activities",Y,Calendar and seasonally adjusted data,_Z,Not applicable,2003-Q4,,32464.17485581,,0,Units,,,0,Zero,,
DATAFLOW,LU1:DSD_EMPLOI_SAL@DF_B3000(1.0),Domestic payroll employment by economic activity,I,PERS,Persons,SAL_INT,Domestic payroll employment,Q,Quarterly,_Z,Not applicable,M_N,"Professional, scientific, technical, administrative and support service activities",Y,Calendar and seasonally adjusted data,_Z,Not applicable,2004-Q1,,32257.8787863259,,0,Units,,,0,Zero,,
DATAFLOW,LU1:DSD_EMPLOI_SAL@DF_B3000(1.0),Domestic payroll employment by economic activity,I,PERS,Persons,SAL_INT,Domestic payroll employment,Q,Quarterly,_Z,Not applicable,M_N,"Professional, scientific, technical, administrative and support service activities",Y,Calendar and seasonally adjusted data,_Z,Not applicable,2004-Q2,,33012.2386443048,,0,Units,,,0,Zero,,
DATAFLOW,LU1:DSD_EMPLOI_SAL@DF_B3000(1.0),Domestic payroll employment by economic activity,I,PERS,Persons,SAL_INT,Domestic payroll employment,Q,Quarterly,_Z,Not applicable,M_N,"Professional, scientific, technical, administrative and support service activities",Y,Calendar and seasonally adjusted data,_Z,Not applicable,2004-Q3,,33727.3969663237,,0,Units,,,0,Zero,,
DATAFLOW,LU1:DSD_EMPLOI_SAL@DF_B3000(1.0),Domestic payroll employment by economic activity,I,PERS,Persons,SAL_INT,Domestic payroll employment,Q,Quarterly,_Z,Not applicable,M_N,"Professional, scientific, technical, administrative and support service activities",Y,Calendar and seasonally adjusted data,_Z,Not applicable,2004-Q4,,34314.0039911309,,0,Units,,,0,Zero,,
DATAFLOW,LU1:DSD_EMPLOI_SAL@DF_B3000(1.0),Domestic payroll employment by economic activity,I,PERS,Persons,SAL_INT,Domestic payroll employment,Q,Quarterly,_Z,Not applicable,M_N,"Professional, scientific, technical, administrative and support service activities",Y,Calendar and seasonally adjusted data,_Z,Not applicable,2005-Q1,,34320.3446537366,,0,Units,,,0,Zero,,
DATAFLOW,LU1:DSD_EMPLOI_SAL@DF_B3000(1.0),Domestic payroll employment by economic activity,I,PERS,Persons,SAL_INT,Domestic payroll employment,Q,Quarterly,_Z,Not applicable,M_N,"Professional, scientific, technical, administrative and support service activities",Y,Calendar and seasonally adjusted data,_Z,Not applicable,2005-Q2,,34658.8995151257,,0,Units,,,0,Zero,,
DATAFLOW,LU1:DSD_EMPLOI_SAL@DF_B3000(1.0),Domestic payroll employment by economic activity,I,PERS,Persons,SAL_INT,Domestic payroll employment,Q,Quarterly,_Z,Not applicable,M_N,"Professional, scientific, technical, administrative and support service activities",Y,Calendar and seasonally adjusted data,_Z,Not applicable,2005-Q3,,35071.7568822167,,0,Units,,,0,Zero,,
DATAFLOW,LU1:DSD_EMPLOI_SAL@DF_B3000(1.0),Domestic payroll employment by economic activity,I,PERS,Persons,SAL_INT,Domestic payroll employment,Q,Quarterly,_Z,Not applicable,M_N,"Professional, scientific, technical, administrative and support service activities",Y,Calendar and seasonally adjusted data,_Z,Not applicable,2005-Q4,,35702.9807028909,,0,Units,,,0,Zero,,
DATAFLOW,LU1:DSD_EMPLOI_SAL@DF_B3000(1.0),Domestic payroll employment by economic activity,I,PERS,Persons,SAL_INT,Domestic payroll employment,Q,Quarterly,_Z,Not applicable,M_N,"Professional, scientific, technical, administrative and support service activities",Y,Calendar and seasonally adjusted data,_Z,Not applicable,2006-Q1,,36868.1717100801,,0,Units,,,0,Zero,,
DATAFLOW,LU1:DSD_EMPLOI_SAL@DF_B3000(1.0),Domestic payroll employment by economic activity,I,PERS,Persons,SAL_INT,Domestic payroll employment,Q,Quarterly,_Z,Not applicable,M_N,"Professional, scientific, technical, administrative and support service activities",Y,Calendar and seasonally adjusted data,_Z,Not applicable,2006-Q2,,37758.607223484,,0,Units,,,0,Zero,,
DATAFLOW,LU1:DSD_EMPLOI_SAL@DF_B3000(1.0),Domestic payroll employment by economic activity,I,PERS,Persons,SAL_INT,Domestic payroll employment,Q,Quarterly,_Z,Not applicable,M_N,"Professional, scientific, technical, administrative and support service activities",Y,Calendar and seasonally adjusted data,_Z,Not applicable,2006-Q3,,38437.6381450766,,0,Units,,,0,Zero,,
DATAFLOW,LU1:DSD_EMPLOI_SAL@DF_B3000(1.0),Domestic payroll employment by economic activity,I,PERS,Persons,SAL_INT,Domestic payroll employment,Q,Quarterly,_Z,Not applicable,M_N,"Professional, scientific, technical, administrative and support service activities",Y,Calendar and seasonally adjusted data,_Z,Not applicable,2006-Q4,,39335.9747504833,,0,Units,,,0,Zero,,
DATAFLOW,LU1:DSD_EMPLOI_SAL@DF_B3000(1.0),Domestic payroll employment by economic activity,I,PERS,Persons,SAL_INT,Domestic payroll employment,Q,Quarterly,_Z,Not applicable,M_N,"Professional, scientific, technical, administrative and support service activities",Y,Calendar and seasonally adjusted data,_Z,Not applicable,2007-Q1,,40395.7592047556,,0,Units,,,0,Zero,,
DATAFLOW,LU1:DSD_EMPLOI_SAL@DF_B3000(1.0),Domestic payroll employment by economic activity,I,PERS,Persons,SAL_INT,Domestic payroll employment,Q,Quarterly,_Z,Not applicable,M_N,"Professional, scientific, technical, administrative and support service activities",Y,Calendar and seasonally adjusted data,_Z,Not applicable,2007-Q2,,41136.3912000315,,0,Units,,,0,Zero,,
DATAFLOW,LU1:DSD_EMPLOI_SAL@DF_B3000(1.0),Domestic payroll employment by economic activity,I,PERS,Persons,SAL_INT,Domestic payroll employment,Q,Quarterly,_Z,Not applicable,M_N,"Professional, scientific, technical, administrative and support service activities",Y,Calendar and seasonally adjusted data,_Z,Not applicable,2007-Q3,,42117.5430296283,,0,Units,,,0,Zero,,
DATAFLOW,LU1:DSD_EMPLOI_SAL@DF_B3000(1.0),Domestic payroll employment by economic activity,I,PERS,Persons,SAL_INT,Domestic payroll employment,Q,Quarterly,_Z,Not applicable,M_N,"Professional, scientific, technical, administrative and support service activities",Y,Calendar and seasonally adjusted data,_Z,Not applicable,2007-Q4,,43218.2723953815,,0,Units,,,0,Zero,,
DATAFLOW,LU1:DSD_EMPLOI_SAL@DF_B3000(1.0),Domestic payroll employment by economic activity,I,PERS,Persons,SAL_INT,Domestic payroll employment,Q,Quarterly,_Z,Not applicable,M_N,"Professional, scientific, technical, administrative and support service activities",Y,Calendar and seasonally adjusted data,_Z,Not applicable,2008-Q1,,44563.9726499142,,0,Units,,,0,Zero,,
DATAFLOW,LU1:DSD_EMPLOI_SAL@DF_B3000(1.0),Domestic payroll employment by economic activity,I,PERS,Persons,SAL_INT,Domestic payroll employment,Q,Quarterly,_Z,Not applicable,M_N,"Professional, scientific, technical, administrative and support service activities",Y,Calendar and seasonally adjusted data,_Z,Not applicable,2008-Q2,,44864.4012199226,,0,Units,,,0,Zero,,
DATAFLOW,LU1:DSD_EMPLOI_SAL@DF_B3000(1.0),Domestic payroll employment by economic activity,I,PERS,Persons,SAL_INT,Domestic payroll employment,Q,Quarterly,_Z,Not applicable,M_N,"Professional, scientific, technical, administrative and support service activities",Y,Calendar and seasonally adjusted data,_Z,Not applicable,2008-Q3,,45973.9285276978,,0,Units,,,0,Zero,,
DATAFLOW,LU1:DSD_EMPLOI_SAL@DF_B3000(1.0),Domestic payroll employment by economic activity,I,PERS,Persons,SAL_INT,Domestic payroll employment,Q,Quarterly,_Z,Not applicable,M_N,"Professional, scientific, technical, administrative and support service activities",Y,Calendar and seasonally adjusted data,_Z,Not applicable,2008-Q4,,45721.1008030361,,0,Units,,,0,Zero,,
DATAFLOW,LU1:DSD_EMPLOI_SAL@DF_B3000(1.0),Domestic payroll employment by economic activity,I,PERS,Persons,SAL_INT,Domestic payroll employment,Q,Quarterly,_Z,Not applicable,M_N,"Professional, scientific, technical, administrative and support service activities",Y,Calendar and seasonally adjusted data,_Z,Not applicable,2009-Q1,,45255.3152204351,,0,Units,,,0,Zero,,
DATAFLOW,LU1:DSD_EMPLOI_SAL@DF_B3000(1.0),Domestic payroll employment by economic activity,I,PERS,Persons,SAL_INT,Domestic payroll employment,Q,Quarterly,_Z,Not applicable,M_N,"Professional, scientific, technical, administrative and support service activities",Y,Calendar and seasonally adjusted data,_Z,Not applicable,2009-Q2,,44709.9248033926,,0,Units,,,0,Zero,,
DATAFLOW,LU1:DSD_EMPLOI_SAL@DF_B3000(1.0),Domestic payroll employment by economic activity,I,PERS,Persons,SAL_INT,Domestic payroll employment,Q,Quarterly,_Z,Not applicable,M_N,"Professional, scientific, technical, administrative and support service activities",Y,Calendar and seasonally adjusted data,_Z,Not applicable,2009-Q3,,44955.9377408818,,0,Units,,,0,Zero,,
DATAFLOW,LU1:DSD_EMPLOI_SAL@DF_B3000(1.0),Domestic payroll employment by economic activity,I,PERS,Persons,SAL_INT,Domestic payroll employment,Q,Quarterly,_Z,Not applicable,M_N,"Professional, scientific, technical, administrative and support service activities",Y,Calendar and seasonally adjusted data,_Z,Not applicable,2009-Q4,,45491.861521671,,0,Units,,,0,Zero,,
DATAFLOW,LU1:DSD_EMPLOI_SAL@DF_B3000(1.0),Domestic payroll employment by economic activity,I,PERS,Persons,SAL_INT,Domestic payroll employment,Q,Quarterly,_Z,Not applicable,M_N,"Professional, scientific, technical, administrative and support service activities",Y,Calendar and seasonally adjusted data,_Z,Not applicable,2010-Q1,,46033.3815859534,,0,Units,,,0,Zero,,
DATAFLOW,LU1:DSD_EMPLOI_SAL@DF_B3000(1.0),Domestic payroll employment by economic activity,I,PERS,Persons,SAL_INT,Domestic payroll employment,Q,Quarterly,_Z,Not applicable,M_N,"Professional, scientific, technical, administrative and support service activities",Y,Calendar and seasonally adjusted data,_Z,Not applicable,2010-Q2,,46804.1128591645,,0,Units,,,0,Zero,,
DATAFLOW,LU1:DSD_EMPLOI_SAL@DF_B3000(1.0),Domestic payroll employment by economic activity,I,PERS,Persons,SAL_INT,Domestic payroll employment,Q,Quarterly,_Z,Not applicable,M_N,"Professional, scientific, technical, administrative and support service activities",Y,Calendar and seasonally adjusted data,_Z,Not applicable,2010-Q3,,47230.9570202762,,0,Units,,,0,Zero,,
DATAFLOW,LU1:DSD_EMPLOI_SAL@DF_B3000(1.0),Domestic payroll employment by economic activity,I,PERS,Persons,SAL_INT,Domestic payroll employment,Q,Quarterly,_Z,Not applicable,M_N,"Professional, scientific, technical, administrative and support service activities",Y,Calendar and seasonally adjusted data,_Z,Not applicable,2010-Q4,,47333.4691368705,,0,Units,,,0,Zero,,
DATAFLOW,LU1:DSD_EMPLOI_SAL@DF_B3000(1.0),Domestic payroll employment by economic activity,I,PERS,Persons,SAL_INT,Domestic payroll employment,Q,Quarterly,_Z,Not applicable,M_N,"Professional, scientific, technical, administrative and support service activities",Y,Calendar and seasonally adjusted data,_Z,Not applicable,2011-Q1,,47686.8096449221,,0,Units,,,0,Zero,,
DATAFLOW,LU1:DSD_EMPLOI_SAL@DF_B3000(1.0),Domestic payroll employment by economic activity,I,PERS,Persons,SAL_INT,Domestic payroll employment,Q,Quarterly,_Z,Not applicable,M_N,"Professional, scientific, technical, administrative and support service activities",Y,Calendar and seasonally adjusted data,_Z,Not applicable,2011-Q2,,48287.6667035179,,0,Units,,,0,Zero,,
DATAFLOW,LU1:DSD_EMPLOI_SAL@DF_B3000(1.0),Domestic payroll employment by economic activity,I,PERS,Persons,SAL_INT,Domestic payroll employment,Q,Quarterly,_Z,Not applicable,M_N,"Professional, scientific, technical, administrative and support service activities",Y,Calendar and seasonally adjusted data,_Z,Not applicable,2011-Q3,,48518.0445144329,,0,Units,,,0,Zero,,
DATAFLOW,LU1:DSD_EMPLOI_SAL@DF_B3000(1.0),Domestic payroll employment by economic activity,I,PERS,Persons,SAL_INT,Domestic payroll employment,Q,Quarterly,_Z,Not applicable,M_N,"Professional, scientific, technical, administrative and support service activities",Y,Calendar and seasonally adjusted data,_Z,Not applicable,2011-Q4,,48608.915152572,,0,Units,,,0,Zero,,
DATAFLOW,LU1:DSD_EMPLOI_SAL@DF_B3000(1.0),Domestic payroll employment by economic activity,I,PERS,Persons,SAL_INT,Domestic payroll employment,Q,Quarterly,_Z,Not applicable,M_N,"Professional, scientific, technical, administrative and support service activities",Y,Calendar and seasonally adjusted data,_Z,Not applicable,2012-Q1,,49182.7450481238,,0,Units,,,0,Zero,,
DATAFLOW,LU1:DSD_EMPLOI_SAL@DF_B3000(1.0),Domestic payroll employment by economic activity,I,PERS,Persons,SAL_INT,Domestic payroll employment,Q,Quarterly,_Z,Not applicable,M_N,"Professional, scientific, technical, administrative and support service activities",Y,Calendar and seasonally adjusted data,_Z,Not applicable,2012-Q2,,49523.7931885147,,0,Units,,,0,Zero,,
DATAFLOW,LU1:DSD_EMPLOI_SAL@DF_B3000(1.0),Domestic payroll employment by economic activity,I,PERS,Persons,SAL_INT,Domestic payroll employment,Q,Quarterly,_Z,Not applicable,M_N,"Professional, scientific, technical, administrative and support service activities",Y,Calendar and seasonally adjusted data,_Z,Not applicable,2012-Q3,,50071.4460749466,,0,Units,,,0,Zero,,
DATAFLOW,LU1:DSD_EMPLOI_SAL@DF_B3000(1.0),Domestic payroll employment by economic activity,I,PERS,Persons,SAL_INT,Domestic payroll employment,Q,Quarterly,_Z,Not applicable,M_N,"Professional, scientific, technical, administrative and support service activities",Y,Calendar and seasonally adjusted data,_Z,Not applicable,2012-Q4,,50903.1711420013,,0,Units,,,0,Zero,,
DATAFLOW,LU1:DSD_EMPLOI_SAL@DF_B3000(1.0),Domestic payroll employment by economic activity,I,PERS,Persons,SAL_INT,Domestic payroll employment,Q,Quarterly,_Z,Not applicable,M_N,"Professional, scientific, technical, administrative and support service activities",Y,Calendar and seasonally adjusted data,_Z,Not applicable,2013-Q1,,50667.2108512425,,0,Units,,,0,Zero,,
DATAFLOW,LU1:DSD_EMPLOI_SAL@DF_B3000(1.0),Domestic payroll employment by economic activity,I,PERS,Persons,SAL_INT,Domestic payroll employment,Q,Quarterly,_Z,Not applicable,M_N,"Professional, scientific, technical, administrative and support service activities",Y,Calendar and seasonally adjusted data,_Z,Not applicable,2013-Q2,,51518.0387858763,,0,Units,,,0,Zero,,
DATAFLOW,LU1:DSD_EMPLOI_SAL@DF_B3000(1.0),Domestic payroll employment by economic activity,I,PERS,Persons,SAL_INT,Domestic payroll employment,Q,Quarterly,_Z,Not applicable,M_N,"Professional, scientific, technical, administrative and support service activities",Y,Calendar and seasonally adjusted data,_Z,Not applicable,2013-Q3,,52085.8235182642,,0,Units,,,0,Zero,,
DATAFLOW,LU1:DSD_EMPLOI_SAL@DF_B3000(1.0),Domestic payroll employment by economic activity,I,PERS,Persons,SAL_INT,Domestic payroll employment,Q,Quarterly,_Z,Not applicable,M_N,"Professional, scientific, technical, administrative and support service activities",Y,Calendar and seasonally adjusted data,_Z,Not applicable,2013-Q4,,52805.9778781863,,0,Units,,,0,Zero,,
DATAFLOW,LU1:DSD_EMPLOI_SAL@DF_B3000(1.0),Domestic payroll employment by economic activity,I,PERS,Persons,SAL_INT,Domestic payroll employment,Q,Quarterly,_Z,Not applicable,M_N,"Professional, scientific, technical, administrative and support service activities",Y,Calendar and seasonally adjusted data,_Z,Not applicable,2014-Q1,,53462.3778805388,,0,Units,,,0,Zero,,
DATAFLOW,LU1:DSD_EMPLOI_SAL@DF_B3000(1.0),Domestic payroll employment by economic activity,I,PERS,Persons,SAL_INT,Domestic payroll employment,Q,Quarterly,_Z,Not applicable,M_N,"Professional, scientific, technical, administrative and support service activities",Y,Calendar and seasonally adjusted data,_Z,Not applicable,2014-Q2,,53440.3475630098,,0,Units,,,0,Zero,,
DATAFLOW,LU1:DSD_EMPLOI_SAL@DF_B3000(1.0),Domestic payroll employment by economic activity,I,PERS,Persons,SAL_INT,Domestic payroll employment,Q,Quarterly,_Z,Not applicable,M_N,"Professional, scientific, technical, administrative and support service activities",Y,Calendar and seasonally adjusted data,_Z,Not applicable,2014-Q3,,54672.2081459013,,0,Units,,,0,Zero,,
DATAFLOW,LU1:DSD_EMPLOI_SAL@DF_B3000(1.0),Domestic payroll employment by economic activity,I,PERS,Persons,SAL_INT,Domestic payroll employment,Q,Quarterly,_Z,Not applicable,M_N,"Professional, scientific, technical, administrative and support service activities",Y,Calendar and seasonally adjusted data,_Z,Not applicable,2014-Q4,,55492.5333902273,,0,Units,,,0,Zero,,
DATAFLOW,LU1:DSD_EMPLOI_SAL@DF_B3000(1.0),Domestic payroll employment by economic activity,I,PERS,Persons,SAL_INT,Domestic payroll employment,Q,Quarterly,_Z,Not applicable,M_N,"Professional, scientific, technical, administrative and support service activities",Y,Calendar and seasonally adjusted data,_Z,Not applicable,2015-Q1,,55974.1072374806,,0,Units,,,0,Zero,,
DATAFLOW,LU1:DSD_EMPLOI_SAL@DF_B3000(1.0),Domestic payroll employment by economic activity,I,PERS,Persons,SAL_INT,Domestic payroll employment,Q,Quarterly,_Z,Not applicable,M_N,"Professional, scientific, technical, administrative and support service activities",Y,Calendar and seasonally adjusted data,_Z,Not applicable,2015-Q2,,56936.3376164008,,0,Units,,,0,Zero,,
DATAFLOW,LU1:DSD_EMPLOI_SAL@DF_B3000(1.0),Domestic payroll employment by economic activity,I,PERS,Persons,SAL_INT,Domestic payroll employment,Q,Quarterly,_Z,Not applicable,M_N,"Professional, scientific, technical, administrative and support service activities",Y,Calendar and seasonally adjusted data,_Z,Not applicable,2015-Q3,,57861.7793744837,,0,Units,,,0,Zero,,
DATAFLOW,LU1:DSD_EMPLOI_SAL@DF_B3000(1.0),Domestic payroll employment by economic activity,I,PERS,Persons,SAL_INT,Domestic payroll employment,Q,Quarterly,_Z,Not applicable,M_N,"Professional, scientific, technical, administrative and support service activities",Y,Calendar and seasonally adjusted data,_Z,Not applicable,2015-Q4,,58911.3625966588,,0,Units,,,0,Zero,,
DATAFLOW,LU1:DSD_EMPLOI_SAL@DF_B3000(1.0),Domestic payroll employment by economic activity,I,PERS,Persons,SAL_INT,Domestic payroll employment,Q,Quarterly,_Z,Not applicable,M_N,"Professional, scientific, technical, administrative and support service activities",Y,Calendar and seasonally adjusted data,_Z,Not applicable,2016-Q1,,60261.755573336,,0,Units,,,0,Zero,,
DATAFLOW,LU1:DSD_EMPLOI_SAL@DF_B3000(1.0),Domestic payroll employment by economic activity,I,PERS,Persons,SAL_INT,Domestic payroll employment,Q,Quarterly,_Z,Not applicable,M_N,"Professional, scientific, technical, administrative and support service activities",Y,Calendar and seasonally adjusted data,_Z,Not applicable,2016-Q2,,61050.3878901781,,0,Units,,,0,Zero,,
DATAFLOW,LU1:DSD_EMPLOI_SAL@DF_B3000(1.0),Domestic payroll employment by economic activity,I,PERS,Persons,SAL_INT,Domestic payroll employment,Q,Quarterly,_Z,Not applicable,M_N,"Professional, scientific, technical, administrative and support service activities",Y,Calendar and seasonally adjusted data,_Z,Not applicable,2016-Q3,,62192.152404884,,0,Units,,,0,Zero,,
DATAFLOW,LU1:DSD_EMPLOI_SAL@DF_B3000(1.0),Domestic payroll employment by economic activity,I,PERS,Persons,SAL_INT,Domestic payroll employment,Q,Quarterly,_Z,Not applicable,M_N,"Professional, scientific, technical, administrative and support service activities",Y,Calendar and seasonally adjusted data,_Z,Not applicable,2016-Q4,,63269.2220103986,,0,Units,,,0,Zero,,
DATAFLOW,LU1:DSD_EMPLOI_SAL@DF_B3000(1.0),Domestic payroll employment by economic activity,I,PERS,Persons,SAL_INT,Domestic payroll employment,Q,Quarterly,_Z,Not applicable,M_N,"Professional, scientific, technical, administrative and support service activities",Y,Calendar and seasonally adjusted data,_Z,Not applicable,2017-Q1,,64250.7395845505,,0,Units,,,0,Zero,,
DATAFLOW,LU1:DSD_EMPLOI_SAL@DF_B3000(1.0),Domestic payroll employment by economic activity,I,PERS,Persons,SAL_INT,Domestic payroll employment,Q,Quarterly,_Z,Not applicable,M_N,"Professional, scientific, technical, administrative and support service activities",Y,Calendar and seasonally adjusted data,_Z,Not applicable,2017-Q2,,65246.7422415703,,0,Units,,,0,Zero,,
DATAFLOW,LU1:DSD_EMPLOI_SAL@DF_B3000(1.0),Domestic payroll employment by economic activity,I,PERS,Persons,SAL_INT,Domestic payroll employment,Q,Quarterly,_Z,Not applicable,M_N,"Professional, scientific, technical, administrative and support service activities",Y,Calendar and seasonally adjusted data,_Z,Not applicable,2017-Q3,,66153.7461800096,,0,Units,,,0,Zero,,
DATAFLOW,LU1:DSD_EMPLOI_SAL@DF_B3000(1.0),Domestic payroll employment by economic activity,I,PERS,Persons,SAL_INT,Domestic payroll employment,Q,Quarterly,_Z,Not applicable,M_N,"Professional, scientific, technical, administrative and support service activities",Y,Calendar and seasonally adjusted data,_Z,Not applicable,2017-Q4,,67523.7601565632,,0,Units,,,0,Zero,,
DATAFLOW,LU1:DSD_EMPLOI_SAL@DF_B3000(1.0),Domestic payroll employment by economic activity,I,PERS,Persons,SAL_INT,Domestic payroll employment,Q,Quarterly,_Z,Not applicable,M_N,"Professional, scientific, technical, administrative and support service activities",Y,Calendar and seasonally adjusted data,_Z,Not applicable,2018-Q1,,68169.3462055292,,0,Units,,,0,Zero,,
DATAFLOW,LU1:DSD_EMPLOI_SAL@DF_B3000(1.0),Domestic payroll employment by economic activity,I,PERS,Persons,SAL_INT,Domestic payroll employment,Q,Quarterly,_Z,Not applicable,M_N,"Professional, scientific, technical, administrative and support service activities",Y,Calendar and seasonally adjusted data,_Z,Not applicable,2018-Q2,,69431.0298478106,,0,Units,,,0,Zero,,
DATAFLOW,LU1:DSD_EMPLOI_SAL@DF_B3000(1.0),Domestic payroll employment by economic activity,I,PERS,Persons,SAL_INT,Domestic payroll employment,Q,Quarterly,_Z,Not applicable,M_N,"Professional, scientific, technical, administrative and support service activities",Y,Calendar and seasonally adjusted data,_Z,Not applicable,2018-Q3,,69960.4824688447,,0,Units,,,0,Zero,,
DATAFLOW,LU1:DSD_EMPLOI_SAL@DF_B3000(1.0),Domestic payroll employment by economic activity,I,PERS,Persons,SAL_INT,Domestic payroll employment,Q,Quarterly,_Z,Not applicable,M_N,"Professional, scientific, technical, administrative and support service activities",Y,Calendar and seasonally adjusted data,_Z,Not applicable,2018-Q4,,70676.2919045317,,0,Units,,,0,Zero,,
DATAFLOW,LU1:DSD_EMPLOI_SAL@DF_B3000(1.0),Domestic payroll employment by economic activity,I,PERS,Persons,SAL_INT,Domestic payroll employment,Q,Quarterly,_Z,Not applicable,M_N,"Professional, scientific, technical, administrative and support service activities",Y,Calendar and seasonally adjusted data,_Z,Not applicable,2019-Q1,,71870.5613003501,,0,Units,,,0,Zero,,
DATAFLOW,LU1:DSD_EMPLOI_SAL@DF_B3000(1.0),Domestic payroll employment by economic activity,I,PERS,Persons,SAL_INT,Domestic payroll employment,Q,Quarterly,_Z,Not applicable,M_N,"Professional, scientific, technical, administrative and support service activities",Y,Calendar and seasonally adjusted data,_Z,Not applicable,2019-Q2,,72189.3034883652,,0,Units,,,0,Zero,,
DATAFLOW,LU1:DSD_EMPLOI_SAL@DF_B3000(1.0),Domestic payroll employment by economic activity,I,PERS,Persons,SAL_INT,Domestic payroll employment,Q,Quarterly,_Z,Not applicable,M_N,"Professional, scientific, technical, administrative and support service activities",Y,Calendar and seasonally adjusted data,_Z,Not applicable,2019-Q3,,72594.8094101923,,0,Units,,,0,Zero,,
DATAFLOW,LU1:DSD_EMPLOI_SAL@DF_B3000(1.0),Domestic payroll employment by economic activity,I,PERS,Persons,SAL_INT,Domestic payroll employment,Q,Quarterly,_Z,Not applicable,M_N,"Professional, scientific, technical, administrative and support service activities",Y,Calendar and seasonally adjusted data,_Z,Not applicable,2019-Q4,,73501.6101992719,,0,Units,,,0,Zero,,
DATAFLOW,LU1:DSD_EMPLOI_SAL@DF_B3000(1.0),Domestic payroll employment by economic activity,I,PERS,Persons,SAL_INT,Domestic payroll employment,Q,Quarterly,_Z,Not applicable,M_N,"Professional, scientific, technical, administrative and support service activities",Y,Calendar and seasonally adjusted data,_Z,Not applicable,2020-Q1,,72949.616276725,,0,Units,,,0,Zero,,
DATAFLOW,LU1:DSD_EMPLOI_SAL@DF_B3000(1.0),Domestic payroll employment by economic activity,I,PERS,Persons,SAL_INT,Domestic payroll employment,Q,Quarterly,_Z,Not applicable,M_N,"Professional, scientific, technical, administrative and support service activities",Y,Calendar and seasonally adjusted data,_Z,Not applicable,2020-Q2,,70914.035014148,,0,Units,,,0,Zero,,
DATAFLOW,LU1:DSD_EMPLOI_SAL@DF_B3000(1.0),Domestic payroll employment by economic activity,I,PERS,Persons,SAL_INT,Domestic payroll employment,Q,Quarterly,_Z,Not applicable,M_N,"Professional, scientific, technical, administrative and support service activities",Y,Calendar and seasonally adjusted data,_Z,Not applicable,2020-Q3,,73910.6950229472,,0,Units,,,0,Zero,,
DATAFLOW,LU1:DSD_EMPLOI_SAL@DF_B3000(1.0),Domestic payroll employment by economic activity,I,PERS,Persons,SAL_INT,Domestic payroll employment,Q,Quarterly,_Z,Not applicable,M_N,"Professional, scientific, technical, administrative and support service activities",Y,Calendar and seasonally adjusted data,_Z,Not applicable,2020-Q4,,75184.6104663441,,0,Units,,,0,Zero,,
DATAFLOW,LU1:DSD_EMPLOI_SAL@DF_B3000(1.0),Domestic payroll employment by economic activity,I,PERS,Persons,SAL_INT,Domestic payroll employment,Q,Quarterly,_Z,Not applicable,M_N,"Professional, scientific, technical, administrative and support service activities",Y,Calendar and seasonally adjusted data,_Z,Not applicable,2021-Q1,,76215.7621918486,,0,Units,,,0,Zero,,
DATAFLOW,LU1:DSD_EMPLOI_SAL@DF_B3000(1.0),Domestic payroll employment by economic activity,I,PERS,Persons,SAL_INT,Domestic payroll employment,Q,Quarterly,_Z,Not applicable,M_N,"Professional, scientific, technical, administrative and support service activities",Y,Calendar and seasonally adjusted data,_Z,Not applicable,2021-Q2,,76711.2599744771,,0,Units,,,0,Zero,,
DATAFLOW,LU1:DSD_EMPLOI_SAL@DF_B3000(1.0),Domestic payroll employment by economic activity,I,PERS,Persons,SAL_INT,Domestic payroll employment,Q,Quarterly,_Z,Not applicable,M_N,"Professional, scientific, technical, administrative and support service activities",Y,Calendar and seasonally adjusted data,_Z,Not applicable,2021-Q3,,77440.8993390808,,0,Units,,,0,Zero,,
DATAFLOW,LU1:DSD_EMPLOI_SAL@DF_B3000(1.0),Domestic payroll employment by economic activity,I,PERS,Persons,SAL_INT,Domestic payroll employment,Q,Quarterly,_Z,Not applicable,M_N,"Professional, scientific, technical, administrative and support service activities",Y,Calendar and seasonally adjusted data,_Z,Not applicable,2021-Q4,,78226.4651856525,,0,Units,,,0,Zero,,
DATAFLOW,LU1:DSD_EMPLOI_SAL@DF_B3000(1.0),Domestic payroll employment by economic activity,I,PERS,Persons,SAL_INT,Domestic payroll employment,Q,Quarterly,_Z,Not applicable,M_N,"Professional, scientific, technical, administrative and support service activities",Y,Calendar and seasonally adjusted data,_Z,Not applicable,2022-Q1,,79206.2750687355,,0,Units,,,0,Zero,,
DATAFLOW,LU1:DSD_EMPLOI_SAL@DF_B3000(1.0),Domestic payroll employment by economic activity,I,PERS,Persons,SAL_INT,Domestic payroll employment,Q,Quarterly,_Z,Not applicable,M_N,"Professional, scientific, technical, administrative and support service activities",Y,Calendar and seasonally adjusted data,_Z,Not applicable,2022-Q2,,80286.8945572374,,0,Units,,,0,Zero,,
DATAFLOW,LU1:DSD_EMPLOI_SAL@DF_B3000(1.0),Domestic payroll employment by economic activity,I,PERS,Persons,SAL_INT,Domestic payroll employment,Q,Quarterly,_Z,Not applicable,M_N,"Professional, scientific, technical, administrative and support service activities",Y,Calendar and seasonally adjusted data,_Z,Not applicable,2022-Q3,,80851.3174173242,,0,Units,,,0,Zero,,
DATAFLOW,LU1:DSD_EMPLOI_SAL@DF_B3000(1.0),Domestic payroll employment by economic activity,I,PERS,Persons,SAL_INT,Domestic payroll employment,Q,Quarterly,_Z,Not applicable,M_N,"Professional, scientific, technical, administrative and support service activities",Y,Calendar and seasonally adjusted data,_Z,Not applicable,2022-Q4,,81160.0776770111,,0,Units,,,0,Zero,,
DATAFLOW,LU1:DSD_EMPLOI_SAL@DF_B3000(1.0),Domestic payroll employment by economic activity,I,PERS,Persons,SAL_INT,Domestic payroll employment,Q,Quarterly,_Z,Not applicable,M_N,"Professional, scientific, technical, administrative and support service activities",Y,Calendar and seasonally adjusted data,_Z,Not applicable,2023-Q1,,81686.6923585726,,0,Units,,,0,Zero,,
DATAFLOW,LU1:DSD_EMPLOI_SAL@DF_B3000(1.0),Domestic payroll employment by economic activity,I,PERS,Persons,SAL_INT,Domestic payroll employment,Q,Quarterly,_Z,Not applicable,M_N,"Professional, scientific, technical, administrative and support service activities",Y,Calendar and seasonally adjusted data,_Z,Not applicable,2023-Q2,,82351.3358748338,,0,Units,,,0,Zero,,
DATAFLOW,LU1:DSD_EMPLOI_SAL@DF_B3000(1.0),Domestic payroll employment by economic activity,I,PERS,Persons,SAL_INT,Domestic payroll employment,Q,Quarterly,_Z,Not applicable,M_N,"Professional, scientific, technical, administrative and support service activities",Y,Calendar and seasonally adjusted data,_Z,Not applicable,2023-Q3,,82093.9208212562,,0,Units,,,0,Zero,,
DATAFLOW,LU1:DSD_EMPLOI_SAL@DF_B3000(1.0),Domestic payroll employment by economic activity,I,PERS,Persons,SAL_INT,Domestic payroll employment,Q,Quarterly,_Z,Not applicable,M_N,"Professional, scientific, technical, administrative and support service activities",Y,Calendar and seasonally adjusted data,_Z,Not applicable,2023-Q4,,82714.1814944047,,0,Units,,,0,Zero,,
DATAFLOW,LU1:DSD_EMPLOI_SAL@DF_B3000(1.0),Domestic payroll employment by economic activity,I,PERS,Persons,SAL_INT,Domestic payroll employment,Q,Quarterly,_Z,Not applicable,M_N,"Professional, scientific, technical, administrative and support service activities",Y,Calendar and seasonally adjusted data,_Z,Not applicable,2024-Q1,,83266.8699573427,,0,Units,,,0,Zero,,
DATAFLOW,LU1:DSD_EMPLOI_SAL@DF_B3000(1.0),Domestic payroll employment by economic activity,I,PERS,Persons,SAL_INT,Domestic payroll employment,Q,Quarterly,_Z,Not applicable,M_N,"Professional, scientific, technical, administrative and support service activities",Y,Calendar and seasonally adjusted data,_Z,Not applicable,2024-Q2,,83586.4519240168,,0,Units,,,0,Zero,,
DATAFLOW,LU1:DSD_EMPLOI_SAL@DF_B3000(1.0),Domestic payroll employment by economic activity,I,PERS,Persons,SAL_INT,Domestic payroll employment,Q,Quarterly,_Z,Not applicable,M_N,"Professional, scientific, technical, administrative and support service activities",Y,Calendar and seasonally adjusted data,_Z,Not applicable,2024-Q3,,83853.3842332344,,0,Units,,,0,Zero,,
DATAFLOW,LU1:DSD_EMPLOI_SAL@DF_B3000(1.0),Domestic payroll employment by economic activity,I,PERS,Persons,SAL_INT,Domestic payroll employment,Q,Quarterly,_Z,Not applicable,M_N,"Professional, scientific, technical, administrative and support service activities",Y,Calendar and seasonally adjusted data,_Z,Not applicable,2024-Q4,,84348.3128308566,,0,Units,,,0,Zero,,
DATAFLOW,LU1:DSD_EMPLOI_SAL@DF_B3000(1.0),Domestic payroll employment by economic activity,I,PERS,Persons,SAL_INT,Domestic payroll employment,Q,Quarterly,_Z,Not applicable,M_N,"Professional, scientific, technical, administrative and support service activities",Y,Calendar and seasonally adjusted data,_Z,Not applicable,2025-Q1,,84217.2249454764,,0,Units,,,0,Zero,,
DATAFLOW,LU1:DSD_EMPLOI_SAL@DF_B3000(1.0),Domestic payroll employment by economic activity,I,PERS,Persons,SAL_INT,Domestic payroll employment,Q,Quarterly,_Z,Not applicable,M_N,"Professional, scientific, technical, administrative and support service activities",Y,Calendar and seasonally adjusted data,_Z,Not applicable,2025-Q2,,84252.9440788836,,0,Units,,,0,Zero,,
DATAFLOW,LU1:DSD_EMPLOI_SAL@DF_B3000(1.0),Domestic payroll employment by economic activity,I,PERS,Persons,SAL_INT,Domestic payroll employment,Q,Quarterly,_Z,Not applicable,M_N,"Professional, scientific, technical, administrative and support service activities",Y,Calendar and seasonally adjusted data,_Z,Not applicable,2025-Q3,,85068.2548313156,,0,Units,,,0,Zero,,
DATAFLOW,LU1:DSD_EMPLOI_SAL@DF_B3000(1.0),Domestic payroll employment by economic activity,I,PERS,Persons,SAL_INT,Domestic payroll employment,Q,Quarterly,_Z,Not applicable,M_N,"Professional, scientific, technical, administrative and support service activities",Y,Calendar and seasonally adjusted data,_Z,Not applicable,2025-Q4,,85245.382383193,,0,Units,,,0,Zero,,
DATAFLOW,LU1:DSD_EMPLOI_SAL@DF_B3000(1.0),Domestic payroll employment by economic activity,I,PERS,Persons,SAL_INT,Domestic payroll employment,Q,Quarterly,_Z,Not applicable,M_N,"Professional, scientific, technical, administrative and support service activities",Y,Calendar and seasonally adjusted data,_Z,Not applicable,2026-Q1,,85666.2256601782,,0,Units,,,0,Zero,,
DATAFLOW,LU1:DSD_EMPLOI_SAL@DF_B3000(1.0),Domestic payroll employment by economic activity,I,PERS,Persons,SAL_INT,Domestic payroll employment,Q,Quarterly,_Z,Not applicable,OTH,Other activities,N,Neither seasonally adjusted nor calendar adjusted data,_Z,Not applicable,1995-Q1,,10095,,0,Units,,,0,Zero,NACE_OTH,Regroups all the following activities: A-L-R-S-T-U
DATAFLOW,LU1:DSD_EMPLOI_SAL@DF_B3000(1.0),Domestic payroll employment by economic activity,I,PERS,Persons,SAL_INT,Domestic payroll employment,Q,Quarterly,_Z,Not applicable,OTH,Other activities,N,Neither seasonally adjusted nor calendar adjusted data,_Z,Not applicable,1995-Q2,,10166,,0,Units,,,0,Zero,NACE_OTH,Regroups all the following activities: A-L-R-S-T-U
DATAFLOW,LU1:DSD_EMPLOI_SAL@DF_B3000(1.0),Domestic payroll employment by economic activity,I,PERS,Persons,SAL_INT,Domestic payroll employment,Q,Quarterly,_Z,Not applicable,OTH,Other activities,N,Neither seasonally adjusted nor calendar adjusted data,_Z,Not applicable,1995-Q3,,11517,,0,Units,,,0,Zero,NACE_OTH,Regroups all the following activities: A-L-R-S-T-U
DATAFLOW,LU1:DSD_EMPLOI_SAL@DF_B3000(1.0),Domestic payroll employment by economic activity,I,PERS,Persons,SAL_INT,Domestic payroll employment,Q,Quarterly,_Z,Not applicable,OTH,Other activities,N,Neither seasonally adjusted nor calendar adjusted data,_Z,Not applicable,1995-Q4,,11795,,0,Units,,,0,Zero,NACE_OTH,Regroups all the following activities: A-L-R-S-T-U
DATAFLOW,LU1:DSD_EMPLOI_SAL@DF_B3000(1.0),Domestic payroll employment by economic activity,I,PERS,Persons,SAL_INT,Domestic payroll employment,Q,Quarterly,_Z,Not applicable,OTH,Other activities,N,Neither seasonally adjusted nor calendar adjusted data,_Z,Not applicable,1996-Q1,,11169,,0,Units,,,0,Zero,NACE_OTH,Regroups all the following activities: A-L-R-S-T-U
DATAFLOW,LU1:DSD_EMPLOI_SAL@DF_B3000(1.0),Domestic payroll employment by economic activity,I,PERS,Persons,SAL_INT,Domestic payroll employment,Q,Quarterly,_Z,Not applicable,OTH,Other activities,N,Neither seasonally adjusted nor calendar adjusted data,_Z,Not applicable,1996-Q2,,11317,,0,Units,,,0,Zero,NACE_OTH,Regroups all the following activities: A-L-R-S-T-U
DATAFLOW,LU1:DSD_EMPLOI_SAL@DF_B3000(1.0),Domestic payroll employment by economic activity,I,PERS,Persons,SAL_INT,Domestic payroll employment,Q,Quarterly,_Z,Not applicable,OTH,Other activities,N,Neither seasonally adjusted nor calendar adjusted data,_Z,Not applicable,1996-Q3,,11183,,0,Units,,,0,Zero,NACE_OTH,Regroups all the following activities: A-L-R-S-T-U
DATAFLOW,LU1:DSD_EMPLOI_SAL@DF_B3000(1.0),Domestic payroll employment by economic activity,I,PERS,Persons,SAL_INT,Domestic payroll employment,Q,Quarterly,_Z,Not applicable,OTH,Other activities,N,Neither seasonally adjusted nor calendar adjusted data,_Z,Not applicable,1996-Q4,,11213,,0,Units,,,0,Zero,NACE_OTH,Regroups all the following activities: A-L-R-S-T-U
DATAFLOW,LU1:DSD_EMPLOI_SAL@DF_B3000(1.0),Domestic payroll employment by economic activity,I,PERS,Persons,SAL_INT,Domestic payroll employment,Q,Quarterly,_Z,Not applicable,OTH,Other activities,N,Neither seasonally adjusted nor calendar adjusted data,_Z,Not applicable,1997-Q1,,11339,,0,Units,,,0,Zero,NACE_OTH,Regroups all the following activities: A-L-R-S-T-U
DATAFLOW,LU1:DSD_EMPLOI_SAL@DF_B3000(1.0),Domestic payroll employment by economic activity,I,PERS,Persons,SAL_INT,Domestic payroll employment,Q,Quarterly,_Z,Not applicable,OTH,Other activities,N,Neither seasonally adjusted nor calendar adjusted data,_Z,Not applicable,1997-Q2,,11326,,0,Units,,,0,Zero,NACE_OTH,Regroups all the following activities: A-L-R-S-T-U
DATAFLOW,LU1:DSD_EMPLOI_SAL@DF_B3000(1.0),Domestic payroll employment by economic activity,I,PERS,Persons,SAL_INT,Domestic payroll employment,Q,Quarterly,_Z,Not applicable,OTH,Other activities,N,Neither seasonally adjusted nor calendar adjusted data,_Z,Not applicable,1997-Q3,,12013,,0,Units,,,0,Zero,NACE_OTH,Regroups all the following activities: A-L-R-S-T-U
DATAFLOW,LU1:DSD_EMPLOI_SAL@DF_B3000(1.0),Domestic payroll employment by economic activity,I,PERS,Persons,SAL_INT,Domestic payroll employment,Q,Quarterly,_Z,Not applicable,OTH,Other activities,N,Neither seasonally adjusted nor calendar adjusted data,_Z,Not applicable,1997-Q4,,12267,,0,Units,,,0,Zero,NACE_OTH,Regroups all the following activities: A-L-R-S-T-U
DATAFLOW,LU1:DSD_EMPLOI_SAL@DF_B3000(1.0),Domestic payroll employment by economic activity,I,PERS,Persons,SAL_INT,Domestic payroll employment,Q,Quarterly,_Z,Not applicable,OTH,Other activities,N,Neither seasonally adjusted nor calendar adjusted data,_Z,Not applicable,1998-Q1,,11715,,0,Units,,,0,Zero,NACE_OTH,Regroups all the following activities: A-L-R-S-T-U
DATAFLOW,LU1:DSD_EMPLOI_SAL@DF_B3000(1.0),Domestic payroll employment by economic activity,I,PERS,Persons,SAL_INT,Domestic payroll employment,Q,Quarterly,_Z,Not applicable,OTH,Other activities,N,Neither seasonally adjusted nor calendar adjusted data,_Z,Not applicable,1998-Q2,,11819,,0,Units,,,0,Zero,NACE_OTH,Regroups all the following activities: A-L-R-S-T-U
DATAFLOW,LU1:DSD_EMPLOI_SAL@DF_B3000(1.0),Domestic payroll employment by economic activity,I,PERS,Persons,SAL_INT,Domestic payroll employment,Q,Quarterly,_Z,Not applicable,OTH,Other activities,N,Neither seasonally adjusted nor calendar adjusted data,_Z,Not applicable,1998-Q3,,11885,,0,Units,,,0,Zero,NACE_OTH,Regroups all the following activities: A-L-R-S-T-U
DATAFLOW,LU1:DSD_EMPLOI_SAL@DF_B3000(1.0),Domestic payroll employment by economic activity,I,PERS,Persons,SAL_INT,Domestic payroll employment,Q,Quarterly,_Z,Not applicable,OTH,Other activities,N,Neither seasonally adjusted nor calendar adjusted data,_Z,Not applicable,1998-Q4,,12164,,0,Units,,,0,Zero,NACE_OTH,Regroups all the following activities: A-L-R-S-T-U
DATAFLOW,LU1:DSD_EMPLOI_SAL@DF_B3000(1.0),Domestic payroll employment by economic activity,I,PERS,Persons,SAL_INT,Domestic payroll employment,Q,Quarterly,_Z,Not applicable,OTH,Other activities,N,Neither seasonally adjusted nor calendar adjusted data,_Z,Not applicable,1999-Q1,,11621,,0,Units,,,0,Zero,NACE_OTH,Regroups all the following activities: A-L-R-S-T-U
DATAFLOW,LU1:DSD_EMPLOI_SAL@DF_B3000(1.0),Domestic payroll employment by economic activity,I,PERS,Persons,SAL_INT,Domestic payroll employment,Q,Quarterly,_Z,Not applicable,OTH,Other activities,N,Neither seasonally adjusted nor calendar adjusted data,_Z,Not applicable,1999-Q2,,11764,,0,Units,,,0,Zero,NACE_OTH,Regroups all the following activities: A-L-R-S-T-U
DATAFLOW,LU1:DSD_EMPLOI_SAL@DF_B3000(1.0),Domestic payroll employment by economic activity,I,PERS,Persons,SAL_INT,Domestic payroll employment,Q,Quarterly,_Z,Not applicable,OTH,Other activities,N,Neither seasonally adjusted nor calendar adjusted data,_Z,Not applicable,1999-Q3,,11802,,0,Units,,,0,Zero,NACE_OTH,Regroups all the following activities: A-L-R-S-T-U
DATAFLOW,LU1:DSD_EMPLOI_SAL@DF_B3000(1.0),Domestic payroll employment by economic activity,I,PERS,Persons,SAL_INT,Domestic payroll employment,Q,Quarterly,_Z,Not applicable,OTH,Other activities,N,Neither seasonally adjusted nor calendar adjusted data,_Z,Not applicable,1999-Q4,,12025,,0,Units,,,0,Zero,NACE_OTH,Regroups all the following activities: A-L-R-S-T-U
DATAFLOW,LU1:DSD_EMPLOI_SAL@DF_B3000(1.0),Domestic payroll employment by economic activity,I,PERS,Persons,SAL_INT,Domestic payroll employment,Q,Quarterly,_Z,Not applicable,OTH,Other activities,N,Neither seasonally adjusted nor calendar adjusted data,_Z,Not applicable,2000-Q1,,11776,,0,Units,,,0,Zero,NACE_OTH,Regroups all the following activities: A-L-R-S-T-U
DATAFLOW,LU1:DSD_EMPLOI_SAL@DF_B3000(1.0),Domestic payroll employment by economic activity,I,PERS,Persons,SAL_INT,Domestic payroll employment,Q,Quarterly,_Z,Not applicable,OTH,Other activities,N,Neither seasonally adjusted nor calendar adjusted data,_Z,Not applicable,2000-Q2,,11959,,0,Units,,,0,Zero,NACE_OTH,Regroups all the following activities: A-L-R-S-T-U
DATAFLOW,LU1:DSD_EMPLOI_SAL@DF_B3000(1.0),Domestic payroll employment by economic activity,I,PERS,Persons,SAL_INT,Domestic payroll employment,Q,Quarterly,_Z,Not applicable,OTH,Other activities,N,Neither seasonally adjusted nor calendar adjusted data,_Z,Not applicable,2000-Q3,,11912,,0,Units,,,0,Zero,NACE_OTH,Regroups all the following activities: A-L-R-S-T-U
DATAFLOW,LU1:DSD_EMPLOI_SAL@DF_B3000(1.0),Domestic payroll employment by economic activity,I,PERS,Persons,SAL_INT,Domestic payroll employment,Q,Quarterly,_Z,Not applicable,OTH,Other activities,N,Neither seasonally adjusted nor calendar adjusted data,_Z,Not applicable,2000-Q4,,12225,,0,Units,,,0,Zero,NACE_OTH,Regroups all the following activities: A-L-R-S-T-U
DATAFLOW,LU1:DSD_EMPLOI_SAL@DF_B3000(1.0),Domestic payroll employment by economic activity,I,PERS,Persons,SAL_INT,Domestic payroll employment,Q,Quarterly,_Z,Not applicable,OTH,Other activities,N,Neither seasonally adjusted nor calendar adjusted data,_Z,Not applicable,2001-Q1,,12127,,0,Units,,,0,Zero,NACE_OTH,Regroups all the following activities: A-L-R-S-T-U
DATAFLOW,LU1:DSD_EMPLOI_SAL@DF_B3000(1.0),Domestic payroll employment by economic activity,I,PERS,Persons,SAL_INT,Domestic payroll employment,Q,Quarterly,_Z,Not applicable,OTH,Other activities,N,Neither seasonally adjusted nor calendar adjusted data,_Z,Not applicable,2001-Q2,,12296,,0,Units,,,0,Zero,NACE_OTH,Regroups all the following activities: A-L-R-S-T-U
DATAFLOW,LU1:DSD_EMPLOI_SAL@DF_B3000(1.0),Domestic payroll employment by economic activity,I,PERS,Persons,SAL_INT,Domestic payroll employment,Q,Quarterly,_Z,Not applicable,OTH,Other activities,N,Neither seasonally adjusted nor calendar adjusted data,_Z,Not applicable,2001-Q3,,12255,,0,Units,,,0,Zero,NACE_OTH,Regroups all the following activities: A-L-R-S-T-U
DATAFLOW,LU1:DSD_EMPLOI_SAL@DF_B3000(1.0),Domestic payroll employment by economic activity,I,PERS,Persons,SAL_INT,Domestic payroll employment,Q,Quarterly,_Z,Not applicable,OTH,Other activities,N,Neither seasonally adjusted nor calendar adjusted data,_Z,Not applicable,2001-Q4,,12613,,0,Units,,,0,Zero,NACE_OTH,Regroups all the following activities: A-L-R-S-T-U
DATAFLOW,LU1:DSD_EMPLOI_SAL@DF_B3000(1.0),Domestic payroll employment by economic activity,I,PERS,Persons,SAL_INT,Domestic payroll employment,Q,Quarterly,_Z,Not applicable,OTH,Other activities,N,Neither seasonally adjusted nor calendar adjusted data,_Z,Not applicable,2002-Q1,,12446,,0,Units,,,0,Zero,NACE_OTH,Regroups all the following activities: A-L-R-S-T-U
DATAFLOW,LU1:DSD_EMPLOI_SAL@DF_B3000(1.0),Domestic payroll employment by economic activity,I,PERS,Persons,SAL_INT,Domestic payroll employment,Q,Quarterly,_Z,Not applicable,OTH,Other activities,N,Neither seasonally adjusted nor calendar adjusted data,_Z,Not applicable,2002-Q2,,12593,,0,Units,,,0,Zero,NACE_OTH,Regroups all the following activities: A-L-R-S-T-U
DATAFLOW,LU1:DSD_EMPLOI_SAL@DF_B3000(1.0),Domestic payroll employment by economic activity,I,PERS,Persons,SAL_INT,Domestic payroll employment,Q,Quarterly,_Z,Not applicable,OTH,Other activities,N,Neither seasonally adjusted nor calendar adjusted data,_Z,Not applicable,2002-Q3,,12655,,0,Units,,,0,Zero,NACE_OTH,Regroups all the following activities: A-L-R-S-T-U
DATAFLOW,LU1:DSD_EMPLOI_SAL@DF_B3000(1.0),Domestic payroll employment by economic activity,I,PERS,Persons,SAL_INT,Domestic payroll employment,Q,Quarterly,_Z,Not applicable,OTH,Other activities,N,Neither seasonally adjusted nor calendar adjusted data,_Z,Not applicable,2002-Q4,,12984,,0,Units,,,0,Zero,NACE_OTH,Regroups all the following activities: A-L-R-S-T-U
DATAFLOW,LU1:DSD_EMPLOI_SAL@DF_B3000(1.0),Domestic payroll employment by economic activity,I,PERS,Persons,SAL_INT,Domestic payroll employment,Q,Quarterly,_Z,Not applicable,OTH,Other activities,N,Neither seasonally adjusted nor calendar adjusted data,_Z,Not applicable,2003-Q1,,12545,,0,Units,,,0,Zero,NACE_OTH,Regroups all the following activities: A-L-R-S-T-U
DATAFLOW,LU1:DSD_EMPLOI_SAL@DF_B3000(1.0),Domestic payroll employment by economic activity,I,PERS,Persons,SAL_INT,Domestic payroll employment,Q,Quarterly,_Z,Not applicable,OTH,Other activities,N,Neither seasonally adjusted nor calendar adjusted data,_Z,Not applicable,2003-Q2,,12775,,0,Units,,,0,Zero,NACE_OTH,Regroups all the following activities: A-L-R-S-T-U
DATAFLOW,LU1:DSD_EMPLOI_SAL@DF_B3000(1.0),Domestic payroll employment by economic activity,I,PERS,Persons,SAL_INT,Domestic payroll employment,Q,Quarterly,_Z,Not applicable,OTH,Other activities,N,Neither seasonally adjusted nor calendar adjusted data,_Z,Not applicable,2003-Q3,,12812,,0,Units,,,0,Zero,NACE_OTH,Regroups all the following activities: A-L-R-S-T-U
DATAFLOW,LU1:DSD_EMPLOI_SAL@DF_B3000(1.0),Domestic payroll employment by economic activity,I,PERS,Persons,SAL_INT,Domestic payroll employment,Q,Quarterly,_Z,Not applicable,OTH,Other activities,N,Neither seasonally adjusted nor calendar adjusted data,_Z,Not applicable,2003-Q4,,13196,,0,Units,,,0,Zero,NACE_OTH,Regroups all the following activities: A-L-R-S-T-U
DATAFLOW,LU1:DSD_EMPLOI_SAL@DF_B3000(1.0),Domestic payroll employment by economic activity,I,PERS,Persons,SAL_INT,Domestic payroll employment,Q,Quarterly,_Z,Not applicable,OTH,Other activities,N,Neither seasonally adjusted nor calendar adjusted data,_Z,Not applicable,2004-Q1,,12627,,0,Units,,,0,Zero,NACE_OTH,Regroups all the following activities: A-L-R-S-T-U
DATAFLOW,LU1:DSD_EMPLOI_SAL@DF_B3000(1.0),Domestic payroll employment by economic activity,I,PERS,Persons,SAL_INT,Domestic payroll employment,Q,Quarterly,_Z,Not applicable,OTH,Other activities,N,Neither seasonally adjusted nor calendar adjusted data,_Z,Not applicable,2004-Q2,,12743,,0,Units,,,0,Zero,NACE_OTH,Regroups all the following activities: A-L-R-S-T-U
DATAFLOW,LU1:DSD_EMPLOI_SAL@DF_B3000(1.0),Domestic payroll employment by economic activity,I,PERS,Persons,SAL_INT,Domestic payroll employment,Q,Quarterly,_Z,Not applicable,OTH,Other activities,N,Neither seasonally adjusted nor calendar adjusted data,_Z,Not applicable,2004-Q3,,12778,,0,Units,,,0,Zero,NACE_OTH,Regroups all the following activities: A-L-R-S-T-U
DATAFLOW,LU1:DSD_EMPLOI_SAL@DF_B3000(1.0),Domestic payroll employment by economic activity,I,PERS,Persons,SAL_INT,Domestic payroll employment,Q,Quarterly,_Z,Not applicable,OTH,Other activities,N,Neither seasonally adjusted nor calendar adjusted data,_Z,Not applicable,2004-Q4,,12982,,0,Units,,,0,Zero,NACE_OTH,Regroups all the following activities: A-L-R-S-T-U
DATAFLOW,LU1:DSD_EMPLOI_SAL@DF_B3000(1.0),Domestic payroll employment by economic activity,I,PERS,Persons,SAL_INT,Domestic payroll employment,Q,Quarterly,_Z,Not applicable,OTH,Other activities,N,Neither seasonally adjusted nor calendar adjusted data,_Z,Not applicable,2005-Q1,,12986,,0,Units,,,0,Zero,NACE_OTH,Regroups all the following activities: A-L-R-S-T-U
DATAFLOW,LU1:DSD_EMPLOI_SAL@DF_B3000(1.0),Domestic payroll employment by economic activity,I,PERS,Persons,SAL_INT,Domestic payroll employment,Q,Quarterly,_Z,Not applicable,OTH,Other activities,N,Neither seasonally adjusted nor calendar adjusted data,_Z,Not applicable,2005-Q2,,13144,,0,Units,,,0,Zero,NACE_OTH,Regroups all the following activities: A-L-R-S-T-U
DATAFLOW,LU1:DSD_EMPLOI_SAL@DF_B3000(1.0),Domestic payroll employment by economic activity,I,PERS,Persons,SAL_INT,Domestic payroll employment,Q,Quarterly,_Z,Not applicable,OTH,Other activities,N,Neither seasonally adjusted nor calendar adjusted data,_Z,Not applicable,2005-Q3,,13179,,0,Units,,,0,Zero,NACE_OTH,Regroups all the following activities: A-L-R-S-T-U
DATAFLOW,LU1:DSD_EMPLOI_SAL@DF_B3000(1.0),Domestic payroll employment by economic activity,I,PERS,Persons,SAL_INT,Domestic payroll employment,Q,Quarterly,_Z,Not applicable,OTH,Other activities,N,Neither seasonally adjusted nor calendar adjusted data,_Z,Not applicable,2005-Q4,,13287,,0,Units,,,0,Zero,NACE_OTH,Regroups all the following activities: A-L-R-S-T-U
DATAFLOW,LU1:DSD_EMPLOI_SAL@DF_B3000(1.0),Domestic payroll employment by economic activity,I,PERS,Persons,SAL_INT,Domestic payroll employment,Q,Quarterly,_Z,Not applicable,OTH,Other activities,N,Neither seasonally adjusted nor calendar adjusted data,_Z,Not applicable,2006-Q1,,13961,,0,Units,,,0,Zero,NACE_OTH,Regroups all the following activities: A-L-R-S-T-U
DATAFLOW,LU1:DSD_EMPLOI_SAL@DF_B3000(1.0),Domestic payroll employment by economic activity,I,PERS,Persons,SAL_INT,Domestic payroll employment,Q,Quarterly,_Z,Not applicable,OTH,Other activities,N,Neither seasonally adjusted nor calendar adjusted data,_Z,Not applicable,2006-Q2,,14139,,0,Units,,,0,Zero,NACE_OTH,Regroups all the following activities: A-L-R-S-T-U
DATAFLOW,LU1:DSD_EMPLOI_SAL@DF_B3000(1.0),Domestic payroll employment by economic activity,I,PERS,Persons,SAL_INT,Domestic payroll employment,Q,Quarterly,_Z,Not applicable,OTH,Other activities,N,Neither seasonally adjusted nor calendar adjusted data,_Z,Not applicable,2006-Q3,,14212,,0,Units,,,0,Zero,NACE_OTH,Regroups all the following activities: A-L-R-S-T-U
DATAFLOW,LU1:DSD_EMPLOI_SAL@DF_B3000(1.0),Domestic payroll employment by economic activity,I,PERS,Persons,SAL_INT,Domestic payroll employment,Q,Quarterly,_Z,Not applicable,OTH,Other activities,N,Neither seasonally adjusted nor calendar adjusted data,_Z,Not applicable,2006-Q4,,14538,,0,Units,,,0,Zero,NACE_OTH,Regroups all the following activities: A-L-R-S-T-U
DATAFLOW,LU1:DSD_EMPLOI_SAL@DF_B3000(1.0),Domestic payroll employment by economic activity,I,PERS,Persons,SAL_INT,Domestic payroll employment,Q,Quarterly,_Z,Not applicable,OTH,Other activities,N,Neither seasonally adjusted nor calendar adjusted data,_Z,Not applicable,2007-Q1,,14280,,0,Units,,,0,Zero,NACE_OTH,Regroups all the following activities: A-L-R-S-T-U
DATAFLOW,LU1:DSD_EMPLOI_SAL@DF_B3000(1.0),Domestic payroll employment by economic activity,I,PERS,Persons,SAL_INT,Domestic payroll employment,Q,Quarterly,_Z,Not applicable,OTH,Other activities,N,Neither seasonally adjusted nor calendar adjusted data,_Z,Not applicable,2007-Q2,,14467,,0,Units,,,0,Zero,NACE_OTH,Regroups all the following activities: A-L-R-S-T-U
DATAFLOW,LU1:DSD_EMPLOI_SAL@DF_B3000(1.0),Domestic payroll employment by economic activity,I,PERS,Persons,SAL_INT,Domestic payroll employment,Q,Quarterly,_Z,Not applicable,OTH,Other activities,N,Neither seasonally adjusted nor calendar adjusted data,_Z,Not applicable,2007-Q3,,14522,,0,Units,,,0,Zero,NACE_OTH,Regroups all the following activities: A-L-R-S-T-U
DATAFLOW,LU1:DSD_EMPLOI_SAL@DF_B3000(1.0),Domestic payroll employment by economic activity,I,PERS,Persons,SAL_INT,Domestic payroll employment,Q,Quarterly,_Z,Not applicable,OTH,Other activities,N,Neither seasonally adjusted nor calendar adjusted data,_Z,Not applicable,2007-Q4,,14825,,0,Units,,,0,Zero,NACE_OTH,Regroups all the following activities: A-L-R-S-T-U
DATAFLOW,LU1:DSD_EMPLOI_SAL@DF_B3000(1.0),Domestic payroll employment by economic activity,I,PERS,Persons,SAL_INT,Domestic payroll employment,Q,Quarterly,_Z,Not applicable,OTH,Other activities,N,Neither seasonally adjusted nor calendar adjusted data,_Z,Not applicable,2008-Q1,,14964,,0,Units,,,0,Zero,NACE_OTH,Regroups all the following activities: A-L-R-S-T-U
DATAFLOW,LU1:DSD_EMPLOI_SAL@DF_B3000(1.0),Domestic payroll employment by economic activity,I,PERS,Persons,SAL_INT,Domestic payroll employment,Q,Quarterly,_Z,Not applicable,OTH,Other activities,N,Neither seasonally adjusted nor calendar adjusted data,_Z,Not applicable,2008-Q2,,15342,,0,Units,,,0,Zero,NACE_OTH,Regroups all the following activities: A-L-R-S-T-U
DATAFLOW,LU1:DSD_EMPLOI_SAL@DF_B3000(1.0),Domestic payroll employment by economic activity,I,PERS,Persons,SAL_INT,Domestic payroll employment,Q,Quarterly,_Z,Not applicable,OTH,Other activities,N,Neither seasonally adjusted nor calendar adjusted data,_Z,Not applicable,2008-Q3,,15181,,0,Units,,,0,Zero,NACE_OTH,Regroups all the following activities: A-L-R-S-T-U
DATAFLOW,LU1:DSD_EMPLOI_SAL@DF_B3000(1.0),Domestic payroll employment by economic activity,I,PERS,Persons,SAL_INT,Domestic payroll employment,Q,Quarterly,_Z,Not applicable,OTH,Other activities,N,Neither seasonally adjusted nor calendar adjusted data,_Z,Not applicable,2008-Q4,,15448,,0,Units,,,0,Zero,NACE_OTH,Regroups all the following activities: A-L-R-S-T-U
DATAFLOW,LU1:DSD_EMPLOI_SAL@DF_B3000(1.0),Domestic payroll employment by economic activity,I,PERS,Persons,SAL_INT,Domestic payroll employment,Q,Quarterly,_Z,Not applicable,OTH,Other activities,N,Neither seasonally adjusted nor calendar adjusted data,_Z,Not applicable,2009-Q1,,15645,,0,Units,,,0,Zero,NACE_OTH,Regroups all the following activities: A-L-R-S-T-U
DATAFLOW,LU1:DSD_EMPLOI_SAL@DF_B3000(1.0),Domestic payroll employment by economic activity,I,PERS,Persons,SAL_INT,Domestic payroll employment,Q,Quarterly,_Z,Not applicable,OTH,Other activities,N,Neither seasonally adjusted nor calendar adjusted data,_Z,Not applicable,2009-Q2,,15763,,0,Units,,,0,Zero,NACE_OTH,Regroups all the following activities: A-L-R-S-T-U
DATAFLOW,LU1:DSD_EMPLOI_SAL@DF_B3000(1.0),Domestic payroll employment by economic activity,I,PERS,Persons,SAL_INT,Domestic payroll employment,Q,Quarterly,_Z,Not applicable,OTH,Other activities,N,Neither seasonally adjusted nor calendar adjusted data,_Z,Not applicable,2009-Q3,,15745,,0,Units,,,0,Zero,NACE_OTH,Regroups all the following activities: A-L-R-S-T-U
DATAFLOW,LU1:DSD_EMPLOI_SAL@DF_B3000(1.0),Domestic payroll employment by economic activity,I,PERS,Persons,SAL_INT,Domestic payroll employment,Q,Quarterly,_Z,Not applicable,OTH,Other activities,N,Neither seasonally adjusted nor calendar adjusted data,_Z,Not applicable,2009-Q4,,16093,,0,Units,,,0,Zero,NACE_OTH,Regroups all the following activities: A-L-R-S-T-U
DATAFLOW,LU1:DSD_EMPLOI_SAL@DF_B3000(1.0),Domestic payroll employment by economic activity,I,PERS,Persons,SAL_INT,Domestic payroll employment,Q,Quarterly,_Z,Not applicable,OTH,Other activities,N,Neither seasonally adjusted nor calendar adjusted data,_Z,Not applicable,2010-Q1,,16257,,0,Units,,,0,Zero,NACE_OTH,Regroups all the following activities: A-L-R-S-T-U
DATAFLOW,LU1:DSD_EMPLOI_SAL@DF_B3000(1.0),Domestic payroll employment by economic activity,I,PERS,Persons,SAL_INT,Domestic payroll employment,Q,Quarterly,_Z,Not applicable,OTH,Other activities,N,Neither seasonally adjusted nor calendar adjusted data,_Z,Not applicable,2010-Q2,,16455,,0,Units,,,0,Zero,NACE_OTH,Regroups all the following activities: A-L-R-S-T-U
DATAFLOW,LU1:DSD_EMPLOI_SAL@DF_B3000(1.0),Domestic payroll employment by economic activity,I,PERS,Persons,SAL_INT,Domestic payroll employment,Q,Quarterly,_Z,Not applicable,OTH,Other activities,N,Neither seasonally adjusted nor calendar adjusted data,_Z,Not applicable,2010-Q3,,16364,,0,Units,,,0,Zero,NACE_OTH,Regroups all the following activities: A-L-R-S-T-U
DATAFLOW,LU1:DSD_EMPLOI_SAL@DF_B3000(1.0),Domestic payroll employment by economic activity,I,PERS,Persons,SAL_INT,Domestic payroll employment,Q,Quarterly,_Z,Not applicable,OTH,Other activities,N,Neither seasonally adjusted nor calendar adjusted data,_Z,Not applicable,2010-Q4,,16655,,0,Units,,,0,Zero,NACE_OTH,Regroups all the following activities: A-L-R-S-T-U
DATAFLOW,LU1:DSD_EMPLOI_SAL@DF_B3000(1.0),Domestic payroll employment by economic activity,I,PERS,Persons,SAL_INT,Domestic payroll employment,Q,Quarterly,_Z,Not applicable,OTH,Other activities,N,Neither seasonally adjusted nor calendar adjusted data,_Z,Not applicable,2011-Q1,,16790,,0,Units,,,0,Zero,NACE_OTH,Regroups all the following activities: A-L-R-S-T-U
DATAFLOW,LU1:DSD_EMPLOI_SAL@DF_B3000(1.0),Domestic payroll employment by economic activity,I,PERS,Persons,SAL_INT,Domestic payroll employment,Q,Quarterly,_Z,Not applicable,OTH,Other activities,N,Neither seasonally adjusted nor calendar adjusted data,_Z,Not applicable,2011-Q2,,16914,,0,Units,,,0,Zero,NACE_OTH,Regroups all the following activities: A-L-R-S-T-U
DATAFLOW,LU1:DSD_EMPLOI_SAL@DF_B3000(1.0),Domestic payroll employment by economic activity,I,PERS,Persons,SAL_INT,Domestic payroll employment,Q,Quarterly,_Z,Not applicable,OTH,Other activities,N,Neither seasonally adjusted nor calendar adjusted data,_Z,Not applicable,2011-Q3,,16873,,0,Units,,,0,Zero,NACE_OTH,Regroups all the following activities: A-L-R-S-T-U
DATAFLOW,LU1:DSD_EMPLOI_SAL@DF_B3000(1.0),Domestic payroll employment by economic activity,I,PERS,Persons,SAL_INT,Domestic payroll employment,Q,Quarterly,_Z,Not applicable,OTH,Other activities,N,Neither seasonally adjusted nor calendar adjusted data,_Z,Not applicable,2011-Q4,,17132,,0,Units,,,0,Zero,NACE_OTH,Regroups all the following activities: A-L-R-S-T-U
DATAFLOW,LU1:DSD_EMPLOI_SAL@DF_B3000(1.0),Domestic payroll employment by economic activity,I,PERS,Persons,SAL_INT,Domestic payroll employment,Q,Quarterly,_Z,Not applicable,OTH,Other activities,N,Neither seasonally adjusted nor calendar adjusted data,_Z,Not applicable,2012-Q1,,17331,,0,Units,,,0,Zero,NACE_OTH,Regroups all the following activities: A-L-R-S-T-U
DATAFLOW,LU1:DSD_EMPLOI_SAL@DF_B3000(1.0),Domestic payroll employment by economic activity,I,PERS,Persons,SAL_INT,Domestic payroll employment,Q,Quarterly,_Z,Not applicable,OTH,Other activities,N,Neither seasonally adjusted nor calendar adjusted data,_Z,Not applicable,2012-Q2,,17492,,0,Units,,,0,Zero,NACE_OTH,Regroups all the following activities: A-L-R-S-T-U
DATAFLOW,LU1:DSD_EMPLOI_SAL@DF_B3000(1.0),Domestic payroll employment by economic activity,I,PERS,Persons,SAL_INT,Domestic payroll employment,Q,Quarterly,_Z,Not applicable,OTH,Other activities,N,Neither seasonally adjusted nor calendar adjusted data,_Z,Not applicable,2012-Q3,,17457,,0,Units,,,0,Zero,NACE_OTH,Regroups all the following activities: A-L-R-S-T-U
DATAFLOW,LU1:DSD_EMPLOI_SAL@DF_B3000(1.0),Domestic payroll employment by economic activity,I,PERS,Persons,SAL_INT,Domestic payroll employment,Q,Quarterly,_Z,Not applicable,OTH,Other activities,N,Neither seasonally adjusted nor calendar adjusted data,_Z,Not applicable,2012-Q4,,17700,,0,Units,,,0,Zero,NACE_OTH,Regroups all the following activities: A-L-R-S-T-U
DATAFLOW,LU1:DSD_EMPLOI_SAL@DF_B3000(1.0),Domestic payroll employment by economic activity,I,PERS,Persons,SAL_INT,Domestic payroll employment,Q,Quarterly,_Z,Not applicable,OTH,Other activities,N,Neither seasonally adjusted nor calendar adjusted data,_Z,Not applicable,2013-Q1,,17814,,0,Units,,,0,Zero,NACE_OTH,Regroups all the following activities: A-L-R-S-T-U
DATAFLOW,LU1:DSD_EMPLOI_SAL@DF_B3000(1.0),Domestic payroll employment by economic activity,I,PERS,Persons,SAL_INT,Domestic payroll employment,Q,Quarterly,_Z,Not applicable,OTH,Other activities,N,Neither seasonally adjusted nor calendar adjusted data,_Z,Not applicable,2013-Q2,,18019,,0,Units,,,0,Zero,NACE_OTH,Regroups all the following activities: A-L-R-S-T-U
DATAFLOW,LU1:DSD_EMPLOI_SAL@DF_B3000(1.0),Domestic payroll employment by economic activity,I,PERS,Persons,SAL_INT,Domestic payroll employment,Q,Quarterly,_Z,Not applicable,OTH,Other activities,N,Neither seasonally adjusted nor calendar adjusted data,_Z,Not applicable,2013-Q3,,17830,,0,Units,,,0,Zero,NACE_OTH,Regroups all the following activities: A-L-R-S-T-U
DATAFLOW,LU1:DSD_EMPLOI_SAL@DF_B3000(1.0),Domestic payroll employment by economic activity,I,PERS,Persons,SAL_INT,Domestic payroll employment,Q,Quarterly,_Z,Not applicable,OTH,Other activities,N,Neither seasonally adjusted nor calendar adjusted data,_Z,Not applicable,2013-Q4,,18072,,0,Units,,,0,Zero,NACE_OTH,Regroups all the following activities: A-L-R-S-T-U
DATAFLOW,LU1:DSD_EMPLOI_SAL@DF_B3000(1.0),Domestic payroll employment by economic activity,I,PERS,Persons,SAL_INT,Domestic payroll employment,Q,Quarterly,_Z,Not applicable,OTH,Other activities,N,Neither seasonally adjusted nor calendar adjusted data,_Z,Not applicable,2014-Q1,,18303,,0,Units,,,0,Zero,NACE_OTH,Regroups all the following activities: A-L-R-S-T-U
DATAFLOW,LU1:DSD_EMPLOI_SAL@DF_B3000(1.0),Domestic payroll employment by economic activity,I,PERS,Persons,SAL_INT,Domestic payroll employment,Q,Quarterly,_Z,Not applicable,OTH,Other activities,N,Neither seasonally adjusted nor calendar adjusted data,_Z,Not applicable,2014-Q2,,18559,,0,Units,,,0,Zero,NACE_OTH,Regroups all the following activities: A-L-R-S-T-U
DATAFLOW,LU1:DSD_EMPLOI_SAL@DF_B3000(1.0),Domestic payroll employment by economic activity,I,PERS,Persons,SAL_INT,Domestic payroll employment,Q,Quarterly,_Z,Not applicable,OTH,Other activities,N,Neither seasonally adjusted nor calendar adjusted data,_Z,Not applicable,2014-Q3,,18463,,0,Units,,,0,Zero,NACE_OTH,Regroups all the following activities: A-L-R-S-T-U
DATAFLOW,LU1:DSD_EMPLOI_SAL@DF_B3000(1.0),Domestic payroll employment by economic activity,I,PERS,Persons,SAL_INT,Domestic payroll employment,Q,Quarterly,_Z,Not applicable,OTH,Other activities,N,Neither seasonally adjusted nor calendar adjusted data,_Z,Not applicable,2014-Q4,,18737,,0,Units,,,0,Zero,NACE_OTH,Regroups all the following activities: A-L-R-S-T-U
DATAFLOW,LU1:DSD_EMPLOI_SAL@DF_B3000(1.0),Domestic payroll employment by economic activity,I,PERS,Persons,SAL_INT,Domestic payroll employment,Q,Quarterly,_Z,Not applicable,OTH,Other activities,N,Neither seasonally adjusted nor calendar adjusted data,_Z,Not applicable,2015-Q1,,18877,,0,Units,,,0,Zero,NACE_OTH,Regroups all the following activities: A-L-R-S-T-U
DATAFLOW,LU1:DSD_EMPLOI_SAL@DF_B3000(1.0),Domestic payroll employment by economic activity,I,PERS,Persons,SAL_INT,Domestic payroll employment,Q,Quarterly,_Z,Not applicable,OTH,Other activities,N,Neither seasonally adjusted nor calendar adjusted data,_Z,Not applicable,2015-Q2,,19072,,0,Units,,,0,Zero,NACE_OTH,Regroups all the following activities: A-L-R-S-T-U
DATAFLOW,LU1:DSD_EMPLOI_SAL@DF_B3000(1.0),Domestic payroll employment by economic activity,I,PERS,Persons,SAL_INT,Domestic payroll employment,Q,Quarterly,_Z,Not applicable,OTH,Other activities,N,Neither seasonally adjusted nor calendar adjusted data,_Z,Not applicable,2015-Q3,,18989,,0,Units,,,0,Zero,NACE_OTH,Regroups all the following activities: A-L-R-S-T-U
DATAFLOW,LU1:DSD_EMPLOI_SAL@DF_B3000(1.0),Domestic payroll employment by economic activity,I,PERS,Persons,SAL_INT,Domestic payroll employment,Q,Quarterly,_Z,Not applicable,OTH,Other activities,N,Neither seasonally adjusted nor calendar adjusted data,_Z,Not applicable,2015-Q4,,19153,,0,Units,,,0,Zero,NACE_OTH,Regroups all the following activities: A-L-R-S-T-U
DATAFLOW,LU1:DSD_EMPLOI_SAL@DF_B3000(1.0),Domestic payroll employment by economic activity,I,PERS,Persons,SAL_INT,Domestic payroll employment,Q,Quarterly,_Z,Not applicable,OTH,Other activities,N,Neither seasonally adjusted nor calendar adjusted data,_Z,Not applicable,2016-Q1,,19221,,0,Units,,,0,Zero,NACE_OTH,Regroups all the following activities: A-L-R-S-T-U
DATAFLOW,LU1:DSD_EMPLOI_SAL@DF_B3000(1.0),Domestic payroll employment by economic activity,I,PERS,Persons,SAL_INT,Domestic payroll employment,Q,Quarterly,_Z,Not applicable,OTH,Other activities,N,Neither seasonally adjusted nor calendar adjusted data,_Z,Not applicable,2016-Q2,,19417,,0,Units,,,0,Zero,NACE_OTH,Regroups all the following activities: A-L-R-S-T-U
DATAFLOW,LU1:DSD_EMPLOI_SAL@DF_B3000(1.0),Domestic payroll employment by economic activity,I,PERS,Persons,SAL_INT,Domestic payroll employment,Q,Quarterly,_Z,Not applicable,OTH,Other activities,N,Neither seasonally adjusted nor calendar adjusted data,_Z,Not applicable,2016-Q3,,19323,,0,Units,,,0,Zero,NACE_OTH,Regroups all the following activities: A-L-R-S-T-U
DATAFLOW,LU1:DSD_EMPLOI_SAL@DF_B3000(1.0),Domestic payroll employment by economic activity,I,PERS,Persons,SAL_INT,Domestic payroll employment,Q,Quarterly,_Z,Not applicable,OTH,Other activities,N,Neither seasonally adjusted nor calendar adjusted data,_Z,Not applicable,2016-Q4,,19651,,0,Units,,,0,Zero,NACE_OTH,Regroups all the following activities: A-L-R-S-T-U
DATAFLOW,LU1:DSD_EMPLOI_SAL@DF_B3000(1.0),Domestic payroll employment by economic activity,I,PERS,Persons,SAL_INT,Domestic payroll employment,Q,Quarterly,_Z,Not applicable,OTH,Other activities,N,Neither seasonally adjusted nor calendar adjusted data,_Z,Not applicable,2017-Q1,,19908,,0,Units,,,0,Zero,NACE_OTH,Regroups all the following activities: A-L-R-S-T-U
DATAFLOW,LU1:DSD_EMPLOI_SAL@DF_B3000(1.0),Domestic payroll employment by economic activity,I,PERS,Persons,SAL_INT,Domestic payroll employment,Q,Quarterly,_Z,Not applicable,OTH,Other activities,N,Neither seasonally adjusted nor calendar adjusted data,_Z,Not applicable,2017-Q2,,20185,,0,Units,,,0,Zero,NACE_OTH,Regroups all the following activities: A-L-R-S-T-U
DATAFLOW,LU1:DSD_EMPLOI_SAL@DF_B3000(1.0),Domestic payroll employment by economic activity,I,PERS,Persons,SAL_INT,Domestic payroll employment,Q,Quarterly,_Z,Not applicable,OTH,Other activities,N,Neither seasonally adjusted nor calendar adjusted data,_Z,Not applicable,2017-Q3,,20174,,0,Units,,,0,Zero,NACE_OTH,Regroups all the following activities: A-L-R-S-T-U
DATAFLOW,LU1:DSD_EMPLOI_SAL@DF_B3000(1.0),Domestic payroll employment by economic activity,I,PERS,Persons,SAL_INT,Domestic payroll employment,Q,Quarterly,_Z,Not applicable,OTH,Other activities,N,Neither seasonally adjusted nor calendar adjusted data,_Z,Not applicable,2017-Q4,,20499,,0,Units,,,0,Zero,NACE_OTH,Regroups all the following activities: A-L-R-S-T-U
DATAFLOW,LU1:DSD_EMPLOI_SAL@DF_B3000(1.0),Domestic payroll employment by economic activity,I,PERS,Persons,SAL_INT,Domestic payroll employment,Q,Quarterly,_Z,Not applicable,OTH,Other activities,N,Neither seasonally adjusted nor calendar adjusted data,_Z,Not applicable,2018-Q1,,20509,,0,Units,,,0,Zero,NACE_OTH,Regroups all the following activities: A-L-R-S-T-U
DATAFLOW,LU1:DSD_EMPLOI_SAL@DF_B3000(1.0),Domestic payroll employment by economic activity,I,PERS,Persons,SAL_INT,Domestic payroll employment,Q,Quarterly,_Z,Not applicable,OTH,Other activities,N,Neither seasonally adjusted nor calendar adjusted data,_Z,Not applicable,2018-Q2,,20660,,0,Units,,,0,Zero,NACE_OTH,Regroups all the following activities: A-L-R-S-T-U
DATAFLOW,LU1:DSD_EMPLOI_SAL@DF_B3000(1.0),Domestic payroll employment by economic activity,I,PERS,Persons,SAL_INT,Domestic payroll employment,Q,Quarterly,_Z,Not applicable,OTH,Other activities,N,Neither seasonally adjusted nor calendar adjusted data,_Z,Not applicable,2018-Q3,,20628,,0,Units,,,0,Zero,NACE_OTH,Regroups all the following activities: A-L-R-S-T-U
DATAFLOW,LU1:DSD_EMPLOI_SAL@DF_B3000(1.0),Domestic payroll employment by economic activity,I,PERS,Persons,SAL_INT,Domestic payroll employment,Q,Quarterly,_Z,Not applicable,OTH,Other activities,N,Neither seasonally adjusted nor calendar adjusted data,_Z,Not applicable,2018-Q4,,20906,,0,Units,,,0,Zero,NACE_OTH,Regroups all the following activities: A-L-R-S-T-U
DATAFLOW,LU1:DSD_EMPLOI_SAL@DF_B3000(1.0),Domestic payroll employment by economic activity,I,PERS,Persons,SAL_INT,Domestic payroll employment,Q,Quarterly,_Z,Not applicable,OTH,Other activities,N,Neither seasonally adjusted nor calendar adjusted data,_Z,Not applicable,2019-Q1,,20977,,0,Units,,,0,Zero,NACE_OTH,Regroups all the following activities: A-L-R-S-T-U
DATAFLOW,LU1:DSD_EMPLOI_SAL@DF_B3000(1.0),Domestic payroll employment by economic activity,I,PERS,Persons,SAL_INT,Domestic payroll employment,Q,Quarterly,_Z,Not applicable,OTH,Other activities,N,Neither seasonally adjusted nor calendar adjusted data,_Z,Not applicable,2019-Q2,,21196,,0,Units,,,0,Zero,NACE_OTH,Regroups all the following activities: A-L-R-S-T-U
DATAFLOW,LU1:DSD_EMPLOI_SAL@DF_B3000(1.0),Domestic payroll employment by economic activity,I,PERS,Persons,SAL_INT,Domestic payroll employment,Q,Quarterly,_Z,Not applicable,OTH,Other activities,N,Neither seasonally adjusted nor calendar adjusted data,_Z,Not applicable,2019-Q3,,21176,,0,Units,,,0,Zero,NACE_OTH,Regroups all the following activities: A-L-R-S-T-U
DATAFLOW,LU1:DSD_EMPLOI_SAL@DF_B3000(1.0),Domestic payroll employment by economic activity,I,PERS,Persons,SAL_INT,Domestic payroll employment,Q,Quarterly,_Z,Not applicable,OTH,Other activities,N,Neither seasonally adjusted nor calendar adjusted data,_Z,Not applicable,2019-Q4,,21449,,0,Units,,,0,Zero,NACE_OTH,Regroups all the following activities: A-L-R-S-T-U
DATAFLOW,LU1:DSD_EMPLOI_SAL@DF_B3000(1.0),Domestic payroll employment by economic activity,I,PERS,Persons,SAL_INT,Domestic payroll employment,Q,Quarterly,_Z,Not applicable,OTH,Other activities,N,Neither seasonally adjusted nor calendar adjusted data,_Z,Not applicable,2020-Q1,,21441,,0,Units,,,0,Zero,NACE_OTH,Regroups all the following activities: A-L-R-S-T-U
DATAFLOW,LU1:DSD_EMPLOI_SAL@DF_B3000(1.0),Domestic payroll employment by economic activity,I,PERS,Persons,SAL_INT,Domestic payroll employment,Q,Quarterly,_Z,Not applicable,OTH,Other activities,N,Neither seasonally adjusted nor calendar adjusted data,_Z,Not applicable,2020-Q2,,21526,,0,Units,,,0,Zero,NACE_OTH,Regroups all the following activities: A-L-R-S-T-U
DATAFLOW,LU1:DSD_EMPLOI_SAL@DF_B3000(1.0),Domestic payroll employment by economic activity,I,PERS,Persons,SAL_INT,Domestic payroll employment,Q,Quarterly,_Z,Not applicable,OTH,Other activities,N,Neither seasonally adjusted nor calendar adjusted data,_Z,Not applicable,2020-Q3,,21366,,0,Units,,,0,Zero,NACE_OTH,Regroups all the following activities: A-L-R-S-T-U
DATAFLOW,LU1:DSD_EMPLOI_SAL@DF_B3000(1.0),Domestic payroll employment by economic activity,I,PERS,Persons,SAL_INT,Domestic payroll employment,Q,Quarterly,_Z,Not applicable,OTH,Other activities,N,Neither seasonally adjusted nor calendar adjusted data,_Z,Not applicable,2020-Q4,,21540,,0,Units,,,0,Zero,NACE_OTH,Regroups all the following activities: A-L-R-S-T-U
DATAFLOW,LU1:DSD_EMPLOI_SAL@DF_B3000(1.0),Domestic payroll employment by economic activity,I,PERS,Persons,SAL_INT,Domestic payroll employment,Q,Quarterly,_Z,Not applicable,OTH,Other activities,N,Neither seasonally adjusted nor calendar adjusted data,_Z,Not applicable,2021-Q1,,21782,,0,Units,,,0,Zero,NACE_OTH,Regroups all the following activities: A-L-R-S-T-U
DATAFLOW,LU1:DSD_EMPLOI_SAL@DF_B3000(1.0),Domestic payroll employment by economic activity,I,PERS,Persons,SAL_INT,Domestic payroll employment,Q,Quarterly,_Z,Not applicable,OTH,Other activities,N,Neither seasonally adjusted nor calendar adjusted data,_Z,Not applicable,2021-Q2,,22032,,0,Units,,,0,Zero,NACE_OTH,Regroups all the following activities: A-L-R-S-T-U
DATAFLOW,LU1:DSD_EMPLOI_SAL@DF_B3000(1.0),Domestic payroll employment by economic activity,I,PERS,Persons,SAL_INT,Domestic payroll employment,Q,Quarterly,_Z,Not applicable,OTH,Other activities,N,Neither seasonally adjusted nor calendar adjusted data,_Z,Not applicable,2021-Q3,,21978,,0,Units,,,0,Zero,NACE_OTH,Regroups all the following activities: A-L-R-S-T-U
DATAFLOW,LU1:DSD_EMPLOI_SAL@DF_B3000(1.0),Domestic payroll employment by economic activity,I,PERS,Persons,SAL_INT,Domestic payroll employment,Q,Quarterly,_Z,Not applicable,OTH,Other activities,N,Neither seasonally adjusted nor calendar adjusted data,_Z,Not applicable,2021-Q4,,22320,,0,Units,,,0,Zero,NACE_OTH,Regroups all the following activities: A-L-R-S-T-U
DATAFLOW,LU1:DSD_EMPLOI_SAL@DF_B3000(1.0),Domestic payroll employment by economic activity,I,PERS,Persons,SAL_INT,Domestic payroll employment,Q,Quarterly,_Z,Not applicable,OTH,Other activities,N,Neither seasonally adjusted nor calendar adjusted data,_Z,Not applicable,2022-Q1,,22327,,0,Units,,,0,Zero,NACE_OTH,Regroups all the following activities: A-L-R-S-T-U
DATAFLOW,LU1:DSD_EMPLOI_SAL@DF_B3000(1.0),Domestic payroll employment by economic activity,I,PERS,Persons,SAL_INT,Domestic payroll employment,Q,Quarterly,_Z,Not applicable,OTH,Other activities,N,Neither seasonally adjusted nor calendar adjusted data,_Z,Not applicable,2022-Q2,,22482,,0,Units,,,0,Zero,NACE_OTH,Regroups all the following activities: A-L-R-S-T-U
DATAFLOW,LU1:DSD_EMPLOI_SAL@DF_B3000(1.0),Domestic payroll employment by economic activity,I,PERS,Persons,SAL_INT,Domestic payroll employment,Q,Quarterly,_Z,Not applicable,OTH,Other activities,N,Neither seasonally adjusted nor calendar adjusted data,_Z,Not applicable,2022-Q3,,22404,,0,Units,,,0,Zero,NACE_OTH,Regroups all the following activities: A-L-R-S-T-U
DATAFLOW,LU1:DSD_EMPLOI_SAL@DF_B3000(1.0),Domestic payroll employment by economic activity,I,PERS,Persons,SAL_INT,Domestic payroll employment,Q,Quarterly,_Z,Not applicable,OTH,Other activities,N,Neither seasonally adjusted nor calendar adjusted data,_Z,Not applicable,2022-Q4,,22587,,0,Units,,,0,Zero,NACE_OTH,Regroups all the following activities: A-L-R-S-T-U
DATAFLOW,LU1:DSD_EMPLOI_SAL@DF_B3000(1.0),Domestic payroll employment by economic activity,I,PERS,Persons,SAL_INT,Domestic payroll employment,Q,Quarterly,_Z,Not applicable,OTH,Other activities,N,Neither seasonally adjusted nor calendar adjusted data,_Z,Not applicable,2023-Q1,,22474,,0,Units,,,0,Zero,NACE_OTH,Regroups all the following activities: A-L-R-S-T-U
DATAFLOW,LU1:DSD_EMPLOI_SAL@DF_B3000(1.0),Domestic payroll employment by economic activity,I,PERS,Persons,SAL_INT,Domestic payroll employment,Q,Quarterly,_Z,Not applicable,OTH,Other activities,N,Neither seasonally adjusted nor calendar adjusted data,_Z,Not applicable,2023-Q2,,22642,,0,Units,,,0,Zero,NACE_OTH,Regroups all the following activities: A-L-R-S-T-U
DATAFLOW,LU1:DSD_EMPLOI_SAL@DF_B3000(1.0),Domestic payroll employment by economic activity,I,PERS,Persons,SAL_INT,Domestic payroll employment,Q,Quarterly,_Z,Not applicable,OTH,Other activities,N,Neither seasonally adjusted nor calendar adjusted data,_Z,Not applicable,2023-Q3,,22510,,0,Units,,,0,Zero,NACE_OTH,Regroups all the following activities: A-L-R-S-T-U
DATAFLOW,LU1:DSD_EMPLOI_SAL@DF_B3000(1.0),Domestic payroll employment by economic activity,I,PERS,Persons,SAL_INT,Domestic payroll employment,Q,Quarterly,_Z,Not applicable,OTH,Other activities,N,Neither seasonally adjusted nor calendar adjusted data,_Z,Not applicable,2023-Q4,,22649,,0,Units,,,0,Zero,NACE_OTH,Regroups all the following activities: A-L-R-S-T-U
DATAFLOW,LU1:DSD_EMPLOI_SAL@DF_B3000(1.0),Domestic payroll employment by economic activity,I,PERS,Persons,SAL_INT,Domestic payroll employment,Q,Quarterly,_Z,Not applicable,OTH,Other activities,N,Neither seasonally adjusted nor calendar adjusted data,_Z,Not applicable,2024-Q1,,22722,,0,Units,,,0,Zero,NACE_OTH,Regroups all the following activities: A-L-R-S-T-U
DATAFLOW,LU1:DSD_EMPLOI_SAL@DF_B3000(1.0),Domestic payroll employment by economic activity,I,PERS,Persons,SAL_INT,Domestic payroll employment,Q,Quarterly,_Z,Not applicable,OTH,Other activities,N,Neither seasonally adjusted nor calendar adjusted data,_Z,Not applicable,2024-Q2,,22821,,0,Units,,,0,Zero,NACE_OTH,Regroups all the following activities: A-L-R-S-T-U
DATAFLOW,LU1:DSD_EMPLOI_SAL@DF_B3000(1.0),Domestic payroll employment by economic activity,I,PERS,Persons,SAL_INT,Domestic payroll employment,Q,Quarterly,_Z,Not applicable,OTH,Other activities,N,Neither seasonally adjusted nor calendar adjusted data,_Z,Not applicable,2024-Q3,,22719,,0,Units,,,0,Zero,NACE_OTH,Regroups all the following activities: A-L-R-S-T-U
DATAFLOW,LU1:DSD_EMPLOI_SAL@DF_B3000(1.0),Domestic payroll employment by economic activity,I,PERS,Persons,SAL_INT,Domestic payroll employment,Q,Quarterly,_Z,Not applicable,OTH,Other activities,N,Neither seasonally adjusted nor calendar adjusted data,_Z,Not applicable,2024-Q4,,22981,,0,Units,,,0,Zero,NACE_OTH,Regroups all the following activities: A-L-R-S-T-U
DATAFLOW,LU1:DSD_EMPLOI_SAL@DF_B3000(1.0),Domestic payroll employment by economic activity,I,PERS,Persons,SAL_INT,Domestic payroll employment,Q,Quarterly,_Z,Not applicable,OTH,Other activities,N,Neither seasonally adjusted nor calendar adjusted data,_Z,Not applicable,2025-Q1,,23077,,0,Units,,,0,Zero,NACE_OTH,Regroups all the following activities: A-L-R-S-T-U
DATAFLOW,LU1:DSD_EMPLOI_SAL@DF_B3000(1.0),Domestic payroll employment by economic activity,I,PERS,Persons,SAL_INT,Domestic payroll employment,Q,Quarterly,_Z,Not applicable,OTH,Other activities,N,Neither seasonally adjusted nor calendar adjusted data,_Z,Not applicable,2025-Q2,,23289,,0,Units,,,0,Zero,NACE_OTH,Regroups all the following activities: A-L-R-S-T-U
DATAFLOW,LU1:DSD_EMPLOI_SAL@DF_B3000(1.0),Domestic payroll employment by economic activity,I,PERS,Persons,SAL_INT,Domestic payroll employment,Q,Quarterly,_Z,Not applicable,OTH,Other activities,N,Neither seasonally adjusted nor calendar adjusted data,_Z,Not applicable,2025-Q3,,23273,,0,Units,,,0,Zero,NACE_OTH,Regroups all the following activities: A-L-R-S-T-U
DATAFLOW,LU1:DSD_EMPLOI_SAL@DF_B3000(1.0),Domestic payroll employment by economic activity,I,PERS,Persons,SAL_INT,Domestic payroll employment,Q,Quarterly,_Z,Not applicable,OTH,Other activities,N,Neither seasonally adjusted nor calendar adjusted data,_Z,Not applicable,2025-Q4,,23516,,0,Units,,,0,Zero,NACE_OTH,Regroups all the following activities: A-L-R-S-T-U
DATAFLOW,LU1:DSD_EMPLOI_SAL@DF_B3000(1.0),Domestic payroll employment by economic activity,I,PERS,Persons,SAL_INT,Domestic payroll employment,Q,Quarterly,_Z,Not applicable,OTH,Other activities,N,Neither seasonally adjusted nor calendar adjusted data,_Z,Not applicable,2026-Q1,,23537,,0,Units,,,0,Zero,NACE_OTH,Regroups all the following activities: A-L-R-S-T-U
DATAFLOW,LU1:DSD_EMPLOI_SAL@DF_B3000(1.0),Domestic payroll employment by economic activity,I,PERS,Persons,SAL_INT,Domestic payroll employment,Q,Quarterly,_Z,Not applicable,F,Construction,Y,Calendar and seasonally adjusted data,_Z,Not applicable,1995-Q1,,23667.0276517014,,0,Units,,,0,Zero,,
DATAFLOW,LU1:DSD_EMPLOI_SAL@DF_B3000(1.0),Domestic payroll employment by economic activity,I,PERS,Persons,SAL_INT,Domestic payroll employment,Q,Quarterly,_Z,Not applicable,F,Construction,Y,Calendar and seasonally adjusted data,_Z,Not applicable,1995-Q2,,23704.302745872,,0,Units,,,0,Zero,,
DATAFLOW,LU1:DSD_EMPLOI_SAL@DF_B3000(1.0),Domestic payroll employment by economic activity,I,PERS,Persons,SAL_INT,Domestic payroll employment,Q,Quarterly,_Z,Not applicable,F,Construction,Y,Calendar and seasonally adjusted data,_Z,Not applicable,1995-Q3,,23995.1353899584,,0,Units,,,0,Zero,,
DATAFLOW,LU1:DSD_EMPLOI_SAL@DF_B3000(1.0),Domestic payroll employment by economic activity,I,PERS,Persons,SAL_INT,Domestic payroll employment,Q,Quarterly,_Z,Not applicable,F,Construction,Y,Calendar and seasonally adjusted data,_Z,Not applicable,1995-Q4,,24397.4963083531,,0,Units,,,0,Zero,,
DATAFLOW,LU1:DSD_EMPLOI_SAL@DF_B3000(1.0),Domestic payroll employment by economic activity,I,PERS,Persons,SAL_INT,Domestic payroll employment,Q,Quarterly,_Z,Not applicable,F,Construction,Y,Calendar and seasonally adjusted data,_Z,Not applicable,1996-Q1,,24637.1953735976,,0,Units,,,0,Zero,,
DATAFLOW,LU1:DSD_EMPLOI_SAL@DF_B3000(1.0),Domestic payroll employment by economic activity,I,PERS,Persons,SAL_INT,Domestic payroll employment,Q,Quarterly,_Z,Not applicable,F,Construction,Y,Calendar and seasonally adjusted data,_Z,Not applicable,1996-Q2,,24648.8407180845,,0,Units,,,0,Zero,,
DATAFLOW,LU1:DSD_EMPLOI_SAL@DF_B3000(1.0),Domestic payroll employment by economic activity,I,PERS,Persons,SAL_INT,Domestic payroll employment,Q,Quarterly,_Z,Not applicable,F,Construction,Y,Calendar and seasonally adjusted data,_Z,Not applicable,1996-Q3,,24500.1664390423,,0,Units,,,0,Zero,,
DATAFLOW,LU1:DSD_EMPLOI_SAL@DF_B3000(1.0),Domestic payroll employment by economic activity,I,PERS,Persons,SAL_INT,Domestic payroll employment,Q,Quarterly,_Z,Not applicable,F,Construction,Y,Calendar and seasonally adjusted data,_Z,Not applicable,1996-Q4,,24375.824128167,,0,Units,,,0,Zero,,
DATAFLOW,LU1:DSD_EMPLOI_SAL@DF_B3000(1.0),Domestic payroll employment by economic activity,I,PERS,Persons,SAL_INT,Domestic payroll employment,Q,Quarterly,_Z,Not applicable,F,Construction,Y,Calendar and seasonally adjusted data,_Z,Not applicable,1997-Q1,,24523.3078188084,,0,Units,,,0,Zero,,
DATAFLOW,LU1:DSD_EMPLOI_SAL@DF_B3000(1.0),Domestic payroll employment by economic activity,I,PERS,Persons,SAL_INT,Domestic payroll employment,Q,Quarterly,_Z,Not applicable,F,Construction,Y,Calendar and seasonally adjusted data,_Z,Not applicable,1997-Q2,,24691.821785516,,0,Units,,,0,Zero,,
DATAFLOW,LU1:DSD_EMPLOI_SAL@DF_B3000(1.0),Domestic payroll employment by economic activity,I,PERS,Persons,SAL_INT,Domestic payroll employment,Q,Quarterly,_Z,Not applicable,F,Construction,Y,Calendar and seasonally adjusted data,_Z,Not applicable,1997-Q3,,24974.0937612392,,0,Units,,,0,Zero,,
DATAFLOW,LU1:DSD_EMPLOI_SAL@DF_B3000(1.0),Domestic payroll employment by economic activity,I,PERS,Persons,SAL_INT,Domestic payroll employment,Q,Quarterly,_Z,Not applicable,F,Construction,Y,Calendar and seasonally adjusted data,_Z,Not applicable,1997-Q4,,25201.7912922663,,0,Units,,,0,Zero,,
DATAFLOW,LU1:DSD_EMPLOI_SAL@DF_B3000(1.0),Domestic payroll employment by economic activity,I,PERS,Persons,SAL_INT,Domestic payroll employment,Q,Quarterly,_Z,Not applicable,F,Construction,Y,Calendar and seasonally adjusted data,_Z,Not applicable,1998-Q1,,25154.5823521861,,0,Units,,,0,Zero,,
DATAFLOW,LU1:DSD_EMPLOI_SAL@DF_B3000(1.0),Domestic payroll employment by economic activity,I,PERS,Persons,SAL_INT,Domestic payroll employment,Q,Quarterly,_Z,Not applicable,F,Construction,Y,Calendar and seasonally adjusted data,_Z,Not applicable,1998-Q2,,25454.5700654761,,0,Units,,,0,Zero,,
DATAFLOW,LU1:DSD_EMPLOI_SAL@DF_B3000(1.0),Domestic payroll employment by economic activity,I,PERS,Persons,SAL_INT,Domestic payroll employment,Q,Quarterly,_Z,Not applicable,F,Construction,Y,Calendar and seasonally adjusted data,_Z,Not applicable,1998-Q3,,25630.7178559777,,0,Units,,,0,Zero,,
DATAFLOW,LU1:DSD_EMPLOI_SAL@DF_B3000(1.0),Domestic payroll employment by economic activity,I,PERS,Persons,SAL_INT,Domestic payroll employment,Q,Quarterly,_Z,Not applicable,F,Construction,Y,Calendar and seasonally adjusted data,_Z,Not applicable,1998-Q4,,25902.4384613813,,0,Units,,,0,Zero,,
DATAFLOW,LU1:DSD_EMPLOI_SAL@DF_B3000(1.0),Domestic payroll employment by economic activity,I,PERS,Persons,SAL_INT,Domestic payroll employment,Q,Quarterly,_Z,Not applicable,F,Construction,Y,Calendar and seasonally adjusted data,_Z,Not applicable,1999-Q1,,25889.6105749795,,0,Units,,,0,Zero,,
DATAFLOW,LU1:DSD_EMPLOI_SAL@DF_B3000(1.0),Domestic payroll employment by economic activity,I,PERS,Persons,SAL_INT,Domestic payroll employment,Q,Quarterly,_Z,Not applicable,F,Construction,Y,Calendar and seasonally adjusted data,_Z,Not applicable,1999-Q2,,26101.2553370477,,0,Units,,,0,Zero,,
DATAFLOW,LU1:DSD_EMPLOI_SAL@DF_B3000(1.0),Domestic payroll employment by economic activity,I,PERS,Persons,SAL_INT,Domestic payroll employment,Q,Quarterly,_Z,Not applicable,F,Construction,Y,Calendar and seasonally adjusted data,_Z,Not applicable,1999-Q3,,26321.5610084372,,0,Units,,,0,Zero,,
DATAFLOW,LU1:DSD_EMPLOI_SAL@DF_B3000(1.0),Domestic payroll employment by economic activity,I,PERS,Persons,SAL_INT,Domestic payroll employment,Q,Quarterly,_Z,Not applicable,F,Construction,Y,Calendar and seasonally adjusted data,_Z,Not applicable,1999-Q4,,26464.206252125,,0,Units,,,0,Zero,,
DATAFLOW,LU1:DSD_EMPLOI_SAL@DF_B3000(1.0),Domestic payroll employment by economic activity,I,PERS,Persons,SAL_INT,Domestic payroll employment,Q,Quarterly,_Z,Not applicable,F,Construction,Y,Calendar and seasonally adjusted data,_Z,Not applicable,2000-Q1,,26745.6151455589,,0,Units,,,0,Zero,,
DATAFLOW,LU1:DSD_EMPLOI_SAL@DF_B3000(1.0),Domestic payroll employment by economic activity,I,PERS,Persons,SAL_INT,Domestic payroll employment,Q,Quarterly,_Z,Not applicable,F,Construction,Y,Calendar and seasonally adjusted data,_Z,Not applicable,2000-Q2,,27090.9710080123,,0,Units,,,0,Zero,,
DATAFLOW,LU1:DSD_EMPLOI_SAL@DF_B3000(1.0),Domestic payroll employment by economic activity,I,PERS,Persons,SAL_INT,Domestic payroll employment,Q,Quarterly,_Z,Not applicable,F,Construction,Y,Calendar and seasonally adjusted data,_Z,Not applicable,2000-Q3,,27340.8182710637,,0,Units,,,0,Zero,,
DATAFLOW,LU1:DSD_EMPLOI_SAL@DF_B3000(1.0),Domestic payroll employment by economic activity,I,PERS,Persons,SAL_INT,Domestic payroll employment,Q,Quarterly,_Z,Not applicable,F,Construction,Y,Calendar and seasonally adjusted data,_Z,Not applicable,2000-Q4,,27684.6452059244,,0,Units,,,0,Zero,,
DATAFLOW,LU1:DSD_EMPLOI_SAL@DF_B3000(1.0),Domestic payroll employment by economic activity,I,PERS,Persons,SAL_INT,Domestic payroll employment,Q,Quarterly,_Z,Not applicable,F,Construction,Y,Calendar and seasonally adjusted data,_Z,Not applicable,2001-Q1,,28214.5793886837,,0,Units,,,0,Zero,,
DATAFLOW,LU1:DSD_EMPLOI_SAL@DF_B3000(1.0),Domestic payroll employment by economic activity,I,PERS,Persons,SAL_INT,Domestic payroll employment,Q,Quarterly,_Z,Not applicable,F,Construction,Y,Calendar and seasonally adjusted data,_Z,Not applicable,2001-Q2,,28422.113302635,,0,Units,,,0,Zero,,
DATAFLOW,LU1:DSD_EMPLOI_SAL@DF_B3000(1.0),Domestic payroll employment by economic activity,I,PERS,Persons,SAL_INT,Domestic payroll employment,Q,Quarterly,_Z,Not applicable,F,Construction,Y,Calendar and seasonally adjusted data,_Z,Not applicable,2001-Q3,,28954.9449160924,,0,Units,,,0,Zero,,
DATAFLOW,LU1:DSD_EMPLOI_SAL@DF_B3000(1.0),Domestic payroll employment by economic activity,I,PERS,Persons,SAL_INT,Domestic payroll employment,Q,Quarterly,_Z,Not applicable,F,Construction,Y,Calendar and seasonally adjusted data,_Z,Not applicable,2001-Q4,,29324.9597527613,,0,Units,,,0,Zero,,
DATAFLOW,LU1:DSD_EMPLOI_SAL@DF_B3000(1.0),Domestic payroll employment by economic activity,I,PERS,Persons,SAL_INT,Domestic payroll employment,Q,Quarterly,_Z,Not applicable,F,Construction,Y,Calendar and seasonally adjusted data,_Z,Not applicable,2002-Q1,,29686.4941199584,,0,Units,,,0,Zero,,
DATAFLOW,LU1:DSD_EMPLOI_SAL@DF_B3000(1.0),Domestic payroll employment by economic activity,I,PERS,Persons,SAL_INT,Domestic payroll employment,Q,Quarterly,_Z,Not applicable,F,Construction,Y,Calendar and seasonally adjusted data,_Z,Not applicable,2002-Q2,,29931.3966529728,,0,Units,,,0,Zero,,
DATAFLOW,LU1:DSD_EMPLOI_SAL@DF_B3000(1.0),Domestic payroll employment by economic activity,I,PERS,Persons,SAL_INT,Domestic payroll employment,Q,Quarterly,_Z,Not applicable,F,Construction,Y,Calendar and seasonally adjusted data,_Z,Not applicable,2002-Q3,,30178.7371530935,,0,Units,,,0,Zero,,
DATAFLOW,LU1:DSD_EMPLOI_SAL@DF_B3000(1.0),Domestic payroll employment by economic activity,I,PERS,Persons,SAL_INT,Domestic payroll employment,Q,Quarterly,_Z,Not applicable,F,Construction,Y,Calendar and seasonally adjusted data,_Z,Not applicable,2002-Q4,,30487.3978407895,,0,Units,,,0,Zero,,
DATAFLOW,LU1:DSD_EMPLOI_SAL@DF_B3000(1.0),Domestic payroll employment by economic activity,I,PERS,Persons,SAL_INT,Domestic payroll employment,Q,Quarterly,_Z,Not applicable,F,Construction,Y,Calendar and seasonally adjusted data,_Z,Not applicable,2003-Q1,,30618.8988817325,,0,Units,,,0,Zero,,
DATAFLOW,LU1:DSD_EMPLOI_SAL@DF_B3000(1.0),Domestic payroll employment by economic activity,I,PERS,Persons,SAL_INT,Domestic payroll employment,Q,Quarterly,_Z,Not applicable,F,Construction,Y,Calendar and seasonally adjusted data,_Z,Not applicable,2003-Q2,,30728.7088255877,,0,Units,,,0,Zero,,
DATAFLOW,LU1:DSD_EMPLOI_SAL@DF_B3000(1.0),Domestic payroll employment by economic activity,I,PERS,Persons,SAL_INT,Domestic payroll employment,Q,Quarterly,_Z,Not applicable,F,Construction,Y,Calendar and seasonally adjusted data,_Z,Not applicable,2003-Q3,,30893.4774993503,,0,Units,,,0,Zero,,
DATAFLOW,LU1:DSD_EMPLOI_SAL@DF_B3000(1.0),Domestic payroll employment by economic activity,I,PERS,Persons,SAL_INT,Domestic payroll employment,Q,Quarterly,_Z,Not applicable,F,Construction,Y,Calendar and seasonally adjusted data,_Z,Not applicable,2003-Q4,,31087.4316410184,,0,Units,,,0,Zero,,
DATAFLOW,LU1:DSD_EMPLOI_SAL@DF_B3000(1.0),Domestic payroll employment by economic activity,I,PERS,Persons,SAL_INT,Domestic payroll employment,Q,Quarterly,_Z,Not applicable,F,Construction,Y,Calendar and seasonally adjusted data,_Z,Not applicable,2004-Q1,,31348.0007482568,,0,Units,,,0,Zero,,
DATAFLOW,LU1:DSD_EMPLOI_SAL@DF_B3000(1.0),Domestic payroll employment by economic activity,I,PERS,Persons,SAL_INT,Domestic payroll employment,Q,Quarterly,_Z,Not applicable,F,Construction,Y,Calendar and seasonally adjusted data,_Z,Not applicable,2004-Q2,,31701.0860941622,,0,Units,,,0,Zero,,
DATAFLOW,LU1:DSD_EMPLOI_SAL@DF_B3000(1.0),Domestic payroll employment by economic activity,I,PERS,Persons,SAL_INT,Domestic payroll employment,Q,Quarterly,_Z,Not applicable,F,Construction,Y,Calendar and seasonally adjusted data,_Z,Not applicable,2004-Q3,,32019.6476829861,,0,Units,,,0,Zero,,
DATAFLOW,LU1:DSD_EMPLOI_SAL@DF_B3000(1.0),Domestic payroll employment by economic activity,I,PERS,Persons,SAL_INT,Domestic payroll employment,Q,Quarterly,_Z,Not applicable,F,Construction,Y,Calendar and seasonally adjusted data,_Z,Not applicable,2004-Q4,,32263.7891530195,,0,Units,,,0,Zero,,
DATAFLOW,LU1:DSD_EMPLOI_SAL@DF_B3000(1.0),Domestic payroll employment by economic activity,I,PERS,Persons,SAL_INT,Domestic payroll employment,Q,Quarterly,_Z,Not applicable,F,Construction,Y,Calendar and seasonally adjusted data,_Z,Not applicable,2005-Q1,,32602.1058768514,,0,Units,,,0,Zero,,
DATAFLOW,LU1:DSD_EMPLOI_SAL@DF_B3000(1.0),Domestic payroll employment by economic activity,I,PERS,Persons,SAL_INT,Domestic payroll employment,Q,Quarterly,_Z,Not applicable,F,Construction,Y,Calendar and seasonally adjusted data,_Z,Not applicable,2005-Q2,,32930.7549155421,,0,Units,,,0,Zero,,
DATAFLOW,LU1:DSD_EMPLOI_SAL@DF_B3000(1.0),Domestic payroll employment by economic activity,I,PERS,Persons,SAL_INT,Domestic payroll employment,Q,Quarterly,_Z,Not applicable,F,Construction,Y,Calendar and seasonally adjusted data,_Z,Not applicable,2005-Q3,,33316.4838136413,,0,Units,,,0,Zero,,
DATAFLOW,LU1:DSD_EMPLOI_SAL@DF_B3000(1.0),Domestic payroll employment by economic activity,I,PERS,Persons,SAL_INT,Domestic payroll employment,Q,Quarterly,_Z,Not applicable,F,Construction,Y,Calendar and seasonally adjusted data,_Z,Not applicable,2005-Q4,,33619.3571370318,,0,Units,,,0,Zero,,
DATAFLOW,LU1:DSD_EMPLOI_SAL@DF_B3000(1.0),Domestic payroll employment by economic activity,I,PERS,Persons,SAL_INT,Domestic payroll employment,Q,Quarterly,_Z,Not applicable,F,Construction,Y,Calendar and seasonally adjusted data,_Z,Not applicable,2006-Q1,,34089.7023691069,,0,Units,,,0,Zero,,
DATAFLOW,LU1:DSD_EMPLOI_SAL@DF_B3000(1.0),Domestic payroll employment by economic activity,I,PERS,Persons,SAL_INT,Domestic payroll employment,Q,Quarterly,_Z,Not applicable,F,Construction,Y,Calendar and seasonally adjusted data,_Z,Not applicable,2006-Q2,,34479.4010028987,,0,Units,,,0,Zero,,
DATAFLOW,LU1:DSD_EMPLOI_SAL@DF_B3000(1.0),Domestic payroll employment by economic activity,I,PERS,Persons,SAL_INT,Domestic payroll employment,Q,Quarterly,_Z,Not applicable,F,Construction,Y,Calendar and seasonally adjusted data,_Z,Not applicable,2006-Q3,,34827.8629528608,,0,Units,,,0,Zero,,
DATAFLOW,LU1:DSD_EMPLOI_SAL@DF_B3000(1.0),Domestic payroll employment by economic activity,I,PERS,Persons,SAL_INT,Domestic payroll employment,Q,Quarterly,_Z,Not applicable,F,Construction,Y,Calendar and seasonally adjusted data,_Z,Not applicable,2006-Q4,,35327.1574618705,,0,Units,,,0,Zero,,
DATAFLOW,LU1:DSD_EMPLOI_SAL@DF_B3000(1.0),Domestic payroll employment by economic activity,I,PERS,Persons,SAL_INT,Domestic payroll employment,Q,Quarterly,_Z,Not applicable,F,Construction,Y,Calendar and seasonally adjusted data,_Z,Not applicable,2007-Q1,,35831.8570029509,,0,Units,,,0,Zero,,
DATAFLOW,LU1:DSD_EMPLOI_SAL@DF_B3000(1.0),Domestic payroll employment by economic activity,I,PERS,Persons,SAL_INT,Domestic payroll employment,Q,Quarterly,_Z,Not applicable,F,Construction,Y,Calendar and seasonally adjusted data,_Z,Not applicable,2007-Q2,,36396.5789122255,,0,Units,,,0,Zero,,
DATAFLOW,LU1:DSD_EMPLOI_SAL@DF_B3000(1.0),Domestic payroll employment by economic activity,I,PERS,Persons,SAL_INT,Domestic payroll employment,Q,Quarterly,_Z,Not applicable,F,Construction,Y,Calendar and seasonally adjusted data,_Z,Not applicable,2007-Q3,,36855.5366544355,,0,Units,,,0,Zero,,
DATAFLOW,LU1:DSD_EMPLOI_SAL@DF_B3000(1.0),Domestic payroll employment by economic activity,I,PERS,Persons,SAL_INT,Domestic payroll employment,Q,Quarterly,_Z,Not applicable,F,Construction,Y,Calendar and seasonally adjusted data,_Z,Not applicable,2007-Q4,,37348.0653965503,,0,Units,,,0,Zero,,
DATAFLOW,LU1:DSD_EMPLOI_SAL@DF_B3000(1.0),Domestic payroll employment by economic activity,I,PERS,Persons,SAL_INT,Domestic payroll employment,Q,Quarterly,_Z,Not applicable,F,Construction,Y,Calendar and seasonally adjusted data,_Z,Not applicable,2008-Q1,,37706.5387769169,,0,Units,,,0,Zero,,
DATAFLOW,LU1:DSD_EMPLOI_SAL@DF_B3000(1.0),Domestic payroll employment by economic activity,I,PERS,Persons,SAL_INT,Domestic payroll employment,Q,Quarterly,_Z,Not applicable,F,Construction,Y,Calendar and seasonally adjusted data,_Z,Not applicable,2008-Q2,,37911.2742599136,,0,Units,,,0,Zero,,
DATAFLOW,LU1:DSD_EMPLOI_SAL@DF_B3000(1.0),Domestic payroll employment by economic activity,I,PERS,Persons,SAL_INT,Domestic payroll employment,Q,Quarterly,_Z,Not applicable,F,Construction,Y,Calendar and seasonally adjusted data,_Z,Not applicable,2008-Q3,,38193.1141136115,,0,Units,,,0,Zero,,
DATAFLOW,LU1:DSD_EMPLOI_SAL@DF_B3000(1.0),Domestic payroll employment by economic activity,I,PERS,Persons,SAL_INT,Domestic payroll employment,Q,Quarterly,_Z,Not applicable,F,Construction,Y,Calendar and seasonally adjusted data,_Z,Not applicable,2008-Q4,,38319.1872859297,,0,Units,,,0,Zero,,
DATAFLOW,LU1:DSD_EMPLOI_SAL@DF_B3000(1.0),Domestic payroll employment by economic activity,I,PERS,Persons,SAL_INT,Domestic payroll employment,Q,Quarterly,_Z,Not applicable,F,Construction,Y,Calendar and seasonally adjusted data,_Z,Not applicable,2009-Q1,,38020.5574876097,,0,Units,,,0,Zero,,
DATAFLOW,LU1:DSD_EMPLOI_SAL@DF_B3000(1.0),Domestic payroll employment by economic activity,I,PERS,Persons,SAL_INT,Domestic payroll employment,Q,Quarterly,_Z,Not applicable,F,Construction,Y,Calendar and seasonally adjusted data,_Z,Not applicable,2009-Q2,,37763.3176641432,,0,Units,,,0,Zero,,
DATAFLOW,LU1:DSD_EMPLOI_SAL@DF_B3000(1.0),Domestic payroll employment by economic activity,I,PERS,Persons,SAL_INT,Domestic payroll employment,Q,Quarterly,_Z,Not applicable,F,Construction,Y,Calendar and seasonally adjusted data,_Z,Not applicable,2009-Q3,,37823.4746773666,,0,Units,,,0,Zero,,
DATAFLOW,LU1:DSD_EMPLOI_SAL@DF_B3000(1.0),Domestic payroll employment by economic activity,I,PERS,Persons,SAL_INT,Domestic payroll employment,Q,Quarterly,_Z,Not applicable,F,Construction,Y,Calendar and seasonally adjusted data,_Z,Not applicable,2009-Q4,,37900.228431327,,0,Units,,,0,Zero,,
DATAFLOW,LU1:DSD_EMPLOI_SAL@DF_B3000(1.0),Domestic payroll employment by economic activity,I,PERS,Persons,SAL_INT,Domestic payroll employment,Q,Quarterly,_Z,Not applicable,F,Construction,Y,Calendar and seasonally adjusted data,_Z,Not applicable,2010-Q1,,38075.0671600971,,0,Units,,,0,Zero,,
DATAFLOW,LU1:DSD_EMPLOI_SAL@DF_B3000(1.0),Domestic payroll employment by economic activity,I,PERS,Persons,SAL_INT,Domestic payroll employment,Q,Quarterly,_Z,Not applicable,F,Construction,Y,Calendar and seasonally adjusted data,_Z,Not applicable,2010-Q2,,38095.7559295137,,0,Units,,,0,Zero,,
DATAFLOW,LU1:DSD_EMPLOI_SAL@DF_B3000(1.0),Domestic payroll employment by economic activity,I,PERS,Persons,SAL_INT,Domestic payroll employment,Q,Quarterly,_Z,Not applicable,F,Construction,Y,Calendar and seasonally adjusted data,_Z,Not applicable,2010-Q3,,38142.1302819358,,0,Units,,,0,Zero,,
DATAFLOW,LU1:DSD_EMPLOI_SAL@DF_B3000(1.0),Domestic payroll employment by economic activity,I,PERS,Persons,SAL_INT,Domestic payroll employment,Q,Quarterly,_Z,Not applicable,F,Construction,Y,Calendar and seasonally adjusted data,_Z,Not applicable,2010-Q4,,38332.2468969487,,0,Units,,,0,Zero,,
DATAFLOW,LU1:DSD_EMPLOI_SAL@DF_B3000(1.0),Domestic payroll employment by economic activity,I,PERS,Persons,SAL_INT,Domestic payroll employment,Q,Quarterly,_Z,Not applicable,F,Construction,Y,Calendar and seasonally adjusted data,_Z,Not applicable,2011-Q1,,38607.9951107902,,0,Units,,,0,Zero,,
DATAFLOW,LU1:DSD_EMPLOI_SAL@DF_B3000(1.0),Domestic payroll employment by economic activity,I,PERS,Persons,SAL_INT,Domestic payroll employment,Q,Quarterly,_Z,Not applicable,F,Construction,Y,Calendar and seasonally adjusted data,_Z,Not applicable,2011-Q2,,38920.3749937377,,0,Units,,,0,Zero,,
DATAFLOW,LU1:DSD_EMPLOI_SAL@DF_B3000(1.0),Domestic payroll employment by economic activity,I,PERS,Persons,SAL_INT,Domestic payroll employment,Q,Quarterly,_Z,Not applicable,F,Construction,Y,Calendar and seasonally adjusted data,_Z,Not applicable,2011-Q3,,39115.5122203849,,0,Units,,,0,Zero,,
DATAFLOW,LU1:DSD_EMPLOI_SAL@DF_B3000(1.0),Domestic payroll employment by economic activity,I,PERS,Persons,SAL_INT,Domestic payroll employment,Q,Quarterly,_Z,Not applicable,F,Construction,Y,Calendar and seasonally adjusted data,_Z,Not applicable,2011-Q4,,39164.6380510694,,0,Units,,,0,Zero,,
DATAFLOW,LU1:DSD_EMPLOI_SAL@DF_B3000(1.0),Domestic payroll employment by economic activity,I,PERS,Persons,SAL_INT,Domestic payroll employment,Q,Quarterly,_Z,Not applicable,F,Construction,Y,Calendar and seasonally adjusted data,_Z,Not applicable,2012-Q1,,39234.3123860452,,0,Units,,,0,Zero,,
DATAFLOW,LU1:DSD_EMPLOI_SAL@DF_B3000(1.0),Domestic payroll employment by economic activity,I,PERS,Persons,SAL_INT,Domestic payroll employment,Q,Quarterly,_Z,Not applicable,F,Construction,Y,Calendar and seasonally adjusted data,_Z,Not applicable,2012-Q2,,39512.3582324027,,0,Units,,,0,Zero,,
DATAFLOW,LU1:DSD_EMPLOI_SAL@DF_B3000(1.0),Domestic payroll employment by economic activity,I,PERS,Persons,SAL_INT,Domestic payroll employment,Q,Quarterly,_Z,Not applicable,F,Construction,Y,Calendar and seasonally adjusted data,_Z,Not applicable,2012-Q3,,39603.2256317195,,0,Units,,,0,Zero,,
DATAFLOW,LU1:DSD_EMPLOI_SAL@DF_B3000(1.0),Domestic payroll employment by economic activity,I,PERS,Persons,SAL_INT,Domestic payroll employment,Q,Quarterly,_Z,Not applicable,F,Construction,Y,Calendar and seasonally adjusted data,_Z,Not applicable,2012-Q4,,39697.7114087666,,0,Units,,,0,Zero,,
DATAFLOW,LU1:DSD_EMPLOI_SAL@DF_B3000(1.0),Domestic payroll employment by economic activity,I,PERS,Persons,SAL_INT,Domestic payroll employment,Q,Quarterly,_Z,Not applicable,F,Construction,Y,Calendar and seasonally adjusted data,_Z,Not applicable,2013-Q1,,39530.5281478265,,0,Units,,,0,Zero,,
DATAFLOW,LU1:DSD_EMPLOI_SAL@DF_B3000(1.0),Domestic payroll employment by economic activity,I,PERS,Persons,SAL_INT,Domestic payroll employment,Q,Quarterly,_Z,Not applicable,F,Construction,Y,Calendar and seasonally adjusted data,_Z,Not applicable,2013-Q2,,39651.0014259573,,0,Units,,,0,Zero,,
DATAFLOW,LU1:DSD_EMPLOI_SAL@DF_B3000(1.0),Domestic payroll employment by economic activity,I,PERS,Persons,SAL_INT,Domestic payroll employment,Q,Quarterly,_Z,Not applicable,F,Construction,Y,Calendar and seasonally adjusted data,_Z,Not applicable,2013-Q3,,39743.5805637139,,0,Units,,,0,Zero,,
DATAFLOW,LU1:DSD_EMPLOI_SAL@DF_B3000(1.0),Domestic payroll employment by economic activity,I,PERS,Persons,SAL_INT,Domestic payroll employment,Q,Quarterly,_Z,Not applicable,F,Construction,Y,Calendar and seasonally adjusted data,_Z,Not applicable,2013-Q4,,39795.2587636103,,0,Units,,,0,Zero,,
DATAFLOW,LU1:DSD_EMPLOI_SAL@DF_B3000(1.0),Domestic payroll employment by economic activity,I,PERS,Persons,SAL_INT,Domestic payroll employment,Q,Quarterly,_Z,Not applicable,F,Construction,Y,Calendar and seasonally adjusted data,_Z,Not applicable,2014-Q1,,40020.4279848791,,0,Units,,,0,Zero,,
DATAFLOW,LU1:DSD_EMPLOI_SAL@DF_B3000(1.0),Domestic payroll employment by economic activity,I,PERS,Persons,SAL_INT,Domestic payroll employment,Q,Quarterly,_Z,Not applicable,F,Construction,Y,Calendar and seasonally adjusted data,_Z,Not applicable,2014-Q2,,40191.2920288494,,0,Units,,,0,Zero,,
DATAFLOW,LU1:DSD_EMPLOI_SAL@DF_B3000(1.0),Domestic payroll employment by economic activity,I,PERS,Persons,SAL_INT,Domestic payroll employment,Q,Quarterly,_Z,Not applicable,F,Construction,Y,Calendar and seasonally adjusted data,_Z,Not applicable,2014-Q3,,40402.6804251356,,0,Units,,,0,Zero,,
DATAFLOW,LU1:DSD_EMPLOI_SAL@DF_B3000(1.0),Domestic payroll employment by economic activity,I,PERS,Persons,SAL_INT,Domestic payroll employment,Q,Quarterly,_Z,Not applicable,F,Construction,Y,Calendar and seasonally adjusted data,_Z,Not applicable,2014-Q4,,40567.7604086503,,0,Units,,,0,Zero,,
DATAFLOW,LU1:DSD_EMPLOI_SAL@DF_B3000(1.0),Domestic payroll employment by economic activity,I,PERS,Persons,SAL_INT,Domestic payroll employment,Q,Quarterly,_Z,Not applicable,F,Construction,Y,Calendar and seasonally adjusted data,_Z,Not applicable,2015-Q1,,40706.8020695632,,0,Units,,,0,Zero,,
DATAFLOW,LU1:DSD_EMPLOI_SAL@DF_B3000(1.0),Domestic payroll employment by economic activity,I,PERS,Persons,SAL_INT,Domestic payroll employment,Q,Quarterly,_Z,Not applicable,F,Construction,Y,Calendar and seasonally adjusted data,_Z,Not applicable,2015-Q2,,40825.0272261615,,0,Units,,,0,Zero,,
DATAFLOW,LU1:DSD_EMPLOI_SAL@DF_B3000(1.0),Domestic payroll employment by economic activity,I,PERS,Persons,SAL_INT,Domestic payroll employment,Q,Quarterly,_Z,Not applicable,F,Construction,Y,Calendar and seasonally adjusted data,_Z,Not applicable,2015-Q3,,41038.664598346,,0,Units,,,0,Zero,,
DATAFLOW,LU1:DSD_EMPLOI_SAL@DF_B3000(1.0),Domestic payroll employment by economic activity,I,PERS,Persons,SAL_INT,Domestic payroll employment,Q,Quarterly,_Z,Not applicable,F,Construction,Y,Calendar and seasonally adjusted data,_Z,Not applicable,2015-Q4,,41313.0987824724,,0,Units,,,0,Zero,,
DATAFLOW,LU1:DSD_EMPLOI_SAL@DF_B3000(1.0),Domestic payroll employment by economic activity,I,PERS,Persons,SAL_INT,Domestic payroll employment,Q,Quarterly,_Z,Not applicable,F,Construction,Y,Calendar and seasonally adjusted data,_Z,Not applicable,2016-Q1,,41607.1053311278,,0,Units,,,0,Zero,,
DATAFLOW,LU1:DSD_EMPLOI_SAL@DF_B3000(1.0),Domestic payroll employment by economic activity,I,PERS,Persons,SAL_INT,Domestic payroll employment,Q,Quarterly,_Z,Not applicable,F,Construction,Y,Calendar and seasonally adjusted data,_Z,Not applicable,2016-Q2,,42033.274045415,,0,Units,,,0,Zero,,
DATAFLOW,LU1:DSD_EMPLOI_SAL@DF_B3000(1.0),Domestic payroll employment by economic activity,I,PERS,Persons,SAL_INT,Domestic payroll employment,Q,Quarterly,_Z,Not applicable,F,Construction,Y,Calendar and seasonally adjusted data,_Z,Not applicable,2016-Q3,,42407.5712789816,,0,Units,,,0,Zero,,
DATAFLOW,LU1:DSD_EMPLOI_SAL@DF_B3000(1.0),Domestic payroll employment by economic activity,I,PERS,Persons,SAL_INT,Domestic payroll employment,Q,Quarterly,_Z,Not applicable,F,Construction,Y,Calendar and seasonally adjusted data,_Z,Not applicable,2016-Q4,,42809.8838996346,,0,Units,,,0,Zero,,
DATAFLOW,LU1:DSD_EMPLOI_SAL@DF_B3000(1.0),Domestic payroll employment by economic activity,I,PERS,Persons,SAL_INT,Domestic payroll employment,Q,Quarterly,_Z,Not applicable,F,Construction,Y,Calendar and seasonally adjusted data,_Z,Not applicable,2017-Q1,,42944.4343205204,,0,Units,,,0,Zero,,
DATAFLOW,LU1:DSD_EMPLOI_SAL@DF_B3000(1.0),Domestic payroll employment by economic activity,I,PERS,Persons,SAL_INT,Domestic payroll employment,Q,Quarterly,_Z,Not applicable,F,Construction,Y,Calendar and seasonally adjusted data,_Z,Not applicable,2017-Q2,,43375.5464701633,,0,Units,,,0,Zero,,
DATAFLOW,LU1:DSD_EMPLOI_SAL@DF_B3000(1.0),Domestic payroll employment by economic activity,I,PERS,Persons,SAL_INT,Domestic payroll employment,Q,Quarterly,_Z,Not applicable,F,Construction,Y,Calendar and seasonally adjusted data,_Z,Not applicable,2017-Q3,,43727.5737026368,,0,Units,,,0,Zero,,
DATAFLOW,LU1:DSD_EMPLOI_SAL@DF_B3000(1.0),Domestic payroll employment by economic activity,I,PERS,Persons,SAL_INT,Domestic payroll employment,Q,Quarterly,_Z,Not applicable,F,Construction,Y,Calendar and seasonally adjusted data,_Z,Not applicable,2017-Q4,,44115.6030108268,,0,Units,,,0,Zero,,
DATAFLOW,LU1:DSD_EMPLOI_SAL@DF_B3000(1.0),Domestic payroll employment by economic activity,I,PERS,Persons,SAL_INT,Domestic payroll employment,Q,Quarterly,_Z,Not applicable,F,Construction,Y,Calendar and seasonally adjusted data,_Z,Not applicable,2018-Q1,,44525.9796290526,,0,Units,,,0,Zero,,
DATAFLOW,LU1:DSD_EMPLOI_SAL@DF_B3000(1.0),Domestic payroll employment by economic activity,I,PERS,Persons,SAL_INT,Domestic payroll employment,Q,Quarterly,_Z,Not applicable,F,Construction,Y,Calendar and seasonally adjusted data,_Z,Not applicable,2018-Q2,,44931.1182622789,,0,Units,,,0,Zero,,
DATAFLOW,LU1:DSD_EMPLOI_SAL@DF_B3000(1.0),Domestic payroll employment by economic activity,I,PERS,Persons,SAL_INT,Domestic payroll employment,Q,Quarterly,_Z,Not applicable,F,Construction,Y,Calendar and seasonally adjusted data,_Z,Not applicable,2018-Q3,,45452.5515551058,,0,Units,,,0,Zero,,
DATAFLOW,LU1:DSD_EMPLOI_SAL@DF_B3000(1.0),Domestic payroll employment by economic activity,I,PERS,Persons,SAL_INT,Domestic payroll employment,Q,Quarterly,_Z,Not applicable,F,Construction,Y,Calendar and seasonally adjusted data,_Z,Not applicable,2018-Q4,,45950.6722157515,,0,Units,,,0,Zero,,
DATAFLOW,LU1:DSD_EMPLOI_SAL@DF_B3000(1.0),Domestic payroll employment by economic activity,I,PERS,Persons,SAL_INT,Domestic payroll employment,Q,Quarterly,_Z,Not applicable,F,Construction,Y,Calendar and seasonally adjusted data,_Z,Not applicable,2019-Q1,,46318.4006349559,,0,Units,,,0,Zero,,
DATAFLOW,LU1:DSD_EMPLOI_SAL@DF_B3000(1.0),Domestic payroll employment by economic activity,I,PERS,Persons,SAL_INT,Domestic payroll employment,Q,Quarterly,_Z,Not applicable,F,Construction,Y,Calendar and seasonally adjusted data,_Z,Not applicable,2019-Q2,,46685.5254272629,,0,Units,,,0,Zero,,
DATAFLOW,LU1:DSD_EMPLOI_SAL@DF_B3000(1.0),Domestic payroll employment by economic activity,I,PERS,Persons,SAL_INT,Domestic payroll employment,Q,Quarterly,_Z,Not applicable,F,Construction,Y,Calendar and seasonally adjusted data,_Z,Not applicable,2019-Q3,,47095.3731844974,,0,Units,,,0,Zero,,
DATAFLOW,LU1:DSD_EMPLOI_SAL@DF_B3000(1.0),Domestic payroll employment by economic activity,I,PERS,Persons,SAL_INT,Domestic payroll employment,Q,Quarterly,_Z,Not applicable,F,Construction,Y,Calendar and seasonally adjusted data,_Z,Not applicable,2019-Q4,,47644.7990105942,,0,Units,,,0,Zero,,
DATAFLOW,LU1:DSD_EMPLOI_SAL@DF_B3000(1.0),Domestic payroll employment by economic activity,I,PERS,Persons,SAL_INT,Domestic payroll employment,Q,Quarterly,_Z,Not applicable,F,Construction,Y,Calendar and seasonally adjusted data,_Z,Not applicable,2020-Q1,,48021.2532385175,,0,Units,,,0,Zero,,
DATAFLOW,LU1:DSD_EMPLOI_SAL@DF_B3000(1.0),Domestic payroll employment by economic activity,I,PERS,Persons,SAL_INT,Domestic payroll employment,Q,Quarterly,_Z,Not applicable,F,Construction,Y,Calendar and seasonally adjusted data,_Z,Not applicable,2020-Q2,,48109.3031859265,,0,Units,,,0,Zero,,
DATAFLOW,LU1:DSD_EMPLOI_SAL@DF_B3000(1.0),Domestic payroll employment by economic activity,I,PERS,Persons,SAL_INT,Domestic payroll employment,Q,Quarterly,_Z,Not applicable,F,Construction,Y,Calendar and seasonally adjusted data,_Z,Not applicable,2020-Q3,,48738.2778326613,,0,Units,,,0,Zero,,
DATAFLOW,LU1:DSD_EMPLOI_SAL@DF_B3000(1.0),Domestic payroll employment by economic activity,I,PERS,Persons,SAL_INT,Domestic payroll employment,Q,Quarterly,_Z,Not applicable,F,Construction,Y,Calendar and seasonally adjusted data,_Z,Not applicable,2020-Q4,,49095.6497091308,,0,Units,,,0,Zero,,
DATAFLOW,LU1:DSD_EMPLOI_SAL@DF_B3000(1.0),Domestic payroll employment by economic activity,I,PERS,Persons,SAL_INT,Domestic payroll employment,Q,Quarterly,_Z,Not applicable,F,Construction,Y,Calendar and seasonally adjusted data,_Z,Not applicable,2021-Q1,,49654.5984804565,,0,Units,,,0,Zero,,
DATAFLOW,LU1:DSD_EMPLOI_SAL@DF_B3000(1.0),Domestic payroll employment by economic activity,I,PERS,Persons,SAL_INT,Domestic payroll employment,Q,Quarterly,_Z,Not applicable,F,Construction,Y,Calendar and seasonally adjusted data,_Z,Not applicable,2021-Q2,,50119.3131412321,,0,Units,,,0,Zero,,
DATAFLOW,LU1:DSD_EMPLOI_SAL@DF_B3000(1.0),Domestic payroll employment by economic activity,I,PERS,Persons,SAL_INT,Domestic payroll employment,Q,Quarterly,_Z,Not applicable,F,Construction,Y,Calendar and seasonally adjusted data,_Z,Not applicable,2021-Q3,,50373.5424399924,,0,Units,,,0,Zero,,
DATAFLOW,LU1:DSD_EMPLOI_SAL@DF_B3000(1.0),Domestic payroll employment by economic activity,I,PERS,Persons,SAL_INT,Domestic payroll employment,Q,Quarterly,_Z,Not applicable,F,Construction,Y,Calendar and seasonally adjusted data,_Z,Not applicable,2021-Q4,,50696.8531466665,,0,Units,,,0,Zero,,
DATAFLOW,LU1:DSD_EMPLOI_SAL@DF_B3000(1.0),Domestic payroll employment by economic activity,I,PERS,Persons,SAL_INT,Domestic payroll employment,Q,Quarterly,_Z,Not applicable,F,Construction,Y,Calendar and seasonally adjusted data,_Z,Not applicable,2022-Q1,,51094.4449700078,,0,Units,,,0,Zero,,
DATAFLOW,LU1:DSD_EMPLOI_SAL@DF_B3000(1.0),Domestic payroll employment by economic activity,I,PERS,Persons,SAL_INT,Domestic payroll employment,Q,Quarterly,_Z,Not applicable,F,Construction,Y,Calendar and seasonally adjusted data,_Z,Not applicable,2022-Q2,,51397.4309847238,,0,Units,,,0,Zero,,
DATAFLOW,LU1:DSD_EMPLOI_SAL@DF_B3000(1.0),Domestic payroll employment by economic activity,I,PERS,Persons,SAL_INT,Domestic payroll employment,Q,Quarterly,_Z,Not applicable,F,Construction,Y,Calendar and seasonally adjusted data,_Z,Not applicable,2022-Q3,,51500.510932364,,0,Units,,,0,Zero,,
DATAFLOW,LU1:DSD_EMPLOI_SAL@DF_B3000(1.0),Domestic payroll employment by economic activity,I,PERS,Persons,SAL_INT,Domestic payroll employment,Q,Quarterly,_Z,Not applicable,F,Construction,Y,Calendar and seasonally adjusted data,_Z,Not applicable,2022-Q4,,51672.0974038754,,0,Units,,,0,Zero,,
DATAFLOW,LU1:DSD_EMPLOI_SAL@DF_B3000(1.0),Domestic payroll employment by economic activity,I,PERS,Persons,SAL_INT,Domestic payroll employment,Q,Quarterly,_Z,Not applicable,F,Construction,Y,Calendar and seasonally adjusted data,_Z,Not applicable,2023-Q1,,51609.7304256802,,0,Units,,,0,Zero,,
DATAFLOW,LU1:DSD_EMPLOI_SAL@DF_B3000(1.0),Domestic payroll employment by economic activity,I,PERS,Persons,SAL_INT,Domestic payroll employment,Q,Quarterly,_Z,Not applicable,F,Construction,Y,Calendar and seasonally adjusted data,_Z,Not applicable,2023-Q2,,51340.109603687,,0,Units,,,0,Zero,,
DATAFLOW,LU1:DSD_EMPLOI_SAL@DF_B3000(1.0),Domestic payroll employment by economic activity,I,PERS,Persons,SAL_INT,Domestic payroll employment,Q,Quarterly,_Z,Not applicable,F,Construction,Y,Calendar and seasonally adjusted data,_Z,Not applicable,2023-Q3,,50834.3160720919,,0,Units,,,0,Zero,,
DATAFLOW,LU1:DSD_EMPLOI_SAL@DF_B3000(1.0),Domestic payroll employment by economic activity,I,PERS,Persons,SAL_INT,Domestic payroll employment,Q,Quarterly,_Z,Not applicable,F,Construction,Y,Calendar and seasonally adjusted data,_Z,Not applicable,2023-Q4,,50045.2183486111,,0,Units,,,0,Zero,,
DATAFLOW,LU1:DSD_EMPLOI_SAL@DF_B3000(1.0),Domestic payroll employment by economic activity,I,PERS,Persons,SAL_INT,Domestic payroll employment,Q,Quarterly,_Z,Not applicable,F,Construction,Y,Calendar and seasonally adjusted data,_Z,Not applicable,2024-Q1,,49209.1686350212,,0,Units,,,0,Zero,,
DATAFLOW,LU1:DSD_EMPLOI_SAL@DF_B3000(1.0),Domestic payroll employment by economic activity,I,PERS,Persons,SAL_INT,Domestic payroll employment,Q,Quarterly,_Z,Not applicable,F,Construction,Y,Calendar and seasonally adjusted data,_Z,Not applicable,2024-Q2,,48652.6891065654,,0,Units,,,0,Zero,,
DATAFLOW,LU1:DSD_EMPLOI_SAL@DF_B3000(1.0),Domestic payroll employment by economic activity,I,PERS,Persons,SAL_INT,Domestic payroll employment,Q,Quarterly,_Z,Not applicable,F,Construction,Y,Calendar and seasonally adjusted data,_Z,Not applicable,2024-Q3,,48289.0178808861,,0,Units,,,0,Zero,,
DATAFLOW,LU1:DSD_EMPLOI_SAL@DF_B3000(1.0),Domestic payroll employment by economic activity,I,PERS,Persons,SAL_INT,Domestic payroll employment,Q,Quarterly,_Z,Not applicable,F,Construction,Y,Calendar and seasonally adjusted data,_Z,Not applicable,2024-Q4,,47961.9598744666,,0,Units,,,0,Zero,,
DATAFLOW,LU1:DSD_EMPLOI_SAL@DF_B3000(1.0),Domestic payroll employment by economic activity,I,PERS,Persons,SAL_INT,Domestic payroll employment,Q,Quarterly,_Z,Not applicable,F,Construction,Y,Calendar and seasonally adjusted data,_Z,Not applicable,2025-Q1,,47715.947481119,,0,Units,,,0,Zero,,
DATAFLOW,LU1:DSD_EMPLOI_SAL@DF_B3000(1.0),Domestic payroll employment by economic activity,I,PERS,Persons,SAL_INT,Domestic payroll employment,Q,Quarterly,_Z,Not applicable,F,Construction,Y,Calendar and seasonally adjusted data,_Z,Not applicable,2025-Q2,,47388.3695178911,,0,Units,,,0,Zero,,
DATAFLOW,LU1:DSD_EMPLOI_SAL@DF_B3000(1.0),Domestic payroll employment by economic activity,I,PERS,Persons,SAL_INT,Domestic payroll employment,Q,Quarterly,_Z,Not applicable,F,Construction,Y,Calendar and seasonally adjusted data,_Z,Not applicable,2025-Q3,,47286.0694356787,,0,Units,,,0,Zero,,
DATAFLOW,LU1:DSD_EMPLOI_SAL@DF_B3000(1.0),Domestic payroll employment by economic activity,I,PERS,Persons,SAL_INT,Domestic payroll employment,Q,Quarterly,_Z,Not applicable,F,Construction,Y,Calendar and seasonally adjusted data,_Z,Not applicable,2025-Q4,,47271.4650914697,,0,Units,,,0,Zero,,
DATAFLOW,LU1:DSD_EMPLOI_SAL@DF_B3000(1.0),Domestic payroll employment by economic activity,I,PERS,Persons,SAL_INT,Domestic payroll employment,Q,Quarterly,_Z,Not applicable,F,Construction,Y,Calendar and seasonally adjusted data,_Z,Not applicable,2026-Q1,,47298.8860259562,,0,Units,,,0,Zero,,
DATAFLOW,LU1:DSD_EMPLOI_SAL@DF_B3000(1.0),Domestic payroll employment by economic activity,I,PERS,Persons,SAL_INT,Domestic payroll employment,Q,Quarterly,_Z,Not applicable,K,Financial and insurance activities,N,Neither seasonally adjusted nor calendar adjusted data,_Z,Not applicable,1995-Q1,,21798,,0,Units,,,0,Zero,,
DATAFLOW,LU1:DSD_EMPLOI_SAL@DF_B3000(1.0),Domestic payroll employment by economic activity,I,PERS,Persons,SAL_INT,Domestic payroll employment,Q,Quarterly,_Z,Not applicable,K,Financial and insurance activities,N,Neither seasonally adjusted nor calendar adjusted data,_Z,Not applicable,1995-Q2,,22181,,0,Units,,,0,Zero,,
DATAFLOW,LU1:DSD_EMPLOI_SAL@DF_B3000(1.0),Domestic payroll employment by economic activity,I,PERS,Persons,SAL_INT,Domestic payroll employment,Q,Quarterly,_Z,Not applicable,K,Financial and insurance activities,N,Neither seasonally adjusted nor calendar adjusted data,_Z,Not applicable,1995-Q3,,22918,,0,Units,,,0,Zero,,
DATAFLOW,LU1:DSD_EMPLOI_SAL@DF_B3000(1.0),Domestic payroll employment by economic activity,I,PERS,Persons,SAL_INT,Domestic payroll employment,Q,Quarterly,_Z,Not applicable,K,Financial and insurance activities,N,Neither seasonally adjusted nor calendar adjusted data,_Z,Not applicable,1995-Q4,,23059,,0,Units,,,0,Zero,,
DATAFLOW,LU1:DSD_EMPLOI_SAL@DF_B3000(1.0),Domestic payroll employment by economic activity,I,PERS,Persons,SAL_INT,Domestic payroll employment,Q,Quarterly,_Z,Not applicable,K,Financial and insurance activities,N,Neither seasonally adjusted nor calendar adjusted data,_Z,Not applicable,1996-Q1,,22853,,0,Units,,,0,Zero,,
DATAFLOW,LU1:DSD_EMPLOI_SAL@DF_B3000(1.0),Domestic payroll employment by economic activity,I,PERS,Persons,SAL_INT,Domestic payroll employment,Q,Quarterly,_Z,Not applicable,K,Financial and insurance activities,N,Neither seasonally adjusted nor calendar adjusted data,_Z,Not applicable,1996-Q2,,22932,,0,Units,,,0,Zero,,
DATAFLOW,LU1:DSD_EMPLOI_SAL@DF_B3000(1.0),Domestic payroll employment by economic activity,I,PERS,Persons,SAL_INT,Domestic payroll employment,Q,Quarterly,_Z,Not applicable,K,Financial and insurance activities,N,Neither seasonally adjusted nor calendar adjusted data,_Z,Not applicable,1996-Q3,,23048,,0,Units,,,0,Zero,,
DATAFLOW,LU1:DSD_EMPLOI_SAL@DF_B3000(1.0),Domestic payroll employment by economic activity,I,PERS,Persons,SAL_INT,Domestic payroll employment,Q,Quarterly,_Z,Not applicable,K,Financial and insurance activities,N,Neither seasonally adjusted nor calendar adjusted data,_Z,Not applicable,1996-Q4,,23202,,0,Units,,,0,Zero,,
DATAFLOW,LU1:DSD_EMPLOI_SAL@DF_B3000(1.0),Domestic payroll employment by economic activity,I,PERS,Persons,SAL_INT,Domestic payroll employment,Q,Quarterly,_Z,Not applicable,K,Financial and insurance activities,N,Neither seasonally adjusted nor calendar adjusted data,_Z,Not applicable,1997-Q1,,23557,,0,Units,,,0,Zero,,
DATAFLOW,LU1:DSD_EMPLOI_SAL@DF_B3000(1.0),Domestic payroll employment by economic activity,I,PERS,Persons,SAL_INT,Domestic payroll employment,Q,Quarterly,_Z,Not applicable,K,Financial and insurance activities,N,Neither seasonally adjusted nor calendar adjusted data,_Z,Not applicable,1997-Q2,,23811,,0,Units,,,0,Zero,,
DATAFLOW,LU1:DSD_EMPLOI_SAL@DF_B3000(1.0),Domestic payroll employment by economic activity,I,PERS,Persons,SAL_INT,Domestic payroll employment,Q,Quarterly,_Z,Not applicable,K,Financial and insurance activities,N,Neither seasonally adjusted nor calendar adjusted data,_Z,Not applicable,1997-Q3,,24030,,0,Units,,,0,Zero,,
DATAFLOW,LU1:DSD_EMPLOI_SAL@DF_B3000(1.0),Domestic payroll employment by economic activity,I,PERS,Persons,SAL_INT,Domestic payroll employment,Q,Quarterly,_Z,Not applicable,K,Financial and insurance activities,N,Neither seasonally adjusted nor calendar adjusted data,_Z,Not applicable,1997-Q4,,24397,,0,Units,,,0,Zero,,
DATAFLOW,LU1:DSD_EMPLOI_SAL@DF_B3000(1.0),Domestic payroll employment by economic activity,I,PERS,Persons,SAL_INT,Domestic payroll employment,Q,Quarterly,_Z,Not applicable,K,Financial and insurance activities,N,Neither seasonally adjusted nor calendar adjusted data,_Z,Not applicable,1998-Q1,,24539,,0,Units,,,0,Zero,,
DATAFLOW,LU1:DSD_EMPLOI_SAL@DF_B3000(1.0),Domestic payroll employment by economic activity,I,PERS,Persons,SAL_INT,Domestic payroll employment,Q,Quarterly,_Z,Not applicable,K,Financial and insurance activities,N,Neither seasonally adjusted nor calendar adjusted data,_Z,Not applicable,1998-Q2,,25207,,0,Units,,,0,Zero,,
DATAFLOW,LU1:DSD_EMPLOI_SAL@DF_B3000(1.0),Domestic payroll employment by economic activity,I,PERS,Persons,SAL_INT,Domestic payroll employment,Q,Quarterly,_Z,Not applicable,K,Financial and insurance activities,N,Neither seasonally adjusted nor calendar adjusted data,_Z,Not applicable,1998-Q3,,25633,,0,Units,,,0,Zero,,
DATAFLOW,LU1:DSD_EMPLOI_SAL@DF_B3000(1.0),Domestic payroll employment by economic activity,I,PERS,Persons,SAL_INT,Domestic payroll employment,Q,Quarterly,_Z,Not applicable,K,Financial and insurance activities,N,Neither seasonally adjusted nor calendar adjusted data,_Z,Not applicable,1998-Q4,,26451,,0,Units,,,0,Zero,,
DATAFLOW,LU1:DSD_EMPLOI_SAL@DF_B3000(1.0),Domestic payroll employment by economic activity,I,PERS,Persons,SAL_INT,Domestic payroll employment,Q,Quarterly,_Z,Not applicable,K,Financial and insurance activities,N,Neither seasonally adjusted nor calendar adjusted data,_Z,Not applicable,1999-Q1,,26662,,0,Units,,,0,Zero,,
DATAFLOW,LU1:DSD_EMPLOI_SAL@DF_B3000(1.0),Domestic payroll employment by economic activity,I,PERS,Persons,SAL_INT,Domestic payroll employment,Q,Quarterly,_Z,Not applicable,K,Financial and insurance activities,N,Neither seasonally adjusted nor calendar adjusted data,_Z,Not applicable,1999-Q2,,27184,,0,Units,,,0,Zero,,
DATAFLOW,LU1:DSD_EMPLOI_SAL@DF_B3000(1.0),Domestic payroll employment by economic activity,I,PERS,Persons,SAL_INT,Domestic payroll employment,Q,Quarterly,_Z,Not applicable,K,Financial and insurance activities,N,Neither seasonally adjusted nor calendar adjusted data,_Z,Not applicable,1999-Q3,,27736,,0,Units,,,0,Zero,,
DATAFLOW,LU1:DSD_EMPLOI_SAL@DF_B3000(1.0),Domestic payroll employment by economic activity,I,PERS,Persons,SAL_INT,Domestic payroll employment,Q,Quarterly,_Z,Not applicable,K,Financial and insurance activities,N,Neither seasonally adjusted nor calendar adjusted data,_Z,Not applicable,1999-Q4,,28322,,0,Units,,,0,Zero,,
DATAFLOW,LU1:DSD_EMPLOI_SAL@DF_B3000(1.0),Domestic payroll employment by economic activity,I,PERS,Persons,SAL_INT,Domestic payroll employment,Q,Quarterly,_Z,Not applicable,K,Financial and insurance activities,N,Neither seasonally adjusted nor calendar adjusted data,_Z,Not applicable,2000-Q1,,28829,,0,Units,,,0,Zero,,
DATAFLOW,LU1:DSD_EMPLOI_SAL@DF_B3000(1.0),Domestic payroll employment by economic activity,I,PERS,Persons,SAL_INT,Domestic payroll employment,Q,Quarterly,_Z,Not applicable,K,Financial and insurance activities,N,Neither seasonally adjusted nor calendar adjusted data,_Z,Not applicable,2000-Q2,,29573,,0,Units,,,0,Zero,,
DATAFLOW,LU1:DSD_EMPLOI_SAL@DF_B3000(1.0),Domestic payroll employment by economic activity,I,PERS,Persons,SAL_INT,Domestic payroll employment,Q,Quarterly,_Z,Not applicable,K,Financial and insurance activities,N,Neither seasonally adjusted nor calendar adjusted data,_Z,Not applicable,2000-Q3,,30458,,0,Units,,,0,Zero,,
DATAFLOW,LU1:DSD_EMPLOI_SAL@DF_B3000(1.0),Domestic payroll employment by economic activity,I,PERS,Persons,SAL_INT,Domestic payroll employment,Q,Quarterly,_Z,Not applicable,K,Financial and insurance activities,N,Neither seasonally adjusted nor calendar adjusted data,_Z,Not applicable,2000-Q4,,31441,,0,Units,,,0,Zero,,
DATAFLOW,LU1:DSD_EMPLOI_SAL@DF_B3000(1.0),Domestic payroll employment by economic activity,I,PERS,Persons,SAL_INT,Domestic payroll employment,Q,Quarterly,_Z,Not applicable,K,Financial and insurance activities,N,Neither seasonally adjusted nor calendar adjusted data,_Z,Not applicable,2001-Q1,,32415,,0,Units,,,0,Zero,,
DATAFLOW,LU1:DSD_EMPLOI_SAL@DF_B3000(1.0),Domestic payroll employment by economic activity,I,PERS,Persons,SAL_INT,Domestic payroll employment,Q,Quarterly,_Z,Not applicable,K,Financial and insurance activities,N,Neither seasonally adjusted nor calendar adjusted data,_Z,Not applicable,2001-Q2,,33078,,0,Units,,,0,Zero,,
DATAFLOW,LU1:DSD_EMPLOI_SAL@DF_B3000(1.0),Domestic payroll employment by economic activity,I,PERS,Persons,SAL_INT,Domestic payroll employment,Q,Quarterly,_Z,Not applicable,K,Financial and insurance activities,N,Neither seasonally adjusted nor calendar adjusted data,_Z,Not applicable,2001-Q3,,33520,,0,Units,,,0,Zero,,
DATAFLOW,LU1:DSD_EMPLOI_SAL@DF_B3000(1.0),Domestic payroll employment by economic activity,I,PERS,Persons,SAL_INT,Domestic payroll employment,Q,Quarterly,_Z,Not applicable,K,Financial and insurance activities,N,Neither seasonally adjusted nor calendar adjusted data,_Z,Not applicable,2001-Q4,,33849,,0,Units,,,0,Zero,,
DATAFLOW,LU1:DSD_EMPLOI_SAL@DF_B3000(1.0),Domestic payroll employment by economic activity,I,PERS,Persons,SAL_INT,Domestic payroll employment,Q,Quarterly,_Z,Not applicable,K,Financial and insurance activities,N,Neither seasonally adjusted nor calendar adjusted data,_Z,Not applicable,2002-Q1,,33545,,0,Units,,,0,Zero,,
DATAFLOW,LU1:DSD_EMPLOI_SAL@DF_B3000(1.0),Domestic payroll employment by economic activity,I,PERS,Persons,SAL_INT,Domestic payroll employment,Q,Quarterly,_Z,Not applicable,K,Financial and insurance activities,N,Neither seasonally adjusted nor calendar adjusted data,_Z,Not applicable,2002-Q2,,33561,,0,Units,,,0,Zero,,
DATAFLOW,LU1:DSD_EMPLOI_SAL@DF_B3000(1.0),Domestic payroll employment by economic activity,I,PERS,Persons,SAL_INT,Domestic payroll employment,Q,Quarterly,_Z,Not applicable,K,Financial and insurance activities,N,Neither seasonally adjusted nor calendar adjusted data,_Z,Not applicable,2002-Q3,,33565,,0,Units,,,0,Zero,,
DATAFLOW,LU1:DSD_EMPLOI_SAL@DF_B3000(1.0),Domestic payroll employment by economic activity,I,PERS,Persons,SAL_INT,Domestic payroll employment,Q,Quarterly,_Z,Not applicable,K,Financial and insurance activities,N,Neither seasonally adjusted nor calendar adjusted data,_Z,Not applicable,2002-Q4,,33291,,0,Units,,,0,Zero,,
DATAFLOW,LU1:DSD_EMPLOI_SAL@DF_B3000(1.0),Domestic payroll employment by economic activity,I,PERS,Persons,SAL_INT,Domestic payroll employment,Q,Quarterly,_Z,Not applicable,K,Financial and insurance activities,N,Neither seasonally adjusted nor calendar adjusted data,_Z,Not applicable,2003-Q1,,33379,,0,Units,,,0,Zero,,
DATAFLOW,LU1:DSD_EMPLOI_SAL@DF_B3000(1.0),Domestic payroll employment by economic activity,I,PERS,Persons,SAL_INT,Domestic payroll employment,Q,Quarterly,_Z,Not applicable,K,Financial and insurance activities,N,Neither seasonally adjusted nor calendar adjusted data,_Z,Not applicable,2003-Q2,,33213,,0,Units,,,0,Zero,,
DATAFLOW,LU1:DSD_EMPLOI_SAL@DF_B3000(1.0),Domestic payroll employment by economic activity,I,PERS,Persons,SAL_INT,Domestic payroll employment,Q,Quarterly,_Z,Not applicable,K,Financial and insurance activities,N,Neither seasonally adjusted nor calendar adjusted data,_Z,Not applicable,2003-Q3,,33041,,0,Units,,,0,Zero,,
DATAFLOW,LU1:DSD_EMPLOI_SAL@DF_B3000(1.0),Domestic payroll employment by economic activity,I,PERS,Persons,SAL_INT,Domestic payroll employment,Q,Quarterly,_Z,Not applicable,K,Financial and insurance activities,N,Neither seasonally adjusted nor calendar adjusted data,_Z,Not applicable,2003-Q4,,33039,,0,Units,,,0,Zero,,
DATAFLOW,LU1:DSD_EMPLOI_SAL@DF_B3000(1.0),Domestic payroll employment by economic activity,I,PERS,Persons,SAL_INT,Domestic payroll employment,Q,Quarterly,_Z,Not applicable,K,Financial and insurance activities,N,Neither seasonally adjusted nor calendar adjusted data,_Z,Not applicable,2004-Q1,,33440,,0,Units,,,0,Zero,,
DATAFLOW,LU1:DSD_EMPLOI_SAL@DF_B3000(1.0),Domestic payroll employment by economic activity,I,PERS,Persons,SAL_INT,Domestic payroll employment,Q,Quarterly,_Z,Not applicable,K,Financial and insurance activities,N,Neither seasonally adjusted nor calendar adjusted data,_Z,Not applicable,2004-Q2,,33575,,0,Units,,,0,Zero,,
DATAFLOW,LU1:DSD_EMPLOI_SAL@DF_B3000(1.0),Domestic payroll employment by economic activity,I,PERS,Persons,SAL_INT,Domestic payroll employment,Q,Quarterly,_Z,Not applicable,K,Financial and insurance activities,N,Neither seasonally adjusted nor calendar adjusted data,_Z,Not applicable,2004-Q3,,33544,,0,Units,,,0,Zero,,
DATAFLOW,LU1:DSD_EMPLOI_SAL@DF_B3000(1.0),Domestic payroll employment by economic activity,I,PERS,Persons,SAL_INT,Domestic payroll employment,Q,Quarterly,_Z,Not applicable,K,Financial and insurance activities,N,Neither seasonally adjusted nor calendar adjusted data,_Z,Not applicable,2004-Q4,,33401,,0,Units,,,0,Zero,,
DATAFLOW,LU1:DSD_EMPLOI_SAL@DF_B3000(1.0),Domestic payroll employment by economic activity,I,PERS,Persons,SAL_INT,Domestic payroll employment,Q,Quarterly,_Z,Not applicable,K,Financial and insurance activities,N,Neither seasonally adjusted nor calendar adjusted data,_Z,Not applicable,2005-Q1,,33782,,0,Units,,,0,Zero,,
DATAFLOW,LU1:DSD_EMPLOI_SAL@DF_B3000(1.0),Domestic payroll employment by economic activity,I,PERS,Persons,SAL_INT,Domestic payroll employment,Q,Quarterly,_Z,Not applicable,K,Financial and insurance activities,N,Neither seasonally adjusted nor calendar adjusted data,_Z,Not applicable,2005-Q2,,33988,,0,Units,,,0,Zero,,
DATAFLOW,LU1:DSD_EMPLOI_SAL@DF_B3000(1.0),Domestic payroll employment by economic activity,I,PERS,Persons,SAL_INT,Domestic payroll employment,Q,Quarterly,_Z,Not applicable,K,Financial and insurance activities,N,Neither seasonally adjusted nor calendar adjusted data,_Z,Not applicable,2005-Q3,,34310,,0,Units,,,0,Zero,,
DATAFLOW,LU1:DSD_EMPLOI_SAL@DF_B3000(1.0),Domestic payroll employment by economic activity,I,PERS,Persons,SAL_INT,Domestic payroll employment,Q,Quarterly,_Z,Not applicable,K,Financial and insurance activities,N,Neither seasonally adjusted nor calendar adjusted data,_Z,Not applicable,2005-Q4,,34727,,0,Units,,,0,Zero,,
DATAFLOW,LU1:DSD_EMPLOI_SAL@DF_B3000(1.0),Domestic payroll employment by economic activity,I,PERS,Persons,SAL_INT,Domestic payroll employment,Q,Quarterly,_Z,Not applicable,K,Financial and insurance activities,N,Neither seasonally adjusted nor calendar adjusted data,_Z,Not applicable,2006-Q1,,35053,,0,Units,,,0,Zero,,
DATAFLOW,LU1:DSD_EMPLOI_SAL@DF_B3000(1.0),Domestic payroll employment by economic activity,I,PERS,Persons,SAL_INT,Domestic payroll employment,Q,Quarterly,_Z,Not applicable,K,Financial and insurance activities,N,Neither seasonally adjusted nor calendar adjusted data,_Z,Not applicable,2006-Q2,,35566,,0,Units,,,0,Zero,,
DATAFLOW,LU1:DSD_EMPLOI_SAL@DF_B3000(1.0),Domestic payroll employment by economic activity,I,PERS,Persons,SAL_INT,Domestic payroll employment,Q,Quarterly,_Z,Not applicable,K,Financial and insurance activities,N,Neither seasonally adjusted nor calendar adjusted data,_Z,Not applicable,2006-Q3,,36184,,0,Units,,,0,Zero,,
DATAFLOW,LU1:DSD_EMPLOI_SAL@DF_B3000(1.0),Domestic payroll employment by economic activity,I,PERS,Persons,SAL_INT,Domestic payroll employment,Q,Quarterly,_Z,Not applicable,K,Financial and insurance activities,N,Neither seasonally adjusted nor calendar adjusted data,_Z,Not applicable,2006-Q4,,36898,,0,Units,,,0,Zero,,
DATAFLOW,LU1:DSD_EMPLOI_SAL@DF_B3000(1.0),Domestic payroll employment by economic activity,I,PERS,Persons,SAL_INT,Domestic payroll employment,Q,Quarterly,_Z,Not applicable,K,Financial and insurance activities,N,Neither seasonally adjusted nor calendar adjusted data,_Z,Not applicable,2007-Q1,,37428,,0,Units,,,0,Zero,,
DATAFLOW,LU1:DSD_EMPLOI_SAL@DF_B3000(1.0),Domestic payroll employment by economic activity,I,PERS,Persons,SAL_INT,Domestic payroll employment,Q,Quarterly,_Z,Not applicable,K,Financial and insurance activities,N,Neither seasonally adjusted nor calendar adjusted data,_Z,Not applicable,2007-Q2,,38029,,0,Units,,,0,Zero,,
DATAFLOW,LU1:DSD_EMPLOI_SAL@DF_B3000(1.0),Domestic payroll employment by economic activity,I,PERS,Persons,SAL_INT,Domestic payroll employment,Q,Quarterly,_Z,Not applicable,K,Financial and insurance activities,N,Neither seasonally adjusted nor calendar adjusted data,_Z,Not applicable,2007-Q3,,38726,,0,Units,,,0,Zero,,
DATAFLOW,LU1:DSD_EMPLOI_SAL@DF_B3000(1.0),Domestic payroll employment by economic activity,I,PERS,Persons,SAL_INT,Domestic payroll employment,Q,Quarterly,_Z,Not applicable,K,Financial and insurance activities,N,Neither seasonally adjusted nor calendar adjusted data,_Z,Not applicable,2007-Q4,,39665,,0,Units,,,0,Zero,,
DATAFLOW,LU1:DSD_EMPLOI_SAL@DF_B3000(1.0),Domestic payroll employment by economic activity,I,PERS,Persons,SAL_INT,Domestic payroll employment,Q,Quarterly,_Z,Not applicable,K,Financial and insurance activities,N,Neither seasonally adjusted nor calendar adjusted data,_Z,Not applicable,2008-Q1,,40401,,0,Units,,,0,Zero,,
DATAFLOW,LU1:DSD_EMPLOI_SAL@DF_B3000(1.0),Domestic payroll employment by economic activity,I,PERS,Persons,SAL_INT,Domestic payroll employment,Q,Quarterly,_Z,Not applicable,K,Financial and insurance activities,N,Neither seasonally adjusted nor calendar adjusted data,_Z,Not applicable,2008-Q2,,40995,,0,Units,,,0,Zero,,
DATAFLOW,LU1:DSD_EMPLOI_SAL@DF_B3000(1.0),Domestic payroll employment by economic activity,I,PERS,Persons,SAL_INT,Domestic payroll employment,Q,Quarterly,_Z,Not applicable,K,Financial and insurance activities,N,Neither seasonally adjusted nor calendar adjusted data,_Z,Not applicable,2008-Q3,,41521,,0,Units,,,0,Zero,,
DATAFLOW,LU1:DSD_EMPLOI_SAL@DF_B3000(1.0),Domestic payroll employment by economic activity,I,PERS,Persons,SAL_INT,Domestic payroll employment,Q,Quarterly,_Z,Not applicable,K,Financial and insurance activities,N,Neither seasonally adjusted nor calendar adjusted data,_Z,Not applicable,2008-Q4,,41796,,0,Units,,,0,Zero,,
DATAFLOW,LU1:DSD_EMPLOI_SAL@DF_B3000(1.0),Domestic payroll employment by economic activity,I,PERS,Persons,SAL_INT,Domestic payroll employment,Q,Quarterly,_Z,Not applicable,K,Financial and insurance activities,N,Neither seasonally adjusted nor calendar adjusted data,_Z,Not applicable,2009-Q1,,41498,,0,Units,,,0,Zero,,
DATAFLOW,LU1:DSD_EMPLOI_SAL@DF_B3000(1.0),Domestic payroll employment by economic activity,I,PERS,Persons,SAL_INT,Domestic payroll employment,Q,Quarterly,_Z,Not applicable,K,Financial and insurance activities,N,Neither seasonally adjusted nor calendar adjusted data,_Z,Not applicable,2009-Q2,,41161,,0,Units,,,0,Zero,,
DATAFLOW,LU1:DSD_EMPLOI_SAL@DF_B3000(1.0),Domestic payroll employment by economic activity,I,PERS,Persons,SAL_INT,Domestic payroll employment,Q,Quarterly,_Z,Not applicable,K,Financial and insurance activities,N,Neither seasonally adjusted nor calendar adjusted data,_Z,Not applicable,2009-Q3,,40974,,0,Units,,,0,Zero,,
DATAFLOW,LU1:DSD_EMPLOI_SAL@DF_B3000(1.0),Domestic payroll employment by economic activity,I,PERS,Persons,SAL_INT,Domestic payroll employment,Q,Quarterly,_Z,Not applicable,K,Financial and insurance activities,N,Neither seasonally adjusted nor calendar adjusted data,_Z,Not applicable,2009-Q4,,40880,,0,Units,,,0,Zero,,
DATAFLOW,LU1:DSD_EMPLOI_SAL@DF_B3000(1.0),Domestic payroll employment by economic activity,I,PERS,Persons,SAL_INT,Domestic payroll employment,Q,Quarterly,_Z,Not applicable,K,Financial and insurance activities,N,Neither seasonally adjusted nor calendar adjusted data,_Z,Not applicable,2010-Q1,,40801,,0,Units,,,0,Zero,,
DATAFLOW,LU1:DSD_EMPLOI_SAL@DF_B3000(1.0),Domestic payroll employment by economic activity,I,PERS,Persons,SAL_INT,Domestic payroll employment,Q,Quarterly,_Z,Not applicable,K,Financial and insurance activities,N,Neither seasonally adjusted nor calendar adjusted data,_Z,Not applicable,2010-Q2,,40722,,0,Units,,,0,Zero,,
DATAFLOW,LU1:DSD_EMPLOI_SAL@DF_B3000(1.0),Domestic payroll employment by economic activity,I,PERS,Persons,SAL_INT,Domestic payroll employment,Q,Quarterly,_Z,Not applicable,K,Financial and insurance activities,N,Neither seasonally adjusted nor calendar adjusted data,_Z,Not applicable,2010-Q3,,40720,,0,Units,,,0,Zero,,
DATAFLOW,LU1:DSD_EMPLOI_SAL@DF_B3000(1.0),Domestic payroll employment by economic activity,I,PERS,Persons,SAL_INT,Domestic payroll employment,Q,Quarterly,_Z,Not applicable,K,Financial and insurance activities,N,Neither seasonally adjusted nor calendar adjusted data,_Z,Not applicable,2010-Q4,,40875,,0,Units,,,0,Zero,,
DATAFLOW,LU1:DSD_EMPLOI_SAL@DF_B3000(1.0),Domestic payroll employment by economic activity,I,PERS,Persons,SAL_INT,Domestic payroll employment,Q,Quarterly,_Z,Not applicable,K,Financial and insurance activities,N,Neither seasonally adjusted nor calendar adjusted data,_Z,Not applicable,2011-Q1,,41049,,0,Units,,,0,Zero,,
DATAFLOW,LU1:DSD_EMPLOI_SAL@DF_B3000(1.0),Domestic payroll employment by economic activity,I,PERS,Persons,SAL_INT,Domestic payroll employment,Q,Quarterly,_Z,Not applicable,K,Financial and insurance activities,N,Neither seasonally adjusted nor calendar adjusted data,_Z,Not applicable,2011-Q2,,41261,,0,Units,,,0,Zero,,
DATAFLOW,LU1:DSD_EMPLOI_SAL@DF_B3000(1.0),Domestic payroll employment by economic activity,I,PERS,Persons,SAL_INT,Domestic payroll employment,Q,Quarterly,_Z,Not applicable,K,Financial and insurance activities,N,Neither seasonally adjusted nor calendar adjusted data,_Z,Not applicable,2011-Q3,,41396,,0,Units,,,0,Zero,,
DATAFLOW,LU1:DSD_EMPLOI_SAL@DF_B3000(1.0),Domestic payroll employment by economic activity,I,PERS,Persons,SAL_INT,Domestic payroll employment,Q,Quarterly,_Z,Not applicable,K,Financial and insurance activities,N,Neither seasonally adjusted nor calendar adjusted data,_Z,Not applicable,2011-Q4,,41549,,0,Units,,,0,Zero,,
DATAFLOW,LU1:DSD_EMPLOI_SAL@DF_B3000(1.0),Domestic payroll employment by economic activity,I,PERS,Persons,SAL_INT,Domestic payroll employment,Q,Quarterly,_Z,Not applicable,K,Financial and insurance activities,N,Neither seasonally adjusted nor calendar adjusted data,_Z,Not applicable,2012-Q1,,41736,,0,Units,,,0,Zero,,
DATAFLOW,LU1:DSD_EMPLOI_SAL@DF_B3000(1.0),Domestic payroll employment by economic activity,I,PERS,Persons,SAL_INT,Domestic payroll employment,Q,Quarterly,_Z,Not applicable,K,Financial and insurance activities,N,Neither seasonally adjusted nor calendar adjusted data,_Z,Not applicable,2012-Q2,,41998,,0,Units,,,0,Zero,,
DATAFLOW,LU1:DSD_EMPLOI_SAL@DF_B3000(1.0),Domestic payroll employment by economic activity,I,PERS,Persons,SAL_INT,Domestic payroll employment,Q,Quarterly,_Z,Not applicable,K,Financial and insurance activities,N,Neither seasonally adjusted nor calendar adjusted data,_Z,Not applicable,2012-Q3,,42012,,0,Units,,,0,Zero,,
DATAFLOW,LU1:DSD_EMPLOI_SAL@DF_B3000(1.0),Domestic payroll employment by economic activity,I,PERS,Persons,SAL_INT,Domestic payroll employment,Q,Quarterly,_Z,Not applicable,K,Financial and insurance activities,N,Neither seasonally adjusted nor calendar adjusted data,_Z,Not applicable,2012-Q4,,42007,,0,Units,,,0,Zero,,
DATAFLOW,LU1:DSD_EMPLOI_SAL@DF_B3000(1.0),Domestic payroll employment by economic activity,I,PERS,Persons,SAL_INT,Domestic payroll employment,Q,Quarterly,_Z,Not applicable,K,Financial and insurance activities,N,Neither seasonally adjusted nor calendar adjusted data,_Z,Not applicable,2013-Q1,,42090,,0,Units,,,0,Zero,,
DATAFLOW,LU1:DSD_EMPLOI_SAL@DF_B3000(1.0),Domestic payroll employment by economic activity,I,PERS,Persons,SAL_INT,Domestic payroll employment,Q,Quarterly,_Z,Not applicable,K,Financial and insurance activities,N,Neither seasonally adjusted nor calendar adjusted data,_Z,Not applicable,2013-Q2,,42228,,0,Units,,,0,Zero,,
DATAFLOW,LU1:DSD_EMPLOI_SAL@DF_B3000(1.0),Domestic payroll employment by economic activity,I,PERS,Persons,SAL_INT,Domestic payroll employment,Q,Quarterly,_Z,Not applicable,K,Financial and insurance activities,N,Neither seasonally adjusted nor calendar adjusted data,_Z,Not applicable,2013-Q3,,42265,,0,Units,,,0,Zero,,
DATAFLOW,LU1:DSD_EMPLOI_SAL@DF_B3000(1.0),Domestic payroll employment by economic activity,I,PERS,Persons,SAL_INT,Domestic payroll employment,Q,Quarterly,_Z,Not applicable,K,Financial and insurance activities,N,Neither seasonally adjusted nor calendar adjusted data,_Z,Not applicable,2013-Q4,,42623,,0,Units,,,0,Zero,,
DATAFLOW,LU1:DSD_EMPLOI_SAL@DF_B3000(1.0),Domestic payroll employment by economic activity,I,PERS,Persons,SAL_INT,Domestic payroll employment,Q,Quarterly,_Z,Not applicable,K,Financial and insurance activities,N,Neither seasonally adjusted nor calendar adjusted data,_Z,Not applicable,2014-Q1,,42912,,0,Units,,,0,Zero,,
DATAFLOW,LU1:DSD_EMPLOI_SAL@DF_B3000(1.0),Domestic payroll employment by economic activity,I,PERS,Persons,SAL_INT,Domestic payroll employment,Q,Quarterly,_Z,Not applicable,K,Financial and insurance activities,N,Neither seasonally adjusted nor calendar adjusted data,_Z,Not applicable,2014-Q2,,43130,,0,Units,,,0,Zero,,
DATAFLOW,LU1:DSD_EMPLOI_SAL@DF_B3000(1.0),Domestic payroll employment by economic activity,I,PERS,Persons,SAL_INT,Domestic payroll employment,Q,Quarterly,_Z,Not applicable,K,Financial and insurance activities,N,Neither seasonally adjusted nor calendar adjusted data,_Z,Not applicable,2014-Q3,,43072,,0,Units,,,0,Zero,,
DATAFLOW,LU1:DSD_EMPLOI_SAL@DF_B3000(1.0),Domestic payroll employment by economic activity,I,PERS,Persons,SAL_INT,Domestic payroll employment,Q,Quarterly,_Z,Not applicable,K,Financial and insurance activities,N,Neither seasonally adjusted nor calendar adjusted data,_Z,Not applicable,2014-Q4,,43132,,0,Units,,,0,Zero,,
DATAFLOW,LU1:DSD_EMPLOI_SAL@DF_B3000(1.0),Domestic payroll employment by economic activity,I,PERS,Persons,SAL_INT,Domestic payroll employment,Q,Quarterly,_Z,Not applicable,K,Financial and insurance activities,N,Neither seasonally adjusted nor calendar adjusted data,_Z,Not applicable,2015-Q1,,43456,,0,Units,,,0,Zero,,
DATAFLOW,LU1:DSD_EMPLOI_SAL@DF_B3000(1.0),Domestic payroll employment by economic activity,I,PERS,Persons,SAL_INT,Domestic payroll employment,Q,Quarterly,_Z,Not applicable,K,Financial and insurance activities,N,Neither seasonally adjusted nor calendar adjusted data,_Z,Not applicable,2015-Q2,,43782,,0,Units,,,0,Zero,,
DATAFLOW,LU1:DSD_EMPLOI_SAL@DF_B3000(1.0),Domestic payroll employment by economic activity,I,PERS,Persons,SAL_INT,Domestic payroll employment,Q,Quarterly,_Z,Not applicable,K,Financial and insurance activities,N,Neither seasonally adjusted nor calendar adjusted data,_Z,Not applicable,2015-Q3,,44027,,0,Units,,,0,Zero,,
DATAFLOW,LU1:DSD_EMPLOI_SAL@DF_B3000(1.0),Domestic payroll employment by economic activity,I,PERS,Persons,SAL_INT,Domestic payroll employment,Q,Quarterly,_Z,Not applicable,K,Financial and insurance activities,N,Neither seasonally adjusted nor calendar adjusted data,_Z,Not applicable,2015-Q4,,44349,,0,Units,,,0,Zero,,
DATAFLOW,LU1:DSD_EMPLOI_SAL@DF_B3000(1.0),Domestic payroll employment by economic activity,I,PERS,Persons,SAL_INT,Domestic payroll employment,Q,Quarterly,_Z,Not applicable,K,Financial and insurance activities,N,Neither seasonally adjusted nor calendar adjusted data,_Z,Not applicable,2016-Q1,,44486,,0,Units,,,0,Zero,,
DATAFLOW,LU1:DSD_EMPLOI_SAL@DF_B3000(1.0),Domestic payroll employment by economic activity,I,PERS,Persons,SAL_INT,Domestic payroll employment,Q,Quarterly,_Z,Not applicable,K,Financial and insurance activities,N,Neither seasonally adjusted nor calendar adjusted data,_Z,Not applicable,2016-Q2,,44783,,0,Units,,,0,Zero,,
DATAFLOW,LU1:DSD_EMPLOI_SAL@DF_B3000(1.0),Domestic payroll employment by economic activity,I,PERS,Persons,SAL_INT,Domestic payroll employment,Q,Quarterly,_Z,Not applicable,K,Financial and insurance activities,N,Neither seasonally adjusted nor calendar adjusted data,_Z,Not applicable,2016-Q3,,45055,,0,Units,,,0,Zero,,
DATAFLOW,LU1:DSD_EMPLOI_SAL@DF_B3000(1.0),Domestic payroll employment by economic activity,I,PERS,Persons,SAL_INT,Domestic payroll employment,Q,Quarterly,_Z,Not applicable,K,Financial and insurance activities,N,Neither seasonally adjusted nor calendar adjusted data,_Z,Not applicable,2016-Q4,,45379,,0,Units,,,0,Zero,,
DATAFLOW,LU1:DSD_EMPLOI_SAL@DF_B3000(1.0),Domestic payroll employment by economic activity,I,PERS,Persons,SAL_INT,Domestic payroll employment,Q,Quarterly,_Z,Not applicable,K,Financial and insurance activities,N,Neither seasonally adjusted nor calendar adjusted data,_Z,Not applicable,2017-Q1,,45835,,0,Units,,,0,Zero,,
DATAFLOW,LU1:DSD_EMPLOI_SAL@DF_B3000(1.0),Domestic payroll employment by economic activity,I,PERS,Persons,SAL_INT,Domestic payroll employment,Q,Quarterly,_Z,Not applicable,K,Financial and insurance activities,N,Neither seasonally adjusted nor calendar adjusted data,_Z,Not applicable,2017-Q2,,46132,,0,Units,,,0,Zero,,
DATAFLOW,LU1:DSD_EMPLOI_SAL@DF_B3000(1.0),Domestic payroll employment by economic activity,I,PERS,Persons,SAL_INT,Domestic payroll employment,Q,Quarterly,_Z,Not applicable,K,Financial and insurance activities,N,Neither seasonally adjusted nor calendar adjusted data,_Z,Not applicable,2017-Q3,,46099,,0,Units,,,0,Zero,,
DATAFLOW,LU1:DSD_EMPLOI_SAL@DF_B3000(1.0),Domestic payroll employment by economic activity,I,PERS,Persons,SAL_INT,Domestic payroll employment,Q,Quarterly,_Z,Not applicable,K,Financial and insurance activities,N,Neither seasonally adjusted nor calendar adjusted data,_Z,Not applicable,2017-Q4,,46462,,0,Units,,,0,Zero,,
DATAFLOW,LU1:DSD_EMPLOI_SAL@DF_B3000(1.0),Domestic payroll employment by economic activity,I,PERS,Persons,SAL_INT,Domestic payroll employment,Q,Quarterly,_Z,Not applicable,K,Financial and insurance activities,N,Neither seasonally adjusted nor calendar adjusted data,_Z,Not applicable,2018-Q1,,46911,,0,Units,,,0,Zero,,
DATAFLOW,LU1:DSD_EMPLOI_SAL@DF_B3000(1.0),Domestic payroll employment by economic activity,I,PERS,Persons,SAL_INT,Domestic payroll employment,Q,Quarterly,_Z,Not applicable,K,Financial and insurance activities,N,Neither seasonally adjusted nor calendar adjusted data,_Z,Not applicable,2018-Q2,,47354,,0,Units,,,0,Zero,,
DATAFLOW,LU1:DSD_EMPLOI_SAL@DF_B3000(1.0),Domestic payroll employment by economic activity,I,PERS,Persons,SAL_INT,Domestic payroll employment,Q,Quarterly,_Z,Not applicable,K,Financial and insurance activities,N,Neither seasonally adjusted nor calendar adjusted data,_Z,Not applicable,2018-Q3,,47591,,0,Units,,,0,Zero,,
DATAFLOW,LU1:DSD_EMPLOI_SAL@DF_B3000(1.0),Domestic payroll employment by economic activity,I,PERS,Persons,SAL_INT,Domestic payroll employment,Q,Quarterly,_Z,Not applicable,K,Financial and insurance activities,N,Neither seasonally adjusted nor calendar adjusted data,_Z,Not applicable,2018-Q4,,48179,,0,Units,,,0,Zero,,
DATAFLOW,LU1:DSD_EMPLOI_SAL@DF_B3000(1.0),Domestic payroll employment by economic activity,I,PERS,Persons,SAL_INT,Domestic payroll employment,Q,Quarterly,_Z,Not applicable,K,Financial and insurance activities,N,Neither seasonally adjusted nor calendar adjusted data,_Z,Not applicable,2019-Q1,,48720,,0,Units,,,0,Zero,,
DATAFLOW,LU1:DSD_EMPLOI_SAL@DF_B3000(1.0),Domestic payroll employment by economic activity,I,PERS,Persons,SAL_INT,Domestic payroll employment,Q,Quarterly,_Z,Not applicable,K,Financial and insurance activities,N,Neither seasonally adjusted nor calendar adjusted data,_Z,Not applicable,2019-Q2,,49249,,0,Units,,,0,Zero,,
DATAFLOW,LU1:DSD_EMPLOI_SAL@DF_B3000(1.0),Domestic payroll employment by economic activity,I,PERS,Persons,SAL_INT,Domestic payroll employment,Q,Quarterly,_Z,Not applicable,K,Financial and insurance activities,N,Neither seasonally adjusted nor calendar adjusted data,_Z,Not applicable,2019-Q3,,49229,,0,Units,,,0,Zero,,
DATAFLOW,LU1:DSD_EMPLOI_SAL@DF_B3000(1.0),Domestic payroll employment by economic activity,I,PERS,Persons,SAL_INT,Domestic payroll employment,Q,Quarterly,_Z,Not applicable,K,Financial and insurance activities,N,Neither seasonally adjusted nor calendar adjusted data,_Z,Not applicable,2019-Q4,,49548,,0,Units,,,0,Zero,,
DATAFLOW,LU1:DSD_EMPLOI_SAL@DF_B3000(1.0),Domestic payroll employment by economic activity,I,PERS,Persons,SAL_INT,Domestic payroll employment,Q,Quarterly,_Z,Not applicable,K,Financial and insurance activities,N,Neither seasonally adjusted nor calendar adjusted data,_Z,Not applicable,2020-Q1,,49349,,0,Units,,,0,Zero,,
DATAFLOW,LU1:DSD_EMPLOI_SAL@DF_B3000(1.0),Domestic payroll employment by economic activity,I,PERS,Persons,SAL_INT,Domestic payroll employment,Q,Quarterly,_Z,Not applicable,K,Financial and insurance activities,N,Neither seasonally adjusted nor calendar adjusted data,_Z,Not applicable,2020-Q2,,49328,,0,Units,,,0,Zero,,
DATAFLOW,LU1:DSD_EMPLOI_SAL@DF_B3000(1.0),Domestic payroll employment by economic activity,I,PERS,Persons,SAL_INT,Domestic payroll employment,Q,Quarterly,_Z,Not applicable,K,Financial and insurance activities,N,Neither seasonally adjusted nor calendar adjusted data,_Z,Not applicable,2020-Q3,,49325,,0,Units,,,0,Zero,,
DATAFLOW,LU1:DSD_EMPLOI_SAL@DF_B3000(1.0),Domestic payroll employment by economic activity,I,PERS,Persons,SAL_INT,Domestic payroll employment,Q,Quarterly,_Z,Not applicable,K,Financial and insurance activities,N,Neither seasonally adjusted nor calendar adjusted data,_Z,Not applicable,2020-Q4,,49694,,0,Units,,,0,Zero,,
DATAFLOW,LU1:DSD_EMPLOI_SAL@DF_B3000(1.0),Domestic payroll employment by economic activity,I,PERS,Persons,SAL_INT,Domestic payroll employment,Q,Quarterly,_Z,Not applicable,K,Financial and insurance activities,N,Neither seasonally adjusted nor calendar adjusted data,_Z,Not applicable,2021-Q1,,50110,,0,Units,,,0,Zero,,
DATAFLOW,LU1:DSD_EMPLOI_SAL@DF_B3000(1.0),Domestic payroll employment by economic activity,I,PERS,Persons,SAL_INT,Domestic payroll employment,Q,Quarterly,_Z,Not applicable,K,Financial and insurance activities,N,Neither seasonally adjusted nor calendar adjusted data,_Z,Not applicable,2021-Q2,,50693,,0,Units,,,0,Zero,,
DATAFLOW,LU1:DSD_EMPLOI_SAL@DF_B3000(1.0),Domestic payroll employment by economic activity,I,PERS,Persons,SAL_INT,Domestic payroll employment,Q,Quarterly,_Z,Not applicable,K,Financial and insurance activities,N,Neither seasonally adjusted nor calendar adjusted data,_Z,Not applicable,2021-Q3,,50853,,0,Units,,,0,Zero,,
DATAFLOW,LU1:DSD_EMPLOI_SAL@DF_B3000(1.0),Domestic payroll employment by economic activity,I,PERS,Persons,SAL_INT,Domestic payroll employment,Q,Quarterly,_Z,Not applicable,K,Financial and insurance activities,N,Neither seasonally adjusted nor calendar adjusted data,_Z,Not applicable,2021-Q4,,51349,,0,Units,,,0,Zero,,
DATAFLOW,LU1:DSD_EMPLOI_SAL@DF_B3000(1.0),Domestic payroll employment by economic activity,I,PERS,Persons,SAL_INT,Domestic payroll employment,Q,Quarterly,_Z,Not applicable,K,Financial and insurance activities,N,Neither seasonally adjusted nor calendar adjusted data,_Z,Not applicable,2022-Q1,,51808,,0,Units,,,0,Zero,,
DATAFLOW,LU1:DSD_EMPLOI_SAL@DF_B3000(1.0),Domestic payroll employment by economic activity,I,PERS,Persons,SAL_INT,Domestic payroll employment,Q,Quarterly,_Z,Not applicable,K,Financial and insurance activities,N,Neither seasonally adjusted nor calendar adjusted data,_Z,Not applicable,2022-Q2,,52442,,0,Units,,,0,Zero,,
DATAFLOW,LU1:DSD_EMPLOI_SAL@DF_B3000(1.0),Domestic payroll employment by economic activity,I,PERS,Persons,SAL_INT,Domestic payroll employment,Q,Quarterly,_Z,Not applicable,K,Financial and insurance activities,N,Neither seasonally adjusted nor calendar adjusted data,_Z,Not applicable,2022-Q3,,52624,,0,Units,,,0,Zero,,
DATAFLOW,LU1:DSD_EMPLOI_SAL@DF_B3000(1.0),Domestic payroll employment by economic activity,I,PERS,Persons,SAL_INT,Domestic payroll employment,Q,Quarterly,_Z,Not applicable,K,Financial and insurance activities,N,Neither seasonally adjusted nor calendar adjusted data,_Z,Not applicable,2022-Q4,,53255,,0,Units,,,0,Zero,,
DATAFLOW,LU1:DSD_EMPLOI_SAL@DF_B3000(1.0),Domestic payroll employment by economic activity,I,PERS,Persons,SAL_INT,Domestic payroll employment,Q,Quarterly,_Z,Not applicable,K,Financial and insurance activities,N,Neither seasonally adjusted nor calendar adjusted data,_Z,Not applicable,2023-Q1,,53742,,0,Units,,,0,Zero,,
DATAFLOW,LU1:DSD_EMPLOI_SAL@DF_B3000(1.0),Domestic payroll employment by economic activity,I,PERS,Persons,SAL_INT,Domestic payroll employment,Q,Quarterly,_Z,Not applicable,K,Financial and insurance activities,N,Neither seasonally adjusted nor calendar adjusted data,_Z,Not applicable,2023-Q2,,54328,,0,Units,,,0,Zero,,
DATAFLOW,LU1:DSD_EMPLOI_SAL@DF_B3000(1.0),Domestic payroll employment by economic activity,I,PERS,Persons,SAL_INT,Domestic payroll employment,Q,Quarterly,_Z,Not applicable,K,Financial and insurance activities,N,Neither seasonally adjusted nor calendar adjusted data,_Z,Not applicable,2023-Q3,,54114,,0,Units,,,0,Zero,,
DATAFLOW,LU1:DSD_EMPLOI_SAL@DF_B3000(1.0),Domestic payroll employment by economic activity,I,PERS,Persons,SAL_INT,Domestic payroll employment,Q,Quarterly,_Z,Not applicable,K,Financial and insurance activities,N,Neither seasonally adjusted nor calendar adjusted data,_Z,Not applicable,2023-Q4,,54437,,0,Units,,,0,Zero,,
DATAFLOW,LU1:DSD_EMPLOI_SAL@DF_B3000(1.0),Domestic payroll employment by economic activity,I,PERS,Persons,SAL_INT,Domestic payroll employment,Q,Quarterly,_Z,Not applicable,K,Financial and insurance activities,N,Neither seasonally adjusted nor calendar adjusted data,_Z,Not applicable,2024-Q1,,54858,,0,Units,,,0,Zero,,
DATAFLOW,LU1:DSD_EMPLOI_SAL@DF_B3000(1.0),Domestic payroll employment by economic activity,I,PERS,Persons,SAL_INT,Domestic payroll employment,Q,Quarterly,_Z,Not applicable,K,Financial and insurance activities,N,Neither seasonally adjusted nor calendar adjusted data,_Z,Not applicable,2024-Q2,,55082,,0,Units,,,0,Zero,,
DATAFLOW,LU1:DSD_EMPLOI_SAL@DF_B3000(1.0),Domestic payroll employment by economic activity,I,PERS,Persons,SAL_INT,Domestic payroll employment,Q,Quarterly,_Z,Not applicable,K,Financial and insurance activities,N,Neither seasonally adjusted nor calendar adjusted data,_Z,Not applicable,2024-Q3,,54767,,0,Units,,,0,Zero,,
DATAFLOW,LU1:DSD_EMPLOI_SAL@DF_B3000(1.0),Domestic payroll employment by economic activity,I,PERS,Persons,SAL_INT,Domestic payroll employment,Q,Quarterly,_Z,Not applicable,K,Financial and insurance activities,N,Neither seasonally adjusted nor calendar adjusted data,_Z,Not applicable,2024-Q4,,54958,,0,Units,,,0,Zero,,
DATAFLOW,LU1:DSD_EMPLOI_SAL@DF_B3000(1.0),Domestic payroll employment by economic activity,I,PERS,Persons,SAL_INT,Domestic payroll employment,Q,Quarterly,_Z,Not applicable,K,Financial and insurance activities,N,Neither seasonally adjusted nor calendar adjusted data,_Z,Not applicable,2025-Q1,,55136,,0,Units,,,0,Zero,,
DATAFLOW,LU1:DSD_EMPLOI_SAL@DF_B3000(1.0),Domestic payroll employment by economic activity,I,PERS,Persons,SAL_INT,Domestic payroll employment,Q,Quarterly,_Z,Not applicable,K,Financial and insurance activities,N,Neither seasonally adjusted nor calendar adjusted data,_Z,Not applicable,2025-Q2,,55469,,0,Units,,,0,Zero,,
DATAFLOW,LU1:DSD_EMPLOI_SAL@DF_B3000(1.0),Domestic payroll employment by economic activity,I,PERS,Persons,SAL_INT,Domestic payroll employment,Q,Quarterly,_Z,Not applicable,K,Financial and insurance activities,N,Neither seasonally adjusted nor calendar adjusted data,_Z,Not applicable,2025-Q3,,55302,,0,Units,,,0,Zero,,
DATAFLOW,LU1:DSD_EMPLOI_SAL@DF_B3000(1.0),Domestic payroll employment by economic activity,I,PERS,Persons,SAL_INT,Domestic payroll employment,Q,Quarterly,_Z,Not applicable,K,Financial and insurance activities,N,Neither seasonally adjusted nor calendar adjusted data,_Z,Not applicable,2025-Q4,,55369,,0,Units,,,0,Zero,,
DATAFLOW,LU1:DSD_EMPLOI_SAL@DF_B3000(1.0),Domestic payroll employment by economic activity,I,PERS,Persons,SAL_INT,Domestic payroll employment,Q,Quarterly,_Z,Not applicable,K,Financial and insurance activities,N,Neither seasonally adjusted nor calendar adjusted data,_Z,Not applicable,2026-Q1,,55479,,0,Units,,,0,Zero,,
DATAFLOW,LU1:DSD_EMPLOI_SAL@DF_B3000(1.0),Domestic payroll employment by economic activity,I,PERS,Persons,SAL_INT,Domestic payroll employment,Q,Quarterly,_Z,Not applicable,J,Information and communication,Y,Calendar and seasonally adjusted data,_Z,Not applicable,1995-Q1,,5039.61794926389,,0,Units,,,0,Zero,,
DATAFLOW,LU1:DSD_EMPLOI_SAL@DF_B3000(1.0),Domestic payroll employment by economic activity,I,PERS,Persons,SAL_INT,Domestic payroll employment,Q,Quarterly,_Z,Not applicable,J,Information and communication,Y,Calendar and seasonally adjusted data,_Z,Not applicable,1995-Q2,,5181.32588904592,,0,Units,,,0,Zero,,
DATAFLOW,LU1:DSD_EMPLOI_SAL@DF_B3000(1.0),Domestic payroll employment by economic activity,I,PERS,Persons,SAL_INT,Domestic payroll employment,Q,Quarterly,_Z,Not applicable,J,Information and communication,Y,Calendar and seasonally adjusted data,_Z,Not applicable,1995-Q3,,5224.35451768076,,0,Units,,,0,Zero,,
DATAFLOW,LU1:DSD_EMPLOI_SAL@DF_B3000(1.0),Domestic payroll employment by economic activity,I,PERS,Persons,SAL_INT,Domestic payroll employment,Q,Quarterly,_Z,Not applicable,J,Information and communication,Y,Calendar and seasonally adjusted data,_Z,Not applicable,1995-Q4,,5388.94593574401,,0,Units,,,0,Zero,,
DATAFLOW,LU1:DSD_EMPLOI_SAL@DF_B3000(1.0),Domestic payroll employment by economic activity,I,PERS,Persons,SAL_INT,Domestic payroll employment,Q,Quarterly,_Z,Not applicable,J,Information and communication,Y,Calendar and seasonally adjusted data,_Z,Not applicable,1996-Q1,,5635.53694855644,,0,Units,,,0,Zero,,
DATAFLOW,LU1:DSD_EMPLOI_SAL@DF_B3000(1.0),Domestic payroll employment by economic activity,I,PERS,Persons,SAL_INT,Domestic payroll employment,Q,Quarterly,_Z,Not applicable,J,Information and communication,Y,Calendar and seasonally adjusted data,_Z,Not applicable,1996-Q2,,5821.84329357529,,0,Units,,,0,Zero,,
DATAFLOW,LU1:DSD_EMPLOI_SAL@DF_B3000(1.0),Domestic payroll employment by economic activity,I,PERS,Persons,SAL_INT,Domestic payroll employment,Q,Quarterly,_Z,Not applicable,J,Information and communication,Y,Calendar and seasonally adjusted data,_Z,Not applicable,1996-Q3,,5777.35600674498,,0,Units,,,0,Zero,,
DATAFLOW,LU1:DSD_EMPLOI_SAL@DF_B3000(1.0),Domestic payroll employment by economic activity,I,PERS,Persons,SAL_INT,Domestic payroll employment,Q,Quarterly,_Z,Not applicable,J,Information and communication,Y,Calendar and seasonally adjusted data,_Z,Not applicable,1996-Q4,,5822.54760216046,,0,Units,,,0,Zero,,
DATAFLOW,LU1:DSD_EMPLOI_SAL@DF_B3000(1.0),Domestic payroll employment by economic activity,I,PERS,Persons,SAL_INT,Domestic payroll employment,Q,Quarterly,_Z,Not applicable,J,Information and communication,Y,Calendar and seasonally adjusted data,_Z,Not applicable,1997-Q1,,5656.32066971066,,0,Units,,,0,Zero,,
DATAFLOW,LU1:DSD_EMPLOI_SAL@DF_B3000(1.0),Domestic payroll employment by economic activity,I,PERS,Persons,SAL_INT,Domestic payroll employment,Q,Quarterly,_Z,Not applicable,J,Information and communication,Y,Calendar and seasonally adjusted data,_Z,Not applicable,1997-Q2,,5868.46159426699,,0,Units,,,0,Zero,,
DATAFLOW,LU1:DSD_EMPLOI_SAL@DF_B3000(1.0),Domestic payroll employment by economic activity,I,PERS,Persons,SAL_INT,Domestic payroll employment,Q,Quarterly,_Z,Not applicable,J,Information and communication,Y,Calendar and seasonally adjusted data,_Z,Not applicable,1997-Q3,,6292.13787309509,,0,Units,,,0,Zero,,
DATAFLOW,LU1:DSD_EMPLOI_SAL@DF_B3000(1.0),Domestic payroll employment by economic activity,I,PERS,Persons,SAL_INT,Domestic payroll employment,Q,Quarterly,_Z,Not applicable,J,Information and communication,Y,Calendar and seasonally adjusted data,_Z,Not applicable,1997-Q4,,6536.6409230628,,0,Units,,,0,Zero,,
DATAFLOW,LU1:DSD_EMPLOI_SAL@DF_B3000(1.0),Domestic payroll employment by economic activity,I,PERS,Persons,SAL_INT,Domestic payroll employment,Q,Quarterly,_Z,Not applicable,J,Information and communication,Y,Calendar and seasonally adjusted data,_Z,Not applicable,1998-Q1,,6692.65590116282,,0,Units,,,0,Zero,,
DATAFLOW,LU1:DSD_EMPLOI_SAL@DF_B3000(1.0),Domestic payroll employment by economic activity,I,PERS,Persons,SAL_INT,Domestic payroll employment,Q,Quarterly,_Z,Not applicable,J,Information and communication,Y,Calendar and seasonally adjusted data,_Z,Not applicable,1998-Q2,,6698.11756707219,,0,Units,,,0,Zero,,
DATAFLOW,LU1:DSD_EMPLOI_SAL@DF_B3000(1.0),Domestic payroll employment by economic activity,I,PERS,Persons,SAL_INT,Domestic payroll employment,Q,Quarterly,_Z,Not applicable,J,Information and communication,Y,Calendar and seasonally adjusted data,_Z,Not applicable,1998-Q3,,6790.98117724016,,0,Units,,,0,Zero,,
DATAFLOW,LU1:DSD_EMPLOI_SAL@DF_B3000(1.0),Domestic payroll employment by economic activity,I,PERS,Persons,SAL_INT,Domestic payroll employment,Q,Quarterly,_Z,Not applicable,J,Information and communication,Y,Calendar and seasonally adjusted data,_Z,Not applicable,1998-Q4,,6931.09500593801,,0,Units,,,0,Zero,,
DATAFLOW,LU1:DSD_EMPLOI_SAL@DF_B3000(1.0),Domestic payroll employment by economic activity,I,PERS,Persons,SAL_INT,Domestic payroll employment,Q,Quarterly,_Z,Not applicable,J,Information and communication,Y,Calendar and seasonally adjusted data,_Z,Not applicable,1999-Q1,,7224.5314667663,,0,Units,,,0,Zero,,
DATAFLOW,LU1:DSD_EMPLOI_SAL@DF_B3000(1.0),Domestic payroll employment by economic activity,I,PERS,Persons,SAL_INT,Domestic payroll employment,Q,Quarterly,_Z,Not applicable,J,Information and communication,Y,Calendar and seasonally adjusted data,_Z,Not applicable,1999-Q2,,7459.462079544,,0,Units,,,0,Zero,,
DATAFLOW,LU1:DSD_EMPLOI_SAL@DF_B3000(1.0),Domestic payroll employment by economic activity,I,PERS,Persons,SAL_INT,Domestic payroll employment,Q,Quarterly,_Z,Not applicable,J,Information and communication,Y,Calendar and seasonally adjusted data,_Z,Not applicable,1999-Q3,,7667.36971892441,,0,Units,,,0,Zero,,
DATAFLOW,LU1:DSD_EMPLOI_SAL@DF_B3000(1.0),Domestic payroll employment by economic activity,I,PERS,Persons,SAL_INT,Domestic payroll employment,Q,Quarterly,_Z,Not applicable,J,Information and communication,Y,Calendar and seasonally adjusted data,_Z,Not applicable,1999-Q4,,7883.74992616928,,0,Units,,,0,Zero,,
DATAFLOW,LU1:DSD_EMPLOI_SAL@DF_B3000(1.0),Domestic payroll employment by economic activity,I,PERS,Persons,SAL_INT,Domestic payroll employment,Q,Quarterly,_Z,Not applicable,J,Information and communication,Y,Calendar and seasonally adjusted data,_Z,Not applicable,2000-Q1,,8063.79767782058,,0,Units,,,0,Zero,,
DATAFLOW,LU1:DSD_EMPLOI_SAL@DF_B3000(1.0),Domestic payroll employment by economic activity,I,PERS,Persons,SAL_INT,Domestic payroll employment,Q,Quarterly,_Z,Not applicable,J,Information and communication,Y,Calendar and seasonally adjusted data,_Z,Not applicable,2000-Q2,,8423.13360459687,,0,Units,,,0,Zero,,
DATAFLOW,LU1:DSD_EMPLOI_SAL@DF_B3000(1.0),Domestic payroll employment by economic activity,I,PERS,Persons,SAL_INT,Domestic payroll employment,Q,Quarterly,_Z,Not applicable,J,Information and communication,Y,Calendar and seasonally adjusted data,_Z,Not applicable,2000-Q3,,8681.97884356415,,0,Units,,,0,Zero,,
DATAFLOW,LU1:DSD_EMPLOI_SAL@DF_B3000(1.0),Domestic payroll employment by economic activity,I,PERS,Persons,SAL_INT,Domestic payroll employment,Q,Quarterly,_Z,Not applicable,J,Information and communication,Y,Calendar and seasonally adjusted data,_Z,Not applicable,2000-Q4,,8895.41214943008,,0,Units,,,0,Zero,,
DATAFLOW,LU1:DSD_EMPLOI_SAL@DF_B3000(1.0),Domestic payroll employment by economic activity,I,PERS,Persons,SAL_INT,Domestic payroll employment,Q,Quarterly,_Z,Not applicable,J,Information and communication,Y,Calendar and seasonally adjusted data,_Z,Not applicable,2001-Q1,,9227.30454580034,,0,Units,,,0,Zero,,
DATAFLOW,LU1:DSD_EMPLOI_SAL@DF_B3000(1.0),Domestic payroll employment by economic activity,I,PERS,Persons,SAL_INT,Domestic payroll employment,Q,Quarterly,_Z,Not applicable,J,Information and communication,Y,Calendar and seasonally adjusted data,_Z,Not applicable,2001-Q2,,9417.37013234844,,0,Units,,,0,Zero,,
DATAFLOW,LU1:DSD_EMPLOI_SAL@DF_B3000(1.0),Domestic payroll employment by economic activity,I,PERS,Persons,SAL_INT,Domestic payroll employment,Q,Quarterly,_Z,Not applicable,J,Information and communication,Y,Calendar and seasonally adjusted data,_Z,Not applicable,2001-Q3,,9554.77271341201,,0,Units,,,0,Zero,,
DATAFLOW,LU1:DSD_EMPLOI_SAL@DF_B3000(1.0),Domestic payroll employment by economic activity,I,PERS,Persons,SAL_INT,Domestic payroll employment,Q,Quarterly,_Z,Not applicable,J,Information and communication,Y,Calendar and seasonally adjusted data,_Z,Not applicable,2001-Q4,,9657.76685743157,,0,Units,,,0,Zero,,
DATAFLOW,LU1:DSD_EMPLOI_SAL@DF_B3000(1.0),Domestic payroll employment by economic activity,I,PERS,Persons,SAL_INT,Domestic payroll employment,Q,Quarterly,_Z,Not applicable,J,Information and communication,Y,Calendar and seasonally adjusted data,_Z,Not applicable,2002-Q1,,9634.53362591494,,0,Units,,,0,Zero,,
DATAFLOW,LU1:DSD_EMPLOI_SAL@DF_B3000(1.0),Domestic payroll employment by economic activity,I,PERS,Persons,SAL_INT,Domestic payroll employment,Q,Quarterly,_Z,Not applicable,J,Information and communication,Y,Calendar and seasonally adjusted data,_Z,Not applicable,2002-Q2,,9541.35343646988,,0,Units,,,0,Zero,,
DATAFLOW,LU1:DSD_EMPLOI_SAL@DF_B3000(1.0),Domestic payroll employment by economic activity,I,PERS,Persons,SAL_INT,Domestic payroll employment,Q,Quarterly,_Z,Not applicable,J,Information and communication,Y,Calendar and seasonally adjusted data,_Z,Not applicable,2002-Q3,,9505.96313557681,,0,Units,,,0,Zero,,
DATAFLOW,LU1:DSD_EMPLOI_SAL@DF_B3000(1.0),Domestic payroll employment by economic activity,I,PERS,Persons,SAL_INT,Domestic payroll employment,Q,Quarterly,_Z,Not applicable,J,Information and communication,Y,Calendar and seasonally adjusted data,_Z,Not applicable,2002-Q4,,9486.21562551747,,0,Units,,,0,Zero,,
DATAFLOW,LU1:DSD_EMPLOI_SAL@DF_B3000(1.0),Domestic payroll employment by economic activity,I,PERS,Persons,SAL_INT,Domestic payroll employment,Q,Quarterly,_Z,Not applicable,J,Information and communication,Y,Calendar and seasonally adjusted data,_Z,Not applicable,2003-Q1,,9452.95413671152,,0,Units,,,0,Zero,,
DATAFLOW,LU1:DSD_EMPLOI_SAL@DF_B3000(1.0),Domestic payroll employment by economic activity,I,PERS,Persons,SAL_INT,Domestic payroll employment,Q,Quarterly,_Z,Not applicable,J,Information and communication,Y,Calendar and seasonally adjusted data,_Z,Not applicable,2003-Q2,,9438.72134863433,,0,Units,,,0,Zero,,
DATAFLOW,LU1:DSD_EMPLOI_SAL@DF_B3000(1.0),Domestic payroll employment by economic activity,I,PERS,Persons,SAL_INT,Domestic payroll employment,Q,Quarterly,_Z,Not applicable,J,Information and communication,Y,Calendar and seasonally adjusted data,_Z,Not applicable,2003-Q3,,9360.84344032546,,0,Units,,,0,Zero,,
DATAFLOW,LU1:DSD_EMPLOI_SAL@DF_B3000(1.0),Domestic payroll employment by economic activity,I,PERS,Persons,SAL_INT,Domestic payroll employment,Q,Quarterly,_Z,Not applicable,J,Information and communication,Y,Calendar and seasonally adjusted data,_Z,Not applicable,2003-Q4,,9330.45890676284,,0,Units,,,0,Zero,,
DATAFLOW,LU1:DSD_EMPLOI_SAL@DF_B3000(1.0),Domestic payroll employment by economic activity,I,PERS,Persons,SAL_INT,Domestic payroll employment,Q,Quarterly,_Z,Not applicable,J,Information and communication,Y,Calendar and seasonally adjusted data,_Z,Not applicable,2004-Q1,,9293.14485282662,,0,Units,,,0,Zero,,
DATAFLOW,LU1:DSD_EMPLOI_SAL@DF_B3000(1.0),Domestic payroll employment by economic activity,I,PERS,Persons,SAL_INT,Domestic payroll employment,Q,Quarterly,_Z,Not applicable,J,Information and communication,Y,Calendar and seasonally adjusted data,_Z,Not applicable,2004-Q2,,9446.4085990999,,0,Units,,,0,Zero,,
DATAFLOW,LU1:DSD_EMPLOI_SAL@DF_B3000(1.0),Domestic payroll employment by economic activity,I,PERS,Persons,SAL_INT,Domestic payroll employment,Q,Quarterly,_Z,Not applicable,J,Information and communication,Y,Calendar and seasonally adjusted data,_Z,Not applicable,2004-Q3,,9610.56606464848,,0,Units,,,0,Zero,,
DATAFLOW,LU1:DSD_EMPLOI_SAL@DF_B3000(1.0),Domestic payroll employment by economic activity,I,PERS,Persons,SAL_INT,Domestic payroll employment,Q,Quarterly,_Z,Not applicable,J,Information and communication,Y,Calendar and seasonally adjusted data,_Z,Not applicable,2004-Q4,,9885.28063273584,,0,Units,,,0,Zero,,
DATAFLOW,LU1:DSD_EMPLOI_SAL@DF_B3000(1.0),Domestic payroll employment by economic activity,I,PERS,Persons,SAL_INT,Domestic payroll employment,Q,Quarterly,_Z,Not applicable,J,Information and communication,Y,Calendar and seasonally adjusted data,_Z,Not applicable,2005-Q1,,9913.29642284838,,0,Units,,,0,Zero,,
DATAFLOW,LU1:DSD_EMPLOI_SAL@DF_B3000(1.0),Domestic payroll employment by economic activity,I,PERS,Persons,SAL_INT,Domestic payroll employment,Q,Quarterly,_Z,Not applicable,J,Information and communication,Y,Calendar and seasonally adjusted data,_Z,Not applicable,2005-Q2,,10037.6640123267,,0,Units,,,0,Zero,,
DATAFLOW,LU1:DSD_EMPLOI_SAL@DF_B3000(1.0),Domestic payroll employment by economic activity,I,PERS,Persons,SAL_INT,Domestic payroll employment,Q,Quarterly,_Z,Not applicable,J,Information and communication,Y,Calendar and seasonally adjusted data,_Z,Not applicable,2005-Q3,,10264.8930914034,,0,Units,,,0,Zero,,
DATAFLOW,LU1:DSD_EMPLOI_SAL@DF_B3000(1.0),Domestic payroll employment by economic activity,I,PERS,Persons,SAL_INT,Domestic payroll employment,Q,Quarterly,_Z,Not applicable,J,Information and communication,Y,Calendar and seasonally adjusted data,_Z,Not applicable,2005-Q4,,10442.6530156036,,0,Units,,,0,Zero,,
DATAFLOW,LU1:DSD_EMPLOI_SAL@DF_B3000(1.0),Domestic payroll employment by economic activity,I,PERS,Persons,SAL_INT,Domestic payroll employment,Q,Quarterly,_Z,Not applicable,J,Information and communication,Y,Calendar and seasonally adjusted data,_Z,Not applicable,2006-Q1,,10700.4447788777,,0,Units,,,0,Zero,,
DATAFLOW,LU1:DSD_EMPLOI_SAL@DF_B3000(1.0),Domestic payroll employment by economic activity,I,PERS,Persons,SAL_INT,Domestic payroll employment,Q,Quarterly,_Z,Not applicable,J,Information and communication,Y,Calendar and seasonally adjusted data,_Z,Not applicable,2006-Q2,,10943.6284980556,,0,Units,,,0,Zero,,
DATAFLOW,LU1:DSD_EMPLOI_SAL@DF_B3000(1.0),Domestic payroll employment by economic activity,I,PERS,Persons,SAL_INT,Domestic payroll employment,Q,Quarterly,_Z,Not applicable,J,Information and communication,Y,Calendar and seasonally adjusted data,_Z,Not applicable,2006-Q3,,11214.9582620289,,0,Units,,,0,Zero,,
DATAFLOW,LU1:DSD_EMPLOI_SAL@DF_B3000(1.0),Domestic payroll employment by economic activity,I,PERS,Persons,SAL_INT,Domestic payroll employment,Q,Quarterly,_Z,Not applicable,J,Information and communication,Y,Calendar and seasonally adjusted data,_Z,Not applicable,2006-Q4,,11496.8866538629,,0,Units,,,0,Zero,,
DATAFLOW,LU1:DSD_EMPLOI_SAL@DF_B3000(1.0),Domestic payroll employment by economic activity,I,PERS,Persons,SAL_INT,Domestic payroll employment,Q,Quarterly,_Z,Not applicable,J,Information and communication,Y,Calendar and seasonally adjusted data,_Z,Not applicable,2007-Q1,,12026.9974786488,,0,Units,,,0,Zero,,
DATAFLOW,LU1:DSD_EMPLOI_SAL@DF_B3000(1.0),Domestic payroll employment by economic activity,I,PERS,Persons,SAL_INT,Domestic payroll employment,Q,Quarterly,_Z,Not applicable,J,Information and communication,Y,Calendar and seasonally adjusted data,_Z,Not applicable,2007-Q2,,12280.7203295855,,0,Units,,,0,Zero,,
DATAFLOW,LU1:DSD_EMPLOI_SAL@DF_B3000(1.0),Domestic payroll employment by economic activity,I,PERS,Persons,SAL_INT,Domestic payroll employment,Q,Quarterly,_Z,Not applicable,J,Information and communication,Y,Calendar and seasonally adjusted data,_Z,Not applicable,2007-Q3,,12531.1854472652,,0,Units,,,0,Zero,,
DATAFLOW,LU1:DSD_EMPLOI_SAL@DF_B3000(1.0),Domestic payroll employment by economic activity,I,PERS,Persons,SAL_INT,Domestic payroll employment,Q,Quarterly,_Z,Not applicable,J,Information and communication,Y,Calendar and seasonally adjusted data,_Z,Not applicable,2007-Q4,,12760.3099654734,,0,Units,,,0,Zero,,
DATAFLOW,LU1:DSD_EMPLOI_SAL@DF_B3000(1.0),Domestic payroll employment by economic activity,I,PERS,Persons,SAL_INT,Domestic payroll employment,Q,Quarterly,_Z,Not applicable,J,Information and communication,Y,Calendar and seasonally adjusted data,_Z,Not applicable,2008-Q1,,12971.0764340229,,0,Units,,,0,Zero,,
DATAFLOW,LU1:DSD_EMPLOI_SAL@DF_B3000(1.0),Domestic payroll employment by economic activity,I,PERS,Persons,SAL_INT,Domestic payroll employment,Q,Quarterly,_Z,Not applicable,J,Information and communication,Y,Calendar and seasonally adjusted data,_Z,Not applicable,2008-Q2,,13140.4426052696,,0,Units,,,0,Zero,,
DATAFLOW,LU1:DSD_EMPLOI_SAL@DF_B3000(1.0),Domestic payroll employment by economic activity,I,PERS,Persons,SAL_INT,Domestic payroll employment,Q,Quarterly,_Z,Not applicable,J,Information and communication,Y,Calendar and seasonally adjusted data,_Z,Not applicable,2008-Q3,,13351.7637315405,,0,Units,,,0,Zero,,
DATAFLOW,LU1:DSD_EMPLOI_SAL@DF_B3000(1.0),Domestic payroll employment by economic activity,I,PERS,Persons,SAL_INT,Domestic payroll employment,Q,Quarterly,_Z,Not applicable,J,Information and communication,Y,Calendar and seasonally adjusted data,_Z,Not applicable,2008-Q4,,13523.1744511748,,0,Units,,,0,Zero,,
DATAFLOW,LU1:DSD_EMPLOI_SAL@DF_B3000(1.0),Domestic payroll employment by economic activity,I,PERS,Persons,SAL_INT,Domestic payroll employment,Q,Quarterly,_Z,Not applicable,J,Information and communication,Y,Calendar and seasonally adjusted data,_Z,Not applicable,2009-Q1,,13683.3820142261,,0,Units,,,0,Zero,,
DATAFLOW,LU1:DSD_EMPLOI_SAL@DF_B3000(1.0),Domestic payroll employment by economic activity,I,PERS,Persons,SAL_INT,Domestic payroll employment,Q,Quarterly,_Z,Not applicable,J,Information and communication,Y,Calendar and seasonally adjusted data,_Z,Not applicable,2009-Q2,,13733.9416301308,,0,Units,,,0,Zero,,
DATAFLOW,LU1:DSD_EMPLOI_SAL@DF_B3000(1.0),Domestic payroll employment by economic activity,I,PERS,Persons,SAL_INT,Domestic payroll employment,Q,Quarterly,_Z,Not applicable,J,Information and communication,Y,Calendar and seasonally adjusted data,_Z,Not applicable,2009-Q3,,13698.2637074673,,0,Units,,,0,Zero,,
DATAFLOW,LU1:DSD_EMPLOI_SAL@DF_B3000(1.0),Domestic payroll employment by economic activity,I,PERS,Persons,SAL_INT,Domestic payroll employment,Q,Quarterly,_Z,Not applicable,J,Information and communication,Y,Calendar and seasonally adjusted data,_Z,Not applicable,2009-Q4,,13653.1439131506,,0,Units,,,0,Zero,,
DATAFLOW,LU1:DSD_EMPLOI_SAL@DF_B3000(1.0),Domestic payroll employment by economic activity,I,PERS,Persons,SAL_INT,Domestic payroll employment,Q,Quarterly,_Z,Not applicable,J,Information and communication,Y,Calendar and seasonally adjusted data,_Z,Not applicable,2010-Q1,,13585.4556925082,,0,Units,,,0,Zero,,
DATAFLOW,LU1:DSD_EMPLOI_SAL@DF_B3000(1.0),Domestic payroll employment by economic activity,I,PERS,Persons,SAL_INT,Domestic payroll employment,Q,Quarterly,_Z,Not applicable,J,Information and communication,Y,Calendar and seasonally adjusted data,_Z,Not applicable,2010-Q2,,13711.1430875133,,0,Units,,,0,Zero,,
DATAFLOW,LU1:DSD_EMPLOI_SAL@DF_B3000(1.0),Domestic payroll employment by economic activity,I,PERS,Persons,SAL_INT,Domestic payroll employment,Q,Quarterly,_Z,Not applicable,J,Information and communication,Y,Calendar and seasonally adjusted data,_Z,Not applicable,2010-Q3,,13912.1089994089,,0,Units,,,0,Zero,,
DATAFLOW,LU1:DSD_EMPLOI_SAL@DF_B3000(1.0),Domestic payroll employment by economic activity,I,PERS,Persons,SAL_INT,Domestic payroll employment,Q,Quarterly,_Z,Not applicable,J,Information and communication,Y,Calendar and seasonally adjusted data,_Z,Not applicable,2010-Q4,,14142.6648648322,,0,Units,,,0,Zero,,
DATAFLOW,LU1:DSD_EMPLOI_SAL@DF_B3000(1.0),Domestic payroll employment by economic activity,I,PERS,Persons,SAL_INT,Domestic payroll employment,Q,Quarterly,_Z,Not applicable,J,Information and communication,Y,Calendar and seasonally adjusted data,_Z,Not applicable,2011-Q1,,14346.4781039693,,0,Units,,,0,Zero,,
DATAFLOW,LU1:DSD_EMPLOI_SAL@DF_B3000(1.0),Domestic payroll employment by economic activity,I,PERS,Persons,SAL_INT,Domestic payroll employment,Q,Quarterly,_Z,Not applicable,J,Information and communication,Y,Calendar and seasonally adjusted data,_Z,Not applicable,2011-Q2,,14602.5638985952,,0,Units,,,0,Zero,,
DATAFLOW,LU1:DSD_EMPLOI_SAL@DF_B3000(1.0),Domestic payroll employment by economic activity,I,PERS,Persons,SAL_INT,Domestic payroll employment,Q,Quarterly,_Z,Not applicable,J,Information and communication,Y,Calendar and seasonally adjusted data,_Z,Not applicable,2011-Q3,,14709.3633589789,,0,Units,,,0,Zero,,
DATAFLOW,LU1:DSD_EMPLOI_SAL@DF_B3000(1.0),Domestic payroll employment by economic activity,I,PERS,Persons,SAL_INT,Domestic payroll employment,Q,Quarterly,_Z,Not applicable,J,Information and communication,Y,Calendar and seasonally adjusted data,_Z,Not applicable,2011-Q4,,14787.1772467217,,0,Units,,,0,Zero,,
DATAFLOW,LU1:DSD_EMPLOI_SAL@DF_B3000(1.0),Domestic payroll employment by economic activity,I,PERS,Persons,SAL_INT,Domestic payroll employment,Q,Quarterly,_Z,Not applicable,J,Information and communication,Y,Calendar and seasonally adjusted data,_Z,Not applicable,2012-Q1,,14861.1822566426,,0,Units,,,0,Zero,,
DATAFLOW,LU1:DSD_EMPLOI_SAL@DF_B3000(1.0),Domestic payroll employment by economic activity,I,PERS,Persons,SAL_INT,Domestic payroll employment,Q,Quarterly,_Z,Not applicable,J,Information and communication,Y,Calendar and seasonally adjusted data,_Z,Not applicable,2012-Q2,,14908.5267913531,,0,Units,,,0,Zero,,
DATAFLOW,LU1:DSD_EMPLOI_SAL@DF_B3000(1.0),Domestic payroll employment by economic activity,I,PERS,Persons,SAL_INT,Domestic payroll employment,Q,Quarterly,_Z,Not applicable,J,Information and communication,Y,Calendar and seasonally adjusted data,_Z,Not applicable,2012-Q3,,14919.9772716785,,0,Units,,,0,Zero,,
DATAFLOW,LU1:DSD_EMPLOI_SAL@DF_B3000(1.0),Domestic payroll employment by economic activity,I,PERS,Persons,SAL_INT,Domestic payroll employment,Q,Quarterly,_Z,Not applicable,J,Information and communication,Y,Calendar and seasonally adjusted data,_Z,Not applicable,2012-Q4,,14964.3018797524,,0,Units,,,0,Zero,,
DATAFLOW,LU1:DSD_EMPLOI_SAL@DF_B3000(1.0),Domestic payroll employment by economic activity,I,PERS,Persons,SAL_INT,Domestic payroll employment,Q,Quarterly,_Z,Not applicable,J,Information and communication,Y,Calendar and seasonally adjusted data,_Z,Not applicable,2013-Q1,,15127.5498290047,,0,Units,,,0,Zero,,
DATAFLOW,LU1:DSD_EMPLOI_SAL@DF_B3000(1.0),Domestic payroll employment by economic activity,I,PERS,Persons,SAL_INT,Domestic payroll employment,Q,Quarterly,_Z,Not applicable,J,Information and communication,Y,Calendar and seasonally adjusted data,_Z,Not applicable,2013-Q2,,15159.4785945041,,0,Units,,,0,Zero,,
DATAFLOW,LU1:DSD_EMPLOI_SAL@DF_B3000(1.0),Domestic payroll employment by economic activity,I,PERS,Persons,SAL_INT,Domestic payroll employment,Q,Quarterly,_Z,Not applicable,J,Information and communication,Y,Calendar and seasonally adjusted data,_Z,Not applicable,2013-Q3,,15298.9301455801,,0,Units,,,0,Zero,,
DATAFLOW,LU1:DSD_EMPLOI_SAL@DF_B3000(1.0),Domestic payroll employment by economic activity,I,PERS,Persons,SAL_INT,Domestic payroll employment,Q,Quarterly,_Z,Not applicable,J,Information and communication,Y,Calendar and seasonally adjusted data,_Z,Not applicable,2013-Q4,,15510.8033699937,,0,Units,,,0,Zero,,
DATAFLOW,LU1:DSD_EMPLOI_SAL@DF_B3000(1.0),Domestic payroll employment by economic activity,I,PERS,Persons,SAL_INT,Domestic payroll employment,Q,Quarterly,_Z,Not applicable,J,Information and communication,Y,Calendar and seasonally adjusted data,_Z,Not applicable,2014-Q1,,15492.7204189131,,0,Units,,,0,Zero,,
DATAFLOW,LU1:DSD_EMPLOI_SAL@DF_B3000(1.0),Domestic payroll employment by economic activity,I,PERS,Persons,SAL_INT,Domestic payroll employment,Q,Quarterly,_Z,Not applicable,J,Information and communication,Y,Calendar and seasonally adjusted data,_Z,Not applicable,2014-Q2,,15667.0743632891,,0,Units,,,0,Zero,,
DATAFLOW,LU1:DSD_EMPLOI_SAL@DF_B3000(1.0),Domestic payroll employment by economic activity,I,PERS,Persons,SAL_INT,Domestic payroll employment,Q,Quarterly,_Z,Not applicable,J,Information and communication,Y,Calendar and seasonally adjusted data,_Z,Not applicable,2014-Q3,,15889.8096155838,,0,Units,,,0,Zero,,
DATAFLOW,LU1:DSD_EMPLOI_SAL@DF_B3000(1.0),Domestic payroll employment by economic activity,I,PERS,Persons,SAL_INT,Domestic payroll employment,Q,Quarterly,_Z,Not applicable,J,Information and communication,Y,Calendar and seasonally adjusted data,_Z,Not applicable,2014-Q4,,16043.5249535732,,0,Units,,,0,Zero,,
DATAFLOW,LU1:DSD_EMPLOI_SAL@DF_B3000(1.0),Domestic payroll employment by economic activity,I,PERS,Persons,SAL_INT,Domestic payroll employment,Q,Quarterly,_Z,Not applicable,J,Information and communication,Y,Calendar and seasonally adjusted data,_Z,Not applicable,2015-Q1,,16042.713241639,,0,Units,,,0,Zero,,
DATAFLOW,LU1:DSD_EMPLOI_SAL@DF_B3000(1.0),Domestic payroll employment by economic activity,I,PERS,Persons,SAL_INT,Domestic payroll employment,Q,Quarterly,_Z,Not applicable,J,Information and communication,Y,Calendar and seasonally adjusted data,_Z,Not applicable,2015-Q2,,16123.9438909567,,0,Units,,,0,Zero,,
DATAFLOW,LU1:DSD_EMPLOI_SAL@DF_B3000(1.0),Domestic payroll employment by economic activity,I,PERS,Persons,SAL_INT,Domestic payroll employment,Q,Quarterly,_Z,Not applicable,J,Information and communication,Y,Calendar and seasonally adjusted data,_Z,Not applicable,2015-Q3,,16186.0564645175,,0,Units,,,0,Zero,,
DATAFLOW,LU1:DSD_EMPLOI_SAL@DF_B3000(1.0),Domestic payroll employment by economic activity,I,PERS,Persons,SAL_INT,Domestic payroll employment,Q,Quarterly,_Z,Not applicable,J,Information and communication,Y,Calendar and seasonally adjusted data,_Z,Not applicable,2015-Q4,,16283.8075651237,,0,Units,,,0,Zero,,
DATAFLOW,LU1:DSD_EMPLOI_SAL@DF_B3000(1.0),Domestic payroll employment by economic activity,I,PERS,Persons,SAL_INT,Domestic payroll employment,Q,Quarterly,_Z,Not applicable,J,Information and communication,Y,Calendar and seasonally adjusted data,_Z,Not applicable,2016-Q1,,16539.8225719153,,0,Units,,,0,Zero,,
DATAFLOW,LU1:DSD_EMPLOI_SAL@DF_B3000(1.0),Domestic payroll employment by economic activity,I,PERS,Persons,SAL_INT,Domestic payroll employment,Q,Quarterly,_Z,Not applicable,J,Information and communication,Y,Calendar and seasonally adjusted data,_Z,Not applicable,2016-Q2,,16716.2272762605,,0,Units,,,0,Zero,,
DATAFLOW,LU1:DSD_EMPLOI_SAL@DF_B3000(1.0),Domestic payroll employment by economic activity,I,PERS,Persons,SAL_INT,Domestic payroll employment,Q,Quarterly,_Z,Not applicable,J,Information and communication,Y,Calendar and seasonally adjusted data,_Z,Not applicable,2016-Q3,,16859.9941976641,,0,Units,,,0,Zero,,
DATAFLOW,LU1:DSD_EMPLOI_SAL@DF_B3000(1.0),Domestic payroll employment by economic activity,I,PERS,Persons,SAL_INT,Domestic payroll employment,Q,Quarterly,_Z,Not applicable,J,Information and communication,Y,Calendar and seasonally adjusted data,_Z,Not applicable,2016-Q4,,17123.1515801782,,0,Units,,,0,Zero,,
DATAFLOW,LU1:DSD_EMPLOI_SAL@DF_B3000(1.0),Domestic payroll employment by economic activity,I,PERS,Persons,SAL_INT,Domestic payroll employment,Q,Quarterly,_Z,Not applicable,J,Information and communication,Y,Calendar and seasonally adjusted data,_Z,Not applicable,2017-Q1,,17366.8445824594,,0,Units,,,0,Zero,,
DATAFLOW,LU1:DSD_EMPLOI_SAL@DF_B3000(1.0),Domestic payroll employment by economic activity,I,PERS,Persons,SAL_INT,Domestic payroll employment,Q,Quarterly,_Z,Not applicable,J,Information and communication,Y,Calendar and seasonally adjusted data,_Z,Not applicable,2017-Q2,,17594.7487018162,,0,Units,,,0,Zero,,
DATAFLOW,LU1:DSD_EMPLOI_SAL@DF_B3000(1.0),Domestic payroll employment by economic activity,I,PERS,Persons,SAL_INT,Domestic payroll employment,Q,Quarterly,_Z,Not applicable,J,Information and communication,Y,Calendar and seasonally adjusted data,_Z,Not applicable,2017-Q3,,17865.4032557627,,0,Units,,,0,Zero,,
DATAFLOW,LU1:DSD_EMPLOI_SAL@DF_B3000(1.0),Domestic payroll employment by economic activity,I,PERS,Persons,SAL_INT,Domestic payroll employment,Q,Quarterly,_Z,Not applicable,J,Information and communication,Y,Calendar and seasonally adjusted data,_Z,Not applicable,2017-Q4,,18142.8635415275,,0,Units,,,0,Zero,,
DATAFLOW,LU1:DSD_EMPLOI_SAL@DF_B3000(1.0),Domestic payroll employment by economic activity,I,PERS,Persons,SAL_INT,Domestic payroll employment,Q,Quarterly,_Z,Not applicable,J,Information and communication,Y,Calendar and seasonally adjusted data,_Z,Not applicable,2018-Q1,,18115.2713796145,,0,Units,,,0,Zero,,
DATAFLOW,LU1:DSD_EMPLOI_SAL@DF_B3000(1.0),Domestic payroll employment by economic activity,I,PERS,Persons,SAL_INT,Domestic payroll employment,Q,Quarterly,_Z,Not applicable,J,Information and communication,Y,Calendar and seasonally adjusted data,_Z,Not applicable,2018-Q2,,18276.0131353507,,0,Units,,,0,Zero,,
DATAFLOW,LU1:DSD_EMPLOI_SAL@DF_B3000(1.0),Domestic payroll employment by economic activity,I,PERS,Persons,SAL_INT,Domestic payroll employment,Q,Quarterly,_Z,Not applicable,J,Information and communication,Y,Calendar and seasonally adjusted data,_Z,Not applicable,2018-Q3,,18507.2779008351,,0,Units,,,0,Zero,,
DATAFLOW,LU1:DSD_EMPLOI_SAL@DF_B3000(1.0),Domestic payroll employment by economic activity,I,PERS,Persons,SAL_INT,Domestic payroll employment,Q,Quarterly,_Z,Not applicable,J,Information and communication,Y,Calendar and seasonally adjusted data,_Z,Not applicable,2018-Q4,,18761.197223909,,0,Units,,,0,Zero,,
DATAFLOW,LU1:DSD_EMPLOI_SAL@DF_B3000(1.0),Domestic payroll employment by economic activity,I,PERS,Persons,SAL_INT,Domestic payroll employment,Q,Quarterly,_Z,Not applicable,J,Information and communication,Y,Calendar and seasonally adjusted data,_Z,Not applicable,2019-Q1,,18972.0056551202,,0,Units,,,0,Zero,,
DATAFLOW,LU1:DSD_EMPLOI_SAL@DF_B3000(1.0),Domestic payroll employment by economic activity,I,PERS,Persons,SAL_INT,Domestic payroll employment,Q,Quarterly,_Z,Not applicable,J,Information and communication,Y,Calendar and seasonally adjusted data,_Z,Not applicable,2019-Q2,,19110.7222672549,,0,Units,,,0,Zero,,
DATAFLOW,LU1:DSD_EMPLOI_SAL@DF_B3000(1.0),Domestic payroll employment by economic activity,I,PERS,Persons,SAL_INT,Domestic payroll employment,Q,Quarterly,_Z,Not applicable,J,Information and communication,Y,Calendar and seasonally adjusted data,_Z,Not applicable,2019-Q3,,19184.3856295502,,0,Units,,,0,Zero,,
DATAFLOW,LU1:DSD_EMPLOI_SAL@DF_B3000(1.0),Domestic payroll employment by economic activity,I,PERS,Persons,SAL_INT,Domestic payroll employment,Q,Quarterly,_Z,Not applicable,J,Information and communication,Y,Calendar and seasonally adjusted data,_Z,Not applicable,2019-Q4,,19355.5684805727,,0,Units,,,0,Zero,,
DATAFLOW,LU1:DSD_EMPLOI_SAL@DF_B3000(1.0),Domestic payroll employment by economic activity,I,PERS,Persons,SAL_INT,Domestic payroll employment,Q,Quarterly,_Z,Not applicable,J,Information and communication,Y,Calendar and seasonally adjusted data,_Z,Not applicable,2020-Q1,,20041.9474955044,,0,Units,,,0,Zero,,
DATAFLOW,LU1:DSD_EMPLOI_SAL@DF_B3000(1.0),Domestic payroll employment by economic activity,I,PERS,Persons,SAL_INT,Domestic payroll employment,Q,Quarterly,_Z,Not applicable,J,Information and communication,Y,Calendar and seasonally adjusted data,_Z,Not applicable,2020-Q2,,19944.1633663487,,0,Units,,,0,Zero,,
DATAFLOW,LU1:DSD_EMPLOI_SAL@DF_B3000(1.0),Domestic payroll employment by economic activity,I,PERS,Persons,SAL_INT,Domestic payroll employment,Q,Quarterly,_Z,Not applicable,J,Information and communication,Y,Calendar and seasonally adjusted data,_Z,Not applicable,2020-Q3,,20206.0418944713,,0,Units,,,0,Zero,,
DATAFLOW,LU1:DSD_EMPLOI_SAL@DF_B3000(1.0),Domestic payroll employment by economic activity,I,PERS,Persons,SAL_INT,Domestic payroll employment,Q,Quarterly,_Z,Not applicable,J,Information and communication,Y,Calendar and seasonally adjusted data,_Z,Not applicable,2020-Q4,,20349.3238996275,,0,Units,,,0,Zero,,
DATAFLOW,LU1:DSD_EMPLOI_SAL@DF_B3000(1.0),Domestic payroll employment by economic activity,I,PERS,Persons,SAL_INT,Domestic payroll employment,Q,Quarterly,_Z,Not applicable,J,Information and communication,Y,Calendar and seasonally adjusted data,_Z,Not applicable,2021-Q1,,20499.9898533453,,0,Units,,,0,Zero,,
DATAFLOW,LU1:DSD_EMPLOI_SAL@DF_B3000(1.0),Domestic payroll employment by economic activity,I,PERS,Persons,SAL_INT,Domestic payroll employment,Q,Quarterly,_Z,Not applicable,J,Information and communication,Y,Calendar and seasonally adjusted data,_Z,Not applicable,2021-Q2,,20643.96735812,,0,Units,,,0,Zero,,
DATAFLOW,LU1:DSD_EMPLOI_SAL@DF_B3000(1.0),Domestic payroll employment by economic activity,I,PERS,Persons,SAL_INT,Domestic payroll employment,Q,Quarterly,_Z,Not applicable,J,Information and communication,Y,Calendar and seasonally adjusted data,_Z,Not applicable,2021-Q3,,20848.1397891847,,0,Units,,,0,Zero,,
DATAFLOW,LU1:DSD_EMPLOI_SAL@DF_B3000(1.0),Domestic payroll employment by economic activity,I,PERS,Persons,SAL_INT,Domestic payroll employment,Q,Quarterly,_Z,Not applicable,J,Information and communication,Y,Calendar and seasonally adjusted data,_Z,Not applicable,2021-Q4,,20964.397866188,,0,Units,,,0,Zero,,
DATAFLOW,LU1:DSD_EMPLOI_SAL@DF_B3000(1.0),Domestic payroll employment by economic activity,I,PERS,Persons,SAL_INT,Domestic payroll employment,Q,Quarterly,_Z,Not applicable,J,Information and communication,Y,Calendar and seasonally adjusted data,_Z,Not applicable,2022-Q1,,21114.1647232296,,0,Units,,,0,Zero,,
DATAFLOW,LU1:DSD_EMPLOI_SAL@DF_B3000(1.0),Domestic payroll employment by economic activity,I,PERS,Persons,SAL_INT,Domestic payroll employment,Q,Quarterly,_Z,Not applicable,J,Information and communication,Y,Calendar and seasonally adjusted data,_Z,Not applicable,2022-Q2,,21316.9824996082,,0,Units,,,0,Zero,,
DATAFLOW,LU1:DSD_EMPLOI_SAL@DF_B3000(1.0),Domestic payroll employment by economic activity,I,PERS,Persons,SAL_INT,Domestic payroll employment,Q,Quarterly,_Z,Not applicable,J,Information and communication,Y,Calendar and seasonally adjusted data,_Z,Not applicable,2022-Q3,,21549.9330989252,,0,Units,,,0,Zero,,
DATAFLOW,LU1:DSD_EMPLOI_SAL@DF_B3000(1.0),Domestic payroll employment by economic activity,I,PERS,Persons,SAL_INT,Domestic payroll employment,Q,Quarterly,_Z,Not applicable,J,Information and communication,Y,Calendar and seasonally adjusted data,_Z,Not applicable,2022-Q4,,21740.8678142518,,0,Units,,,0,Zero,,
DATAFLOW,LU1:DSD_EMPLOI_SAL@DF_B3000(1.0),Domestic payroll employment by economic activity,I,PERS,Persons,SAL_INT,Domestic payroll employment,Q,Quarterly,_Z,Not applicable,J,Information and communication,Y,Calendar and seasonally adjusted data,_Z,Not applicable,2023-Q1,,21878.449454004,,0,Units,,,0,Zero,,
DATAFLOW,LU1:DSD_EMPLOI_SAL@DF_B3000(1.0),Domestic payroll employment by economic activity,I,PERS,Persons,SAL_INT,Domestic payroll employment,Q,Quarterly,_Z,Not applicable,J,Information and communication,Y,Calendar and seasonally adjusted data,_Z,Not applicable,2023-Q2,,21838.9325843071,,0,Units,,,0,Zero,,
DATAFLOW,LU1:DSD_EMPLOI_SAL@DF_B3000(1.0),Domestic payroll employment by economic activity,I,PERS,Persons,SAL_INT,Domestic payroll employment,Q,Quarterly,_Z,Not applicable,J,Information and communication,Y,Calendar and seasonally adjusted data,_Z,Not applicable,2023-Q3,,21825.7041186269,,0,Units,,,0,Zero,,
DATAFLOW,LU1:DSD_EMPLOI_SAL@DF_B3000(1.0),Domestic payroll employment by economic activity,I,PERS,Persons,SAL_INT,Domestic payroll employment,Q,Quarterly,_Z,Not applicable,J,Information and communication,Y,Calendar and seasonally adjusted data,_Z,Not applicable,2023-Q4,,21860.5494228374,,0,Units,,,0,Zero,,
DATAFLOW,LU1:DSD_EMPLOI_SAL@DF_B3000(1.0),Domestic payroll employment by economic activity,I,PERS,Persons,SAL_INT,Domestic payroll employment,Q,Quarterly,_Z,Not applicable,J,Information and communication,Y,Calendar and seasonally adjusted data,_Z,Not applicable,2024-Q1,,22136.7641095426,,0,Units,,,0,Zero,,
DATAFLOW,LU1:DSD_EMPLOI_SAL@DF_B3000(1.0),Domestic payroll employment by economic activity,I,PERS,Persons,SAL_INT,Domestic payroll employment,Q,Quarterly,_Z,Not applicable,J,Information and communication,Y,Calendar and seasonally adjusted data,_Z,Not applicable,2024-Q2,,22166.5110509973,,0,Units,,,0,Zero,,
DATAFLOW,LU1:DSD_EMPLOI_SAL@DF_B3000(1.0),Domestic payroll employment by economic activity,I,PERS,Persons,SAL_INT,Domestic payroll employment,Q,Quarterly,_Z,Not applicable,J,Information and communication,Y,Calendar and seasonally adjusted data,_Z,Not applicable,2024-Q3,,21974.1783561061,,0,Units,,,0,Zero,,
DATAFLOW,LU1:DSD_EMPLOI_SAL@DF_B3000(1.0),Domestic payroll employment by economic activity,I,PERS,Persons,SAL_INT,Domestic payroll employment,Q,Quarterly,_Z,Not applicable,J,Information and communication,Y,Calendar and seasonally adjusted data,_Z,Not applicable,2024-Q4,,21782.3222514166,,0,Units,,,0,Zero,,
DATAFLOW,LU1:DSD_EMPLOI_SAL@DF_B3000(1.0),Domestic payroll employment by economic activity,I,PERS,Persons,SAL_INT,Domestic payroll employment,Q,Quarterly,_Z,Not applicable,J,Information and communication,Y,Calendar and seasonally adjusted data,_Z,Not applicable,2025-Q1,,21649.1374039352,,0,Units,,,0,Zero,,
DATAFLOW,LU1:DSD_EMPLOI_SAL@DF_B3000(1.0),Domestic payroll employment by economic activity,I,PERS,Persons,SAL_INT,Domestic payroll employment,Q,Quarterly,_Z,Not applicable,J,Information and communication,Y,Calendar and seasonally adjusted data,_Z,Not applicable,2025-Q2,,21583.331498104,,0,Units,,,0,Zero,,
DATAFLOW,LU1:DSD_EMPLOI_SAL@DF_B3000(1.0),Domestic payroll employment by economic activity,I,PERS,Persons,SAL_INT,Domestic payroll employment,Q,Quarterly,_Z,Not applicable,J,Information and communication,Y,Calendar and seasonally adjusted data,_Z,Not applicable,2025-Q3,,21594.5994663952,,0,Units,,,0,Zero,,
DATAFLOW,LU1:DSD_EMPLOI_SAL@DF_B3000(1.0),Domestic payroll employment by economic activity,I,PERS,Persons,SAL_INT,Domestic payroll employment,Q,Quarterly,_Z,Not applicable,J,Information and communication,Y,Calendar and seasonally adjusted data,_Z,Not applicable,2025-Q4,,21641.8138193521,,0,Units,,,0,Zero,,
DATAFLOW,LU1:DSD_EMPLOI_SAL@DF_B3000(1.0),Domestic payroll employment by economic activity,I,PERS,Persons,SAL_INT,Domestic payroll employment,Q,Quarterly,_Z,Not applicable,J,Information and communication,Y,Calendar and seasonally adjusted data,_Z,Not applicable,2026-Q1,,21630.3149595841,,0,Units,,,0,Zero,,
DATAFLOW,LU1:DSD_EMPLOI_SAL@DF_B3000(1.0),Domestic payroll employment by economic activity,I,PERS,Persons,SAL_INT,Domestic payroll employment,Q,Quarterly,_Z,Not applicable,B-E,Industry (except construction),Y,Calendar and seasonally adjusted data,_Z,Not applicable,1995-Q1,,34853.648050808,,0,Units,,,0,Zero,,
DATAFLOW,LU1:DSD_EMPLOI_SAL@DF_B3000(1.0),Domestic payroll employment by economic activity,I,PERS,Persons,SAL_INT,Domestic payroll employment,Q,Quarterly,_Z,Not applicable,B-E,Industry (except construction),Y,Calendar and seasonally adjusted data,_Z,Not applicable,1995-Q2,,35288.2866055089,,0,Units,,,0,Zero,,
DATAFLOW,LU1:DSD_EMPLOI_SAL@DF_B3000(1.0),Domestic payroll employment by economic activity,I,PERS,Persons,SAL_INT,Domestic payroll employment,Q,Quarterly,_Z,Not applicable,B-E,Industry (except construction),Y,Calendar and seasonally adjusted data,_Z,Not applicable,1995-Q3,,36094.7410451572,,0,Units,,,0,Zero,,
DATAFLOW,LU1:DSD_EMPLOI_SAL@DF_B3000(1.0),Domestic payroll employment by economic activity,I,PERS,Persons,SAL_INT,Domestic payroll employment,Q,Quarterly,_Z,Not applicable,B-E,Industry (except construction),Y,Calendar and seasonally adjusted data,_Z,Not applicable,1995-Q4,,36281.8568228522,,0,Units,,,0,Zero,,
DATAFLOW,LU1:DSD_EMPLOI_SAL@DF_B3000(1.0),Domestic payroll employment by economic activity,I,PERS,Persons,SAL_INT,Domestic payroll employment,Q,Quarterly,_Z,Not applicable,B-E,Industry (except construction),Y,Calendar and seasonally adjusted data,_Z,Not applicable,1996-Q1,,35255.4347499442,,0,Units,,,0,Zero,,
DATAFLOW,LU1:DSD_EMPLOI_SAL@DF_B3000(1.0),Domestic payroll employment by economic activity,I,PERS,Persons,SAL_INT,Domestic payroll employment,Q,Quarterly,_Z,Not applicable,B-E,Industry (except construction),Y,Calendar and seasonally adjusted data,_Z,Not applicable,1996-Q2,,35541.291954997,,0,Units,,,0,Zero,,
DATAFLOW,LU1:DSD_EMPLOI_SAL@DF_B3000(1.0),Domestic payroll employment by economic activity,I,PERS,Persons,SAL_INT,Domestic payroll employment,Q,Quarterly,_Z,Not applicable,B-E,Industry (except construction),Y,Calendar and seasonally adjusted data,_Z,Not applicable,1996-Q3,,35530.840444155,,0,Units,,,0,Zero,,
DATAFLOW,LU1:DSD_EMPLOI_SAL@DF_B3000(1.0),Domestic payroll employment by economic activity,I,PERS,Persons,SAL_INT,Domestic payroll employment,Q,Quarterly,_Z,Not applicable,B-E,Industry (except construction),Y,Calendar and seasonally adjusted data,_Z,Not applicable,1996-Q4,,35473.7995231382,,0,Units,,,0,Zero,,
DATAFLOW,LU1:DSD_EMPLOI_SAL@DF_B3000(1.0),Domestic payroll employment by economic activity,I,PERS,Persons,SAL_INT,Domestic payroll employment,Q,Quarterly,_Z,Not applicable,B-E,Industry (except construction),Y,Calendar and seasonally adjusted data,_Z,Not applicable,1997-Q1,,35741.8449719561,,0,Units,,,0,Zero,,
DATAFLOW,LU1:DSD_EMPLOI_SAL@DF_B3000(1.0),Domestic payroll employment by economic activity,I,PERS,Persons,SAL_INT,Domestic payroll employment,Q,Quarterly,_Z,Not applicable,B-E,Industry (except construction),Y,Calendar and seasonally adjusted data,_Z,Not applicable,1997-Q2,,36089.7095854271,,0,Units,,,0,Zero,,
DATAFLOW,LU1:DSD_EMPLOI_SAL@DF_B3000(1.0),Domestic payroll employment by economic activity,I,PERS,Persons,SAL_INT,Domestic payroll employment,Q,Quarterly,_Z,Not applicable,B-E,Industry (except construction),Y,Calendar and seasonally adjusted data,_Z,Not applicable,1997-Q3,,36383.3969803893,,0,Units,,,0,Zero,,
DATAFLOW,LU1:DSD_EMPLOI_SAL@DF_B3000(1.0),Domestic payroll employment by economic activity,I,PERS,Persons,SAL_INT,Domestic payroll employment,Q,Quarterly,_Z,Not applicable,B-E,Industry (except construction),Y,Calendar and seasonally adjusted data,_Z,Not applicable,1997-Q4,,36609.1972803894,,0,Units,,,0,Zero,,
DATAFLOW,LU1:DSD_EMPLOI_SAL@DF_B3000(1.0),Domestic payroll employment by economic activity,I,PERS,Persons,SAL_INT,Domestic payroll employment,Q,Quarterly,_Z,Not applicable,B-E,Industry (except construction),Y,Calendar and seasonally adjusted data,_Z,Not applicable,1998-Q1,,35532.7118447184,,0,Units,,,0,Zero,,
DATAFLOW,LU1:DSD_EMPLOI_SAL@DF_B3000(1.0),Domestic payroll employment by economic activity,I,PERS,Persons,SAL_INT,Domestic payroll employment,Q,Quarterly,_Z,Not applicable,B-E,Industry (except construction),Y,Calendar and seasonally adjusted data,_Z,Not applicable,1998-Q2,,36388.485901042,,0,Units,,,0,Zero,,
DATAFLOW,LU1:DSD_EMPLOI_SAL@DF_B3000(1.0),Domestic payroll employment by economic activity,I,PERS,Persons,SAL_INT,Domestic payroll employment,Q,Quarterly,_Z,Not applicable,B-E,Industry (except construction),Y,Calendar and seasonally adjusted data,_Z,Not applicable,1998-Q3,,36560.4727396839,,0,Units,,,0,Zero,,
DATAFLOW,LU1:DSD_EMPLOI_SAL@DF_B3000(1.0),Domestic payroll employment by economic activity,I,PERS,Persons,SAL_INT,Domestic payroll employment,Q,Quarterly,_Z,Not applicable,B-E,Industry (except construction),Y,Calendar and seasonally adjusted data,_Z,Not applicable,1998-Q4,,36772.3534874251,,0,Units,,,0,Zero,,
DATAFLOW,LU1:DSD_EMPLOI_SAL@DF_B3000(1.0),Domestic payroll employment by economic activity,I,PERS,Persons,SAL_INT,Domestic payroll employment,Q,Quarterly,_Z,Not applicable,B-E,Industry (except construction),Y,Calendar and seasonally adjusted data,_Z,Not applicable,1999-Q1,,36381.4905766909,,0,Units,,,0,Zero,,
DATAFLOW,LU1:DSD_EMPLOI_SAL@DF_B3000(1.0),Domestic payroll employment by economic activity,I,PERS,Persons,SAL_INT,Domestic payroll employment,Q,Quarterly,_Z,Not applicable,B-E,Industry (except construction),Y,Calendar and seasonally adjusted data,_Z,Not applicable,1999-Q2,,37080.2665976225,,0,Units,,,0,Zero,,
DATAFLOW,LU1:DSD_EMPLOI_SAL@DF_B3000(1.0),Domestic payroll employment by economic activity,I,PERS,Persons,SAL_INT,Domestic payroll employment,Q,Quarterly,_Z,Not applicable,B-E,Industry (except construction),Y,Calendar and seasonally adjusted data,_Z,Not applicable,1999-Q3,,37412.1965413577,,0,Units,,,0,Zero,,
DATAFLOW,LU1:DSD_EMPLOI_SAL@DF_B3000(1.0),Domestic payroll employment by economic activity,I,PERS,Persons,SAL_INT,Domestic payroll employment,Q,Quarterly,_Z,Not applicable,B-E,Industry (except construction),Y,Calendar and seasonally adjusted data,_Z,Not applicable,1999-Q4,,36728.5494805169,,0,Units,,,0,Zero,,
DATAFLOW,LU1:DSD_EMPLOI_SAL@DF_B3000(1.0),Domestic payroll employment by economic activity,I,PERS,Persons,SAL_INT,Domestic payroll employment,Q,Quarterly,_Z,Not applicable,B-E,Industry (except construction),Y,Calendar and seasonally adjusted data,_Z,Not applicable,2000-Q1,,37122.6143387554,,0,Units,,,0,Zero,,
DATAFLOW,LU1:DSD_EMPLOI_SAL@DF_B3000(1.0),Domestic payroll employment by economic activity,I,PERS,Persons,SAL_INT,Domestic payroll employment,Q,Quarterly,_Z,Not applicable,B-E,Industry (except construction),Y,Calendar and seasonally adjusted data,_Z,Not applicable,2000-Q2,,37097.8937022063,,0,Units,,,0,Zero,,
DATAFLOW,LU1:DSD_EMPLOI_SAL@DF_B3000(1.0),Domestic payroll employment by economic activity,I,PERS,Persons,SAL_INT,Domestic payroll employment,Q,Quarterly,_Z,Not applicable,B-E,Industry (except construction),Y,Calendar and seasonally adjusted data,_Z,Not applicable,2000-Q3,,37512.100698505,,0,Units,,,0,Zero,,
DATAFLOW,LU1:DSD_EMPLOI_SAL@DF_B3000(1.0),Domestic payroll employment by economic activity,I,PERS,Persons,SAL_INT,Domestic payroll employment,Q,Quarterly,_Z,Not applicable,B-E,Industry (except construction),Y,Calendar and seasonally adjusted data,_Z,Not applicable,2000-Q4,,38100.5973601444,,0,Units,,,0,Zero,,
DATAFLOW,LU1:DSD_EMPLOI_SAL@DF_B3000(1.0),Domestic payroll employment by economic activity,I,PERS,Persons,SAL_INT,Domestic payroll employment,Q,Quarterly,_Z,Not applicable,B-E,Industry (except construction),Y,Calendar and seasonally adjusted data,_Z,Not applicable,2001-Q1,,38298.0313268525,,0,Units,,,0,Zero,,
DATAFLOW,LU1:DSD_EMPLOI_SAL@DF_B3000(1.0),Domestic payroll employment by economic activity,I,PERS,Persons,SAL_INT,Domestic payroll employment,Q,Quarterly,_Z,Not applicable,B-E,Industry (except construction),Y,Calendar and seasonally adjusted data,_Z,Not applicable,2001-Q2,,38243.5008660073,,0,Units,,,0,Zero,,
DATAFLOW,LU1:DSD_EMPLOI_SAL@DF_B3000(1.0),Domestic payroll employment by economic activity,I,PERS,Persons,SAL_INT,Domestic payroll employment,Q,Quarterly,_Z,Not applicable,B-E,Industry (except construction),Y,Calendar and seasonally adjusted data,_Z,Not applicable,2001-Q3,,38256.9376931789,,0,Units,,,0,Zero,,
DATAFLOW,LU1:DSD_EMPLOI_SAL@DF_B3000(1.0),Domestic payroll employment by economic activity,I,PERS,Persons,SAL_INT,Domestic payroll employment,Q,Quarterly,_Z,Not applicable,B-E,Industry (except construction),Y,Calendar and seasonally adjusted data,_Z,Not applicable,2001-Q4,,38107.211427472,,0,Units,,,0,Zero,,
DATAFLOW,LU1:DSD_EMPLOI_SAL@DF_B3000(1.0),Domestic payroll employment by economic activity,I,PERS,Persons,SAL_INT,Domestic payroll employment,Q,Quarterly,_Z,Not applicable,B-E,Industry (except construction),Y,Calendar and seasonally adjusted data,_Z,Not applicable,2002-Q1,,37908.6418506462,,0,Units,,,0,Zero,,
DATAFLOW,LU1:DSD_EMPLOI_SAL@DF_B3000(1.0),Domestic payroll employment by economic activity,I,PERS,Persons,SAL_INT,Domestic payroll employment,Q,Quarterly,_Z,Not applicable,B-E,Industry (except construction),Y,Calendar and seasonally adjusted data,_Z,Not applicable,2002-Q2,,37814.6801674562,,0,Units,,,0,Zero,,
DATAFLOW,LU1:DSD_EMPLOI_SAL@DF_B3000(1.0),Domestic payroll employment by economic activity,I,PERS,Persons,SAL_INT,Domestic payroll employment,Q,Quarterly,_Z,Not applicable,B-E,Industry (except construction),Y,Calendar and seasonally adjusted data,_Z,Not applicable,2002-Q3,,37689.1063088694,,0,Units,,,0,Zero,,
DATAFLOW,LU1:DSD_EMPLOI_SAL@DF_B3000(1.0),Domestic payroll employment by economic activity,I,PERS,Persons,SAL_INT,Domestic payroll employment,Q,Quarterly,_Z,Not applicable,B-E,Industry (except construction),Y,Calendar and seasonally adjusted data,_Z,Not applicable,2002-Q4,,37690.3217958712,,0,Units,,,0,Zero,,
DATAFLOW,LU1:DSD_EMPLOI_SAL@DF_B3000(1.0),Domestic payroll employment by economic activity,I,PERS,Persons,SAL_INT,Domestic payroll employment,Q,Quarterly,_Z,Not applicable,B-E,Industry (except construction),Y,Calendar and seasonally adjusted data,_Z,Not applicable,2003-Q1,,37899.1124478027,,0,Units,,,0,Zero,,
DATAFLOW,LU1:DSD_EMPLOI_SAL@DF_B3000(1.0),Domestic payroll employment by economic activity,I,PERS,Persons,SAL_INT,Domestic payroll employment,Q,Quarterly,_Z,Not applicable,B-E,Industry (except construction),Y,Calendar and seasonally adjusted data,_Z,Not applicable,2003-Q2,,38002.5047664572,,0,Units,,,0,Zero,,
DATAFLOW,LU1:DSD_EMPLOI_SAL@DF_B3000(1.0),Domestic payroll employment by economic activity,I,PERS,Persons,SAL_INT,Domestic payroll employment,Q,Quarterly,_Z,Not applicable,B-E,Industry (except construction),Y,Calendar and seasonally adjusted data,_Z,Not applicable,2003-Q3,,38023.1421216264,,0,Units,,,0,Zero,,
DATAFLOW,LU1:DSD_EMPLOI_SAL@DF_B3000(1.0),Domestic payroll employment by economic activity,I,PERS,Persons,SAL_INT,Domestic payroll employment,Q,Quarterly,_Z,Not applicable,B-E,Industry (except construction),Y,Calendar and seasonally adjusted data,_Z,Not applicable,2003-Q4,,38041.9862228496,,0,Units,,,0,Zero,,
DATAFLOW,LU1:DSD_EMPLOI_SAL@DF_B3000(1.0),Domestic payroll employment by economic activity,I,PERS,Persons,SAL_INT,Domestic payroll employment,Q,Quarterly,_Z,Not applicable,B-E,Industry (except construction),Y,Calendar and seasonally adjusted data,_Z,Not applicable,2004-Q1,,38188.3032703524,,0,Units,,,0,Zero,,
DATAFLOW,LU1:DSD_EMPLOI_SAL@DF_B3000(1.0),Domestic payroll employment by economic activity,I,PERS,Persons,SAL_INT,Domestic payroll employment,Q,Quarterly,_Z,Not applicable,B-E,Industry (except construction),Y,Calendar and seasonally adjusted data,_Z,Not applicable,2004-Q2,,38019.740871798,,0,Units,,,0,Zero,,
DATAFLOW,LU1:DSD_EMPLOI_SAL@DF_B3000(1.0),Domestic payroll employment by economic activity,I,PERS,Persons,SAL_INT,Domestic payroll employment,Q,Quarterly,_Z,Not applicable,B-E,Industry (except construction),Y,Calendar and seasonally adjusted data,_Z,Not applicable,2004-Q3,,37575.3602196702,,0,Units,,,0,Zero,,
DATAFLOW,LU1:DSD_EMPLOI_SAL@DF_B3000(1.0),Domestic payroll employment by economic activity,I,PERS,Persons,SAL_INT,Domestic payroll employment,Q,Quarterly,_Z,Not applicable,B-E,Industry (except construction),Y,Calendar and seasonally adjusted data,_Z,Not applicable,2004-Q4,,37509.2544019676,,0,Units,,,0,Zero,,
DATAFLOW,LU1:DSD_EMPLOI_SAL@DF_B3000(1.0),Domestic payroll employment by economic activity,I,PERS,Persons,SAL_INT,Domestic payroll employment,Q,Quarterly,_Z,Not applicable,B-E,Industry (except construction),Y,Calendar and seasonally adjusted data,_Z,Not applicable,2005-Q1,,37601.5357716262,,0,Units,,,0,Zero,,
DATAFLOW,LU1:DSD_EMPLOI_SAL@DF_B3000(1.0),Domestic payroll employment by economic activity,I,PERS,Persons,SAL_INT,Domestic payroll employment,Q,Quarterly,_Z,Not applicable,B-E,Industry (except construction),Y,Calendar and seasonally adjusted data,_Z,Not applicable,2005-Q2,,37653.6828209404,,0,Units,,,0,Zero,,
DATAFLOW,LU1:DSD_EMPLOI_SAL@DF_B3000(1.0),Domestic payroll employment by economic activity,I,PERS,Persons,SAL_INT,Domestic payroll employment,Q,Quarterly,_Z,Not applicable,B-E,Industry (except construction),Y,Calendar and seasonally adjusted data,_Z,Not applicable,2005-Q3,,37751.5701646232,,0,Units,,,0,Zero,,
DATAFLOW,LU1:DSD_EMPLOI_SAL@DF_B3000(1.0),Domestic payroll employment by economic activity,I,PERS,Persons,SAL_INT,Domestic payroll employment,Q,Quarterly,_Z,Not applicable,B-E,Industry (except construction),Y,Calendar and seasonally adjusted data,_Z,Not applicable,2005-Q4,,37724.9921113366,,0,Units,,,0,Zero,,
DATAFLOW,LU1:DSD_EMPLOI_SAL@DF_B3000(1.0),Domestic payroll employment by economic activity,I,PERS,Persons,SAL_INT,Domestic payroll employment,Q,Quarterly,_Z,Not applicable,B-E,Industry (except construction),Y,Calendar and seasonally adjusted data,_Z,Not applicable,2006-Q1,,37696.7287083614,,0,Units,,,0,Zero,,
DATAFLOW,LU1:DSD_EMPLOI_SAL@DF_B3000(1.0),Domestic payroll employment by economic activity,I,PERS,Persons,SAL_INT,Domestic payroll employment,Q,Quarterly,_Z,Not applicable,B-E,Industry (except construction),Y,Calendar and seasonally adjusted data,_Z,Not applicable,2006-Q2,,37786.8989401089,,0,Units,,,0,Zero,,
DATAFLOW,LU1:DSD_EMPLOI_SAL@DF_B3000(1.0),Domestic payroll employment by economic activity,I,PERS,Persons,SAL_INT,Domestic payroll employment,Q,Quarterly,_Z,Not applicable,B-E,Industry (except construction),Y,Calendar and seasonally adjusted data,_Z,Not applicable,2006-Q3,,37692.4184399292,,0,Units,,,0,Zero,,
DATAFLOW,LU1:DSD_EMPLOI_SAL@DF_B3000(1.0),Domestic payroll employment by economic activity,I,PERS,Persons,SAL_INT,Domestic payroll employment,Q,Quarterly,_Z,Not applicable,B-E,Industry (except construction),Y,Calendar and seasonally adjusted data,_Z,Not applicable,2006-Q4,,37466.0615973884,,0,Units,,,0,Zero,,
DATAFLOW,LU1:DSD_EMPLOI_SAL@DF_B3000(1.0),Domestic payroll employment by economic activity,I,PERS,Persons,SAL_INT,Domestic payroll employment,Q,Quarterly,_Z,Not applicable,B-E,Industry (except construction),Y,Calendar and seasonally adjusted data,_Z,Not applicable,2007-Q1,,37208.0756944506,,0,Units,,,0,Zero,,
DATAFLOW,LU1:DSD_EMPLOI_SAL@DF_B3000(1.0),Domestic payroll employment by economic activity,I,PERS,Persons,SAL_INT,Domestic payroll employment,Q,Quarterly,_Z,Not applicable,B-E,Industry (except construction),Y,Calendar and seasonally adjusted data,_Z,Not applicable,2007-Q2,,37389.7576201445,,0,Units,,,0,Zero,,
DATAFLOW,LU1:DSD_EMPLOI_SAL@DF_B3000(1.0),Domestic payroll employment by economic activity,I,PERS,Persons,SAL_INT,Domestic payroll employment,Q,Quarterly,_Z,Not applicable,B-E,Industry (except construction),Y,Calendar and seasonally adjusted data,_Z,Not applicable,2007-Q3,,37619.3656317138,,0,Units,,,0,Zero,,
DATAFLOW,LU1:DSD_EMPLOI_SAL@DF_B3000(1.0),Domestic payroll employment by economic activity,I,PERS,Persons,SAL_INT,Domestic payroll employment,Q,Quarterly,_Z,Not applicable,B-E,Industry (except construction),Y,Calendar and seasonally adjusted data,_Z,Not applicable,2007-Q4,,37746.2307828203,,0,Units,,,0,Zero,,
DATAFLOW,LU1:DSD_EMPLOI_SAL@DF_B3000(1.0),Domestic payroll employment by economic activity,I,PERS,Persons,SAL_INT,Domestic payroll employment,Q,Quarterly,_Z,Not applicable,B-E,Industry (except construction),Y,Calendar and seasonally adjusted data,_Z,Not applicable,2008-Q1,,37754.1785187686,,0,Units,,,0,Zero,,
DATAFLOW,LU1:DSD_EMPLOI_SAL@DF_B3000(1.0),Domestic payroll employment by economic activity,I,PERS,Persons,SAL_INT,Domestic payroll employment,Q,Quarterly,_Z,Not applicable,B-E,Industry (except construction),Y,Calendar and seasonally adjusted data,_Z,Not applicable,2008-Q2,,37935.7552428496,,0,Units,,,0,Zero,,
DATAFLOW,LU1:DSD_EMPLOI_SAL@DF_B3000(1.0),Domestic payroll employment by economic activity,I,PERS,Persons,SAL_INT,Domestic payroll employment,Q,Quarterly,_Z,Not applicable,B-E,Industry (except construction),Y,Calendar and seasonally adjusted data,_Z,Not applicable,2008-Q3,,38046.5796529785,,0,Units,,,0,Zero,,
DATAFLOW,LU1:DSD_EMPLOI_SAL@DF_B3000(1.0),Domestic payroll employment by economic activity,I,PERS,Persons,SAL_INT,Domestic payroll employment,Q,Quarterly,_Z,Not applicable,B-E,Industry (except construction),Y,Calendar and seasonally adjusted data,_Z,Not applicable,2008-Q4,,38098.8974184957,,0,Units,,,0,Zero,,
DATAFLOW,LU1:DSD_EMPLOI_SAL@DF_B3000(1.0),Domestic payroll employment by economic activity,I,PERS,Persons,SAL_INT,Domestic payroll employment,Q,Quarterly,_Z,Not applicable,B-E,Industry (except construction),Y,Calendar and seasonally adjusted data,_Z,Not applicable,2009-Q1,,37688.4817212482,,0,Units,,,0,Zero,,
DATAFLOW,LU1:DSD_EMPLOI_SAL@DF_B3000(1.0),Domestic payroll employment by economic activity,I,PERS,Persons,SAL_INT,Domestic payroll employment,Q,Quarterly,_Z,Not applicable,B-E,Industry (except construction),Y,Calendar and seasonally adjusted data,_Z,Not applicable,2009-Q2,,37022.1497589205,,0,Units,,,0,Zero,,
DATAFLOW,LU1:DSD_EMPLOI_SAL@DF_B3000(1.0),Domestic payroll employment by economic activity,I,PERS,Persons,SAL_INT,Domestic payroll employment,Q,Quarterly,_Z,Not applicable,B-E,Industry (except construction),Y,Calendar and seasonally adjusted data,_Z,Not applicable,2009-Q3,,36564.2985084104,,0,Units,,,0,Zero,,
DATAFLOW,LU1:DSD_EMPLOI_SAL@DF_B3000(1.0),Domestic payroll employment by economic activity,I,PERS,Persons,SAL_INT,Domestic payroll employment,Q,Quarterly,_Z,Not applicable,B-E,Industry (except construction),Y,Calendar and seasonally adjusted data,_Z,Not applicable,2009-Q4,,36374.3603735589,,0,Units,,,0,Zero,,
DATAFLOW,LU1:DSD_EMPLOI_SAL@DF_B3000(1.0),Domestic payroll employment by economic activity,I,PERS,Persons,SAL_INT,Domestic payroll employment,Q,Quarterly,_Z,Not applicable,B-E,Industry (except construction),Y,Calendar and seasonally adjusted data,_Z,Not applicable,2010-Q1,,36803.0224543726,,0,Units,,,0,Zero,,
DATAFLOW,LU1:DSD_EMPLOI_SAL@DF_B3000(1.0),Domestic payroll employment by economic activity,I,PERS,Persons,SAL_INT,Domestic payroll employment,Q,Quarterly,_Z,Not applicable,B-E,Industry (except construction),Y,Calendar and seasonally adjusted data,_Z,Not applicable,2010-Q2,,36897.8806181979,,0,Units,,,0,Zero,,
DATAFLOW,LU1:DSD_EMPLOI_SAL@DF_B3000(1.0),Domestic payroll employment by economic activity,I,PERS,Persons,SAL_INT,Domestic payroll employment,Q,Quarterly,_Z,Not applicable,B-E,Industry (except construction),Y,Calendar and seasonally adjusted data,_Z,Not applicable,2010-Q3,,36887.6291462757,,0,Units,,,0,Zero,,
DATAFLOW,LU1:DSD_EMPLOI_SAL@DF_B3000(1.0),Domestic payroll employment by economic activity,I,PERS,Persons,SAL_INT,Domestic payroll employment,Q,Quarterly,_Z,Not applicable,B-E,Industry (except construction),Y,Calendar and seasonally adjusted data,_Z,Not applicable,2010-Q4,,36893.8910545161,,0,Units,,,0,Zero,,
DATAFLOW,LU1:DSD_EMPLOI_SAL@DF_B3000(1.0),Domestic payroll employment by economic activity,I,PERS,Persons,SAL_INT,Domestic payroll employment,Q,Quarterly,_Z,Not applicable,B-E,Industry (except construction),Y,Calendar and seasonally adjusted data,_Z,Not applicable,2011-Q1,,36739.0408086402,,0,Units,,,0,Zero,,
DATAFLOW,LU1:DSD_EMPLOI_SAL@DF_B3000(1.0),Domestic payroll employment by economic activity,I,PERS,Persons,SAL_INT,Domestic payroll employment,Q,Quarterly,_Z,Not applicable,B-E,Industry (except construction),Y,Calendar and seasonally adjusted data,_Z,Not applicable,2011-Q2,,36998.7566843094,,0,Units,,,0,Zero,,
DATAFLOW,LU1:DSD_EMPLOI_SAL@DF_B3000(1.0),Domestic payroll employment by economic activity,I,PERS,Persons,SAL_INT,Domestic payroll employment,Q,Quarterly,_Z,Not applicable,B-E,Industry (except construction),Y,Calendar and seasonally adjusted data,_Z,Not applicable,2011-Q3,,37261.4435644512,,0,Units,,,0,Zero,,
DATAFLOW,LU1:DSD_EMPLOI_SAL@DF_B3000(1.0),Domestic payroll employment by economic activity,I,PERS,Persons,SAL_INT,Domestic payroll employment,Q,Quarterly,_Z,Not applicable,B-E,Industry (except construction),Y,Calendar and seasonally adjusted data,_Z,Not applicable,2011-Q4,,37206.3259093875,,0,Units,,,0,Zero,,
DATAFLOW,LU1:DSD_EMPLOI_SAL@DF_B3000(1.0),Domestic payroll employment by economic activity,I,PERS,Persons,SAL_INT,Domestic payroll employment,Q,Quarterly,_Z,Not applicable,B-E,Industry (except construction),Y,Calendar and seasonally adjusted data,_Z,Not applicable,2012-Q1,,37030.5427255502,,0,Units,,,0,Zero,,
DATAFLOW,LU1:DSD_EMPLOI_SAL@DF_B3000(1.0),Domestic payroll employment by economic activity,I,PERS,Persons,SAL_INT,Domestic payroll employment,Q,Quarterly,_Z,Not applicable,B-E,Industry (except construction),Y,Calendar and seasonally adjusted data,_Z,Not applicable,2012-Q2,,36777.7722179091,,0,Units,,,0,Zero,,
DATAFLOW,LU1:DSD_EMPLOI_SAL@DF_B3000(1.0),Domestic payroll employment by economic activity,I,PERS,Persons,SAL_INT,Domestic payroll employment,Q,Quarterly,_Z,Not applicable,B-E,Industry (except construction),Y,Calendar and seasonally adjusted data,_Z,Not applicable,2012-Q3,,36502.9508949895,,0,Units,,,0,Zero,,
DATAFLOW,LU1:DSD_EMPLOI_SAL@DF_B3000(1.0),Domestic payroll employment by economic activity,I,PERS,Persons,SAL_INT,Domestic payroll employment,Q,Quarterly,_Z,Not applicable,B-E,Industry (except construction),Y,Calendar and seasonally adjusted data,_Z,Not applicable,2012-Q4,,36240.5052586057,,0,Units,,,0,Zero,,
DATAFLOW,LU1:DSD_EMPLOI_SAL@DF_B3000(1.0),Domestic payroll employment by economic activity,I,PERS,Persons,SAL_INT,Domestic payroll employment,Q,Quarterly,_Z,Not applicable,B-E,Industry (except construction),Y,Calendar and seasonally adjusted data,_Z,Not applicable,2013-Q1,,35867.0219147622,,0,Units,,,0,Zero,,
DATAFLOW,LU1:DSD_EMPLOI_SAL@DF_B3000(1.0),Domestic payroll employment by economic activity,I,PERS,Persons,SAL_INT,Domestic payroll employment,Q,Quarterly,_Z,Not applicable,B-E,Industry (except construction),Y,Calendar and seasonally adjusted data,_Z,Not applicable,2013-Q2,,35702.6194894372,,0,Units,,,0,Zero,,
DATAFLOW,LU1:DSD_EMPLOI_SAL@DF_B3000(1.0),Domestic payroll employment by economic activity,I,PERS,Persons,SAL_INT,Domestic payroll employment,Q,Quarterly,_Z,Not applicable,B-E,Industry (except construction),Y,Calendar and seasonally adjusted data,_Z,Not applicable,2013-Q3,,35705.0072133927,,0,Units,,,0,Zero,,
DATAFLOW,LU1:DSD_EMPLOI_SAL@DF_B3000(1.0),Domestic payroll employment by economic activity,I,PERS,Persons,SAL_INT,Domestic payroll employment,Q,Quarterly,_Z,Not applicable,B-E,Industry (except construction),Y,Calendar and seasonally adjusted data,_Z,Not applicable,2013-Q4,,35670.439483471,,0,Units,,,0,Zero,,
DATAFLOW,LU1:DSD_EMPLOI_SAL@DF_B3000(1.0),Domestic payroll employment by economic activity,I,PERS,Persons,SAL_INT,Domestic payroll employment,Q,Quarterly,_Z,Not applicable,B-E,Industry (except construction),Y,Calendar and seasonally adjusted data,_Z,Not applicable,2014-Q1,,35718.3925872431,,0,Units,,,0,Zero,,
DATAFLOW,LU1:DSD_EMPLOI_SAL@DF_B3000(1.0),Domestic payroll employment by economic activity,I,PERS,Persons,SAL_INT,Domestic payroll employment,Q,Quarterly,_Z,Not applicable,B-E,Industry (except construction),Y,Calendar and seasonally adjusted data,_Z,Not applicable,2014-Q2,,35701.3978317987,,0,Units,,,0,Zero,,
DATAFLOW,LU1:DSD_EMPLOI_SAL@DF_B3000(1.0),Domestic payroll employment by economic activity,I,PERS,Persons,SAL_INT,Domestic payroll employment,Q,Quarterly,_Z,Not applicable,B-E,Industry (except construction),Y,Calendar and seasonally adjusted data,_Z,Not applicable,2014-Q3,,35721.336743446,,0,Units,,,0,Zero,,
DATAFLOW,LU1:DSD_EMPLOI_SAL@DF_B3000(1.0),Domestic payroll employment by economic activity,I,PERS,Persons,SAL_INT,Domestic payroll employment,Q,Quarterly,_Z,Not applicable,B-E,Industry (except construction),Y,Calendar and seasonally adjusted data,_Z,Not applicable,2014-Q4,,35766.7692761271,,0,Units,,,0,Zero,,
DATAFLOW,LU1:DSD_EMPLOI_SAL@DF_B3000(1.0),Domestic payroll employment by economic activity,I,PERS,Persons,SAL_INT,Domestic payroll employment,Q,Quarterly,_Z,Not applicable,B-E,Industry (except construction),Y,Calendar and seasonally adjusted data,_Z,Not applicable,2015-Q1,,36327.5654105174,,0,Units,,,0,Zero,,
DATAFLOW,LU1:DSD_EMPLOI_SAL@DF_B3000(1.0),Domestic payroll employment by economic activity,I,PERS,Persons,SAL_INT,Domestic payroll employment,Q,Quarterly,_Z,Not applicable,B-E,Industry (except construction),Y,Calendar and seasonally adjusted data,_Z,Not applicable,2015-Q2,,36534.071222916,,0,Units,,,0,Zero,,
DATAFLOW,LU1:DSD_EMPLOI_SAL@DF_B3000(1.0),Domestic payroll employment by economic activity,I,PERS,Persons,SAL_INT,Domestic payroll employment,Q,Quarterly,_Z,Not applicable,B-E,Industry (except construction),Y,Calendar and seasonally adjusted data,_Z,Not applicable,2015-Q3,,36647.5296372911,,0,Units,,,0,Zero,,
DATAFLOW,LU1:DSD_EMPLOI_SAL@DF_B3000(1.0),Domestic payroll employment by economic activity,I,PERS,Persons,SAL_INT,Domestic payroll employment,Q,Quarterly,_Z,Not applicable,B-E,Industry (except construction),Y,Calendar and seasonally adjusted data,_Z,Not applicable,2015-Q4,,36768.788113882,,0,Units,,,0,Zero,,
DATAFLOW,LU1:DSD_EMPLOI_SAL@DF_B3000(1.0),Domestic payroll employment by economic activity,I,PERS,Persons,SAL_INT,Domestic payroll employment,Q,Quarterly,_Z,Not applicable,B-E,Industry (except construction),Y,Calendar and seasonally adjusted data,_Z,Not applicable,2016-Q1,,36917.8645281964,,0,Units,,,0,Zero,,
DATAFLOW,LU1:DSD_EMPLOI_SAL@DF_B3000(1.0),Domestic payroll employment by economic activity,I,PERS,Persons,SAL_INT,Domestic payroll employment,Q,Quarterly,_Z,Not applicable,B-E,Industry (except construction),Y,Calendar and seasonally adjusted data,_Z,Not applicable,2016-Q2,,37004.3267388197,,0,Units,,,0,Zero,,
DATAFLOW,LU1:DSD_EMPLOI_SAL@DF_B3000(1.0),Domestic payroll employment by economic activity,I,PERS,Persons,SAL_INT,Domestic payroll employment,Q,Quarterly,_Z,Not applicable,B-E,Industry (except construction),Y,Calendar and seasonally adjusted data,_Z,Not applicable,2016-Q3,,37224.7017352574,,0,Units,,,0,Zero,,
DATAFLOW,LU1:DSD_EMPLOI_SAL@DF_B3000(1.0),Domestic payroll employment by economic activity,I,PERS,Persons,SAL_INT,Domestic payroll employment,Q,Quarterly,_Z,Not applicable,B-E,Industry (except construction),Y,Calendar and seasonally adjusted data,_Z,Not applicable,2016-Q4,,37296.3797569374,,0,Units,,,0,Zero,,
DATAFLOW,LU1:DSD_EMPLOI_SAL@DF_B3000(1.0),Domestic payroll employment by economic activity,I,PERS,Persons,SAL_INT,Domestic payroll employment,Q,Quarterly,_Z,Not applicable,B-E,Industry (except construction),Y,Calendar and seasonally adjusted data,_Z,Not applicable,2017-Q1,,37173.7098013976,,0,Units,,,0,Zero,,
DATAFLOW,LU1:DSD_EMPLOI_SAL@DF_B3000(1.0),Domestic payroll employment by economic activity,I,PERS,Persons,SAL_INT,Domestic payroll employment,Q,Quarterly,_Z,Not applicable,B-E,Industry (except construction),Y,Calendar and seasonally adjusted data,_Z,Not applicable,2017-Q2,,37255.4640922483,,0,Units,,,0,Zero,,
DATAFLOW,LU1:DSD_EMPLOI_SAL@DF_B3000(1.0),Domestic payroll employment by economic activity,I,PERS,Persons,SAL_INT,Domestic payroll employment,Q,Quarterly,_Z,Not applicable,B-E,Industry (except construction),Y,Calendar and seasonally adjusted data,_Z,Not applicable,2017-Q3,,37433.0442693221,,0,Units,,,0,Zero,,
DATAFLOW,LU1:DSD_EMPLOI_SAL@DF_B3000(1.0),Domestic payroll employment by economic activity,I,PERS,Persons,SAL_INT,Domestic payroll employment,Q,Quarterly,_Z,Not applicable,B-E,Industry (except construction),Y,Calendar and seasonally adjusted data,_Z,Not applicable,2017-Q4,,37594.1283603528,,0,Units,,,0,Zero,,
DATAFLOW,LU1:DSD_EMPLOI_SAL@DF_B3000(1.0),Domestic payroll employment by economic activity,I,PERS,Persons,SAL_INT,Domestic payroll employment,Q,Quarterly,_Z,Not applicable,B-E,Industry (except construction),Y,Calendar and seasonally adjusted data,_Z,Not applicable,2018-Q1,,38082.9032885283,,0,Units,,,0,Zero,,
DATAFLOW,LU1:DSD_EMPLOI_SAL@DF_B3000(1.0),Domestic payroll employment by economic activity,I,PERS,Persons,SAL_INT,Domestic payroll employment,Q,Quarterly,_Z,Not applicable,B-E,Industry (except construction),Y,Calendar and seasonally adjusted data,_Z,Not applicable,2018-Q2,,38170.6139482492,,0,Units,,,0,Zero,,
DATAFLOW,LU1:DSD_EMPLOI_SAL@DF_B3000(1.0),Domestic payroll employment by economic activity,I,PERS,Persons,SAL_INT,Domestic payroll employment,Q,Quarterly,_Z,Not applicable,B-E,Industry (except construction),Y,Calendar and seasonally adjusted data,_Z,Not applicable,2018-Q3,,38164.5504008393,,0,Units,,,0,Zero,,
DATAFLOW,LU1:DSD_EMPLOI_SAL@DF_B3000(1.0),Domestic payroll employment by economic activity,I,PERS,Persons,SAL_INT,Domestic payroll employment,Q,Quarterly,_Z,Not applicable,B-E,Industry (except construction),Y,Calendar and seasonally adjusted data,_Z,Not applicable,2018-Q4,,38193.4991821844,,0,Units,,,0,Zero,,
DATAFLOW,LU1:DSD_EMPLOI_SAL@DF_B3000(1.0),Domestic payroll employment by economic activity,I,PERS,Persons,SAL_INT,Domestic payroll employment,Q,Quarterly,_Z,Not applicable,B-E,Industry (except construction),Y,Calendar and seasonally adjusted data,_Z,Not applicable,2019-Q1,,38323.4120638111,,0,Units,,,0,Zero,,
DATAFLOW,LU1:DSD_EMPLOI_SAL@DF_B3000(1.0),Domestic payroll employment by economic activity,I,PERS,Persons,SAL_INT,Domestic payroll employment,Q,Quarterly,_Z,Not applicable,B-E,Industry (except construction),Y,Calendar and seasonally adjusted data,_Z,Not applicable,2019-Q2,,38450.6667611707,,0,Units,,,0,Zero,,
DATAFLOW,LU1:DSD_EMPLOI_SAL@DF_B3000(1.0),Domestic payroll employment by economic activity,I,PERS,Persons,SAL_INT,Domestic payroll employment,Q,Quarterly,_Z,Not applicable,B-E,Industry (except construction),Y,Calendar and seasonally adjusted data,_Z,Not applicable,2019-Q3,,38456.6340171412,,0,Units,,,0,Zero,,
DATAFLOW,LU1:DSD_EMPLOI_SAL@DF_B3000(1.0),Domestic payroll employment by economic activity,I,PERS,Persons,SAL_INT,Domestic payroll employment,Q,Quarterly,_Z,Not applicable,B-E,Industry (except construction),Y,Calendar and seasonally adjusted data,_Z,Not applicable,2019-Q4,,38508.3476089563,,0,Units,,,0,Zero,,
DATAFLOW,LU1:DSD_EMPLOI_SAL@DF_B3000(1.0),Domestic payroll employment by economic activity,I,PERS,Persons,SAL_INT,Domestic payroll employment,Q,Quarterly,_Z,Not applicable,B-E,Industry (except construction),Y,Calendar and seasonally adjusted data,_Z,Not applicable,2020-Q1,,38418.5648512738,,0,Units,,,0,Zero,,
DATAFLOW,LU1:DSD_EMPLOI_SAL@DF_B3000(1.0),Domestic payroll employment by economic activity,I,PERS,Persons,SAL_INT,Domestic payroll employment,Q,Quarterly,_Z,Not applicable,B-E,Industry (except construction),Y,Calendar and seasonally adjusted data,_Z,Not applicable,2020-Q2,,38125.1380833714,,0,Units,,,0,Zero,,
DATAFLOW,LU1:DSD_EMPLOI_SAL@DF_B3000(1.0),Domestic payroll employment by economic activity,I,PERS,Persons,SAL_INT,Domestic payroll employment,Q,Quarterly,_Z,Not applicable,B-E,Industry (except construction),Y,Calendar and seasonally adjusted data,_Z,Not applicable,2020-Q3,,37975.179032498,,0,Units,,,0,Zero,,
DATAFLOW,LU1:DSD_EMPLOI_SAL@DF_B3000(1.0),Domestic payroll employment by economic activity,I,PERS,Persons,SAL_INT,Domestic payroll employment,Q,Quarterly,_Z,Not applicable,B-E,Industry (except construction),Y,Calendar and seasonally adjusted data,_Z,Not applicable,2020-Q4,,37733.7409125753,,0,Units,,,0,Zero,,
DATAFLOW,LU1:DSD_EMPLOI_SAL@DF_B3000(1.0),Domestic payroll employment by economic activity,I,PERS,Persons,SAL_INT,Domestic payroll employment,Q,Quarterly,_Z,Not applicable,B-E,Industry (except construction),Y,Calendar and seasonally adjusted data,_Z,Not applicable,2021-Q1,,37488.6638004314,,0,Units,,,0,Zero,,
DATAFLOW,LU1:DSD_EMPLOI_SAL@DF_B3000(1.0),Domestic payroll employment by economic activity,I,PERS,Persons,SAL_INT,Domestic payroll employment,Q,Quarterly,_Z,Not applicable,B-E,Industry (except construction),Y,Calendar and seasonally adjusted data,_Z,Not applicable,2021-Q2,,37661.450891712,,0,Units,,,0,Zero,,
DATAFLOW,LU1:DSD_EMPLOI_SAL@DF_B3000(1.0),Domestic payroll employment by economic activity,I,PERS,Persons,SAL_INT,Domestic payroll employment,Q,Quarterly,_Z,Not applicable,B-E,Industry (except construction),Y,Calendar and seasonally adjusted data,_Z,Not applicable,2021-Q3,,37849.5153105839,,0,Units,,,0,Zero,,
DATAFLOW,LU1:DSD_EMPLOI_SAL@DF_B3000(1.0),Domestic payroll employment by economic activity,I,PERS,Persons,SAL_INT,Domestic payroll employment,Q,Quarterly,_Z,Not applicable,B-E,Industry (except construction),Y,Calendar and seasonally adjusted data,_Z,Not applicable,2021-Q4,,38028.6577373239,,0,Units,,,0,Zero,,
DATAFLOW,LU1:DSD_EMPLOI_SAL@DF_B3000(1.0),Domestic payroll employment by economic activity,I,PERS,Persons,SAL_INT,Domestic payroll employment,Q,Quarterly,_Z,Not applicable,B-E,Industry (except construction),Y,Calendar and seasonally adjusted data,_Z,Not applicable,2022-Q1,,38195.3837856187,,0,Units,,,0,Zero,,
DATAFLOW,LU1:DSD_EMPLOI_SAL@DF_B3000(1.0),Domestic payroll employment by economic activity,I,PERS,Persons,SAL_INT,Domestic payroll employment,Q,Quarterly,_Z,Not applicable,B-E,Industry (except construction),Y,Calendar and seasonally adjusted data,_Z,Not applicable,2022-Q2,,38323.1049942495,,0,Units,,,0,Zero,,
DATAFLOW,LU1:DSD_EMPLOI_SAL@DF_B3000(1.0),Domestic payroll employment by economic activity,I,PERS,Persons,SAL_INT,Domestic payroll employment,Q,Quarterly,_Z,Not applicable,B-E,Industry (except construction),Y,Calendar and seasonally adjusted data,_Z,Not applicable,2022-Q3,,38491.9661199212,,0,Units,,,0,Zero,,
DATAFLOW,LU1:DSD_EMPLOI_SAL@DF_B3000(1.0),Domestic payroll employment by economic activity,I,PERS,Persons,SAL_INT,Domestic payroll employment,Q,Quarterly,_Z,Not applicable,B-E,Industry (except construction),Y,Calendar and seasonally adjusted data,_Z,Not applicable,2022-Q4,,38626.053201306,,0,Units,,,0,Zero,,
DATAFLOW,LU1:DSD_EMPLOI_SAL@DF_B3000(1.0),Domestic payroll employment by economic activity,I,PERS,Persons,SAL_INT,Domestic payroll employment,Q,Quarterly,_Z,Not applicable,B-E,Industry (except construction),Y,Calendar and seasonally adjusted data,_Z,Not applicable,2023-Q1,,38672.7921326791,,0,Units,,,0,Zero,,
DATAFLOW,LU1:DSD_EMPLOI_SAL@DF_B3000(1.0),Domestic payroll employment by economic activity,I,PERS,Persons,SAL_INT,Domestic payroll employment,Q,Quarterly,_Z,Not applicable,B-E,Industry (except construction),Y,Calendar and seasonally adjusted data,_Z,Not applicable,2023-Q2,,38524.8696128039,,0,Units,,,0,Zero,,
DATAFLOW,LU1:DSD_EMPLOI_SAL@DF_B3000(1.0),Domestic payroll employment by economic activity,I,PERS,Persons,SAL_INT,Domestic payroll employment,Q,Quarterly,_Z,Not applicable,B-E,Industry (except construction),Y,Calendar and seasonally adjusted data,_Z,Not applicable,2023-Q3,,38371.7214761883,,0,Units,,,0,Zero,,
DATAFLOW,LU1:DSD_EMPLOI_SAL@DF_B3000(1.0),Domestic payroll employment by economic activity,I,PERS,Persons,SAL_INT,Domestic payroll employment,Q,Quarterly,_Z,Not applicable,B-E,Industry (except construction),Y,Calendar and seasonally adjusted data,_Z,Not applicable,2023-Q4,,38266.5481067102,,0,Units,,,0,Zero,,
DATAFLOW,LU1:DSD_EMPLOI_SAL@DF_B3000(1.0),Domestic payroll employment by economic activity,I,PERS,Persons,SAL_INT,Domestic payroll employment,Q,Quarterly,_Z,Not applicable,B-E,Industry (except construction),Y,Calendar and seasonally adjusted data,_Z,Not applicable,2024-Q1,,38207.1022677678,,0,Units,,,0,Zero,,
DATAFLOW,LU1:DSD_EMPLOI_SAL@DF_B3000(1.0),Domestic payroll employment by economic activity,I,PERS,Persons,SAL_INT,Domestic payroll employment,Q,Quarterly,_Z,Not applicable,B-E,Industry (except construction),Y,Calendar and seasonally adjusted data,_Z,Not applicable,2024-Q2,,38151.3341825238,,0,Units,,,0,Zero,,
DATAFLOW,LU1:DSD_EMPLOI_SAL@DF_B3000(1.0),Domestic payroll employment by economic activity,I,PERS,Persons,SAL_INT,Domestic payroll employment,Q,Quarterly,_Z,Not applicable,B-E,Industry (except construction),Y,Calendar and seasonally adjusted data,_Z,Not applicable,2024-Q3,,38046.7433136757,,0,Units,,,0,Zero,,
DATAFLOW,LU1:DSD_EMPLOI_SAL@DF_B3000(1.0),Domestic payroll employment by economic activity,I,PERS,Persons,SAL_INT,Domestic payroll employment,Q,Quarterly,_Z,Not applicable,B-E,Industry (except construction),Y,Calendar and seasonally adjusted data,_Z,Not applicable,2024-Q4,,38021.7585641757,,0,Units,,,0,Zero,,
DATAFLOW,LU1:DSD_EMPLOI_SAL@DF_B3000(1.0),Domestic payroll employment by economic activity,I,PERS,Persons,SAL_INT,Domestic payroll employment,Q,Quarterly,_Z,Not applicable,B-E,Industry (except construction),Y,Calendar and seasonally adjusted data,_Z,Not applicable,2025-Q1,,37963.0467445968,,0,Units,,,0,Zero,,
DATAFLOW,LU1:DSD_EMPLOI_SAL@DF_B3000(1.0),Domestic payroll employment by economic activity,I,PERS,Persons,SAL_INT,Domestic payroll employment,Q,Quarterly,_Z,Not applicable,B-E,Industry (except construction),Y,Calendar and seasonally adjusted data,_Z,Not applicable,2025-Q2,,38030.4809202512,,0,Units,,,0,Zero,,
DATAFLOW,LU1:DSD_EMPLOI_SAL@DF_B3000(1.0),Domestic payroll employment by economic activity,I,PERS,Persons,SAL_INT,Domestic payroll employment,Q,Quarterly,_Z,Not applicable,B-E,Industry (except construction),Y,Calendar and seasonally adjusted data,_Z,Not applicable,2025-Q3,,37992.4643887432,,0,Units,,,0,Zero,,
DATAFLOW,LU1:DSD_EMPLOI_SAL@DF_B3000(1.0),Domestic payroll employment by economic activity,I,PERS,Persons,SAL_INT,Domestic payroll employment,Q,Quarterly,_Z,Not applicable,B-E,Industry (except construction),Y,Calendar and seasonally adjusted data,_Z,Not applicable,2025-Q4,,38034.8476389209,,0,Units,,,0,Zero,,
DATAFLOW,LU1:DSD_EMPLOI_SAL@DF_B3000(1.0),Domestic payroll employment by economic activity,I,PERS,Persons,SAL_INT,Domestic payroll employment,Q,Quarterly,_Z,Not applicable,B-E,Industry (except construction),Y,Calendar and seasonally adjusted data,_Z,Not applicable,2026-Q1,,38098.3889593332,,0,Units,,,0,Zero,,
DATAFLOW,LU1:DSD_EMPLOI_SAL@DF_B3000(1.0),Domestic payroll employment by economic activity,I,PERS,Persons,SAL_INT,Domestic payroll employment,Q,Quarterly,_Z,Not applicable,_T,Total - all NACE activities,Y,Calendar and seasonally adjusted data,_Z,Not applicable,1995-Q1,,196415.031685438,,0,Units,,,0,Zero,,
DATAFLOW,LU1:DSD_EMPLOI_SAL@DF_B3000(1.0),Domestic payroll employment by economic activity,I,PERS,Persons,SAL_INT,Domestic payroll employment,Q,Quarterly,_Z,Not applicable,_T,Total - all NACE activities,Y,Calendar and seasonally adjusted data,_Z,Not applicable,1995-Q2,,197877.821204024,,0,Units,,,0,Zero,,
DATAFLOW,LU1:DSD_EMPLOI_SAL@DF_B3000(1.0),Domestic payroll employment by economic activity,I,PERS,Persons,SAL_INT,Domestic payroll employment,Q,Quarterly,_Z,Not applicable,_T,Total - all NACE activities,Y,Calendar and seasonally adjusted data,_Z,Not applicable,1995-Q3,,201233.585048281,,0,Units,,,0,Zero,,
DATAFLOW,LU1:DSD_EMPLOI_SAL@DF_B3000(1.0),Domestic payroll employment by economic activity,I,PERS,Persons,SAL_INT,Domestic payroll employment,Q,Quarterly,_Z,Not applicable,_T,Total - all NACE activities,Y,Calendar and seasonally adjusted data,_Z,Not applicable,1995-Q4,,202700.807278191,,0,Units,,,0,Zero,,
DATAFLOW,LU1:DSD_EMPLOI_SAL@DF_B3000(1.0),Domestic payroll employment by economic activity,I,PERS,Persons,SAL_INT,Domestic payroll employment,Q,Quarterly,_Z,Not applicable,_T,Total - all NACE activities,Y,Calendar and seasonally adjusted data,_Z,Not applicable,1996-Q1,,204386.490841332,,0,Units,,,0,Zero,,
DATAFLOW,LU1:DSD_EMPLOI_SAL@DF_B3000(1.0),Domestic payroll employment by economic activity,I,PERS,Persons,SAL_INT,Domestic payroll employment,Q,Quarterly,_Z,Not applicable,_T,Total - all NACE activities,Y,Calendar and seasonally adjusted data,_Z,Not applicable,1996-Q2,,204903.866192716,,0,Units,,,0,Zero,,
DATAFLOW,LU1:DSD_EMPLOI_SAL@DF_B3000(1.0),Domestic payroll employment by economic activity,I,PERS,Persons,SAL_INT,Domestic payroll employment,Q,Quarterly,_Z,Not applicable,_T,Total - all NACE activities,Y,Calendar and seasonally adjusted data,_Z,Not applicable,1996-Q3,,204639.769201404,,0,Units,,,0,Zero,,
DATAFLOW,LU1:DSD_EMPLOI_SAL@DF_B3000(1.0),Domestic payroll employment by economic activity,I,PERS,Persons,SAL_INT,Domestic payroll employment,Q,Quarterly,_Z,Not applicable,_T,Total - all NACE activities,Y,Calendar and seasonally adjusted data,_Z,Not applicable,1996-Q4,,205152.481053043,,0,Units,,,0,Zero,,
DATAFLOW,LU1:DSD_EMPLOI_SAL@DF_B3000(1.0),Domestic payroll employment by economic activity,I,PERS,Persons,SAL_INT,Domestic payroll employment,Q,Quarterly,_Z,Not applicable,_T,Total - all NACE activities,Y,Calendar and seasonally adjusted data,_Z,Not applicable,1997-Q1,,207069.343279461,,0,Units,,,0,Zero,,
DATAFLOW,LU1:DSD_EMPLOI_SAL@DF_B3000(1.0),Domestic payroll employment by economic activity,I,PERS,Persons,SAL_INT,Domestic payroll employment,Q,Quarterly,_Z,Not applicable,_T,Total - all NACE activities,Y,Calendar and seasonally adjusted data,_Z,Not applicable,1997-Q2,,210195.478241764,,0,Units,,,0,Zero,,
DATAFLOW,LU1:DSD_EMPLOI_SAL@DF_B3000(1.0),Domestic payroll employment by economic activity,I,PERS,Persons,SAL_INT,Domestic payroll employment,Q,Quarterly,_Z,Not applicable,_T,Total - all NACE activities,Y,Calendar and seasonally adjusted data,_Z,Not applicable,1997-Q3,,213596.625025554,,0,Units,,,0,Zero,,
DATAFLOW,LU1:DSD_EMPLOI_SAL@DF_B3000(1.0),Domestic payroll employment by economic activity,I,PERS,Persons,SAL_INT,Domestic payroll employment,Q,Quarterly,_Z,Not applicable,_T,Total - all NACE activities,Y,Calendar and seasonally adjusted data,_Z,Not applicable,1997-Q4,,216416.857055242,,0,Units,,,0,Zero,,
DATAFLOW,LU1:DSD_EMPLOI_SAL@DF_B3000(1.0),Domestic payroll employment by economic activity,I,PERS,Persons,SAL_INT,Domestic payroll employment,Q,Quarterly,_Z,Not applicable,_T,Total - all NACE activities,Y,Calendar and seasonally adjusted data,_Z,Not applicable,1998-Q1,,217189.550084179,,0,Units,,,0,Zero,,
DATAFLOW,LU1:DSD_EMPLOI_SAL@DF_B3000(1.0),Domestic payroll employment by economic activity,I,PERS,Persons,SAL_INT,Domestic payroll employment,Q,Quarterly,_Z,Not applicable,_T,Total - all NACE activities,Y,Calendar and seasonally adjusted data,_Z,Not applicable,1998-Q2,,220782.30007829,,0,Units,,,0,Zero,,
DATAFLOW,LU1:DSD_EMPLOI_SAL@DF_B3000(1.0),Domestic payroll employment by economic activity,I,PERS,Persons,SAL_INT,Domestic payroll employment,Q,Quarterly,_Z,Not applicable,_T,Total - all NACE activities,Y,Calendar and seasonally adjusted data,_Z,Not applicable,1998-Q3,,223419.250744532,,0,Units,,,0,Zero,,
DATAFLOW,LU1:DSD_EMPLOI_SAL@DF_B3000(1.0),Domestic payroll employment by economic activity,I,PERS,Persons,SAL_INT,Domestic payroll employment,Q,Quarterly,_Z,Not applicable,_T,Total - all NACE activities,Y,Calendar and seasonally adjusted data,_Z,Not applicable,1998-Q4,,225979.544431859,,0,Units,,,0,Zero,,
DATAFLOW,LU1:DSD_EMPLOI_SAL@DF_B3000(1.0),Domestic payroll employment by economic activity,I,PERS,Persons,SAL_INT,Domestic payroll employment,Q,Quarterly,_Z,Not applicable,_T,Total - all NACE activities,Y,Calendar and seasonally adjusted data,_Z,Not applicable,1999-Q1,,227600.485414166,,0,Units,,,0,Zero,,
DATAFLOW,LU1:DSD_EMPLOI_SAL@DF_B3000(1.0),Domestic payroll employment by economic activity,I,PERS,Persons,SAL_INT,Domestic payroll employment,Q,Quarterly,_Z,Not applicable,_T,Total - all NACE activities,Y,Calendar and seasonally adjusted data,_Z,Not applicable,1999-Q2,,231082.604656894,,0,Units,,,0,Zero,,
DATAFLOW,LU1:DSD_EMPLOI_SAL@DF_B3000(1.0),Domestic payroll employment by economic activity,I,PERS,Persons,SAL_INT,Domestic payroll employment,Q,Quarterly,_Z,Not applicable,_T,Total - all NACE activities,Y,Calendar and seasonally adjusted data,_Z,Not applicable,1999-Q3,,234398.183735188,,0,Units,,,0,Zero,,
DATAFLOW,LU1:DSD_EMPLOI_SAL@DF_B3000(1.0),Domestic payroll employment by economic activity,I,PERS,Persons,SAL_INT,Domestic payroll employment,Q,Quarterly,_Z,Not applicable,_T,Total - all NACE activities,Y,Calendar and seasonally adjusted data,_Z,Not applicable,1999-Q4,,237694.723105148,,0,Units,,,0,Zero,,
DATAFLOW,LU1:DSD_EMPLOI_SAL@DF_B3000(1.0),Domestic payroll employment by economic activity,I,PERS,Persons,SAL_INT,Domestic payroll employment,Q,Quarterly,_Z,Not applicable,_T,Total - all NACE activities,Y,Calendar and seasonally adjusted data,_Z,Not applicable,2000-Q1,,240408.676970529,,0,Units,,,0,Zero,,
DATAFLOW,LU1:DSD_EMPLOI_SAL@DF_B3000(1.0),Domestic payroll employment by economic activity,I,PERS,Persons,SAL_INT,Domestic payroll employment,Q,Quarterly,_Z,Not applicable,_T,Total - all NACE activities,Y,Calendar and seasonally adjusted data,_Z,Not applicable,2000-Q2,,243820.077650125,,0,Units,,,0,Zero,,
DATAFLOW,LU1:DSD_EMPLOI_SAL@DF_B3000(1.0),Domestic payroll employment by economic activity,I,PERS,Persons,SAL_INT,Domestic payroll employment,Q,Quarterly,_Z,Not applicable,_T,Total - all NACE activities,Y,Calendar and seasonally adjusted data,_Z,Not applicable,2000-Q3,,247243.717612165,,0,Units,,,0,Zero,,
DATAFLOW,LU1:DSD_EMPLOI_SAL@DF_B3000(1.0),Domestic payroll employment by economic activity,I,PERS,Persons,SAL_INT,Domestic payroll employment,Q,Quarterly,_Z,Not applicable,_T,Total - all NACE activities,Y,Calendar and seasonally adjusted data,_Z,Not applicable,2000-Q4,,251651.241806921,,0,Units,,,0,Zero,,
DATAFLOW,LU1:DSD_EMPLOI_SAL@DF_B3000(1.0),Domestic payroll employment by economic activity,I,PERS,Persons,SAL_INT,Domestic payroll employment,Q,Quarterly,_Z,Not applicable,_T,Total - all NACE activities,Y,Calendar and seasonally adjusted data,_Z,Not applicable,2001-Q1,,256032.799077974,,0,Units,,,0,Zero,,
DATAFLOW,LU1:DSD_EMPLOI_SAL@DF_B3000(1.0),Domestic payroll employment by economic activity,I,PERS,Persons,SAL_INT,Domestic payroll employment,Q,Quarterly,_Z,Not applicable,_T,Total - all NACE activities,Y,Calendar and seasonally adjusted data,_Z,Not applicable,2001-Q2,,258899.113333226,,0,Units,,,0,Zero,,
DATAFLOW,LU1:DSD_EMPLOI_SAL@DF_B3000(1.0),Domestic payroll employment by economic activity,I,PERS,Persons,SAL_INT,Domestic payroll employment,Q,Quarterly,_Z,Not applicable,_T,Total - all NACE activities,Y,Calendar and seasonally adjusted data,_Z,Not applicable,2001-Q3,,261773.642479183,,0,Units,,,0,Zero,,
DATAFLOW,LU1:DSD_EMPLOI_SAL@DF_B3000(1.0),Domestic payroll employment by economic activity,I,PERS,Persons,SAL_INT,Domestic payroll employment,Q,Quarterly,_Z,Not applicable,_T,Total - all NACE activities,Y,Calendar and seasonally adjusted data,_Z,Not applicable,2001-Q4,,263973.35981456,,0,Units,,,0,Zero,,
DATAFLOW,LU1:DSD_EMPLOI_SAL@DF_B3000(1.0),Domestic payroll employment by economic activity,I,PERS,Persons,SAL_INT,Domestic payroll employment,Q,Quarterly,_Z,Not applicable,_T,Total - all NACE activities,Y,Calendar and seasonally adjusted data,_Z,Not applicable,2002-Q1,,266544.180111235,,0,Units,,,0,Zero,,
DATAFLOW,LU1:DSD_EMPLOI_SAL@DF_B3000(1.0),Domestic payroll employment by economic activity,I,PERS,Persons,SAL_INT,Domestic payroll employment,Q,Quarterly,_Z,Not applicable,_T,Total - all NACE activities,Y,Calendar and seasonally adjusted data,_Z,Not applicable,2002-Q2,,267080.783688468,,0,Units,,,0,Zero,,
DATAFLOW,LU1:DSD_EMPLOI_SAL@DF_B3000(1.0),Domestic payroll employment by economic activity,I,PERS,Persons,SAL_INT,Domestic payroll employment,Q,Quarterly,_Z,Not applicable,_T,Total - all NACE activities,Y,Calendar and seasonally adjusted data,_Z,Not applicable,2002-Q3,,268068.638982656,,0,Units,,,0,Zero,,
DATAFLOW,LU1:DSD_EMPLOI_SAL@DF_B3000(1.0),Domestic payroll employment by economic activity,I,PERS,Persons,SAL_INT,Domestic payroll employment,Q,Quarterly,_Z,Not applicable,_T,Total - all NACE activities,Y,Calendar and seasonally adjusted data,_Z,Not applicable,2002-Q4,,269488.272370106,,0,Units,,,0,Zero,,
DATAFLOW,LU1:DSD_EMPLOI_SAL@DF_B3000(1.0),Domestic payroll employment by economic activity,I,PERS,Persons,SAL_INT,Domestic payroll employment,Q,Quarterly,_Z,Not applicable,_T,Total - all NACE activities,Y,Calendar and seasonally adjusted data,_Z,Not applicable,2003-Q1,,271285.412487113,,0,Units,,,0,Zero,,
DATAFLOW,LU1:DSD_EMPLOI_SAL@DF_B3000(1.0),Domestic payroll employment by economic activity,I,PERS,Persons,SAL_INT,Domestic payroll employment,Q,Quarterly,_Z,Not applicable,_T,Total - all NACE activities,Y,Calendar and seasonally adjusted data,_Z,Not applicable,2003-Q2,,272317.102870445,,0,Units,,,0,Zero,,
DATAFLOW,LU1:DSD_EMPLOI_SAL@DF_B3000(1.0),Domestic payroll employment by economic activity,I,PERS,Persons,SAL_INT,Domestic payroll employment,Q,Quarterly,_Z,Not applicable,_T,Total - all NACE activities,Y,Calendar and seasonally adjusted data,_Z,Not applicable,2003-Q3,,273789.55057473,,0,Units,,,0,Zero,,
DATAFLOW,LU1:DSD_EMPLOI_SAL@DF_B3000(1.0),Domestic payroll employment by economic activity,I,PERS,Persons,SAL_INT,Domestic payroll employment,Q,Quarterly,_Z,Not applicable,_T,Total - all NACE activities,Y,Calendar and seasonally adjusted data,_Z,Not applicable,2003-Q4,,275367.286095347,,0,Units,,,0,Zero,,
DATAFLOW,LU1:DSD_EMPLOI_SAL@DF_B3000(1.0),Domestic payroll employment by economic activity,I,PERS,Persons,SAL_INT,Domestic payroll employment,Q,Quarterly,_Z,Not applicable,_T,Total - all NACE activities,Y,Calendar and seasonally adjusted data,_Z,Not applicable,2004-Q1,,276362.226088022,,0,Units,,,0,Zero,,
DATAFLOW,LU1:DSD_EMPLOI_SAL@DF_B3000(1.0),Domestic payroll employment by economic activity,I,PERS,Persons,SAL_INT,Domestic payroll employment,Q,Quarterly,_Z,Not applicable,_T,Total - all NACE activities,Y,Calendar and seasonally adjusted data,_Z,Not applicable,2004-Q2,,278742.028259368,,0,Units,,,0,Zero,,
DATAFLOW,LU1:DSD_EMPLOI_SAL@DF_B3000(1.0),Domestic payroll employment by economic activity,I,PERS,Persons,SAL_INT,Domestic payroll employment,Q,Quarterly,_Z,Not applicable,_T,Total - all NACE activities,Y,Calendar and seasonally adjusted data,_Z,Not applicable,2004-Q3,,280504.78460768,,0,Units,,,0,Zero,,
DATAFLOW,LU1:DSD_EMPLOI_SAL@DF_B3000(1.0),Domestic payroll employment by economic activity,I,PERS,Persons,SAL_INT,Domestic payroll employment,Q,Quarterly,_Z,Not applicable,_T,Total - all NACE activities,Y,Calendar and seasonally adjusted data,_Z,Not applicable,2004-Q4,,282143.944947341,,0,Units,,,0,Zero,,
DATAFLOW,LU1:DSD_EMPLOI_SAL@DF_B3000(1.0),Domestic payroll employment by economic activity,I,PERS,Persons,SAL_INT,Domestic payroll employment,Q,Quarterly,_Z,Not applicable,_T,Total - all NACE activities,Y,Calendar and seasonally adjusted data,_Z,Not applicable,2005-Q1,,283903.851521623,,0,Units,,,0,Zero,,
DATAFLOW,LU1:DSD_EMPLOI_SAL@DF_B3000(1.0),Domestic payroll employment by economic activity,I,PERS,Persons,SAL_INT,Domestic payroll employment,Q,Quarterly,_Z,Not applicable,_T,Total - all NACE activities,Y,Calendar and seasonally adjusted data,_Z,Not applicable,2005-Q2,,285877.150740632,,0,Units,,,0,Zero,,
DATAFLOW,LU1:DSD_EMPLOI_SAL@DF_B3000(1.0),Domestic payroll employment by economic activity,I,PERS,Persons,SAL_INT,Domestic payroll employment,Q,Quarterly,_Z,Not applicable,_T,Total - all NACE activities,Y,Calendar and seasonally adjusted data,_Z,Not applicable,2005-Q3,,288296.08435417,,0,Units,,,0,Zero,,
DATAFLOW,LU1:DSD_EMPLOI_SAL@DF_B3000(1.0),Domestic payroll employment by economic activity,I,PERS,Persons,SAL_INT,Domestic payroll employment,Q,Quarterly,_Z,Not applicable,_T,Total - all NACE activities,Y,Calendar and seasonally adjusted data,_Z,Not applicable,2005-Q4,,290673.055793079,,0,Units,,,0,Zero,,
DATAFLOW,LU1:DSD_EMPLOI_SAL@DF_B3000(1.0),Domestic payroll employment by economic activity,I,PERS,Persons,SAL_INT,Domestic payroll employment,Q,Quarterly,_Z,Not applicable,_T,Total - all NACE activities,Y,Calendar and seasonally adjusted data,_Z,Not applicable,2006-Q1,,294549.992965437,,0,Units,,,0,Zero,,
DATAFLOW,LU1:DSD_EMPLOI_SAL@DF_B3000(1.0),Domestic payroll employment by economic activity,I,PERS,Persons,SAL_INT,Domestic payroll employment,Q,Quarterly,_Z,Not applicable,_T,Total - all NACE activities,Y,Calendar and seasonally adjusted data,_Z,Not applicable,2006-Q2,,297609.414349444,,0,Units,,,0,Zero,,
DATAFLOW,LU1:DSD_EMPLOI_SAL@DF_B3000(1.0),Domestic payroll employment by economic activity,I,PERS,Persons,SAL_INT,Domestic payroll employment,Q,Quarterly,_Z,Not applicable,_T,Total - all NACE activities,Y,Calendar and seasonally adjusted data,_Z,Not applicable,2006-Q3,,300358.048541116,,0,Units,,,0,Zero,,
DATAFLOW,LU1:DSD_EMPLOI_SAL@DF_B3000(1.0),Domestic payroll employment by economic activity,I,PERS,Persons,SAL_INT,Domestic payroll employment,Q,Quarterly,_Z,Not applicable,_T,Total - all NACE activities,Y,Calendar and seasonally adjusted data,_Z,Not applicable,2006-Q4,,303456.167331653,,0,Units,,,0,Zero,,
DATAFLOW,LU1:DSD_EMPLOI_SAL@DF_B3000(1.0),Domestic payroll employment by economic activity,I,PERS,Persons,SAL_INT,Domestic payroll employment,Q,Quarterly,_Z,Not applicable,_T,Total - all NACE activities,Y,Calendar and seasonally adjusted data,_Z,Not applicable,2007-Q1,,306885.2511321,,0,Units,,,0,Zero,,
DATAFLOW,LU1:DSD_EMPLOI_SAL@DF_B3000(1.0),Domestic payroll employment by economic activity,I,PERS,Persons,SAL_INT,Domestic payroll employment,Q,Quarterly,_Z,Not applicable,_T,Total - all NACE activities,Y,Calendar and seasonally adjusted data,_Z,Not applicable,2007-Q2,,310566.507172914,,0,Units,,,0,Zero,,
DATAFLOW,LU1:DSD_EMPLOI_SAL@DF_B3000(1.0),Domestic payroll employment by economic activity,I,PERS,Persons,SAL_INT,Domestic payroll employment,Q,Quarterly,_Z,Not applicable,_T,Total - all NACE activities,Y,Calendar and seasonally adjusted data,_Z,Not applicable,2007-Q3,,314425.915363174,,0,Units,,,0,Zero,,
DATAFLOW,LU1:DSD_EMPLOI_SAL@DF_B3000(1.0),Domestic payroll employment by economic activity,I,PERS,Persons,SAL_INT,Domestic payroll employment,Q,Quarterly,_Z,Not applicable,_T,Total - all NACE activities,Y,Calendar and seasonally adjusted data,_Z,Not applicable,2007-Q4,,318493.875932838,,0,Units,,,0,Zero,,
DATAFLOW,LU1:DSD_EMPLOI_SAL@DF_B3000(1.0),Domestic payroll employment by economic activity,I,PERS,Persons,SAL_INT,Domestic payroll employment,Q,Quarterly,_Z,Not applicable,_T,Total - all NACE activities,Y,Calendar and seasonally adjusted data,_Z,Not applicable,2008-Q1,,323254.210858012,,0,Units,,,0,Zero,,
DATAFLOW,LU1:DSD_EMPLOI_SAL@DF_B3000(1.0),Domestic payroll employment by economic activity,I,PERS,Persons,SAL_INT,Domestic payroll employment,Q,Quarterly,_Z,Not applicable,_T,Total - all NACE activities,Y,Calendar and seasonally adjusted data,_Z,Not applicable,2008-Q2,,326343.295757064,,0,Units,,,0,Zero,,
DATAFLOW,LU1:DSD_EMPLOI_SAL@DF_B3000(1.0),Domestic payroll employment by economic activity,I,PERS,Persons,SAL_INT,Domestic payroll employment,Q,Quarterly,_Z,Not applicable,_T,Total - all NACE activities,Y,Calendar and seasonally adjusted data,_Z,Not applicable,2008-Q3,,329960.895594011,,0,Units,,,0,Zero,,
DATAFLOW,LU1:DSD_EMPLOI_SAL@DF_B3000(1.0),Domestic payroll employment by economic activity,I,PERS,Persons,SAL_INT,Domestic payroll employment,Q,Quarterly,_Z,Not applicable,_T,Total - all NACE activities,Y,Calendar and seasonally adjusted data,_Z,Not applicable,2008-Q4,,331611.998219579,,0,Units,,,0,Zero,,
DATAFLOW,LU1:DSD_EMPLOI_SAL@DF_B3000(1.0),Domestic payroll employment by economic activity,I,PERS,Persons,SAL_INT,Domestic payroll employment,Q,Quarterly,_Z,Not applicable,_T,Total - all NACE activities,Y,Calendar and seasonally adjusted data,_Z,Not applicable,2009-Q1,,330993.177427596,,0,Units,,,0,Zero,,
DATAFLOW,LU1:DSD_EMPLOI_SAL@DF_B3000(1.0),Domestic payroll employment by economic activity,I,PERS,Persons,SAL_INT,Domestic payroll employment,Q,Quarterly,_Z,Not applicable,_T,Total - all NACE activities,Y,Calendar and seasonally adjusted data,_Z,Not applicable,2009-Q2,,330146.014237272,,0,Units,,,0,Zero,,
DATAFLOW,LU1:DSD_EMPLOI_SAL@DF_B3000(1.0),Domestic payroll employment by economic activity,I,PERS,Persons,SAL_INT,Domestic payroll employment,Q,Quarterly,_Z,Not applicable,_T,Total - all NACE activities,Y,Calendar and seasonally adjusted data,_Z,Not applicable,2009-Q3,,330460.660447669,,0,Units,,,0,Zero,,
DATAFLOW,LU1:DSD_EMPLOI_SAL@DF_B3000(1.0),Domestic payroll employment by economic activity,I,PERS,Persons,SAL_INT,Domestic payroll employment,Q,Quarterly,_Z,Not applicable,_T,Total - all NACE activities,Y,Calendar and seasonally adjusted data,_Z,Not applicable,2009-Q4,,332086.760867205,,0,Units,,,0,Zero,,
DATAFLOW,LU1:DSD_EMPLOI_SAL@DF_B3000(1.0),Domestic payroll employment by economic activity,I,PERS,Persons,SAL_INT,Domestic payroll employment,Q,Quarterly,_Z,Not applicable,_T,Total - all NACE activities,Y,Calendar and seasonally adjusted data,_Z,Not applicable,2010-Q1,,333958.868320624,,0,Units,,,0,Zero,,
DATAFLOW,LU1:DSD_EMPLOI_SAL@DF_B3000(1.0),Domestic payroll employment by economic activity,I,PERS,Persons,SAL_INT,Domestic payroll employment,Q,Quarterly,_Z,Not applicable,_T,Total - all NACE activities,Y,Calendar and seasonally adjusted data,_Z,Not applicable,2010-Q2,,335913.711947556,,0,Units,,,0,Zero,,
DATAFLOW,LU1:DSD_EMPLOI_SAL@DF_B3000(1.0),Domestic payroll employment by economic activity,I,PERS,Persons,SAL_INT,Domestic payroll employment,Q,Quarterly,_Z,Not applicable,_T,Total - all NACE activities,Y,Calendar and seasonally adjusted data,_Z,Not applicable,2010-Q3,,338050.788010679,,0,Units,,,0,Zero,,
DATAFLOW,LU1:DSD_EMPLOI_SAL@DF_B3000(1.0),Domestic payroll employment by economic activity,I,PERS,Persons,SAL_INT,Domestic payroll employment,Q,Quarterly,_Z,Not applicable,_T,Total - all NACE activities,Y,Calendar and seasonally adjusted data,_Z,Not applicable,2010-Q4,,340132.402970122,,0,Units,,,0,Zero,,
DATAFLOW,LU1:DSD_EMPLOI_SAL@DF_B3000(1.0),Domestic payroll employment by economic activity,I,PERS,Persons,SAL_INT,Domestic payroll employment,Q,Quarterly,_Z,Not applicable,_T,Total - all NACE activities,Y,Calendar and seasonally adjusted data,_Z,Not applicable,2011-Q1,,342813.165010052,,0,Units,,,0,Zero,,
DATAFLOW,LU1:DSD_EMPLOI_SAL@DF_B3000(1.0),Domestic payroll employment by economic activity,I,PERS,Persons,SAL_INT,Domestic payroll employment,Q,Quarterly,_Z,Not applicable,_T,Total - all NACE activities,Y,Calendar and seasonally adjusted data,_Z,Not applicable,2011-Q2,,346192.74196002,,0,Units,,,0,Zero,,
DATAFLOW,LU1:DSD_EMPLOI_SAL@DF_B3000(1.0),Domestic payroll employment by economic activity,I,PERS,Persons,SAL_INT,Domestic payroll employment,Q,Quarterly,_Z,Not applicable,_T,Total - all NACE activities,Y,Calendar and seasonally adjusted data,_Z,Not applicable,2011-Q3,,348703.475846731,,0,Units,,,0,Zero,,
DATAFLOW,LU1:DSD_EMPLOI_SAL@DF_B3000(1.0),Domestic payroll employment by economic activity,I,PERS,Persons,SAL_INT,Domestic payroll employment,Q,Quarterly,_Z,Not applicable,_T,Total - all NACE activities,Y,Calendar and seasonally adjusted data,_Z,Not applicable,2011-Q4,,350428.41407681,,0,Units,,,0,Zero,,
DATAFLOW,LU1:DSD_EMPLOI_SAL@DF_B3000(1.0),Domestic payroll employment by economic activity,I,PERS,Persons,SAL_INT,Domestic payroll employment,Q,Quarterly,_Z,Not applicable,_T,Total - all NACE activities,Y,Calendar and seasonally adjusted data,_Z,Not applicable,2012-Q1,,352880.077305146,,0,Units,,,0,Zero,,
DATAFLOW,LU1:DSD_EMPLOI_SAL@DF_B3000(1.0),Domestic payroll employment by economic activity,I,PERS,Persons,SAL_INT,Domestic payroll employment,Q,Quarterly,_Z,Not applicable,_T,Total - all NACE activities,Y,Calendar and seasonally adjusted data,_Z,Not applicable,2012-Q2,,354766.384529762,,0,Units,,,0,Zero,,
DATAFLOW,LU1:DSD_EMPLOI_SAL@DF_B3000(1.0),Domestic payroll employment by economic activity,I,PERS,Persons,SAL_INT,Domestic payroll employment,Q,Quarterly,_Z,Not applicable,_T,Total - all NACE activities,Y,Calendar and seasonally adjusted data,_Z,Not applicable,2012-Q3,,356461.614776106,,0,Units,,,0,Zero,,
DATAFLOW,LU1:DSD_EMPLOI_SAL@DF_B3000(1.0),Domestic payroll employment by economic activity,I,PERS,Persons,SAL_INT,Domestic payroll employment,Q,Quarterly,_Z,Not applicable,_T,Total - all NACE activities,Y,Calendar and seasonally adjusted data,_Z,Not applicable,2012-Q4,,358391.821474078,,0,Units,,,0,Zero,,
DATAFLOW,LU1:DSD_EMPLOI_SAL@DF_B3000(1.0),Domestic payroll employment by economic activity,I,PERS,Persons,SAL_INT,Domestic payroll employment,Q,Quarterly,_Z,Not applicable,_T,Total - all NACE activities,Y,Calendar and seasonally adjusted data,_Z,Not applicable,2013-Q1,,359079.705884787,,0,Units,,,0,Zero,,
DATAFLOW,LU1:DSD_EMPLOI_SAL@DF_B3000(1.0),Domestic payroll employment by economic activity,I,PERS,Persons,SAL_INT,Domestic payroll employment,Q,Quarterly,_Z,Not applicable,_T,Total - all NACE activities,Y,Calendar and seasonally adjusted data,_Z,Not applicable,2013-Q2,,360902.38426434,,0,Units,,,0,Zero,,
DATAFLOW,LU1:DSD_EMPLOI_SAL@DF_B3000(1.0),Domestic payroll employment by economic activity,I,PERS,Persons,SAL_INT,Domestic payroll employment,Q,Quarterly,_Z,Not applicable,_T,Total - all NACE activities,Y,Calendar and seasonally adjusted data,_Z,Not applicable,2013-Q3,,362914.091152519,,0,Units,,,0,Zero,,
DATAFLOW,LU1:DSD_EMPLOI_SAL@DF_B3000(1.0),Domestic payroll employment by economic activity,I,PERS,Persons,SAL_INT,Domestic payroll employment,Q,Quarterly,_Z,Not applicable,_T,Total - all NACE activities,Y,Calendar and seasonally adjusted data,_Z,Not applicable,2013-Q4,,365057.460221365,,0,Units,,,0,Zero,,
DATAFLOW,LU1:DSD_EMPLOI_SAL@DF_B3000(1.0),Domestic payroll employment by economic activity,I,PERS,Persons,SAL_INT,Domestic payroll employment,Q,Quarterly,_Z,Not applicable,_T,Total - all NACE activities,Y,Calendar and seasonally adjusted data,_Z,Not applicable,2014-Q1,,367738.693834327,,0,Units,,,0,Zero,,
DATAFLOW,LU1:DSD_EMPLOI_SAL@DF_B3000(1.0),Domestic payroll employment by economic activity,I,PERS,Persons,SAL_INT,Domestic payroll employment,Q,Quarterly,_Z,Not applicable,_T,Total - all NACE activities,Y,Calendar and seasonally adjusted data,_Z,Not applicable,2014-Q2,,369839.535686635,,0,Units,,,0,Zero,,
DATAFLOW,LU1:DSD_EMPLOI_SAL@DF_B3000(1.0),Domestic payroll employment by economic activity,I,PERS,Persons,SAL_INT,Domestic payroll employment,Q,Quarterly,_Z,Not applicable,_T,Total - all NACE activities,Y,Calendar and seasonally adjusted data,_Z,Not applicable,2014-Q3,,372196.817546507,,0,Units,,,0,Zero,,
DATAFLOW,LU1:DSD_EMPLOI_SAL@DF_B3000(1.0),Domestic payroll employment by economic activity,I,PERS,Persons,SAL_INT,Domestic payroll employment,Q,Quarterly,_Z,Not applicable,_T,Total - all NACE activities,Y,Calendar and seasonally adjusted data,_Z,Not applicable,2014-Q4,,374417.169572685,,0,Units,,,0,Zero,,
DATAFLOW,LU1:DSD_EMPLOI_SAL@DF_B3000(1.0),Domestic payroll employment by economic activity,I,PERS,Persons,SAL_INT,Domestic payroll employment,Q,Quarterly,_Z,Not applicable,_T,Total - all NACE activities,Y,Calendar and seasonally adjusted data,_Z,Not applicable,2015-Q1,,376484.740391908,,0,Units,,,0,Zero,,
DATAFLOW,LU1:DSD_EMPLOI_SAL@DF_B3000(1.0),Domestic payroll employment by economic activity,I,PERS,Persons,SAL_INT,Domestic payroll employment,Q,Quarterly,_Z,Not applicable,_T,Total - all NACE activities,Y,Calendar and seasonally adjusted data,_Z,Not applicable,2015-Q2,,379190.419003072,,0,Units,,,0,Zero,,
DATAFLOW,LU1:DSD_EMPLOI_SAL@DF_B3000(1.0),Domestic payroll employment by economic activity,I,PERS,Persons,SAL_INT,Domestic payroll employment,Q,Quarterly,_Z,Not applicable,_T,Total - all NACE activities,Y,Calendar and seasonally adjusted data,_Z,Not applicable,2015-Q3,,382014.761813039,,0,Units,,,0,Zero,,
DATAFLOW,LU1:DSD_EMPLOI_SAL@DF_B3000(1.0),Domestic payroll employment by economic activity,I,PERS,Persons,SAL_INT,Domestic payroll employment,Q,Quarterly,_Z,Not applicable,_T,Total - all NACE activities,Y,Calendar and seasonally adjusted data,_Z,Not applicable,2015-Q4,,384700.338804875,,0,Units,,,0,Zero,,
DATAFLOW,LU1:DSD_EMPLOI_SAL@DF_B3000(1.0),Domestic payroll employment by economic activity,I,PERS,Persons,SAL_INT,Domestic payroll employment,Q,Quarterly,_Z,Not applicable,_T,Total - all NACE activities,Y,Calendar and seasonally adjusted data,_Z,Not applicable,2016-Q1,,387419.43821574,,0,Units,,,0,Zero,,
DATAFLOW,LU1:DSD_EMPLOI_SAL@DF_B3000(1.0),Domestic payroll employment by economic activity,I,PERS,Persons,SAL_INT,Domestic payroll employment,Q,Quarterly,_Z,Not applicable,_T,Total - all NACE activities,Y,Calendar and seasonally adjusted data,_Z,Not applicable,2016-Q2,,390334.4137413,,0,Units,,,0,Zero,,
DATAFLOW,LU1:DSD_EMPLOI_SAL@DF_B3000(1.0),Domestic payroll employment by economic activity,I,PERS,Persons,SAL_INT,Domestic payroll employment,Q,Quarterly,_Z,Not applicable,_T,Total - all NACE activities,Y,Calendar and seasonally adjusted data,_Z,Not applicable,2016-Q3,,393838.083348684,,0,Units,,,0,Zero,,
DATAFLOW,LU1:DSD_EMPLOI_SAL@DF_B3000(1.0),Domestic payroll employment by economic activity,I,PERS,Persons,SAL_INT,Domestic payroll employment,Q,Quarterly,_Z,Not applicable,_T,Total - all NACE activities,Y,Calendar and seasonally adjusted data,_Z,Not applicable,2016-Q4,,397288.702639822,,0,Units,,,0,Zero,,
DATAFLOW,LU1:DSD_EMPLOI_SAL@DF_B3000(1.0),Domestic payroll employment by economic activity,I,PERS,Persons,SAL_INT,Domestic payroll employment,Q,Quarterly,_Z,Not applicable,_T,Total - all NACE activities,Y,Calendar and seasonally adjusted data,_Z,Not applicable,2017-Q1,,400765.489008522,,0,Units,,,0,Zero,,
DATAFLOW,LU1:DSD_EMPLOI_SAL@DF_B3000(1.0),Domestic payroll employment by economic activity,I,PERS,Persons,SAL_INT,Domestic payroll employment,Q,Quarterly,_Z,Not applicable,_T,Total - all NACE activities,Y,Calendar and seasonally adjusted data,_Z,Not applicable,2017-Q2,,404398.19439334,,0,Units,,,0,Zero,,
DATAFLOW,LU1:DSD_EMPLOI_SAL@DF_B3000(1.0),Domestic payroll employment by economic activity,I,PERS,Persons,SAL_INT,Domestic payroll employment,Q,Quarterly,_Z,Not applicable,_T,Total - all NACE activities,Y,Calendar and seasonally adjusted data,_Z,Not applicable,2017-Q3,,407966.131202884,,0,Units,,,0,Zero,,
DATAFLOW,LU1:DSD_EMPLOI_SAL@DF_B3000(1.0),Domestic payroll employment by economic activity,I,PERS,Persons,SAL_INT,Domestic payroll employment,Q,Quarterly,_Z,Not applicable,_T,Total - all NACE activities,Y,Calendar and seasonally adjusted data,_Z,Not applicable,2017-Q4,,412322.822975147,,0,Units,,,0,Zero,,
DATAFLOW,LU1:DSD_EMPLOI_SAL@DF_B3000(1.0),Domestic payroll employment by economic activity,I,PERS,Persons,SAL_INT,Domestic payroll employment,Q,Quarterly,_Z,Not applicable,_T,Total - all NACE activities,Y,Calendar and seasonally adjusted data,_Z,Not applicable,2018-Q1,,415923.136912452,,0,Units,,,0,Zero,,
DATAFLOW,LU1:DSD_EMPLOI_SAL@DF_B3000(1.0),Domestic payroll employment by economic activity,I,PERS,Persons,SAL_INT,Domestic payroll employment,Q,Quarterly,_Z,Not applicable,_T,Total - all NACE activities,Y,Calendar and seasonally adjusted data,_Z,Not applicable,2018-Q2,,419265.162628033,,0,Units,,,0,Zero,,
DATAFLOW,LU1:DSD_EMPLOI_SAL@DF_B3000(1.0),Domestic payroll employment by economic activity,I,PERS,Persons,SAL_INT,Domestic payroll employment,Q,Quarterly,_Z,Not applicable,_T,Total - all NACE activities,Y,Calendar and seasonally adjusted data,_Z,Not applicable,2018-Q3,,422679.574976615,,0,Units,,,0,Zero,,
DATAFLOW,LU1:DSD_EMPLOI_SAL@DF_B3000(1.0),Domestic payroll employment by economic activity,I,PERS,Persons,SAL_INT,Domestic payroll employment,Q,Quarterly,_Z,Not applicable,_T,Total - all NACE activities,Y,Calendar and seasonally adjusted data,_Z,Not applicable,2018-Q4,,426507.843106035,,0,Units,,,0,Zero,,
DATAFLOW,LU1:DSD_EMPLOI_SAL@DF_B3000(1.0),Domestic payroll employment by economic activity,I,PERS,Persons,SAL_INT,Domestic payroll employment,Q,Quarterly,_Z,Not applicable,_T,Total - all NACE activities,Y,Calendar and seasonally adjusted data,_Z,Not applicable,2019-Q1,,431105.266183154,,0,Units,,,0,Zero,,
DATAFLOW,LU1:DSD_EMPLOI_SAL@DF_B3000(1.0),Domestic payroll employment by economic activity,I,PERS,Persons,SAL_INT,Domestic payroll employment,Q,Quarterly,_Z,Not applicable,_T,Total - all NACE activities,Y,Calendar and seasonally adjusted data,_Z,Not applicable,2019-Q2,,434833.363159965,,0,Units,,,0,Zero,,
DATAFLOW,LU1:DSD_EMPLOI_SAL@DF_B3000(1.0),Domestic payroll employment by economic activity,I,PERS,Persons,SAL_INT,Domestic payroll employment,Q,Quarterly,_Z,Not applicable,_T,Total - all NACE activities,Y,Calendar and seasonally adjusted data,_Z,Not applicable,2019-Q3,,437987.776051975,,0,Units,,,0,Zero,,
DATAFLOW,LU1:DSD_EMPLOI_SAL@DF_B3000(1.0),Domestic payroll employment by economic activity,I,PERS,Persons,SAL_INT,Domestic payroll employment,Q,Quarterly,_Z,Not applicable,_T,Total - all NACE activities,Y,Calendar and seasonally adjusted data,_Z,Not applicable,2019-Q4,,441488.952808131,,0,Units,,,0,Zero,,
DATAFLOW,LU1:DSD_EMPLOI_SAL@DF_B3000(1.0),Domestic payroll employment by economic activity,I,PERS,Persons,SAL_INT,Domestic payroll employment,Q,Quarterly,_Z,Not applicable,_T,Total - all NACE activities,Y,Calendar and seasonally adjusted data,_Z,Not applicable,2020-Q1,,442583.688940547,,0,Units,,,0,Zero,,
DATAFLOW,LU1:DSD_EMPLOI_SAL@DF_B3000(1.0),Domestic payroll employment by economic activity,I,PERS,Persons,SAL_INT,Domestic payroll employment,Q,Quarterly,_Z,Not applicable,_T,Total - all NACE activities,Y,Calendar and seasonally adjusted data,_Z,Not applicable,2020-Q2,,439671.836097141,,0,Units,,,0,Zero,,
DATAFLOW,LU1:DSD_EMPLOI_SAL@DF_B3000(1.0),Domestic payroll employment by economic activity,I,PERS,Persons,SAL_INT,Domestic payroll employment,Q,Quarterly,_Z,Not applicable,_T,Total - all NACE activities,Y,Calendar and seasonally adjusted data,_Z,Not applicable,2020-Q3,,445481.732977272,,0,Units,,,0,Zero,,
DATAFLOW,LU1:DSD_EMPLOI_SAL@DF_B3000(1.0),Domestic payroll employment by economic activity,I,PERS,Persons,SAL_INT,Domestic payroll employment,Q,Quarterly,_Z,Not applicable,_T,Total - all NACE activities,Y,Calendar and seasonally adjusted data,_Z,Not applicable,2020-Q4,,447666.040177885,,0,Units,,,0,Zero,,
DATAFLOW,LU1:DSD_EMPLOI_SAL@DF_B3000(1.0),Domestic payroll employment by economic activity,I,PERS,Persons,SAL_INT,Domestic payroll employment,Q,Quarterly,_Z,Not applicable,_T,Total - all NACE activities,Y,Calendar and seasonally adjusted data,_Z,Not applicable,2021-Q1,,450855.585753455,,0,Units,,,0,Zero,,
DATAFLOW,LU1:DSD_EMPLOI_SAL@DF_B3000(1.0),Domestic payroll employment by economic activity,I,PERS,Persons,SAL_INT,Domestic payroll employment,Q,Quarterly,_Z,Not applicable,_T,Total - all NACE activities,Y,Calendar and seasonally adjusted data,_Z,Not applicable,2021-Q2,,454868.182501904,,0,Units,,,0,Zero,,
DATAFLOW,LU1:DSD_EMPLOI_SAL@DF_B3000(1.0),Domestic payroll employment by economic activity,I,PERS,Persons,SAL_INT,Domestic payroll employment,Q,Quarterly,_Z,Not applicable,_T,Total - all NACE activities,Y,Calendar and seasonally adjusted data,_Z,Not applicable,2021-Q3,,458947.294619289,,0,Units,,,0,Zero,,
DATAFLOW,LU1:DSD_EMPLOI_SAL@DF_B3000(1.0),Domestic payroll employment by economic activity,I,PERS,Persons,SAL_INT,Domestic payroll employment,Q,Quarterly,_Z,Not applicable,_T,Total - all NACE activities,Y,Calendar and seasonally adjusted data,_Z,Not applicable,2021-Q4,,463002.848403836,,0,Units,,,0,Zero,,
DATAFLOW,LU1:DSD_EMPLOI_SAL@DF_B3000(1.0),Domestic payroll employment by economic activity,I,PERS,Persons,SAL_INT,Domestic payroll employment,Q,Quarterly,_Z,Not applicable,_T,Total - all NACE activities,Y,Calendar and seasonally adjusted data,_Z,Not applicable,2022-Q1,,466972.661726344,,0,Units,,,0,Zero,,
DATAFLOW,LU1:DSD_EMPLOI_SAL@DF_B3000(1.0),Domestic payroll employment by economic activity,I,PERS,Persons,SAL_INT,Domestic payroll employment,Q,Quarterly,_Z,Not applicable,_T,Total - all NACE activities,Y,Calendar and seasonally adjusted data,_Z,Not applicable,2022-Q2,,470774.176231733,,0,Units,,,0,Zero,,
DATAFLOW,LU1:DSD_EMPLOI_SAL@DF_B3000(1.0),Domestic payroll employment by economic activity,I,PERS,Persons,SAL_INT,Domestic payroll employment,Q,Quarterly,_Z,Not applicable,_T,Total - all NACE activities,Y,Calendar and seasonally adjusted data,_Z,Not applicable,2022-Q3,,474447.832741533,,0,Units,,,0,Zero,,
DATAFLOW,LU1:DSD_EMPLOI_SAL@DF_B3000(1.0),Domestic payroll employment by economic activity,I,PERS,Persons,SAL_INT,Domestic payroll employment,Q,Quarterly,_Z,Not applicable,_T,Total - all NACE activities,Y,Calendar and seasonally adjusted data,_Z,Not applicable,2022-Q4,,477113.750492098,,0,Units,,,0,Zero,,
DATAFLOW,LU1:DSD_EMPLOI_SAL@DF_B3000(1.0),Domestic payroll employment by economic activity,I,PERS,Persons,SAL_INT,Domestic payroll employment,Q,Quarterly,_Z,Not applicable,_T,Total - all NACE activities,Y,Calendar and seasonally adjusted data,_Z,Not applicable,2023-Q1,,478978.927428401,,0,Units,,,0,Zero,,
DATAFLOW,LU1:DSD_EMPLOI_SAL@DF_B3000(1.0),Domestic payroll employment by economic activity,I,PERS,Persons,SAL_INT,Domestic payroll employment,Q,Quarterly,_Z,Not applicable,_T,Total - all NACE activities,Y,Calendar and seasonally adjusted data,_Z,Not applicable,2023-Q2,,481120.340464763,,0,Units,,,0,Zero,,
DATAFLOW,LU1:DSD_EMPLOI_SAL@DF_B3000(1.0),Domestic payroll employment by economic activity,I,PERS,Persons,SAL_INT,Domestic payroll employment,Q,Quarterly,_Z,Not applicable,_T,Total - all NACE activities,Y,Calendar and seasonally adjusted data,_Z,Not applicable,2023-Q3,,481906.705411625,,0,Units,,,0,Zero,,
DATAFLOW,LU1:DSD_EMPLOI_SAL@DF_B3000(1.0),Domestic payroll employment by economic activity,I,PERS,Persons,SAL_INT,Domestic payroll employment,Q,Quarterly,_Z,Not applicable,_T,Total - all NACE activities,Y,Calendar and seasonally adjusted data,_Z,Not applicable,2023-Q4,,483283.670533706,,0,Units,,,0,Zero,,
DATAFLOW,LU1:DSD_EMPLOI_SAL@DF_B3000(1.0),Domestic payroll employment by economic activity,I,PERS,Persons,SAL_INT,Domestic payroll employment,Q,Quarterly,_Z,Not applicable,_T,Total - all NACE activities,Y,Calendar and seasonally adjusted data,_Z,Not applicable,2024-Q1,,484688.59731348,,0,Units,,,0,Zero,,
DATAFLOW,LU1:DSD_EMPLOI_SAL@DF_B3000(1.0),Domestic payroll employment by economic activity,I,PERS,Persons,SAL_INT,Domestic payroll employment,Q,Quarterly,_Z,Not applicable,_T,Total - all NACE activities,Y,Calendar and seasonally adjusted data,_Z,Not applicable,2024-Q2,,485195.368507542,,0,Units,,,0,Zero,,
DATAFLOW,LU1:DSD_EMPLOI_SAL@DF_B3000(1.0),Domestic payroll employment by economic activity,I,PERS,Persons,SAL_INT,Domestic payroll employment,Q,Quarterly,_Z,Not applicable,_T,Total - all NACE activities,Y,Calendar and seasonally adjusted data,_Z,Not applicable,2024-Q3,,485524.746348854,,0,Units,,,0,Zero,,
DATAFLOW,LU1:DSD_EMPLOI_SAL@DF_B3000(1.0),Domestic payroll employment by economic activity,I,PERS,Persons,SAL_INT,Domestic payroll employment,Q,Quarterly,_Z,Not applicable,_T,Total - all NACE activities,Y,Calendar and seasonally adjusted data,_Z,Not applicable,2024-Q4,,486769.18183792,,0,Units,,,0,Zero,,
DATAFLOW,LU1:DSD_EMPLOI_SAL@DF_B3000(1.0),Domestic payroll employment by economic activity,I,PERS,Persons,SAL_INT,Domestic payroll employment,Q,Quarterly,_Z,Not applicable,_T,Total - all NACE activities,Y,Calendar and seasonally adjusted data,_Z,Not applicable,2025-Q1,,488079.105314907,,0,Units,,,0,Zero,,
DATAFLOW,LU1:DSD_EMPLOI_SAL@DF_B3000(1.0),Domestic payroll employment by economic activity,I,PERS,Persons,SAL_INT,Domestic payroll employment,Q,Quarterly,_Z,Not applicable,_T,Total - all NACE activities,Y,Calendar and seasonally adjusted data,_Z,Not applicable,2025-Q2,,489570.443415802,,0,Units,,,0,Zero,,
DATAFLOW,LU1:DSD_EMPLOI_SAL@DF_B3000(1.0),Domestic payroll employment by economic activity,I,PERS,Persons,SAL_INT,Domestic payroll employment,Q,Quarterly,_Z,Not applicable,_T,Total - all NACE activities,Y,Calendar and seasonally adjusted data,_Z,Not applicable,2025-Q3,,491977.315077386,,0,Units,,,0,Zero,,
DATAFLOW,LU1:DSD_EMPLOI_SAL@DF_B3000(1.0),Domestic payroll employment by economic activity,I,PERS,Persons,SAL_INT,Domestic payroll employment,Q,Quarterly,_Z,Not applicable,_T,Total - all NACE activities,Y,Calendar and seasonally adjusted data,_Z,Not applicable,2025-Q4,,493829.022617724,,0,Units,,,0,Zero,,
DATAFLOW,LU1:DSD_EMPLOI_SAL@DF_B3000(1.0),Domestic payroll employment by economic activity,I,PERS,Persons,SAL_INT,Domestic payroll employment,Q,Quarterly,_Z,Not applicable,_T,Total - all NACE activities,Y,Calendar and seasonally adjusted data,_Z,Not applicable,2026-Q1,,495413.863632251,,0,Units,,,0,Zero,,
DATAFLOW,LU1:DSD_EMPLOI_SAL@DF_B3000(1.0),Domestic payroll employment by economic activity,I,PERS,Persons,SAL_INT,Domestic payroll employment,Q,Quarterly,_Z,Not applicable,F,Construction,N,Neither seasonally adjusted nor calendar adjusted data,_Z,Not applicable,1995-Q1,,23399,,0,Units,,,0,Zero,,
DATAFLOW,LU1:DSD_EMPLOI_SAL@DF_B3000(1.0),Domestic payroll employment by economic activity,I,PERS,Persons,SAL_INT,Domestic payroll employment,Q,Quarterly,_Z,Not applicable,F,Construction,N,Neither seasonally adjusted nor calendar adjusted data,_Z,Not applicable,1995-Q2,,23772,,0,Units,,,0,Zero,,
DATAFLOW,LU1:DSD_EMPLOI_SAL@DF_B3000(1.0),Domestic payroll employment by economic activity,I,PERS,Persons,SAL_INT,Domestic payroll employment,Q,Quarterly,_Z,Not applicable,F,Construction,N,Neither seasonally adjusted nor calendar adjusted data,_Z,Not applicable,1995-Q3,,24087,,0,Units,,,0,Zero,,
DATAFLOW,LU1:DSD_EMPLOI_SAL@DF_B3000(1.0),Domestic payroll employment by economic activity,I,PERS,Persons,SAL_INT,Domestic payroll employment,Q,Quarterly,_Z,Not applicable,F,Construction,N,Neither seasonally adjusted nor calendar adjusted data,_Z,Not applicable,1995-Q4,,24523,,0,Units,,,0,Zero,,
DATAFLOW,LU1:DSD_EMPLOI_SAL@DF_B3000(1.0),Domestic payroll employment by economic activity,I,PERS,Persons,SAL_INT,Domestic payroll employment,Q,Quarterly,_Z,Not applicable,F,Construction,N,Neither seasonally adjusted nor calendar adjusted data,_Z,Not applicable,1996-Q1,,24431,,0,Units,,,0,Zero,,
DATAFLOW,LU1:DSD_EMPLOI_SAL@DF_B3000(1.0),Domestic payroll employment by economic activity,I,PERS,Persons,SAL_INT,Domestic payroll employment,Q,Quarterly,_Z,Not applicable,F,Construction,N,Neither seasonally adjusted nor calendar adjusted data,_Z,Not applicable,1996-Q2,,24686,,0,Units,,,0,Zero,,
DATAFLOW,LU1:DSD_EMPLOI_SAL@DF_B3000(1.0),Domestic payroll employment by economic activity,I,PERS,Persons,SAL_INT,Domestic payroll employment,Q,Quarterly,_Z,Not applicable,F,Construction,N,Neither seasonally adjusted nor calendar adjusted data,_Z,Not applicable,1996-Q3,,24551,,0,Units,,,0,Zero,,
DATAFLOW,LU1:DSD_EMPLOI_SAL@DF_B3000(1.0),Domestic payroll employment by economic activity,I,PERS,Persons,SAL_INT,Domestic payroll employment,Q,Quarterly,_Z,Not applicable,F,Construction,N,Neither seasonally adjusted nor calendar adjusted data,_Z,Not applicable,1996-Q4,,24444,,0,Units,,,0,Zero,,
DATAFLOW,LU1:DSD_EMPLOI_SAL@DF_B3000(1.0),Domestic payroll employment by economic activity,I,PERS,Persons,SAL_INT,Domestic payroll employment,Q,Quarterly,_Z,Not applicable,F,Construction,N,Neither seasonally adjusted nor calendar adjusted data,_Z,Not applicable,1997-Q1,,24174,,0,Units,,,0,Zero,,
DATAFLOW,LU1:DSD_EMPLOI_SAL@DF_B3000(1.0),Domestic payroll employment by economic activity,I,PERS,Persons,SAL_INT,Domestic payroll employment,Q,Quarterly,_Z,Not applicable,F,Construction,N,Neither seasonally adjusted nor calendar adjusted data,_Z,Not applicable,1997-Q2,,24756,,0,Units,,,0,Zero,,
DATAFLOW,LU1:DSD_EMPLOI_SAL@DF_B3000(1.0),Domestic payroll employment by economic activity,I,PERS,Persons,SAL_INT,Domestic payroll employment,Q,Quarterly,_Z,Not applicable,F,Construction,N,Neither seasonally adjusted nor calendar adjusted data,_Z,Not applicable,1997-Q3,,25069,,0,Units,,,0,Zero,,
DATAFLOW,LU1:DSD_EMPLOI_SAL@DF_B3000(1.0),Domestic payroll employment by economic activity,I,PERS,Persons,SAL_INT,Domestic payroll employment,Q,Quarterly,_Z,Not applicable,F,Construction,N,Neither seasonally adjusted nor calendar adjusted data,_Z,Not applicable,1997-Q4,,25355,,0,Units,,,0,Zero,,
DATAFLOW,LU1:DSD_EMPLOI_SAL@DF_B3000(1.0),Domestic payroll employment by economic activity,I,PERS,Persons,SAL_INT,Domestic payroll employment,Q,Quarterly,_Z,Not applicable,F,Construction,N,Neither seasonally adjusted nor calendar adjusted data,_Z,Not applicable,1998-Q1,,24742,,0,Units,,,0,Zero,,
DATAFLOW,LU1:DSD_EMPLOI_SAL@DF_B3000(1.0),Domestic payroll employment by economic activity,I,PERS,Persons,SAL_INT,Domestic payroll employment,Q,Quarterly,_Z,Not applicable,F,Construction,N,Neither seasonally adjusted nor calendar adjusted data,_Z,Not applicable,1998-Q2,,25534,,0,Units,,,0,Zero,,
DATAFLOW,LU1:DSD_EMPLOI_SAL@DF_B3000(1.0),Domestic payroll employment by economic activity,I,PERS,Persons,SAL_INT,Domestic payroll employment,Q,Quarterly,_Z,Not applicable,F,Construction,N,Neither seasonally adjusted nor calendar adjusted data,_Z,Not applicable,1998-Q3,,25793,,0,Units,,,0,Zero,,
DATAFLOW,LU1:DSD_EMPLOI_SAL@DF_B3000(1.0),Domestic payroll employment by economic activity,I,PERS,Persons,SAL_INT,Domestic payroll employment,Q,Quarterly,_Z,Not applicable,F,Construction,N,Neither seasonally adjusted nor calendar adjusted data,_Z,Not applicable,1998-Q4,,26084,,0,Units,,,0,Zero,,
DATAFLOW,LU1:DSD_EMPLOI_SAL@DF_B3000(1.0),Domestic payroll employment by economic activity,I,PERS,Persons,SAL_INT,Domestic payroll employment,Q,Quarterly,_Z,Not applicable,F,Construction,N,Neither seasonally adjusted nor calendar adjusted data,_Z,Not applicable,1999-Q1,,25483,,0,Units,,,0,Zero,,
DATAFLOW,LU1:DSD_EMPLOI_SAL@DF_B3000(1.0),Domestic payroll employment by economic activity,I,PERS,Persons,SAL_INT,Domestic payroll employment,Q,Quarterly,_Z,Not applicable,F,Construction,N,Neither seasonally adjusted nor calendar adjusted data,_Z,Not applicable,1999-Q2,,26188,,0,Units,,,0,Zero,,
DATAFLOW,LU1:DSD_EMPLOI_SAL@DF_B3000(1.0),Domestic payroll employment by economic activity,I,PERS,Persons,SAL_INT,Domestic payroll employment,Q,Quarterly,_Z,Not applicable,F,Construction,N,Neither seasonally adjusted nor calendar adjusted data,_Z,Not applicable,1999-Q3,,26472,,0,Units,,,0,Zero,,
DATAFLOW,LU1:DSD_EMPLOI_SAL@DF_B3000(1.0),Domestic payroll employment by economic activity,I,PERS,Persons,SAL_INT,Domestic payroll employment,Q,Quarterly,_Z,Not applicable,F,Construction,N,Neither seasonally adjusted nor calendar adjusted data,_Z,Not applicable,1999-Q4,,26677,,0,Units,,,0,Zero,,
DATAFLOW,LU1:DSD_EMPLOI_SAL@DF_B3000(1.0),Domestic payroll employment by economic activity,I,PERS,Persons,SAL_INT,Domestic payroll employment,Q,Quarterly,_Z,Not applicable,F,Construction,N,Neither seasonally adjusted nor calendar adjusted data,_Z,Not applicable,2000-Q1,,26461,,0,Units,,,0,Zero,,
DATAFLOW,LU1:DSD_EMPLOI_SAL@DF_B3000(1.0),Domestic payroll employment by economic activity,I,PERS,Persons,SAL_INT,Domestic payroll employment,Q,Quarterly,_Z,Not applicable,F,Construction,N,Neither seasonally adjusted nor calendar adjusted data,_Z,Not applicable,2000-Q2,,27228,,0,Units,,,0,Zero,,
DATAFLOW,LU1:DSD_EMPLOI_SAL@DF_B3000(1.0),Domestic payroll employment by economic activity,I,PERS,Persons,SAL_INT,Domestic payroll employment,Q,Quarterly,_Z,Not applicable,F,Construction,N,Neither seasonally adjusted nor calendar adjusted data,_Z,Not applicable,2000-Q3,,27432,,0,Units,,,0,Zero,,
DATAFLOW,LU1:DSD_EMPLOI_SAL@DF_B3000(1.0),Domestic payroll employment by economic activity,I,PERS,Persons,SAL_INT,Domestic payroll employment,Q,Quarterly,_Z,Not applicable,F,Construction,N,Neither seasonally adjusted nor calendar adjusted data,_Z,Not applicable,2000-Q4,,27801,,0,Units,,,0,Zero,,
DATAFLOW,LU1:DSD_EMPLOI_SAL@DF_B3000(1.0),Domestic payroll employment by economic activity,I,PERS,Persons,SAL_INT,Domestic payroll employment,Q,Quarterly,_Z,Not applicable,F,Construction,N,Neither seasonally adjusted nor calendar adjusted data,_Z,Not applicable,2001-Q1,,27899,,0,Units,,,0,Zero,,
DATAFLOW,LU1:DSD_EMPLOI_SAL@DF_B3000(1.0),Domestic payroll employment by economic activity,I,PERS,Persons,SAL_INT,Domestic payroll employment,Q,Quarterly,_Z,Not applicable,F,Construction,N,Neither seasonally adjusted nor calendar adjusted data,_Z,Not applicable,2001-Q2,,28566,,0,Units,,,0,Zero,,
DATAFLOW,LU1:DSD_EMPLOI_SAL@DF_B3000(1.0),Domestic payroll employment by economic activity,I,PERS,Persons,SAL_INT,Domestic payroll employment,Q,Quarterly,_Z,Not applicable,F,Construction,N,Neither seasonally adjusted nor calendar adjusted data,_Z,Not applicable,2001-Q3,,28992,,0,Units,,,0,Zero,,
DATAFLOW,LU1:DSD_EMPLOI_SAL@DF_B3000(1.0),Domestic payroll employment by economic activity,I,PERS,Persons,SAL_INT,Domestic payroll employment,Q,Quarterly,_Z,Not applicable,F,Construction,N,Neither seasonally adjusted nor calendar adjusted data,_Z,Not applicable,2001-Q4,,29364,,0,Units,,,0,Zero,,
DATAFLOW,LU1:DSD_EMPLOI_SAL@DF_B3000(1.0),Domestic payroll employment by economic activity,I,PERS,Persons,SAL_INT,Domestic payroll employment,Q,Quarterly,_Z,Not applicable,F,Construction,N,Neither seasonally adjusted nor calendar adjusted data,_Z,Not applicable,2002-Q1,,29372,,0,Units,,,0,Zero,,
DATAFLOW,LU1:DSD_EMPLOI_SAL@DF_B3000(1.0),Domestic payroll employment by economic activity,I,PERS,Persons,SAL_INT,Domestic payroll employment,Q,Quarterly,_Z,Not applicable,F,Construction,N,Neither seasonally adjusted nor calendar adjusted data,_Z,Not applicable,2002-Q2,,30043,,0,Units,,,0,Zero,,
DATAFLOW,LU1:DSD_EMPLOI_SAL@DF_B3000(1.0),Domestic payroll employment by economic activity,I,PERS,Persons,SAL_INT,Domestic payroll employment,Q,Quarterly,_Z,Not applicable,F,Construction,N,Neither seasonally adjusted nor calendar adjusted data,_Z,Not applicable,2002-Q3,,30201,,0,Units,,,0,Zero,,
DATAFLOW,LU1:DSD_EMPLOI_SAL@DF_B3000(1.0),Domestic payroll employment by economic activity,I,PERS,Persons,SAL_INT,Domestic payroll employment,Q,Quarterly,_Z,Not applicable,F,Construction,N,Neither seasonally adjusted nor calendar adjusted data,_Z,Not applicable,2002-Q4,,30532,,0,Units,,,0,Zero,,
DATAFLOW,LU1:DSD_EMPLOI_SAL@DF_B3000(1.0),Domestic payroll employment by economic activity,I,PERS,Persons,SAL_INT,Domestic payroll employment,Q,Quarterly,_Z,Not applicable,F,Construction,N,Neither seasonally adjusted nor calendar adjusted data,_Z,Not applicable,2003-Q1,,30253,,0,Units,,,0,Zero,,
DATAFLOW,LU1:DSD_EMPLOI_SAL@DF_B3000(1.0),Domestic payroll employment by economic activity,I,PERS,Persons,SAL_INT,Domestic payroll employment,Q,Quarterly,_Z,Not applicable,F,Construction,N,Neither seasonally adjusted nor calendar adjusted data,_Z,Not applicable,2003-Q2,,30867,,0,Units,,,0,Zero,,
DATAFLOW,LU1:DSD_EMPLOI_SAL@DF_B3000(1.0),Domestic payroll employment by economic activity,I,PERS,Persons,SAL_INT,Domestic payroll employment,Q,Quarterly,_Z,Not applicable,F,Construction,N,Neither seasonally adjusted nor calendar adjusted data,_Z,Not applicable,2003-Q3,,30942,,0,Units,,,0,Zero,,
DATAFLOW,LU1:DSD_EMPLOI_SAL@DF_B3000(1.0),Domestic payroll employment by economic activity,I,PERS,Persons,SAL_INT,Domestic payroll employment,Q,Quarterly,_Z,Not applicable,F,Construction,N,Neither seasonally adjusted nor calendar adjusted data,_Z,Not applicable,2003-Q4,,31218,,0,Units,,,0,Zero,,
DATAFLOW,LU1:DSD_EMPLOI_SAL@DF_B3000(1.0),Domestic payroll employment by economic activity,I,PERS,Persons,SAL_INT,Domestic payroll employment,Q,Quarterly,_Z,Not applicable,F,Construction,N,Neither seasonally adjusted nor calendar adjusted data,_Z,Not applicable,2004-Q1,,31073,,0,Units,,,0,Zero,,
DATAFLOW,LU1:DSD_EMPLOI_SAL@DF_B3000(1.0),Domestic payroll employment by economic activity,I,PERS,Persons,SAL_INT,Domestic payroll employment,Q,Quarterly,_Z,Not applicable,F,Construction,N,Neither seasonally adjusted nor calendar adjusted data,_Z,Not applicable,2004-Q2,,31811,,0,Units,,,0,Zero,,
DATAFLOW,LU1:DSD_EMPLOI_SAL@DF_B3000(1.0),Domestic payroll employment by economic activity,I,PERS,Persons,SAL_INT,Domestic payroll employment,Q,Quarterly,_Z,Not applicable,F,Construction,N,Neither seasonally adjusted nor calendar adjusted data,_Z,Not applicable,2004-Q3,,32115,,0,Units,,,0,Zero,,
DATAFLOW,LU1:DSD_EMPLOI_SAL@DF_B3000(1.0),Domestic payroll employment by economic activity,I,PERS,Persons,SAL_INT,Domestic payroll employment,Q,Quarterly,_Z,Not applicable,F,Construction,N,Neither seasonally adjusted nor calendar adjusted data,_Z,Not applicable,2004-Q4,,32461,,0,Units,,,0,Zero,,
DATAFLOW,LU1:DSD_EMPLOI_SAL@DF_B3000(1.0),Domestic payroll employment by economic activity,I,PERS,Persons,SAL_INT,Domestic payroll employment,Q,Quarterly,_Z,Not applicable,F,Construction,N,Neither seasonally adjusted nor calendar adjusted data,_Z,Not applicable,2005-Q1,,32302,,0,Units,,,0,Zero,,
DATAFLOW,LU1:DSD_EMPLOI_SAL@DF_B3000(1.0),Domestic payroll employment by economic activity,I,PERS,Persons,SAL_INT,Domestic payroll employment,Q,Quarterly,_Z,Not applicable,F,Construction,N,Neither seasonally adjusted nor calendar adjusted data,_Z,Not applicable,2005-Q2,,33038,,0,Units,,,0,Zero,,
DATAFLOW,LU1:DSD_EMPLOI_SAL@DF_B3000(1.0),Domestic payroll employment by economic activity,I,PERS,Persons,SAL_INT,Domestic payroll employment,Q,Quarterly,_Z,Not applicable,F,Construction,N,Neither seasonally adjusted nor calendar adjusted data,_Z,Not applicable,2005-Q3,,33405,,0,Units,,,0,Zero,,
DATAFLOW,LU1:DSD_EMPLOI_SAL@DF_B3000(1.0),Domestic payroll employment by economic activity,I,PERS,Persons,SAL_INT,Domestic payroll employment,Q,Quarterly,_Z,Not applicable,F,Construction,N,Neither seasonally adjusted nor calendar adjusted data,_Z,Not applicable,2005-Q4,,33786,,0,Units,,,0,Zero,,
DATAFLOW,LU1:DSD_EMPLOI_SAL@DF_B3000(1.0),Domestic payroll employment by economic activity,I,PERS,Persons,SAL_INT,Domestic payroll employment,Q,Quarterly,_Z,Not applicable,F,Construction,N,Neither seasonally adjusted nor calendar adjusted data,_Z,Not applicable,2006-Q1,,33813,,0,Units,,,0,Zero,,
DATAFLOW,LU1:DSD_EMPLOI_SAL@DF_B3000(1.0),Domestic payroll employment by economic activity,I,PERS,Persons,SAL_INT,Domestic payroll employment,Q,Quarterly,_Z,Not applicable,F,Construction,N,Neither seasonally adjusted nor calendar adjusted data,_Z,Not applicable,2006-Q2,,34621,,0,Units,,,0,Zero,,
DATAFLOW,LU1:DSD_EMPLOI_SAL@DF_B3000(1.0),Domestic payroll employment by economic activity,I,PERS,Persons,SAL_INT,Domestic payroll employment,Q,Quarterly,_Z,Not applicable,F,Construction,N,Neither seasonally adjusted nor calendar adjusted data,_Z,Not applicable,2006-Q3,,34855,,0,Units,,,0,Zero,,
DATAFLOW,LU1:DSD_EMPLOI_SAL@DF_B3000(1.0),Domestic payroll employment by economic activity,I,PERS,Persons,SAL_INT,Domestic payroll employment,Q,Quarterly,_Z,Not applicable,F,Construction,N,Neither seasonally adjusted nor calendar adjusted data,_Z,Not applicable,2006-Q4,,35443,,0,Units,,,0,Zero,,
DATAFLOW,LU1:DSD_EMPLOI_SAL@DF_B3000(1.0),Domestic payroll employment by economic activity,I,PERS,Persons,SAL_INT,Domestic payroll employment,Q,Quarterly,_Z,Not applicable,F,Construction,N,Neither seasonally adjusted nor calendar adjusted data,_Z,Not applicable,2007-Q1,,35583,,0,Units,,,0,Zero,,
DATAFLOW,LU1:DSD_EMPLOI_SAL@DF_B3000(1.0),Domestic payroll employment by economic activity,I,PERS,Persons,SAL_INT,Domestic payroll employment,Q,Quarterly,_Z,Not applicable,F,Construction,N,Neither seasonally adjusted nor calendar adjusted data,_Z,Not applicable,2007-Q2,,36529,,0,Units,,,0,Zero,,
DATAFLOW,LU1:DSD_EMPLOI_SAL@DF_B3000(1.0),Domestic payroll employment by economic activity,I,PERS,Persons,SAL_INT,Domestic payroll employment,Q,Quarterly,_Z,Not applicable,F,Construction,N,Neither seasonally adjusted nor calendar adjusted data,_Z,Not applicable,2007-Q3,,36836,,0,Units,,,0,Zero,,
DATAFLOW,LU1:DSD_EMPLOI_SAL@DF_B3000(1.0),Domestic payroll employment by economic activity,I,PERS,Persons,SAL_INT,Domestic payroll employment,Q,Quarterly,_Z,Not applicable,F,Construction,N,Neither seasonally adjusted nor calendar adjusted data,_Z,Not applicable,2007-Q4,,37397,,0,Units,,,0,Zero,,
DATAFLOW,LU1:DSD_EMPLOI_SAL@DF_B3000(1.0),Domestic payroll employment by economic activity,I,PERS,Persons,SAL_INT,Domestic payroll employment,Q,Quarterly,_Z,Not applicable,F,Construction,N,Neither seasonally adjusted nor calendar adjusted data,_Z,Not applicable,2008-Q1,,37505,,0,Units,,,0,Zero,,
DATAFLOW,LU1:DSD_EMPLOI_SAL@DF_B3000(1.0),Domestic payroll employment by economic activity,I,PERS,Persons,SAL_INT,Domestic payroll employment,Q,Quarterly,_Z,Not applicable,F,Construction,N,Neither seasonally adjusted nor calendar adjusted data,_Z,Not applicable,2008-Q2,,38058,,0,Units,,,0,Zero,,
DATAFLOW,LU1:DSD_EMPLOI_SAL@DF_B3000(1.0),Domestic payroll employment by economic activity,I,PERS,Persons,SAL_INT,Domestic payroll employment,Q,Quarterly,_Z,Not applicable,F,Construction,N,Neither seasonally adjusted nor calendar adjusted data,_Z,Not applicable,2008-Q3,,38209,,0,Units,,,0,Zero,,
DATAFLOW,LU1:DSD_EMPLOI_SAL@DF_B3000(1.0),Domestic payroll employment by economic activity,I,PERS,Persons,SAL_INT,Domestic payroll employment,Q,Quarterly,_Z,Not applicable,F,Construction,N,Neither seasonally adjusted nor calendar adjusted data,_Z,Not applicable,2008-Q4,,38462,,0,Units,,,0,Zero,,
DATAFLOW,LU1:DSD_EMPLOI_SAL@DF_B3000(1.0),Domestic payroll employment by economic activity,I,PERS,Persons,SAL_INT,Domestic payroll employment,Q,Quarterly,_Z,Not applicable,F,Construction,N,Neither seasonally adjusted nor calendar adjusted data,_Z,Not applicable,2009-Q1,,37668,,0,Units,,,0,Zero,,
DATAFLOW,LU1:DSD_EMPLOI_SAL@DF_B3000(1.0),Domestic payroll employment by economic activity,I,PERS,Persons,SAL_INT,Domestic payroll employment,Q,Quarterly,_Z,Not applicable,F,Construction,N,Neither seasonally adjusted nor calendar adjusted data,_Z,Not applicable,2009-Q2,,37871,,0,Units,,,0,Zero,,
DATAFLOW,LU1:DSD_EMPLOI_SAL@DF_B3000(1.0),Domestic payroll employment by economic activity,I,PERS,Persons,SAL_INT,Domestic payroll employment,Q,Quarterly,_Z,Not applicable,F,Construction,N,Neither seasonally adjusted nor calendar adjusted data,_Z,Not applicable,2009-Q3,,37908,,0,Units,,,0,Zero,,
DATAFLOW,LU1:DSD_EMPLOI_SAL@DF_B3000(1.0),Domestic payroll employment by economic activity,I,PERS,Persons,SAL_INT,Domestic payroll employment,Q,Quarterly,_Z,Not applicable,F,Construction,N,Neither seasonally adjusted nor calendar adjusted data,_Z,Not applicable,2009-Q4,,38066,,0,Units,,,0,Zero,,
DATAFLOW,LU1:DSD_EMPLOI_SAL@DF_B3000(1.0),Domestic payroll employment by economic activity,I,PERS,Persons,SAL_INT,Domestic payroll employment,Q,Quarterly,_Z,Not applicable,F,Construction,N,Neither seasonally adjusted nor calendar adjusted data,_Z,Not applicable,2010-Q1,,37738,,0,Units,,,0,Zero,,
DATAFLOW,LU1:DSD_EMPLOI_SAL@DF_B3000(1.0),Domestic payroll employment by economic activity,I,PERS,Persons,SAL_INT,Domestic payroll employment,Q,Quarterly,_Z,Not applicable,F,Construction,N,Neither seasonally adjusted nor calendar adjusted data,_Z,Not applicable,2010-Q2,,38203,,0,Units,,,0,Zero,,
DATAFLOW,LU1:DSD_EMPLOI_SAL@DF_B3000(1.0),Domestic payroll employment by economic activity,I,PERS,Persons,SAL_INT,Domestic payroll employment,Q,Quarterly,_Z,Not applicable,F,Construction,N,Neither seasonally adjusted nor calendar adjusted data,_Z,Not applicable,2010-Q3,,38227,,0,Units,,,0,Zero,,
DATAFLOW,LU1:DSD_EMPLOI_SAL@DF_B3000(1.0),Domestic payroll employment by economic activity,I,PERS,Persons,SAL_INT,Domestic payroll employment,Q,Quarterly,_Z,Not applicable,F,Construction,N,Neither seasonally adjusted nor calendar adjusted data,_Z,Not applicable,2010-Q4,,38516,,0,Units,,,0,Zero,,
DATAFLOW,LU1:DSD_EMPLOI_SAL@DF_B3000(1.0),Domestic payroll employment by economic activity,I,PERS,Persons,SAL_INT,Domestic payroll employment,Q,Quarterly,_Z,Not applicable,F,Construction,N,Neither seasonally adjusted nor calendar adjusted data,_Z,Not applicable,2011-Q1,,38306,,0,Units,,,0,Zero,,
DATAFLOW,LU1:DSD_EMPLOI_SAL@DF_B3000(1.0),Domestic payroll employment by economic activity,I,PERS,Persons,SAL_INT,Domestic payroll employment,Q,Quarterly,_Z,Not applicable,F,Construction,N,Neither seasonally adjusted nor calendar adjusted data,_Z,Not applicable,2011-Q2,,39056,,0,Units,,,0,Zero,,
DATAFLOW,LU1:DSD_EMPLOI_SAL@DF_B3000(1.0),Domestic payroll employment by economic activity,I,PERS,Persons,SAL_INT,Domestic payroll employment,Q,Quarterly,_Z,Not applicable,F,Construction,N,Neither seasonally adjusted nor calendar adjusted data,_Z,Not applicable,2011-Q3,,39205,,0,Units,,,0,Zero,,
DATAFLOW,LU1:DSD_EMPLOI_SAL@DF_B3000(1.0),Domestic payroll employment by economic activity,I,PERS,Persons,SAL_INT,Domestic payroll employment,Q,Quarterly,_Z,Not applicable,F,Construction,N,Neither seasonally adjusted nor calendar adjusted data,_Z,Not applicable,2011-Q4,,39299,,0,Units,,,0,Zero,,
DATAFLOW,LU1:DSD_EMPLOI_SAL@DF_B3000(1.0),Domestic payroll employment by economic activity,I,PERS,Persons,SAL_INT,Domestic payroll employment,Q,Quarterly,_Z,Not applicable,F,Construction,N,Neither seasonally adjusted nor calendar adjusted data,_Z,Not applicable,2012-Q1,,39023,,0,Units,,,0,Zero,,
DATAFLOW,LU1:DSD_EMPLOI_SAL@DF_B3000(1.0),Domestic payroll employment by economic activity,I,PERS,Persons,SAL_INT,Domestic payroll employment,Q,Quarterly,_Z,Not applicable,F,Construction,N,Neither seasonally adjusted nor calendar adjusted data,_Z,Not applicable,2012-Q2,,39685,,0,Units,,,0,Zero,,
DATAFLOW,LU1:DSD_EMPLOI_SAL@DF_B3000(1.0),Domestic payroll employment by economic activity,I,PERS,Persons,SAL_INT,Domestic payroll employment,Q,Quarterly,_Z,Not applicable,F,Construction,N,Neither seasonally adjusted nor calendar adjusted data,_Z,Not applicable,2012-Q3,,39592,,0,Units,,,0,Zero,,
DATAFLOW,LU1:DSD_EMPLOI_SAL@DF_B3000(1.0),Domestic payroll employment by economic activity,I,PERS,Persons,SAL_INT,Domestic payroll employment,Q,Quarterly,_Z,Not applicable,F,Construction,N,Neither seasonally adjusted nor calendar adjusted data,_Z,Not applicable,2012-Q4,,39696,,0,Units,,,0,Zero,,
DATAFLOW,LU1:DSD_EMPLOI_SAL@DF_B3000(1.0),Domestic payroll employment by economic activity,I,PERS,Persons,SAL_INT,Domestic payroll employment,Q,Quarterly,_Z,Not applicable,F,Construction,N,Neither seasonally adjusted nor calendar adjusted data,_Z,Not applicable,2013-Q1,,39271,,0,Units,,,0,Zero,,
DATAFLOW,LU1:DSD_EMPLOI_SAL@DF_B3000(1.0),Domestic payroll employment by economic activity,I,PERS,Persons,SAL_INT,Domestic payroll employment,Q,Quarterly,_Z,Not applicable,F,Construction,N,Neither seasonally adjusted nor calendar adjusted data,_Z,Not applicable,2013-Q2,,39798,,0,Units,,,0,Zero,,
DATAFLOW,LU1:DSD_EMPLOI_SAL@DF_B3000(1.0),Domestic payroll employment by economic activity,I,PERS,Persons,SAL_INT,Domestic payroll employment,Q,Quarterly,_Z,Not applicable,F,Construction,N,Neither seasonally adjusted nor calendar adjusted data,_Z,Not applicable,2013-Q3,,39714,,0,Units,,,0,Zero,,
DATAFLOW,LU1:DSD_EMPLOI_SAL@DF_B3000(1.0),Domestic payroll employment by economic activity,I,PERS,Persons,SAL_INT,Domestic payroll employment,Q,Quarterly,_Z,Not applicable,F,Construction,N,Neither seasonally adjusted nor calendar adjusted data,_Z,Not applicable,2013-Q4,,39804,,0,Units,,,0,Zero,,
DATAFLOW,LU1:DSD_EMPLOI_SAL@DF_B3000(1.0),Domestic payroll employment by economic activity,I,PERS,Persons,SAL_INT,Domestic payroll employment,Q,Quarterly,_Z,Not applicable,F,Construction,N,Neither seasonally adjusted nor calendar adjusted data,_Z,Not applicable,2014-Q1,,39708,,0,Units,,,0,Zero,,
DATAFLOW,LU1:DSD_EMPLOI_SAL@DF_B3000(1.0),Domestic payroll employment by economic activity,I,PERS,Persons,SAL_INT,Domestic payroll employment,Q,Quarterly,_Z,Not applicable,F,Construction,N,Neither seasonally adjusted nor calendar adjusted data,_Z,Not applicable,2014-Q2,,40366,,0,Units,,,0,Zero,,
DATAFLOW,LU1:DSD_EMPLOI_SAL@DF_B3000(1.0),Domestic payroll employment by economic activity,I,PERS,Persons,SAL_INT,Domestic payroll employment,Q,Quarterly,_Z,Not applicable,F,Construction,N,Neither seasonally adjusted nor calendar adjusted data,_Z,Not applicable,2014-Q3,,40392,,0,Units,,,0,Zero,,
DATAFLOW,LU1:DSD_EMPLOI_SAL@DF_B3000(1.0),Domestic payroll employment by economic activity,I,PERS,Persons,SAL_INT,Domestic payroll employment,Q,Quarterly,_Z,Not applicable,F,Construction,N,Neither seasonally adjusted nor calendar adjusted data,_Z,Not applicable,2014-Q4,,40663,,0,Units,,,0,Zero,,
DATAFLOW,LU1:DSD_EMPLOI_SAL@DF_B3000(1.0),Domestic payroll employment by economic activity,I,PERS,Persons,SAL_INT,Domestic payroll employment,Q,Quarterly,_Z,Not applicable,F,Construction,N,Neither seasonally adjusted nor calendar adjusted data,_Z,Not applicable,2015-Q1,,40390,,0,Units,,,0,Zero,,
DATAFLOW,LU1:DSD_EMPLOI_SAL@DF_B3000(1.0),Domestic payroll employment by economic activity,I,PERS,Persons,SAL_INT,Domestic payroll employment,Q,Quarterly,_Z,Not applicable,F,Construction,N,Neither seasonally adjusted nor calendar adjusted data,_Z,Not applicable,2015-Q2,,40982,,0,Units,,,0,Zero,,
DATAFLOW,LU1:DSD_EMPLOI_SAL@DF_B3000(1.0),Domestic payroll employment by economic activity,I,PERS,Persons,SAL_INT,Domestic payroll employment,Q,Quarterly,_Z,Not applicable,F,Construction,N,Neither seasonally adjusted nor calendar adjusted data,_Z,Not applicable,2015-Q3,,41062,,0,Units,,,0,Zero,,
DATAFLOW,LU1:DSD_EMPLOI_SAL@DF_B3000(1.0),Domestic payroll employment by economic activity,I,PERS,Persons,SAL_INT,Domestic payroll employment,Q,Quarterly,_Z,Not applicable,F,Construction,N,Neither seasonally adjusted nor calendar adjusted data,_Z,Not applicable,2015-Q4,,41446,,0,Units,,,0,Zero,,
DATAFLOW,LU1:DSD_EMPLOI_SAL@DF_B3000(1.0),Domestic payroll employment by economic activity,I,PERS,Persons,SAL_INT,Domestic payroll employment,Q,Quarterly,_Z,Not applicable,F,Construction,N,Neither seasonally adjusted nor calendar adjusted data,_Z,Not applicable,2016-Q1,,41452,,0,Units,,,0,Zero,,
DATAFLOW,LU1:DSD_EMPLOI_SAL@DF_B3000(1.0),Domestic payroll employment by economic activity,I,PERS,Persons,SAL_INT,Domestic payroll employment,Q,Quarterly,_Z,Not applicable,F,Construction,N,Neither seasonally adjusted nor calendar adjusted data,_Z,Not applicable,2016-Q2,,42177,,0,Units,,,0,Zero,,
DATAFLOW,LU1:DSD_EMPLOI_SAL@DF_B3000(1.0),Domestic payroll employment by economic activity,I,PERS,Persons,SAL_INT,Domestic payroll employment,Q,Quarterly,_Z,Not applicable,F,Construction,N,Neither seasonally adjusted nor calendar adjusted data,_Z,Not applicable,2016-Q3,,42391,,0,Units,,,0,Zero,,
DATAFLOW,LU1:DSD_EMPLOI_SAL@DF_B3000(1.0),Domestic payroll employment by economic activity,I,PERS,Persons,SAL_INT,Domestic payroll employment,Q,Quarterly,_Z,Not applicable,F,Construction,N,Neither seasonally adjusted nor calendar adjusted data,_Z,Not applicable,2016-Q4,,42949,,0,Units,,,0,Zero,,
DATAFLOW,LU1:DSD_EMPLOI_SAL@DF_B3000(1.0),Domestic payroll employment by economic activity,I,PERS,Persons,SAL_INT,Domestic payroll employment,Q,Quarterly,_Z,Not applicable,F,Construction,N,Neither seasonally adjusted nor calendar adjusted data,_Z,Not applicable,2017-Q1,,42774,,0,Units,,,0,Zero,,
DATAFLOW,LU1:DSD_EMPLOI_SAL@DF_B3000(1.0),Domestic payroll employment by economic activity,I,PERS,Persons,SAL_INT,Domestic payroll employment,Q,Quarterly,_Z,Not applicable,F,Construction,N,Neither seasonally adjusted nor calendar adjusted data,_Z,Not applicable,2017-Q2,,43561,,0,Units,,,0,Zero,,
DATAFLOW,LU1:DSD_EMPLOI_SAL@DF_B3000(1.0),Domestic payroll employment by economic activity,I,PERS,Persons,SAL_INT,Domestic payroll employment,Q,Quarterly,_Z,Not applicable,F,Construction,N,Neither seasonally adjusted nor calendar adjusted data,_Z,Not applicable,2017-Q3,,43618,,0,Units,,,0,Zero,,
DATAFLOW,LU1:DSD_EMPLOI_SAL@DF_B3000(1.0),Domestic payroll employment by economic activity,I,PERS,Persons,SAL_INT,Domestic payroll employment,Q,Quarterly,_Z,Not applicable,F,Construction,N,Neither seasonally adjusted nor calendar adjusted data,_Z,Not applicable,2017-Q4,,44204,,0,Units,,,0,Zero,,
DATAFLOW,LU1:DSD_EMPLOI_SAL@DF_B3000(1.0),Domestic payroll employment by economic activity,I,PERS,Persons,SAL_INT,Domestic payroll employment,Q,Quarterly,_Z,Not applicable,F,Construction,N,Neither seasonally adjusted nor calendar adjusted data,_Z,Not applicable,2018-Q1,,44405,,0,Units,,,0,Zero,,
DATAFLOW,LU1:DSD_EMPLOI_SAL@DF_B3000(1.0),Domestic payroll employment by economic activity,I,PERS,Persons,SAL_INT,Domestic payroll employment,Q,Quarterly,_Z,Not applicable,F,Construction,N,Neither seasonally adjusted nor calendar adjusted data,_Z,Not applicable,2018-Q2,,45121,,0,Units,,,0,Zero,,
DATAFLOW,LU1:DSD_EMPLOI_SAL@DF_B3000(1.0),Domestic payroll employment by economic activity,I,PERS,Persons,SAL_INT,Domestic payroll employment,Q,Quarterly,_Z,Not applicable,F,Construction,N,Neither seasonally adjusted nor calendar adjusted data,_Z,Not applicable,2018-Q3,,45264,,0,Units,,,0,Zero,,
DATAFLOW,LU1:DSD_EMPLOI_SAL@DF_B3000(1.0),Domestic payroll employment by economic activity,I,PERS,Persons,SAL_INT,Domestic payroll employment,Q,Quarterly,_Z,Not applicable,F,Construction,N,Neither seasonally adjusted nor calendar adjusted data,_Z,Not applicable,2018-Q4,,45964,,0,Units,,,0,Zero,,
DATAFLOW,LU1:DSD_EMPLOI_SAL@DF_B3000(1.0),Domestic payroll employment by economic activity,I,PERS,Persons,SAL_INT,Domestic payroll employment,Q,Quarterly,_Z,Not applicable,F,Construction,N,Neither seasonally adjusted nor calendar adjusted data,_Z,Not applicable,2019-Q1,,46216,,0,Units,,,0,Zero,,
DATAFLOW,LU1:DSD_EMPLOI_SAL@DF_B3000(1.0),Domestic payroll employment by economic activity,I,PERS,Persons,SAL_INT,Domestic payroll employment,Q,Quarterly,_Z,Not applicable,F,Construction,N,Neither seasonally adjusted nor calendar adjusted data,_Z,Not applicable,2019-Q2,,46828,,0,Units,,,0,Zero,,
DATAFLOW,LU1:DSD_EMPLOI_SAL@DF_B3000(1.0),Domestic payroll employment by economic activity,I,PERS,Persons,SAL_INT,Domestic payroll employment,Q,Quarterly,_Z,Not applicable,F,Construction,N,Neither seasonally adjusted nor calendar adjusted data,_Z,Not applicable,2019-Q3,,46869,,0,Units,,,0,Zero,,
DATAFLOW,LU1:DSD_EMPLOI_SAL@DF_B3000(1.0),Domestic payroll employment by economic activity,I,PERS,Persons,SAL_INT,Domestic payroll employment,Q,Quarterly,_Z,Not applicable,F,Construction,N,Neither seasonally adjusted nor calendar adjusted data,_Z,Not applicable,2019-Q4,,47661,,0,Units,,,0,Zero,,
DATAFLOW,LU1:DSD_EMPLOI_SAL@DF_B3000(1.0),Domestic payroll employment by economic activity,I,PERS,Persons,SAL_INT,Domestic payroll employment,Q,Quarterly,_Z,Not applicable,F,Construction,N,Neither seasonally adjusted nor calendar adjusted data,_Z,Not applicable,2020-Q1,,47949,,0,Units,,,0,Zero,,
DATAFLOW,LU1:DSD_EMPLOI_SAL@DF_B3000(1.0),Domestic payroll employment by economic activity,I,PERS,Persons,SAL_INT,Domestic payroll employment,Q,Quarterly,_Z,Not applicable,F,Construction,N,Neither seasonally adjusted nor calendar adjusted data,_Z,Not applicable,2020-Q2,,48311,,0,Units,,,0,Zero,,
DATAFLOW,LU1:DSD_EMPLOI_SAL@DF_B3000(1.0),Domestic payroll employment by economic activity,I,PERS,Persons,SAL_INT,Domestic payroll employment,Q,Quarterly,_Z,Not applicable,F,Construction,N,Neither seasonally adjusted nor calendar adjusted data,_Z,Not applicable,2020-Q3,,48589,,0,Units,,,0,Zero,,
DATAFLOW,LU1:DSD_EMPLOI_SAL@DF_B3000(1.0),Domestic payroll employment by economic activity,I,PERS,Persons,SAL_INT,Domestic payroll employment,Q,Quarterly,_Z,Not applicable,F,Construction,N,Neither seasonally adjusted nor calendar adjusted data,_Z,Not applicable,2020-Q4,,49221,,0,Units,,,0,Zero,,
DATAFLOW,LU1:DSD_EMPLOI_SAL@DF_B3000(1.0),Domestic payroll employment by economic activity,I,PERS,Persons,SAL_INT,Domestic payroll employment,Q,Quarterly,_Z,Not applicable,F,Construction,N,Neither seasonally adjusted nor calendar adjusted data,_Z,Not applicable,2021-Q1,,49522,,0,Units,,,0,Zero,,
DATAFLOW,LU1:DSD_EMPLOI_SAL@DF_B3000(1.0),Domestic payroll employment by economic activity,I,PERS,Persons,SAL_INT,Domestic payroll employment,Q,Quarterly,_Z,Not applicable,F,Construction,N,Neither seasonally adjusted nor calendar adjusted data,_Z,Not applicable,2021-Q2,,50323,,0,Units,,,0,Zero,,
DATAFLOW,LU1:DSD_EMPLOI_SAL@DF_B3000(1.0),Domestic payroll employment by economic activity,I,PERS,Persons,SAL_INT,Domestic payroll employment,Q,Quarterly,_Z,Not applicable,F,Construction,N,Neither seasonally adjusted nor calendar adjusted data,_Z,Not applicable,2021-Q3,,50205,,0,Units,,,0,Zero,,
DATAFLOW,LU1:DSD_EMPLOI_SAL@DF_B3000(1.0),Domestic payroll employment by economic activity,I,PERS,Persons,SAL_INT,Domestic payroll employment,Q,Quarterly,_Z,Not applicable,F,Construction,N,Neither seasonally adjusted nor calendar adjusted data,_Z,Not applicable,2021-Q4,,50848,,0,Units,,,0,Zero,,
DATAFLOW,LU1:DSD_EMPLOI_SAL@DF_B3000(1.0),Domestic payroll employment by economic activity,I,PERS,Persons,SAL_INT,Domestic payroll employment,Q,Quarterly,_Z,Not applicable,F,Construction,N,Neither seasonally adjusted nor calendar adjusted data,_Z,Not applicable,2022-Q1,,51009,,0,Units,,,0,Zero,,
DATAFLOW,LU1:DSD_EMPLOI_SAL@DF_B3000(1.0),Domestic payroll employment by economic activity,I,PERS,Persons,SAL_INT,Domestic payroll employment,Q,Quarterly,_Z,Not applicable,F,Construction,N,Neither seasonally adjusted nor calendar adjusted data,_Z,Not applicable,2022-Q2,,51634,,0,Units,,,0,Zero,,
DATAFLOW,LU1:DSD_EMPLOI_SAL@DF_B3000(1.0),Domestic payroll employment by economic activity,I,PERS,Persons,SAL_INT,Domestic payroll employment,Q,Quarterly,_Z,Not applicable,F,Construction,N,Neither seasonally adjusted nor calendar adjusted data,_Z,Not applicable,2022-Q3,,51331,,0,Units,,,0,Zero,,
DATAFLOW,LU1:DSD_EMPLOI_SAL@DF_B3000(1.0),Domestic payroll employment by economic activity,I,PERS,Persons,SAL_INT,Domestic payroll employment,Q,Quarterly,_Z,Not applicable,F,Construction,N,Neither seasonally adjusted nor calendar adjusted data,_Z,Not applicable,2022-Q4,,51784,,0,Units,,,0,Zero,,
DATAFLOW,LU1:DSD_EMPLOI_SAL@DF_B3000(1.0),Domestic payroll employment by economic activity,I,PERS,Persons,SAL_INT,Domestic payroll employment,Q,Quarterly,_Z,Not applicable,F,Construction,N,Neither seasonally adjusted nor calendar adjusted data,_Z,Not applicable,2023-Q1,,51560,,0,Units,,,0,Zero,,
DATAFLOW,LU1:DSD_EMPLOI_SAL@DF_B3000(1.0),Domestic payroll employment by economic activity,I,PERS,Persons,SAL_INT,Domestic payroll employment,Q,Quarterly,_Z,Not applicable,F,Construction,N,Neither seasonally adjusted nor calendar adjusted data,_Z,Not applicable,2023-Q2,,51569,,0,Units,,,0,Zero,,
DATAFLOW,LU1:DSD_EMPLOI_SAL@DF_B3000(1.0),Domestic payroll employment by economic activity,I,PERS,Persons,SAL_INT,Domestic payroll employment,Q,Quarterly,_Z,Not applicable,F,Construction,N,Neither seasonally adjusted nor calendar adjusted data,_Z,Not applicable,2023-Q3,,50611,,0,Units,,,0,Zero,,
DATAFLOW,LU1:DSD_EMPLOI_SAL@DF_B3000(1.0),Domestic payroll employment by economic activity,I,PERS,Persons,SAL_INT,Domestic payroll employment,Q,Quarterly,_Z,Not applicable,F,Construction,N,Neither seasonally adjusted nor calendar adjusted data,_Z,Not applicable,2023-Q4,,50105,,0,Units,,,0,Zero,,
DATAFLOW,LU1:DSD_EMPLOI_SAL@DF_B3000(1.0),Domestic payroll employment by economic activity,I,PERS,Persons,SAL_INT,Domestic payroll employment,Q,Quarterly,_Z,Not applicable,F,Construction,N,Neither seasonally adjusted nor calendar adjusted data,_Z,Not applicable,2024-Q1,,49238,,0,Units,,,0,Zero,,
DATAFLOW,LU1:DSD_EMPLOI_SAL@DF_B3000(1.0),Domestic payroll employment by economic activity,I,PERS,Persons,SAL_INT,Domestic payroll employment,Q,Quarterly,_Z,Not applicable,F,Construction,N,Neither seasonally adjusted nor calendar adjusted data,_Z,Not applicable,2024-Q2,,48848,,0,Units,,,0,Zero,,
DATAFLOW,LU1:DSD_EMPLOI_SAL@DF_B3000(1.0),Domestic payroll employment by economic activity,I,PERS,Persons,SAL_INT,Domestic payroll employment,Q,Quarterly,_Z,Not applicable,F,Construction,N,Neither seasonally adjusted nor calendar adjusted data,_Z,Not applicable,2024-Q3,,48023,,0,Units,,,0,Zero,,
DATAFLOW,LU1:DSD_EMPLOI_SAL@DF_B3000(1.0),Domestic payroll employment by economic activity,I,PERS,Persons,SAL_INT,Domestic payroll employment,Q,Quarterly,_Z,Not applicable,F,Construction,N,Neither seasonally adjusted nor calendar adjusted data,_Z,Not applicable,2024-Q4,,47969,,0,Units,,,0,Zero,,
DATAFLOW,LU1:DSD_EMPLOI_SAL@DF_B3000(1.0),Domestic payroll employment by economic activity,I,PERS,Persons,SAL_INT,Domestic payroll employment,Q,Quarterly,_Z,Not applicable,F,Construction,N,Neither seasonally adjusted nor calendar adjusted data,_Z,Not applicable,2025-Q1,,47610,,0,Units,,,0,Zero,,
DATAFLOW,LU1:DSD_EMPLOI_SAL@DF_B3000(1.0),Domestic payroll employment by economic activity,I,PERS,Persons,SAL_INT,Domestic payroll employment,Q,Quarterly,_Z,Not applicable,F,Construction,N,Neither seasonally adjusted nor calendar adjusted data,_Z,Not applicable,2025-Q2,,47566,,0,Units,,,0,Zero,,
DATAFLOW,LU1:DSD_EMPLOI_SAL@DF_B3000(1.0),Domestic payroll employment by economic activity,I,PERS,Persons,SAL_INT,Domestic payroll employment,Q,Quarterly,_Z,Not applicable,F,Construction,N,Neither seasonally adjusted nor calendar adjusted data,_Z,Not applicable,2025-Q3,,47065,,0,Units,,,0,Zero,,
DATAFLOW,LU1:DSD_EMPLOI_SAL@DF_B3000(1.0),Domestic payroll employment by economic activity,I,PERS,Persons,SAL_INT,Domestic payroll employment,Q,Quarterly,_Z,Not applicable,F,Construction,N,Neither seasonally adjusted nor calendar adjusted data,_Z,Not applicable,2025-Q4,,47367,,0,Units,,,0,Zero,,
DATAFLOW,LU1:DSD_EMPLOI_SAL@DF_B3000(1.0),Domestic payroll employment by economic activity,I,PERS,Persons,SAL_INT,Domestic payroll employment,Q,Quarterly,_Z,Not applicable,F,Construction,N,Neither seasonally adjusted nor calendar adjusted data,_Z,Not applicable,2026-Q1,,47168,,0,Units,,,0,Zero,,
DATAFLOW,LU1:DSD_EMPLOI_SAL@DF_B3000(1.0),Domestic payroll employment by economic activity,I,PERS,Persons,SAL_INT,Domestic payroll employment,Q,Quarterly,_Z,Not applicable,OTH,Other activities,Y,Calendar and seasonally adjusted data,_Z,Not applicable,1995-Q1,,10267.0723390753,,0,Units,,,0,Zero,NACE_OTH,Regroups all the following activities: A-L-R-S-T-U
DATAFLOW,LU1:DSD_EMPLOI_SAL@DF_B3000(1.0),Domestic payroll employment by economic activity,I,PERS,Persons,SAL_INT,Domestic payroll employment,Q,Quarterly,_Z,Not applicable,OTH,Other activities,Y,Calendar and seasonally adjusted data,_Z,Not applicable,1995-Q2,,10215.0389511208,,0,Units,,,0,Zero,NACE_OTH,Regroups all the following activities: A-L-R-S-T-U
DATAFLOW,LU1:DSD_EMPLOI_SAL@DF_B3000(1.0),Domestic payroll employment by economic activity,I,PERS,Persons,SAL_INT,Domestic payroll employment,Q,Quarterly,_Z,Not applicable,OTH,Other activities,Y,Calendar and seasonally adjusted data,_Z,Not applicable,1995-Q3,,11586.4158319699,,0,Units,,,0,Zero,NACE_OTH,Regroups all the following activities: A-L-R-S-T-U
DATAFLOW,LU1:DSD_EMPLOI_SAL@DF_B3000(1.0),Domestic payroll employment by economic activity,I,PERS,Persons,SAL_INT,Domestic payroll employment,Q,Quarterly,_Z,Not applicable,OTH,Other activities,Y,Calendar and seasonally adjusted data,_Z,Not applicable,1995-Q4,,11503.2164399336,,0,Units,,,0,Zero,NACE_OTH,Regroups all the following activities: A-L-R-S-T-U
DATAFLOW,LU1:DSD_EMPLOI_SAL@DF_B3000(1.0),Domestic payroll employment by economic activity,I,PERS,Persons,SAL_INT,Domestic payroll employment,Q,Quarterly,_Z,Not applicable,OTH,Other activities,Y,Calendar and seasonally adjusted data,_Z,Not applicable,1996-Q1,,11343.8061623628,,0,Units,,,0,Zero,NACE_OTH,Regroups all the following activities: A-L-R-S-T-U
DATAFLOW,LU1:DSD_EMPLOI_SAL@DF_B3000(1.0),Domestic payroll employment by economic activity,I,PERS,Persons,SAL_INT,Domestic payroll employment,Q,Quarterly,_Z,Not applicable,OTH,Other activities,Y,Calendar and seasonally adjusted data,_Z,Not applicable,1996-Q2,,11365.577458204,,0,Units,,,0,Zero,NACE_OTH,Regroups all the following activities: A-L-R-S-T-U
DATAFLOW,LU1:DSD_EMPLOI_SAL@DF_B3000(1.0),Domestic payroll employment by economic activity,I,PERS,Persons,SAL_INT,Domestic payroll employment,Q,Quarterly,_Z,Not applicable,OTH,Other activities,Y,Calendar and seasonally adjusted data,_Z,Not applicable,1996-Q3,,11246.0788186363,,0,Units,,,0,Zero,NACE_OTH,Regroups all the following activities: A-L-R-S-T-U
DATAFLOW,LU1:DSD_EMPLOI_SAL@DF_B3000(1.0),Domestic payroll employment by economic activity,I,PERS,Persons,SAL_INT,Domestic payroll employment,Q,Quarterly,_Z,Not applicable,OTH,Other activities,Y,Calendar and seasonally adjusted data,_Z,Not applicable,1996-Q4,,10929.7174766085,,0,Units,,,0,Zero,NACE_OTH,Regroups all the following activities: A-L-R-S-T-U
DATAFLOW,LU1:DSD_EMPLOI_SAL@DF_B3000(1.0),Domestic payroll employment by economic activity,I,PERS,Persons,SAL_INT,Domestic payroll employment,Q,Quarterly,_Z,Not applicable,OTH,Other activities,Y,Calendar and seasonally adjusted data,_Z,Not applicable,1997-Q1,,11514.2509994173,,0,Units,,,0,Zero,NACE_OTH,Regroups all the following activities: A-L-R-S-T-U
DATAFLOW,LU1:DSD_EMPLOI_SAL@DF_B3000(1.0),Domestic payroll employment by economic activity,I,PERS,Persons,SAL_INT,Domestic payroll employment,Q,Quarterly,_Z,Not applicable,OTH,Other activities,Y,Calendar and seasonally adjusted data,_Z,Not applicable,1997-Q2,,11368.975233243,,0,Units,,,0,Zero,NACE_OTH,Regroups all the following activities: A-L-R-S-T-U
DATAFLOW,LU1:DSD_EMPLOI_SAL@DF_B3000(1.0),Domestic payroll employment by economic activity,I,PERS,Persons,SAL_INT,Domestic payroll employment,Q,Quarterly,_Z,Not applicable,OTH,Other activities,Y,Calendar and seasonally adjusted data,_Z,Not applicable,1997-Q3,,12069.2442250975,,0,Units,,,0,Zero,NACE_OTH,Regroups all the following activities: A-L-R-S-T-U
DATAFLOW,LU1:DSD_EMPLOI_SAL@DF_B3000(1.0),Domestic payroll employment by economic activity,I,PERS,Persons,SAL_INT,Domestic payroll employment,Q,Quarterly,_Z,Not applicable,OTH,Other activities,Y,Calendar and seasonally adjusted data,_Z,Not applicable,1997-Q4,,12003.1656608293,,0,Units,,,0,Zero,NACE_OTH,Regroups all the following activities: A-L-R-S-T-U
DATAFLOW,LU1:DSD_EMPLOI_SAL@DF_B3000(1.0),Domestic payroll employment by economic activity,I,PERS,Persons,SAL_INT,Domestic payroll employment,Q,Quarterly,_Z,Not applicable,OTH,Other activities,Y,Calendar and seasonally adjusted data,_Z,Not applicable,1998-Q1,,11881.3324820736,,0,Units,,,0,Zero,NACE_OTH,Regroups all the following activities: A-L-R-S-T-U
DATAFLOW,LU1:DSD_EMPLOI_SAL@DF_B3000(1.0),Domestic payroll employment by economic activity,I,PERS,Persons,SAL_INT,Domestic payroll employment,Q,Quarterly,_Z,Not applicable,OTH,Other activities,Y,Calendar and seasonally adjusted data,_Z,Not applicable,1998-Q2,,11855.6385359147,,0,Units,,,0,Zero,NACE_OTH,Regroups all the following activities: A-L-R-S-T-U
DATAFLOW,LU1:DSD_EMPLOI_SAL@DF_B3000(1.0),Domestic payroll employment by economic activity,I,PERS,Persons,SAL_INT,Domestic payroll employment,Q,Quarterly,_Z,Not applicable,OTH,Other activities,Y,Calendar and seasonally adjusted data,_Z,Not applicable,1998-Q3,,11935.4416648519,,0,Units,,,0,Zero,NACE_OTH,Regroups all the following activities: A-L-R-S-T-U
DATAFLOW,LU1:DSD_EMPLOI_SAL@DF_B3000(1.0),Domestic payroll employment by economic activity,I,PERS,Persons,SAL_INT,Domestic payroll employment,Q,Quarterly,_Z,Not applicable,OTH,Other activities,Y,Calendar and seasonally adjusted data,_Z,Not applicable,1998-Q4,,11925.8111871454,,0,Units,,,0,Zero,NACE_OTH,Regroups all the following activities: A-L-R-S-T-U
DATAFLOW,LU1:DSD_EMPLOI_SAL@DF_B3000(1.0),Domestic payroll employment by economic activity,I,PERS,Persons,SAL_INT,Domestic payroll employment,Q,Quarterly,_Z,Not applicable,OTH,Other activities,Y,Calendar and seasonally adjusted data,_Z,Not applicable,1999-Q1,,11773.2544138148,,0,Units,,,0,Zero,NACE_OTH,Regroups all the following activities: A-L-R-S-T-U
DATAFLOW,LU1:DSD_EMPLOI_SAL@DF_B3000(1.0),Domestic payroll employment by economic activity,I,PERS,Persons,SAL_INT,Domestic payroll employment,Q,Quarterly,_Z,Not applicable,OTH,Other activities,Y,Calendar and seasonally adjusted data,_Z,Not applicable,1999-Q2,,11792.0326975632,,0,Units,,,0,Zero,NACE_OTH,Regroups all the following activities: A-L-R-S-T-U
DATAFLOW,LU1:DSD_EMPLOI_SAL@DF_B3000(1.0),Domestic payroll employment by economic activity,I,PERS,Persons,SAL_INT,Domestic payroll employment,Q,Quarterly,_Z,Not applicable,OTH,Other activities,Y,Calendar and seasonally adjusted data,_Z,Not applicable,1999-Q3,,11850.5262544677,,0,Units,,,0,Zero,NACE_OTH,Regroups all the following activities: A-L-R-S-T-U
DATAFLOW,LU1:DSD_EMPLOI_SAL@DF_B3000(1.0),Domestic payroll employment by economic activity,I,PERS,Persons,SAL_INT,Domestic payroll employment,Q,Quarterly,_Z,Not applicable,OTH,Other activities,Y,Calendar and seasonally adjusted data,_Z,Not applicable,1999-Q4,,11813.5385640963,,0,Units,,,0,Zero,NACE_OTH,Regroups all the following activities: A-L-R-S-T-U
DATAFLOW,LU1:DSD_EMPLOI_SAL@DF_B3000(1.0),Domestic payroll employment by economic activity,I,PERS,Persons,SAL_INT,Domestic payroll employment,Q,Quarterly,_Z,Not applicable,OTH,Other activities,Y,Calendar and seasonally adjusted data,_Z,Not applicable,2000-Q1,,11910.2238352854,,0,Units,,,0,Zero,NACE_OTH,Regroups all the following activities: A-L-R-S-T-U
DATAFLOW,LU1:DSD_EMPLOI_SAL@DF_B3000(1.0),Domestic payroll employment by economic activity,I,PERS,Persons,SAL_INT,Domestic payroll employment,Q,Quarterly,_Z,Not applicable,OTH,Other activities,Y,Calendar and seasonally adjusted data,_Z,Not applicable,2000-Q2,,11978.913463592,,0,Units,,,0,Zero,NACE_OTH,Regroups all the following activities: A-L-R-S-T-U
DATAFLOW,LU1:DSD_EMPLOI_SAL@DF_B3000(1.0),Domestic payroll employment by economic activity,I,PERS,Persons,SAL_INT,Domestic payroll employment,Q,Quarterly,_Z,Not applicable,OTH,Other activities,Y,Calendar and seasonally adjusted data,_Z,Not applicable,2000-Q3,,11962.635208961,,0,Units,,,0,Zero,NACE_OTH,Regroups all the following activities: A-L-R-S-T-U
DATAFLOW,LU1:DSD_EMPLOI_SAL@DF_B3000(1.0),Domestic payroll employment by economic activity,I,PERS,Persons,SAL_INT,Domestic payroll employment,Q,Quarterly,_Z,Not applicable,OTH,Other activities,Y,Calendar and seasonally adjusted data,_Z,Not applicable,2000-Q4,,12036.2815748246,,0,Units,,,0,Zero,NACE_OTH,Regroups all the following activities: A-L-R-S-T-U
DATAFLOW,LU1:DSD_EMPLOI_SAL@DF_B3000(1.0),Domestic payroll employment by economic activity,I,PERS,Persons,SAL_INT,Domestic payroll employment,Q,Quarterly,_Z,Not applicable,OTH,Other activities,Y,Calendar and seasonally adjusted data,_Z,Not applicable,2001-Q1,,12244.6068115125,,0,Units,,,0,Zero,NACE_OTH,Regroups all the following activities: A-L-R-S-T-U
DATAFLOW,LU1:DSD_EMPLOI_SAL@DF_B3000(1.0),Domestic payroll employment by economic activity,I,PERS,Persons,SAL_INT,Domestic payroll employment,Q,Quarterly,_Z,Not applicable,OTH,Other activities,Y,Calendar and seasonally adjusted data,_Z,Not applicable,2001-Q2,,12306.9061414755,,0,Units,,,0,Zero,NACE_OTH,Regroups all the following activities: A-L-R-S-T-U
DATAFLOW,LU1:DSD_EMPLOI_SAL@DF_B3000(1.0),Domestic payroll employment by economic activity,I,PERS,Persons,SAL_INT,Domestic payroll employment,Q,Quarterly,_Z,Not applicable,OTH,Other activities,Y,Calendar and seasonally adjusted data,_Z,Not applicable,2001-Q3,,12309.8433446659,,0,Units,,,0,Zero,NACE_OTH,Regroups all the following activities: A-L-R-S-T-U
DATAFLOW,LU1:DSD_EMPLOI_SAL@DF_B3000(1.0),Domestic payroll employment by economic activity,I,PERS,Persons,SAL_INT,Domestic payroll employment,Q,Quarterly,_Z,Not applicable,OTH,Other activities,Y,Calendar and seasonally adjusted data,_Z,Not applicable,2001-Q4,,12445.6318166946,,0,Units,,,0,Zero,NACE_OTH,Regroups all the following activities: A-L-R-S-T-U
DATAFLOW,LU1:DSD_EMPLOI_SAL@DF_B3000(1.0),Domestic payroll employment by economic activity,I,PERS,Persons,SAL_INT,Domestic payroll employment,Q,Quarterly,_Z,Not applicable,OTH,Other activities,Y,Calendar and seasonally adjusted data,_Z,Not applicable,2002-Q1,,12544.9873293737,,0,Units,,,0,Zero,NACE_OTH,Regroups all the following activities: A-L-R-S-T-U
DATAFLOW,LU1:DSD_EMPLOI_SAL@DF_B3000(1.0),Domestic payroll employment by economic activity,I,PERS,Persons,SAL_INT,Domestic payroll employment,Q,Quarterly,_Z,Not applicable,OTH,Other activities,Y,Calendar and seasonally adjusted data,_Z,Not applicable,2002-Q2,,12600.099814883,,0,Units,,,0,Zero,NACE_OTH,Regroups all the following activities: A-L-R-S-T-U
DATAFLOW,LU1:DSD_EMPLOI_SAL@DF_B3000(1.0),Domestic payroll employment by economic activity,I,PERS,Persons,SAL_INT,Domestic payroll employment,Q,Quarterly,_Z,Not applicable,OTH,Other activities,Y,Calendar and seasonally adjusted data,_Z,Not applicable,2002-Q3,,12710.5750039345,,0,Units,,,0,Zero,NACE_OTH,Regroups all the following activities: A-L-R-S-T-U
DATAFLOW,LU1:DSD_EMPLOI_SAL@DF_B3000(1.0),Domestic payroll employment by economic activity,I,PERS,Persons,SAL_INT,Domestic payroll employment,Q,Quarterly,_Z,Not applicable,OTH,Other activities,Y,Calendar and seasonally adjusted data,_Z,Not applicable,2002-Q4,,12834.8268551464,,0,Units,,,0,Zero,NACE_OTH,Regroups all the following activities: A-L-R-S-T-U
DATAFLOW,LU1:DSD_EMPLOI_SAL@DF_B3000(1.0),Domestic payroll employment by economic activity,I,PERS,Persons,SAL_INT,Domestic payroll employment,Q,Quarterly,_Z,Not applicable,OTH,Other activities,Y,Calendar and seasonally adjusted data,_Z,Not applicable,2003-Q1,,12629.7555143535,,0,Units,,,0,Zero,NACE_OTH,Regroups all the following activities: A-L-R-S-T-U
DATAFLOW,LU1:DSD_EMPLOI_SAL@DF_B3000(1.0),Domestic payroll employment by economic activity,I,PERS,Persons,SAL_INT,Domestic payroll employment,Q,Quarterly,_Z,Not applicable,OTH,Other activities,Y,Calendar and seasonally adjusted data,_Z,Not applicable,2003-Q2,,12781.7047134928,,0,Units,,,0,Zero,NACE_OTH,Regroups all the following activities: A-L-R-S-T-U
DATAFLOW,LU1:DSD_EMPLOI_SAL@DF_B3000(1.0),Domestic payroll employment by economic activity,I,PERS,Persons,SAL_INT,Domestic payroll employment,Q,Quarterly,_Z,Not applicable,OTH,Other activities,Y,Calendar and seasonally adjusted data,_Z,Not applicable,2003-Q3,,12861.940647243,,0,Units,,,0,Zero,NACE_OTH,Regroups all the following activities: A-L-R-S-T-U
DATAFLOW,LU1:DSD_EMPLOI_SAL@DF_B3000(1.0),Domestic payroll employment by economic activity,I,PERS,Persons,SAL_INT,Domestic payroll employment,Q,Quarterly,_Z,Not applicable,OTH,Other activities,Y,Calendar and seasonally adjusted data,_Z,Not applicable,2003-Q4,,13063.6997791108,,0,Units,,,0,Zero,NACE_OTH,Regroups all the following activities: A-L-R-S-T-U
DATAFLOW,LU1:DSD_EMPLOI_SAL@DF_B3000(1.0),Domestic payroll employment by economic activity,I,PERS,Persons,SAL_INT,Domestic payroll employment,Q,Quarterly,_Z,Not applicable,OTH,Other activities,Y,Calendar and seasonally adjusted data,_Z,Not applicable,2004-Q1,,12704.1757371562,,0,Units,,,0,Zero,NACE_OTH,Regroups all the following activities: A-L-R-S-T-U
DATAFLOW,LU1:DSD_EMPLOI_SAL@DF_B3000(1.0),Domestic payroll employment by economic activity,I,PERS,Persons,SAL_INT,Domestic payroll employment,Q,Quarterly,_Z,Not applicable,OTH,Other activities,Y,Calendar and seasonally adjusted data,_Z,Not applicable,2004-Q2,,12745.3448074354,,0,Units,,,0,Zero,NACE_OTH,Regroups all the following activities: A-L-R-S-T-U
DATAFLOW,LU1:DSD_EMPLOI_SAL@DF_B3000(1.0),Domestic payroll employment by economic activity,I,PERS,Persons,SAL_INT,Domestic payroll employment,Q,Quarterly,_Z,Not applicable,OTH,Other activities,Y,Calendar and seasonally adjusted data,_Z,Not applicable,2004-Q3,,12822.2574794342,,0,Units,,,0,Zero,NACE_OTH,Regroups all the following activities: A-L-R-S-T-U
DATAFLOW,LU1:DSD_EMPLOI_SAL@DF_B3000(1.0),Domestic payroll employment by economic activity,I,PERS,Persons,SAL_INT,Domestic payroll employment,Q,Quarterly,_Z,Not applicable,OTH,Other activities,Y,Calendar and seasonally adjusted data,_Z,Not applicable,2004-Q4,,12868.2137162158,,0,Units,,,0,Zero,NACE_OTH,Regroups all the following activities: A-L-R-S-T-U
DATAFLOW,LU1:DSD_EMPLOI_SAL@DF_B3000(1.0),Domestic payroll employment by economic activity,I,PERS,Persons,SAL_INT,Domestic payroll employment,Q,Quarterly,_Z,Not applicable,OTH,Other activities,Y,Calendar and seasonally adjusted data,_Z,Not applicable,2005-Q1,,13057.4661731439,,0,Units,,,0,Zero,NACE_OTH,Regroups all the following activities: A-L-R-S-T-U
DATAFLOW,LU1:DSD_EMPLOI_SAL@DF_B3000(1.0),Domestic payroll employment by economic activity,I,PERS,Persons,SAL_INT,Domestic payroll employment,Q,Quarterly,_Z,Not applicable,OTH,Other activities,Y,Calendar and seasonally adjusted data,_Z,Not applicable,2005-Q2,,13133.6052311074,,0,Units,,,0,Zero,NACE_OTH,Regroups all the following activities: A-L-R-S-T-U
DATAFLOW,LU1:DSD_EMPLOI_SAL@DF_B3000(1.0),Domestic payroll employment by economic activity,I,PERS,Persons,SAL_INT,Domestic payroll employment,Q,Quarterly,_Z,Not applicable,OTH,Other activities,Y,Calendar and seasonally adjusted data,_Z,Not applicable,2005-Q3,,13223.8965521909,,0,Units,,,0,Zero,NACE_OTH,Regroups all the following activities: A-L-R-S-T-U
DATAFLOW,LU1:DSD_EMPLOI_SAL@DF_B3000(1.0),Domestic payroll employment by economic activity,I,PERS,Persons,SAL_INT,Domestic payroll employment,Q,Quarterly,_Z,Not applicable,OTH,Other activities,Y,Calendar and seasonally adjusted data,_Z,Not applicable,2005-Q4,,13196.3198445016,,0,Units,,,0,Zero,NACE_OTH,Regroups all the following activities: A-L-R-S-T-U
DATAFLOW,LU1:DSD_EMPLOI_SAL@DF_B3000(1.0),Domestic payroll employment by economic activity,I,PERS,Persons,SAL_INT,Domestic payroll employment,Q,Quarterly,_Z,Not applicable,OTH,Other activities,Y,Calendar and seasonally adjusted data,_Z,Not applicable,2006-Q1,,14019.6774224361,,0,Units,,,0,Zero,NACE_OTH,Regroups all the following activities: A-L-R-S-T-U
DATAFLOW,LU1:DSD_EMPLOI_SAL@DF_B3000(1.0),Domestic payroll employment by economic activity,I,PERS,Persons,SAL_INT,Domestic payroll employment,Q,Quarterly,_Z,Not applicable,OTH,Other activities,Y,Calendar and seasonally adjusted data,_Z,Not applicable,2006-Q2,,14112.0416076936,,0,Units,,,0,Zero,NACE_OTH,Regroups all the following activities: A-L-R-S-T-U
DATAFLOW,LU1:DSD_EMPLOI_SAL@DF_B3000(1.0),Domestic payroll employment by economic activity,I,PERS,Persons,SAL_INT,Domestic payroll employment,Q,Quarterly,_Z,Not applicable,OTH,Other activities,Y,Calendar and seasonally adjusted data,_Z,Not applicable,2006-Q3,,14267.3641032772,,0,Units,,,0,Zero,NACE_OTH,Regroups all the following activities: A-L-R-S-T-U
DATAFLOW,LU1:DSD_EMPLOI_SAL@DF_B3000(1.0),Domestic payroll employment by economic activity,I,PERS,Persons,SAL_INT,Domestic payroll employment,Q,Quarterly,_Z,Not applicable,OTH,Other activities,Y,Calendar and seasonally adjusted data,_Z,Not applicable,2006-Q4,,14468.5603276954,,0,Units,,,0,Zero,NACE_OTH,Regroups all the following activities: A-L-R-S-T-U
DATAFLOW,LU1:DSD_EMPLOI_SAL@DF_B3000(1.0),Domestic payroll employment by economic activity,I,PERS,Persons,SAL_INT,Domestic payroll employment,Q,Quarterly,_Z,Not applicable,OTH,Other activities,Y,Calendar and seasonally adjusted data,_Z,Not applicable,2007-Q1,,14321.5057908716,,0,Units,,,0,Zero,NACE_OTH,Regroups all the following activities: A-L-R-S-T-U
DATAFLOW,LU1:DSD_EMPLOI_SAL@DF_B3000(1.0),Domestic payroll employment by economic activity,I,PERS,Persons,SAL_INT,Domestic payroll employment,Q,Quarterly,_Z,Not applicable,OTH,Other activities,Y,Calendar and seasonally adjusted data,_Z,Not applicable,2007-Q2,,14422.1416468264,,0,Units,,,0,Zero,NACE_OTH,Regroups all the following activities: A-L-R-S-T-U
DATAFLOW,LU1:DSD_EMPLOI_SAL@DF_B3000(1.0),Domestic payroll employment by economic activity,I,PERS,Persons,SAL_INT,Domestic payroll employment,Q,Quarterly,_Z,Not applicable,OTH,Other activities,Y,Calendar and seasonally adjusted data,_Z,Not applicable,2007-Q3,,14595.7834943098,,0,Units,,,0,Zero,NACE_OTH,Regroups all the following activities: A-L-R-S-T-U
DATAFLOW,LU1:DSD_EMPLOI_SAL@DF_B3000(1.0),Domestic payroll employment by economic activity,I,PERS,Persons,SAL_INT,Domestic payroll employment,Q,Quarterly,_Z,Not applicable,OTH,Other activities,Y,Calendar and seasonally adjusted data,_Z,Not applicable,2007-Q4,,14772.1140754678,,0,Units,,,0,Zero,NACE_OTH,Regroups all the following activities: A-L-R-S-T-U
DATAFLOW,LU1:DSD_EMPLOI_SAL@DF_B3000(1.0),Domestic payroll employment by economic activity,I,PERS,Persons,SAL_INT,Domestic payroll employment,Q,Quarterly,_Z,Not applicable,OTH,Other activities,Y,Calendar and seasonally adjusted data,_Z,Not applicable,2008-Q1,,14984.9225259533,,0,Units,,,0,Zero,NACE_OTH,Regroups all the following activities: A-L-R-S-T-U
DATAFLOW,LU1:DSD_EMPLOI_SAL@DF_B3000(1.0),Domestic payroll employment by economic activity,I,PERS,Persons,SAL_INT,Domestic payroll employment,Q,Quarterly,_Z,Not applicable,OTH,Other activities,Y,Calendar and seasonally adjusted data,_Z,Not applicable,2008-Q2,,15283.7516266289,,0,Units,,,0,Zero,NACE_OTH,Regroups all the following activities: A-L-R-S-T-U
DATAFLOW,LU1:DSD_EMPLOI_SAL@DF_B3000(1.0),Domestic payroll employment by economic activity,I,PERS,Persons,SAL_INT,Domestic payroll employment,Q,Quarterly,_Z,Not applicable,OTH,Other activities,Y,Calendar and seasonally adjusted data,_Z,Not applicable,2008-Q3,,15274.5018322274,,0,Units,,,0,Zero,NACE_OTH,Regroups all the following activities: A-L-R-S-T-U
DATAFLOW,LU1:DSD_EMPLOI_SAL@DF_B3000(1.0),Domestic payroll employment by economic activity,I,PERS,Persons,SAL_INT,Domestic payroll employment,Q,Quarterly,_Z,Not applicable,OTH,Other activities,Y,Calendar and seasonally adjusted data,_Z,Not applicable,2008-Q4,,15408.1084032297,,0,Units,,,0,Zero,NACE_OTH,Regroups all the following activities: A-L-R-S-T-U
DATAFLOW,LU1:DSD_EMPLOI_SAL@DF_B3000(1.0),Domestic payroll employment by economic activity,I,PERS,Persons,SAL_INT,Domestic payroll employment,Q,Quarterly,_Z,Not applicable,OTH,Other activities,Y,Calendar and seasonally adjusted data,_Z,Not applicable,2009-Q1,,15645.4812264723,,0,Units,,,0,Zero,NACE_OTH,Regroups all the following activities: A-L-R-S-T-U
DATAFLOW,LU1:DSD_EMPLOI_SAL@DF_B3000(1.0),Domestic payroll employment by economic activity,I,PERS,Persons,SAL_INT,Domestic payroll employment,Q,Quarterly,_Z,Not applicable,OTH,Other activities,Y,Calendar and seasonally adjusted data,_Z,Not applicable,2009-Q2,,15694.7315307003,,0,Units,,,0,Zero,NACE_OTH,Regroups all the following activities: A-L-R-S-T-U
DATAFLOW,LU1:DSD_EMPLOI_SAL@DF_B3000(1.0),Domestic payroll employment by economic activity,I,PERS,Persons,SAL_INT,Domestic payroll employment,Q,Quarterly,_Z,Not applicable,OTH,Other activities,Y,Calendar and seasonally adjusted data,_Z,Not applicable,2009-Q3,,15855.3544353426,,0,Units,,,0,Zero,NACE_OTH,Regroups all the following activities: A-L-R-S-T-U
DATAFLOW,LU1:DSD_EMPLOI_SAL@DF_B3000(1.0),Domestic payroll employment by economic activity,I,PERS,Persons,SAL_INT,Domestic payroll employment,Q,Quarterly,_Z,Not applicable,OTH,Other activities,Y,Calendar and seasonally adjusted data,_Z,Not applicable,2009-Q4,,16065.1007393676,,0,Units,,,0,Zero,NACE_OTH,Regroups all the following activities: A-L-R-S-T-U
DATAFLOW,LU1:DSD_EMPLOI_SAL@DF_B3000(1.0),Domestic payroll employment by economic activity,I,PERS,Persons,SAL_INT,Domestic payroll employment,Q,Quarterly,_Z,Not applicable,OTH,Other activities,Y,Calendar and seasonally adjusted data,_Z,Not applicable,2010-Q1,,16237.4086930163,,0,Units,,,0,Zero,NACE_OTH,Regroups all the following activities: A-L-R-S-T-U
DATAFLOW,LU1:DSD_EMPLOI_SAL@DF_B3000(1.0),Domestic payroll employment by economic activity,I,PERS,Persons,SAL_INT,Domestic payroll employment,Q,Quarterly,_Z,Not applicable,OTH,Other activities,Y,Calendar and seasonally adjusted data,_Z,Not applicable,2010-Q2,,16383.6157536279,,0,Units,,,0,Zero,NACE_OTH,Regroups all the following activities: A-L-R-S-T-U
DATAFLOW,LU1:DSD_EMPLOI_SAL@DF_B3000(1.0),Domestic payroll employment by economic activity,I,PERS,Persons,SAL_INT,Domestic payroll employment,Q,Quarterly,_Z,Not applicable,OTH,Other activities,Y,Calendar and seasonally adjusted data,_Z,Not applicable,2010-Q3,,16482.5298891835,,0,Units,,,0,Zero,NACE_OTH,Regroups all the following activities: A-L-R-S-T-U
DATAFLOW,LU1:DSD_EMPLOI_SAL@DF_B3000(1.0),Domestic payroll employment by economic activity,I,PERS,Persons,SAL_INT,Domestic payroll employment,Q,Quarterly,_Z,Not applicable,OTH,Other activities,Y,Calendar and seasonally adjusted data,_Z,Not applicable,2010-Q4,,16638.2322857523,,0,Units,,,0,Zero,NACE_OTH,Regroups all the following activities: A-L-R-S-T-U
DATAFLOW,LU1:DSD_EMPLOI_SAL@DF_B3000(1.0),Domestic payroll employment by economic activity,I,PERS,Persons,SAL_INT,Domestic payroll employment,Q,Quarterly,_Z,Not applicable,OTH,Other activities,Y,Calendar and seasonally adjusted data,_Z,Not applicable,2011-Q1,,16757.7273177125,,0,Units,,,0,Zero,NACE_OTH,Regroups all the following activities: A-L-R-S-T-U
DATAFLOW,LU1:DSD_EMPLOI_SAL@DF_B3000(1.0),Domestic payroll employment by economic activity,I,PERS,Persons,SAL_INT,Domestic payroll employment,Q,Quarterly,_Z,Not applicable,OTH,Other activities,Y,Calendar and seasonally adjusted data,_Z,Not applicable,2011-Q2,,16838.6643563134,,0,Units,,,0,Zero,NACE_OTH,Regroups all the following activities: A-L-R-S-T-U
DATAFLOW,LU1:DSD_EMPLOI_SAL@DF_B3000(1.0),Domestic payroll employment by economic activity,I,PERS,Persons,SAL_INT,Domestic payroll employment,Q,Quarterly,_Z,Not applicable,OTH,Other activities,Y,Calendar and seasonally adjusted data,_Z,Not applicable,2011-Q3,,16996.1694470576,,0,Units,,,0,Zero,NACE_OTH,Regroups all the following activities: A-L-R-S-T-U
DATAFLOW,LU1:DSD_EMPLOI_SAL@DF_B3000(1.0),Domestic payroll employment by economic activity,I,PERS,Persons,SAL_INT,Domestic payroll employment,Q,Quarterly,_Z,Not applicable,OTH,Other activities,Y,Calendar and seasonally adjusted data,_Z,Not applicable,2011-Q4,,17121.4514774588,,0,Units,,,0,Zero,NACE_OTH,Regroups all the following activities: A-L-R-S-T-U
DATAFLOW,LU1:DSD_EMPLOI_SAL@DF_B3000(1.0),Domestic payroll employment by economic activity,I,PERS,Persons,SAL_INT,Domestic payroll employment,Q,Quarterly,_Z,Not applicable,OTH,Other activities,Y,Calendar and seasonally adjusted data,_Z,Not applicable,2012-Q1,,17294.8732898021,,0,Units,,,0,Zero,NACE_OTH,Regroups all the following activities: A-L-R-S-T-U
DATAFLOW,LU1:DSD_EMPLOI_SAL@DF_B3000(1.0),Domestic payroll employment by economic activity,I,PERS,Persons,SAL_INT,Domestic payroll employment,Q,Quarterly,_Z,Not applicable,OTH,Other activities,Y,Calendar and seasonally adjusted data,_Z,Not applicable,2012-Q2,,17413.5740547426,,0,Units,,,0,Zero,NACE_OTH,Regroups all the following activities: A-L-R-S-T-U
DATAFLOW,LU1:DSD_EMPLOI_SAL@DF_B3000(1.0),Domestic payroll employment by economic activity,I,PERS,Persons,SAL_INT,Domestic payroll employment,Q,Quarterly,_Z,Not applicable,OTH,Other activities,Y,Calendar and seasonally adjusted data,_Z,Not applicable,2012-Q3,,17578.3127867299,,0,Units,,,0,Zero,NACE_OTH,Regroups all the following activities: A-L-R-S-T-U
DATAFLOW,LU1:DSD_EMPLOI_SAL@DF_B3000(1.0),Domestic payroll employment by economic activity,I,PERS,Persons,SAL_INT,Domestic payroll employment,Q,Quarterly,_Z,Not applicable,OTH,Other activities,Y,Calendar and seasonally adjusted data,_Z,Not applicable,2012-Q4,,17694.8686379647,,0,Units,,,0,Zero,NACE_OTH,Regroups all the following activities: A-L-R-S-T-U
DATAFLOW,LU1:DSD_EMPLOI_SAL@DF_B3000(1.0),Domestic payroll employment by economic activity,I,PERS,Persons,SAL_INT,Domestic payroll employment,Q,Quarterly,_Z,Not applicable,OTH,Other activities,Y,Calendar and seasonally adjusted data,_Z,Not applicable,2013-Q1,,17781.1708108357,,0,Units,,,0,Zero,NACE_OTH,Regroups all the following activities: A-L-R-S-T-U
DATAFLOW,LU1:DSD_EMPLOI_SAL@DF_B3000(1.0),Domestic payroll employment by economic activity,I,PERS,Persons,SAL_INT,Domestic payroll employment,Q,Quarterly,_Z,Not applicable,OTH,Other activities,Y,Calendar and seasonally adjusted data,_Z,Not applicable,2013-Q2,,17933.4184626076,,0,Units,,,0,Zero,NACE_OTH,Regroups all the following activities: A-L-R-S-T-U
DATAFLOW,LU1:DSD_EMPLOI_SAL@DF_B3000(1.0),Domestic payroll employment by economic activity,I,PERS,Persons,SAL_INT,Domestic payroll employment,Q,Quarterly,_Z,Not applicable,OTH,Other activities,Y,Calendar and seasonally adjusted data,_Z,Not applicable,2013-Q3,,17950.4127144884,,0,Units,,,0,Zero,NACE_OTH,Regroups all the following activities: A-L-R-S-T-U
DATAFLOW,LU1:DSD_EMPLOI_SAL@DF_B3000(1.0),Domestic payroll employment by economic activity,I,PERS,Persons,SAL_INT,Domestic payroll employment,Q,Quarterly,_Z,Not applicable,OTH,Other activities,Y,Calendar and seasonally adjusted data,_Z,Not applicable,2013-Q4,,18069.5454060137,,0,Units,,,0,Zero,NACE_OTH,Regroups all the following activities: A-L-R-S-T-U
DATAFLOW,LU1:DSD_EMPLOI_SAL@DF_B3000(1.0),Domestic payroll employment by economic activity,I,PERS,Persons,SAL_INT,Domestic payroll employment,Q,Quarterly,_Z,Not applicable,OTH,Other activities,Y,Calendar and seasonally adjusted data,_Z,Not applicable,2014-Q1,,18274.9474453516,,0,Units,,,0,Zero,NACE_OTH,Regroups all the following activities: A-L-R-S-T-U
DATAFLOW,LU1:DSD_EMPLOI_SAL@DF_B3000(1.0),Domestic payroll employment by economic activity,I,PERS,Persons,SAL_INT,Domestic payroll employment,Q,Quarterly,_Z,Not applicable,OTH,Other activities,Y,Calendar and seasonally adjusted data,_Z,Not applicable,2014-Q2,,18468.9460418006,,0,Units,,,0,Zero,NACE_OTH,Regroups all the following activities: A-L-R-S-T-U
DATAFLOW,LU1:DSD_EMPLOI_SAL@DF_B3000(1.0),Domestic payroll employment by economic activity,I,PERS,Persons,SAL_INT,Domestic payroll employment,Q,Quarterly,_Z,Not applicable,OTH,Other activities,Y,Calendar and seasonally adjusted data,_Z,Not applicable,2014-Q3,,18581.7584610558,,0,Units,,,0,Zero,NACE_OTH,Regroups all the following activities: A-L-R-S-T-U
DATAFLOW,LU1:DSD_EMPLOI_SAL@DF_B3000(1.0),Domestic payroll employment by economic activity,I,PERS,Persons,SAL_INT,Domestic payroll employment,Q,Quarterly,_Z,Not applicable,OTH,Other activities,Y,Calendar and seasonally adjusted data,_Z,Not applicable,2014-Q4,,18733.4184599764,,0,Units,,,0,Zero,NACE_OTH,Regroups all the following activities: A-L-R-S-T-U
DATAFLOW,LU1:DSD_EMPLOI_SAL@DF_B3000(1.0),Domestic payroll employment by economic activity,I,PERS,Persons,SAL_INT,Domestic payroll employment,Q,Quarterly,_Z,Not applicable,OTH,Other activities,Y,Calendar and seasonally adjusted data,_Z,Not applicable,2015-Q1,,18854.9694852893,,0,Units,,,0,Zero,NACE_OTH,Regroups all the following activities: A-L-R-S-T-U
DATAFLOW,LU1:DSD_EMPLOI_SAL@DF_B3000(1.0),Domestic payroll employment by economic activity,I,PERS,Persons,SAL_INT,Domestic payroll employment,Q,Quarterly,_Z,Not applicable,OTH,Other activities,Y,Calendar and seasonally adjusted data,_Z,Not applicable,2015-Q2,,18980.2135655473,,0,Units,,,0,Zero,NACE_OTH,Regroups all the following activities: A-L-R-S-T-U
DATAFLOW,LU1:DSD_EMPLOI_SAL@DF_B3000(1.0),Domestic payroll employment by economic activity,I,PERS,Persons,SAL_INT,Domestic payroll employment,Q,Quarterly,_Z,Not applicable,OTH,Other activities,Y,Calendar and seasonally adjusted data,_Z,Not applicable,2015-Q3,,19107.5485210486,,0,Units,,,0,Zero,NACE_OTH,Regroups all the following activities: A-L-R-S-T-U
DATAFLOW,LU1:DSD_EMPLOI_SAL@DF_B3000(1.0),Domestic payroll employment by economic activity,I,PERS,Persons,SAL_INT,Domestic payroll employment,Q,Quarterly,_Z,Not applicable,OTH,Other activities,Y,Calendar and seasonally adjusted data,_Z,Not applicable,2015-Q4,,19142.6189387216,,0,Units,,,0,Zero,NACE_OTH,Regroups all the following activities: A-L-R-S-T-U
DATAFLOW,LU1:DSD_EMPLOI_SAL@DF_B3000(1.0),Domestic payroll employment by economic activity,I,PERS,Persons,SAL_INT,Domestic payroll employment,Q,Quarterly,_Z,Not applicable,OTH,Other activities,Y,Calendar and seasonally adjusted data,_Z,Not applicable,2016-Q1,,19204.9690707226,,0,Units,,,0,Zero,NACE_OTH,Regroups all the following activities: A-L-R-S-T-U
DATAFLOW,LU1:DSD_EMPLOI_SAL@DF_B3000(1.0),Domestic payroll employment by economic activity,I,PERS,Persons,SAL_INT,Domestic payroll employment,Q,Quarterly,_Z,Not applicable,OTH,Other activities,Y,Calendar and seasonally adjusted data,_Z,Not applicable,2016-Q2,,19329.7239280364,,0,Units,,,0,Zero,NACE_OTH,Regroups all the following activities: A-L-R-S-T-U
DATAFLOW,LU1:DSD_EMPLOI_SAL@DF_B3000(1.0),Domestic payroll employment by economic activity,I,PERS,Persons,SAL_INT,Domestic payroll employment,Q,Quarterly,_Z,Not applicable,OTH,Other activities,Y,Calendar and seasonally adjusted data,_Z,Not applicable,2016-Q3,,19438.8571946228,,0,Units,,,0,Zero,NACE_OTH,Regroups all the following activities: A-L-R-S-T-U
DATAFLOW,LU1:DSD_EMPLOI_SAL@DF_B3000(1.0),Domestic payroll employment by economic activity,I,PERS,Persons,SAL_INT,Domestic payroll employment,Q,Quarterly,_Z,Not applicable,OTH,Other activities,Y,Calendar and seasonally adjusted data,_Z,Not applicable,2016-Q4,,19631.4247273197,,0,Units,,,0,Zero,NACE_OTH,Regroups all the following activities: A-L-R-S-T-U
DATAFLOW,LU1:DSD_EMPLOI_SAL@DF_B3000(1.0),Domestic payroll employment by economic activity,I,PERS,Persons,SAL_INT,Domestic payroll employment,Q,Quarterly,_Z,Not applicable,OTH,Other activities,Y,Calendar and seasonally adjusted data,_Z,Not applicable,2017-Q1,,19897.7337116474,,0,Units,,,0,Zero,NACE_OTH,Regroups all the following activities: A-L-R-S-T-U
DATAFLOW,LU1:DSD_EMPLOI_SAL@DF_B3000(1.0),Domestic payroll employment by economic activity,I,PERS,Persons,SAL_INT,Domestic payroll employment,Q,Quarterly,_Z,Not applicable,OTH,Other activities,Y,Calendar and seasonally adjusted data,_Z,Not applicable,2017-Q2,,20104.3317883799,,0,Units,,,0,Zero,NACE_OTH,Regroups all the following activities: A-L-R-S-T-U
DATAFLOW,LU1:DSD_EMPLOI_SAL@DF_B3000(1.0),Domestic payroll employment by economic activity,I,PERS,Persons,SAL_INT,Domestic payroll employment,Q,Quarterly,_Z,Not applicable,OTH,Other activities,Y,Calendar and seasonally adjusted data,_Z,Not applicable,2017-Q3,,20287.6365777857,,0,Units,,,0,Zero,NACE_OTH,Regroups all the following activities: A-L-R-S-T-U
DATAFLOW,LU1:DSD_EMPLOI_SAL@DF_B3000(1.0),Domestic payroll employment by economic activity,I,PERS,Persons,SAL_INT,Domestic payroll employment,Q,Quarterly,_Z,Not applicable,OTH,Other activities,Y,Calendar and seasonally adjusted data,_Z,Not applicable,2017-Q4,,20469.6031596519,,0,Units,,,0,Zero,NACE_OTH,Regroups all the following activities: A-L-R-S-T-U
DATAFLOW,LU1:DSD_EMPLOI_SAL@DF_B3000(1.0),Domestic payroll employment by economic activity,I,PERS,Persons,SAL_INT,Domestic payroll employment,Q,Quarterly,_Z,Not applicable,OTH,Other activities,Y,Calendar and seasonally adjusted data,_Z,Not applicable,2018-Q1,,20504.1907100393,,0,Units,,,0,Zero,NACE_OTH,Regroups all the following activities: A-L-R-S-T-U
DATAFLOW,LU1:DSD_EMPLOI_SAL@DF_B3000(1.0),Domestic payroll employment by economic activity,I,PERS,Persons,SAL_INT,Domestic payroll employment,Q,Quarterly,_Z,Not applicable,OTH,Other activities,Y,Calendar and seasonally adjusted data,_Z,Not applicable,2018-Q2,,20584.8259581841,,0,Units,,,0,Zero,NACE_OTH,Regroups all the following activities: A-L-R-S-T-U
DATAFLOW,LU1:DSD_EMPLOI_SAL@DF_B3000(1.0),Domestic payroll employment by economic activity,I,PERS,Persons,SAL_INT,Domestic payroll employment,Q,Quarterly,_Z,Not applicable,OTH,Other activities,Y,Calendar and seasonally adjusted data,_Z,Not applicable,2018-Q3,,20740.9238103816,,0,Units,,,0,Zero,NACE_OTH,Regroups all the following activities: A-L-R-S-T-U
DATAFLOW,LU1:DSD_EMPLOI_SAL@DF_B3000(1.0),Domestic payroll employment by economic activity,I,PERS,Persons,SAL_INT,Domestic payroll employment,Q,Quarterly,_Z,Not applicable,OTH,Other activities,Y,Calendar and seasonally adjusted data,_Z,Not applicable,2018-Q4,,20866.6029389601,,0,Units,,,0,Zero,NACE_OTH,Regroups all the following activities: A-L-R-S-T-U
DATAFLOW,LU1:DSD_EMPLOI_SAL@DF_B3000(1.0),Domestic payroll employment by economic activity,I,PERS,Persons,SAL_INT,Domestic payroll employment,Q,Quarterly,_Z,Not applicable,OTH,Other activities,Y,Calendar and seasonally adjusted data,_Z,Not applicable,2019-Q1,,20978.1916524689,,0,Units,,,0,Zero,NACE_OTH,Regroups all the following activities: A-L-R-S-T-U
DATAFLOW,LU1:DSD_EMPLOI_SAL@DF_B3000(1.0),Domestic payroll employment by economic activity,I,PERS,Persons,SAL_INT,Domestic payroll employment,Q,Quarterly,_Z,Not applicable,OTH,Other activities,Y,Calendar and seasonally adjusted data,_Z,Not applicable,2019-Q2,,21124.4269467815,,0,Units,,,0,Zero,NACE_OTH,Regroups all the following activities: A-L-R-S-T-U
DATAFLOW,LU1:DSD_EMPLOI_SAL@DF_B3000(1.0),Domestic payroll employment by economic activity,I,PERS,Persons,SAL_INT,Domestic payroll employment,Q,Quarterly,_Z,Not applicable,OTH,Other activities,Y,Calendar and seasonally adjusted data,_Z,Not applicable,2019-Q3,,21288.3564071292,,0,Units,,,0,Zero,NACE_OTH,Regroups all the following activities: A-L-R-S-T-U
DATAFLOW,LU1:DSD_EMPLOI_SAL@DF_B3000(1.0),Domestic payroll employment by economic activity,I,PERS,Persons,SAL_INT,Domestic payroll employment,Q,Quarterly,_Z,Not applicable,OTH,Other activities,Y,Calendar and seasonally adjusted data,_Z,Not applicable,2019-Q4,,21401.1721515353,,0,Units,,,0,Zero,NACE_OTH,Regroups all the following activities: A-L-R-S-T-U
DATAFLOW,LU1:DSD_EMPLOI_SAL@DF_B3000(1.0),Domestic payroll employment by economic activity,I,PERS,Persons,SAL_INT,Domestic payroll employment,Q,Quarterly,_Z,Not applicable,OTH,Other activities,Y,Calendar and seasonally adjusted data,_Z,Not applicable,2020-Q1,,21449.6237480127,,0,Units,,,0,Zero,NACE_OTH,Regroups all the following activities: A-L-R-S-T-U
DATAFLOW,LU1:DSD_EMPLOI_SAL@DF_B3000(1.0),Domestic payroll employment by economic activity,I,PERS,Persons,SAL_INT,Domestic payroll employment,Q,Quarterly,_Z,Not applicable,OTH,Other activities,Y,Calendar and seasonally adjusted data,_Z,Not applicable,2020-Q2,,21455.4682826786,,0,Units,,,0,Zero,NACE_OTH,Regroups all the following activities: A-L-R-S-T-U
DATAFLOW,LU1:DSD_EMPLOI_SAL@DF_B3000(1.0),Domestic payroll employment by economic activity,I,PERS,Persons,SAL_INT,Domestic payroll employment,Q,Quarterly,_Z,Not applicable,OTH,Other activities,Y,Calendar and seasonally adjusted data,_Z,Not applicable,2020-Q3,,21475.7448398919,,0,Units,,,0,Zero,NACE_OTH,Regroups all the following activities: A-L-R-S-T-U
DATAFLOW,LU1:DSD_EMPLOI_SAL@DF_B3000(1.0),Domestic payroll employment by economic activity,I,PERS,Persons,SAL_INT,Domestic payroll employment,Q,Quarterly,_Z,Not applicable,OTH,Other activities,Y,Calendar and seasonally adjusted data,_Z,Not applicable,2020-Q4,,21488.3313366446,,0,Units,,,0,Zero,NACE_OTH,Regroups all the following activities: A-L-R-S-T-U
DATAFLOW,LU1:DSD_EMPLOI_SAL@DF_B3000(1.0),Domestic payroll employment by economic activity,I,PERS,Persons,SAL_INT,Domestic payroll employment,Q,Quarterly,_Z,Not applicable,OTH,Other activities,Y,Calendar and seasonally adjusted data,_Z,Not applicable,2021-Q1,,21796.6241590151,,0,Units,,,0,Zero,NACE_OTH,Regroups all the following activities: A-L-R-S-T-U
DATAFLOW,LU1:DSD_EMPLOI_SAL@DF_B3000(1.0),Domestic payroll employment by economic activity,I,PERS,Persons,SAL_INT,Domestic payroll employment,Q,Quarterly,_Z,Not applicable,OTH,Other activities,Y,Calendar and seasonally adjusted data,_Z,Not applicable,2021-Q2,,21960.8278234844,,0,Units,,,0,Zero,NACE_OTH,Regroups all the following activities: A-L-R-S-T-U
DATAFLOW,LU1:DSD_EMPLOI_SAL@DF_B3000(1.0),Domestic payroll employment by economic activity,I,PERS,Persons,SAL_INT,Domestic payroll employment,Q,Quarterly,_Z,Not applicable,OTH,Other activities,Y,Calendar and seasonally adjusted data,_Z,Not applicable,2021-Q3,,22084.1703019113,,0,Units,,,0,Zero,NACE_OTH,Regroups all the following activities: A-L-R-S-T-U
DATAFLOW,LU1:DSD_EMPLOI_SAL@DF_B3000(1.0),Domestic payroll employment by economic activity,I,PERS,Persons,SAL_INT,Domestic payroll employment,Q,Quarterly,_Z,Not applicable,OTH,Other activities,Y,Calendar and seasonally adjusted data,_Z,Not applicable,2021-Q4,,22269.4581746269,,0,Units,,,0,Zero,NACE_OTH,Regroups all the following activities: A-L-R-S-T-U
DATAFLOW,LU1:DSD_EMPLOI_SAL@DF_B3000(1.0),Domestic payroll employment by economic activity,I,PERS,Persons,SAL_INT,Domestic payroll employment,Q,Quarterly,_Z,Not applicable,OTH,Other activities,Y,Calendar and seasonally adjusted data,_Z,Not applicable,2022-Q1,,22344.6869498504,,0,Units,,,0,Zero,NACE_OTH,Regroups all the following activities: A-L-R-S-T-U
DATAFLOW,LU1:DSD_EMPLOI_SAL@DF_B3000(1.0),Domestic payroll employment by economic activity,I,PERS,Persons,SAL_INT,Domestic payroll employment,Q,Quarterly,_Z,Not applicable,OTH,Other activities,Y,Calendar and seasonally adjusted data,_Z,Not applicable,2022-Q2,,22409.6369359956,,0,Units,,,0,Zero,NACE_OTH,Regroups all the following activities: A-L-R-S-T-U
DATAFLOW,LU1:DSD_EMPLOI_SAL@DF_B3000(1.0),Domestic payroll employment by economic activity,I,PERS,Persons,SAL_INT,Domestic payroll employment,Q,Quarterly,_Z,Not applicable,OTH,Other activities,Y,Calendar and seasonally adjusted data,_Z,Not applicable,2022-Q3,,22506.7978379509,,0,Units,,,0,Zero,NACE_OTH,Regroups all the following activities: A-L-R-S-T-U
DATAFLOW,LU1:DSD_EMPLOI_SAL@DF_B3000(1.0),Domestic payroll employment by economic activity,I,PERS,Persons,SAL_INT,Domestic payroll employment,Q,Quarterly,_Z,Not applicable,OTH,Other activities,Y,Calendar and seasonally adjusted data,_Z,Not applicable,2022-Q4,,22539.016631534,,0,Units,,,0,Zero,NACE_OTH,Regroups all the following activities: A-L-R-S-T-U
DATAFLOW,LU1:DSD_EMPLOI_SAL@DF_B3000(1.0),Domestic payroll employment by economic activity,I,PERS,Persons,SAL_INT,Domestic payroll employment,Q,Quarterly,_Z,Not applicable,OTH,Other activities,Y,Calendar and seasonally adjusted data,_Z,Not applicable,2023-Q1,,22492.0988530431,,0,Units,,,0,Zero,NACE_OTH,Regroups all the following activities: A-L-R-S-T-U
DATAFLOW,LU1:DSD_EMPLOI_SAL@DF_B3000(1.0),Domestic payroll employment by economic activity,I,PERS,Persons,SAL_INT,Domestic payroll employment,Q,Quarterly,_Z,Not applicable,OTH,Other activities,Y,Calendar and seasonally adjusted data,_Z,Not applicable,2023-Q2,,22570.8154509992,,0,Units,,,0,Zero,NACE_OTH,Regroups all the following activities: A-L-R-S-T-U
DATAFLOW,LU1:DSD_EMPLOI_SAL@DF_B3000(1.0),Domestic payroll employment by economic activity,I,PERS,Persons,SAL_INT,Domestic payroll employment,Q,Quarterly,_Z,Not applicable,OTH,Other activities,Y,Calendar and seasonally adjusted data,_Z,Not applicable,2023-Q3,,22608.5672494281,,0,Units,,,0,Zero,NACE_OTH,Regroups all the following activities: A-L-R-S-T-U
DATAFLOW,LU1:DSD_EMPLOI_SAL@DF_B3000(1.0),Domestic payroll employment by economic activity,I,PERS,Persons,SAL_INT,Domestic payroll employment,Q,Quarterly,_Z,Not applicable,OTH,Other activities,Y,Calendar and seasonally adjusted data,_Z,Not applicable,2023-Q4,,22603.922102106,,0,Units,,,0,Zero,NACE_OTH,Regroups all the following activities: A-L-R-S-T-U
DATAFLOW,LU1:DSD_EMPLOI_SAL@DF_B3000(1.0),Domestic payroll employment by economic activity,I,PERS,Persons,SAL_INT,Domestic payroll employment,Q,Quarterly,_Z,Not applicable,OTH,Other activities,Y,Calendar and seasonally adjusted data,_Z,Not applicable,2024-Q1,,22740.1679938071,,0,Units,,,0,Zero,NACE_OTH,Regroups all the following activities: A-L-R-S-T-U
DATAFLOW,LU1:DSD_EMPLOI_SAL@DF_B3000(1.0),Domestic payroll employment by economic activity,I,PERS,Persons,SAL_INT,Domestic payroll employment,Q,Quarterly,_Z,Not applicable,OTH,Other activities,Y,Calendar and seasonally adjusted data,_Z,Not applicable,2024-Q2,,22750.728473447,,0,Units,,,0,Zero,NACE_OTH,Regroups all the following activities: A-L-R-S-T-U
DATAFLOW,LU1:DSD_EMPLOI_SAL@DF_B3000(1.0),Domestic payroll employment by economic activity,I,PERS,Persons,SAL_INT,Domestic payroll employment,Q,Quarterly,_Z,Not applicable,OTH,Other activities,Y,Calendar and seasonally adjusted data,_Z,Not applicable,2024-Q3,,22813.9237979743,,0,Units,,,0,Zero,NACE_OTH,Regroups all the following activities: A-L-R-S-T-U
DATAFLOW,LU1:DSD_EMPLOI_SAL@DF_B3000(1.0),Domestic payroll employment by economic activity,I,PERS,Persons,SAL_INT,Domestic payroll employment,Q,Quarterly,_Z,Not applicable,OTH,Other activities,Y,Calendar and seasonally adjusted data,_Z,Not applicable,2024-Q4,,22939.6898989306,,0,Units,,,0,Zero,NACE_OTH,Regroups all the following activities: A-L-R-S-T-U
DATAFLOW,LU1:DSD_EMPLOI_SAL@DF_B3000(1.0),Domestic payroll employment by economic activity,I,PERS,Persons,SAL_INT,Domestic payroll employment,Q,Quarterly,_Z,Not applicable,OTH,Other activities,Y,Calendar and seasonally adjusted data,_Z,Not applicable,2025-Q1,,23092.9297009402,,0,Units,,,0,Zero,NACE_OTH,Regroups all the following activities: A-L-R-S-T-U
DATAFLOW,LU1:DSD_EMPLOI_SAL@DF_B3000(1.0),Domestic payroll employment by economic activity,I,PERS,Persons,SAL_INT,Domestic payroll employment,Q,Quarterly,_Z,Not applicable,OTH,Other activities,Y,Calendar and seasonally adjusted data,_Z,Not applicable,2025-Q2,,23219.9244654037,,0,Units,,,0,Zero,NACE_OTH,Regroups all the following activities: A-L-R-S-T-U
DATAFLOW,LU1:DSD_EMPLOI_SAL@DF_B3000(1.0),Domestic payroll employment by economic activity,I,PERS,Persons,SAL_INT,Domestic payroll employment,Q,Quarterly,_Z,Not applicable,OTH,Other activities,Y,Calendar and seasonally adjusted data,_Z,Not applicable,2025-Q3,,23366.278973492,,0,Units,,,0,Zero,NACE_OTH,Regroups all the following activities: A-L-R-S-T-U
DATAFLOW,LU1:DSD_EMPLOI_SAL@DF_B3000(1.0),Domestic payroll employment by economic activity,I,PERS,Persons,SAL_INT,Domestic payroll employment,Q,Quarterly,_Z,Not applicable,OTH,Other activities,Y,Calendar and seasonally adjusted data,_Z,Not applicable,2025-Q4,,23477.4964567617,,0,Units,,,0,Zero,NACE_OTH,Regroups all the following activities: A-L-R-S-T-U
DATAFLOW,LU1:DSD_EMPLOI_SAL@DF_B3000(1.0),Domestic payroll employment by economic activity,I,PERS,Persons,SAL_INT,Domestic payroll employment,Q,Quarterly,_Z,Not applicable,OTH,Other activities,Y,Calendar and seasonally adjusted data,_Z,Not applicable,2026-Q1,,23550.7245469734,,0,Units,,,0,Zero,NACE_OTH,Regroups all the following activities: A-L-R-S-T-U
DATAFLOW,LU1:DSD_EMPLOI_SAL@DF_B3000(1.0),Domestic payroll employment by economic activity,I,PERS,Persons,SAL_INT,Domestic payroll employment,Q,Quarterly,_Z,Not applicable,G-I,"Wholesale and retail trade, transportation and storage, accommodation and food service activities",N,Neither seasonally adjusted nor calendar adjusted data,_Z,Not applicable,1995-Q1,,49720,,0,Units,,,0,Zero,,
DATAFLOW,LU1:DSD_EMPLOI_SAL@DF_B3000(1.0),Domestic payroll employment by economic activity,I,PERS,Persons,SAL_INT,Domestic payroll employment,Q,Quarterly,_Z,Not applicable,G-I,"Wholesale and retail trade, transportation and storage, accommodation and food service activities",N,Neither seasonally adjusted nor calendar adjusted data,_Z,Not applicable,1995-Q2,,50640,,0,Units,,,0,Zero,,
DATAFLOW,LU1:DSD_EMPLOI_SAL@DF_B3000(1.0),Domestic payroll employment by economic activity,I,PERS,Persons,SAL_INT,Domestic payroll employment,Q,Quarterly,_Z,Not applicable,G-I,"Wholesale and retail trade, transportation and storage, accommodation and food service activities",N,Neither seasonally adjusted nor calendar adjusted data,_Z,Not applicable,1995-Q3,,50919,,0,Units,,,0,Zero,,
DATAFLOW,LU1:DSD_EMPLOI_SAL@DF_B3000(1.0),Domestic payroll employment by economic activity,I,PERS,Persons,SAL_INT,Domestic payroll employment,Q,Quarterly,_Z,Not applicable,G-I,"Wholesale and retail trade, transportation and storage, accommodation and food service activities",N,Neither seasonally adjusted nor calendar adjusted data,_Z,Not applicable,1995-Q4,,51070,,0,Units,,,0,Zero,,
DATAFLOW,LU1:DSD_EMPLOI_SAL@DF_B3000(1.0),Domestic payroll employment by economic activity,I,PERS,Persons,SAL_INT,Domestic payroll employment,Q,Quarterly,_Z,Not applicable,G-I,"Wholesale and retail trade, transportation and storage, accommodation and food service activities",N,Neither seasonally adjusted nor calendar adjusted data,_Z,Not applicable,1996-Q1,,51675,,0,Units,,,0,Zero,,
DATAFLOW,LU1:DSD_EMPLOI_SAL@DF_B3000(1.0),Domestic payroll employment by economic activity,I,PERS,Persons,SAL_INT,Domestic payroll employment,Q,Quarterly,_Z,Not applicable,G-I,"Wholesale and retail trade, transportation and storage, accommodation and food service activities",N,Neither seasonally adjusted nor calendar adjusted data,_Z,Not applicable,1996-Q2,,52014,,0,Units,,,0,Zero,,
DATAFLOW,LU1:DSD_EMPLOI_SAL@DF_B3000(1.0),Domestic payroll employment by economic activity,I,PERS,Persons,SAL_INT,Domestic payroll employment,Q,Quarterly,_Z,Not applicable,G-I,"Wholesale and retail trade, transportation and storage, accommodation and food service activities",N,Neither seasonally adjusted nor calendar adjusted data,_Z,Not applicable,1996-Q3,,51988,,0,Units,,,0,Zero,,
DATAFLOW,LU1:DSD_EMPLOI_SAL@DF_B3000(1.0),Domestic payroll employment by economic activity,I,PERS,Persons,SAL_INT,Domestic payroll employment,Q,Quarterly,_Z,Not applicable,G-I,"Wholesale and retail trade, transportation and storage, accommodation and food service activities",N,Neither seasonally adjusted nor calendar adjusted data,_Z,Not applicable,1996-Q4,,52091,,0,Units,,,0,Zero,,
DATAFLOW,LU1:DSD_EMPLOI_SAL@DF_B3000(1.0),Domestic payroll employment by economic activity,I,PERS,Persons,SAL_INT,Domestic payroll employment,Q,Quarterly,_Z,Not applicable,G-I,"Wholesale and retail trade, transportation and storage, accommodation and food service activities",N,Neither seasonally adjusted nor calendar adjusted data,_Z,Not applicable,1997-Q1,,52138,,0,Units,,,0,Zero,,
DATAFLOW,LU1:DSD_EMPLOI_SAL@DF_B3000(1.0),Domestic payroll employment by economic activity,I,PERS,Persons,SAL_INT,Domestic payroll employment,Q,Quarterly,_Z,Not applicable,G-I,"Wholesale and retail trade, transportation and storage, accommodation and food service activities",N,Neither seasonally adjusted nor calendar adjusted data,_Z,Not applicable,1997-Q2,,53801,,0,Units,,,0,Zero,,
DATAFLOW,LU1:DSD_EMPLOI_SAL@DF_B3000(1.0),Domestic payroll employment by economic activity,I,PERS,Persons,SAL_INT,Domestic payroll employment,Q,Quarterly,_Z,Not applicable,G-I,"Wholesale and retail trade, transportation and storage, accommodation and food service activities",N,Neither seasonally adjusted nor calendar adjusted data,_Z,Not applicable,1997-Q3,,54073,,0,Units,,,0,Zero,,
DATAFLOW,LU1:DSD_EMPLOI_SAL@DF_B3000(1.0),Domestic payroll employment by economic activity,I,PERS,Persons,SAL_INT,Domestic payroll employment,Q,Quarterly,_Z,Not applicable,G-I,"Wholesale and retail trade, transportation and storage, accommodation and food service activities",N,Neither seasonally adjusted nor calendar adjusted data,_Z,Not applicable,1997-Q4,,54570,,0,Units,,,0,Zero,,
DATAFLOW,LU1:DSD_EMPLOI_SAL@DF_B3000(1.0),Domestic payroll employment by economic activity,I,PERS,Persons,SAL_INT,Domestic payroll employment,Q,Quarterly,_Z,Not applicable,G-I,"Wholesale and retail trade, transportation and storage, accommodation and food service activities",N,Neither seasonally adjusted nor calendar adjusted data,_Z,Not applicable,1998-Q1,,53761,,0,Units,,,0,Zero,,
DATAFLOW,LU1:DSD_EMPLOI_SAL@DF_B3000(1.0),Domestic payroll employment by economic activity,I,PERS,Persons,SAL_INT,Domestic payroll employment,Q,Quarterly,_Z,Not applicable,G-I,"Wholesale and retail trade, transportation and storage, accommodation and food service activities",N,Neither seasonally adjusted nor calendar adjusted data,_Z,Not applicable,1998-Q2,,55699,,0,Units,,,0,Zero,,
DATAFLOW,LU1:DSD_EMPLOI_SAL@DF_B3000(1.0),Domestic payroll employment by economic activity,I,PERS,Persons,SAL_INT,Domestic payroll employment,Q,Quarterly,_Z,Not applicable,G-I,"Wholesale and retail trade, transportation and storage, accommodation and food service activities",N,Neither seasonally adjusted nor calendar adjusted data,_Z,Not applicable,1998-Q3,,56411,,0,Units,,,0,Zero,,
DATAFLOW,LU1:DSD_EMPLOI_SAL@DF_B3000(1.0),Domestic payroll employment by economic activity,I,PERS,Persons,SAL_INT,Domestic payroll employment,Q,Quarterly,_Z,Not applicable,G-I,"Wholesale and retail trade, transportation and storage, accommodation and food service activities",N,Neither seasonally adjusted nor calendar adjusted data,_Z,Not applicable,1998-Q4,,57128,,0,Units,,,0,Zero,,
DATAFLOW,LU1:DSD_EMPLOI_SAL@DF_B3000(1.0),Domestic payroll employment by economic activity,I,PERS,Persons,SAL_INT,Domestic payroll employment,Q,Quarterly,_Z,Not applicable,G-I,"Wholesale and retail trade, transportation and storage, accommodation and food service activities",N,Neither seasonally adjusted nor calendar adjusted data,_Z,Not applicable,1999-Q1,,56761,,0,Units,,,0,Zero,,
DATAFLOW,LU1:DSD_EMPLOI_SAL@DF_B3000(1.0),Domestic payroll employment by economic activity,I,PERS,Persons,SAL_INT,Domestic payroll employment,Q,Quarterly,_Z,Not applicable,G-I,"Wholesale and retail trade, transportation and storage, accommodation and food service activities",N,Neither seasonally adjusted nor calendar adjusted data,_Z,Not applicable,1999-Q2,,58167,,0,Units,,,0,Zero,,
DATAFLOW,LU1:DSD_EMPLOI_SAL@DF_B3000(1.0),Domestic payroll employment by economic activity,I,PERS,Persons,SAL_INT,Domestic payroll employment,Q,Quarterly,_Z,Not applicable,G-I,"Wholesale and retail trade, transportation and storage, accommodation and food service activities",N,Neither seasonally adjusted nor calendar adjusted data,_Z,Not applicable,1999-Q3,,59050,,0,Units,,,0,Zero,,
DATAFLOW,LU1:DSD_EMPLOI_SAL@DF_B3000(1.0),Domestic payroll employment by economic activity,I,PERS,Persons,SAL_INT,Domestic payroll employment,Q,Quarterly,_Z,Not applicable,G-I,"Wholesale and retail trade, transportation and storage, accommodation and food service activities",N,Neither seasonally adjusted nor calendar adjusted data,_Z,Not applicable,1999-Q4,,59993,,0,Units,,,0,Zero,,
DATAFLOW,LU1:DSD_EMPLOI_SAL@DF_B3000(1.0),Domestic payroll employment by economic activity,I,PERS,Persons,SAL_INT,Domestic payroll employment,Q,Quarterly,_Z,Not applicable,G-I,"Wholesale and retail trade, transportation and storage, accommodation and food service activities",N,Neither seasonally adjusted nor calendar adjusted data,_Z,Not applicable,2000-Q1,,59384,,0,Units,,,0,Zero,,
DATAFLOW,LU1:DSD_EMPLOI_SAL@DF_B3000(1.0),Domestic payroll employment by economic activity,I,PERS,Persons,SAL_INT,Domestic payroll employment,Q,Quarterly,_Z,Not applicable,G-I,"Wholesale and retail trade, transportation and storage, accommodation and food service activities",N,Neither seasonally adjusted nor calendar adjusted data,_Z,Not applicable,2000-Q2,,60449,,0,Units,,,0,Zero,,
DATAFLOW,LU1:DSD_EMPLOI_SAL@DF_B3000(1.0),Domestic payroll employment by economic activity,I,PERS,Persons,SAL_INT,Domestic payroll employment,Q,Quarterly,_Z,Not applicable,G-I,"Wholesale and retail trade, transportation and storage, accommodation and food service activities",N,Neither seasonally adjusted nor calendar adjusted data,_Z,Not applicable,2000-Q3,,61005,,0,Units,,,0,Zero,,
DATAFLOW,LU1:DSD_EMPLOI_SAL@DF_B3000(1.0),Domestic payroll employment by economic activity,I,PERS,Persons,SAL_INT,Domestic payroll employment,Q,Quarterly,_Z,Not applicable,G-I,"Wholesale and retail trade, transportation and storage, accommodation and food service activities",N,Neither seasonally adjusted nor calendar adjusted data,_Z,Not applicable,2000-Q4,,62264,,0,Units,,,0,Zero,,
DATAFLOW,LU1:DSD_EMPLOI_SAL@DF_B3000(1.0),Domestic payroll employment by economic activity,I,PERS,Persons,SAL_INT,Domestic payroll employment,Q,Quarterly,_Z,Not applicable,G-I,"Wholesale and retail trade, transportation and storage, accommodation and food service activities",N,Neither seasonally adjusted nor calendar adjusted data,_Z,Not applicable,2001-Q1,,62345,,0,Units,,,0,Zero,,
DATAFLOW,LU1:DSD_EMPLOI_SAL@DF_B3000(1.0),Domestic payroll employment by economic activity,I,PERS,Persons,SAL_INT,Domestic payroll employment,Q,Quarterly,_Z,Not applicable,G-I,"Wholesale and retail trade, transportation and storage, accommodation and food service activities",N,Neither seasonally adjusted nor calendar adjusted data,_Z,Not applicable,2001-Q2,,63510,,0,Units,,,0,Zero,,
DATAFLOW,LU1:DSD_EMPLOI_SAL@DF_B3000(1.0),Domestic payroll employment by economic activity,I,PERS,Persons,SAL_INT,Domestic payroll employment,Q,Quarterly,_Z,Not applicable,G-I,"Wholesale and retail trade, transportation and storage, accommodation and food service activities",N,Neither seasonally adjusted nor calendar adjusted data,_Z,Not applicable,2001-Q3,,64094,,0,Units,,,0,Zero,,
DATAFLOW,LU1:DSD_EMPLOI_SAL@DF_B3000(1.0),Domestic payroll employment by economic activity,I,PERS,Persons,SAL_INT,Domestic payroll employment,Q,Quarterly,_Z,Not applicable,G-I,"Wholesale and retail trade, transportation and storage, accommodation and food service activities",N,Neither seasonally adjusted nor calendar adjusted data,_Z,Not applicable,2001-Q4,,64749,,0,Units,,,0,Zero,,
DATAFLOW,LU1:DSD_EMPLOI_SAL@DF_B3000(1.0),Domestic payroll employment by economic activity,I,PERS,Persons,SAL_INT,Domestic payroll employment,Q,Quarterly,_Z,Not applicable,G-I,"Wholesale and retail trade, transportation and storage, accommodation and food service activities",N,Neither seasonally adjusted nor calendar adjusted data,_Z,Not applicable,2002-Q1,,64845,,0,Units,,,0,Zero,,
DATAFLOW,LU1:DSD_EMPLOI_SAL@DF_B3000(1.0),Domestic payroll employment by economic activity,I,PERS,Persons,SAL_INT,Domestic payroll employment,Q,Quarterly,_Z,Not applicable,G-I,"Wholesale and retail trade, transportation and storage, accommodation and food service activities",N,Neither seasonally adjusted nor calendar adjusted data,_Z,Not applicable,2002-Q2,,65648,,0,Units,,,0,Zero,,
DATAFLOW,LU1:DSD_EMPLOI_SAL@DF_B3000(1.0),Domestic payroll employment by economic activity,I,PERS,Persons,SAL_INT,Domestic payroll employment,Q,Quarterly,_Z,Not applicable,G-I,"Wholesale and retail trade, transportation and storage, accommodation and food service activities",N,Neither seasonally adjusted nor calendar adjusted data,_Z,Not applicable,2002-Q3,,65825,,0,Units,,,0,Zero,,
DATAFLOW,LU1:DSD_EMPLOI_SAL@DF_B3000(1.0),Domestic payroll employment by economic activity,I,PERS,Persons,SAL_INT,Domestic payroll employment,Q,Quarterly,_Z,Not applicable,G-I,"Wholesale and retail trade, transportation and storage, accommodation and food service activities",N,Neither seasonally adjusted nor calendar adjusted data,_Z,Not applicable,2002-Q4,,66542,,0,Units,,,0,Zero,,
DATAFLOW,LU1:DSD_EMPLOI_SAL@DF_B3000(1.0),Domestic payroll employment by economic activity,I,PERS,Persons,SAL_INT,Domestic payroll employment,Q,Quarterly,_Z,Not applicable,G-I,"Wholesale and retail trade, transportation and storage, accommodation and food service activities",N,Neither seasonally adjusted nor calendar adjusted data,_Z,Not applicable,2003-Q1,,66108,,0,Units,,,0,Zero,,
DATAFLOW,LU1:DSD_EMPLOI_SAL@DF_B3000(1.0),Domestic payroll employment by economic activity,I,PERS,Persons,SAL_INT,Domestic payroll employment,Q,Quarterly,_Z,Not applicable,G-I,"Wholesale and retail trade, transportation and storage, accommodation and food service activities",N,Neither seasonally adjusted nor calendar adjusted data,_Z,Not applicable,2003-Q2,,66933,,0,Units,,,0,Zero,,
DATAFLOW,LU1:DSD_EMPLOI_SAL@DF_B3000(1.0),Domestic payroll employment by economic activity,I,PERS,Persons,SAL_INT,Domestic payroll employment,Q,Quarterly,_Z,Not applicable,G-I,"Wholesale and retail trade, transportation and storage, accommodation and food service activities",N,Neither seasonally adjusted nor calendar adjusted data,_Z,Not applicable,2003-Q3,,67146,,0,Units,,,0,Zero,,
DATAFLOW,LU1:DSD_EMPLOI_SAL@DF_B3000(1.0),Domestic payroll employment by economic activity,I,PERS,Persons,SAL_INT,Domestic payroll employment,Q,Quarterly,_Z,Not applicable,G-I,"Wholesale and retail trade, transportation and storage, accommodation and food service activities",N,Neither seasonally adjusted nor calendar adjusted data,_Z,Not applicable,2003-Q4,,67934,,0,Units,,,0,Zero,,
DATAFLOW,LU1:DSD_EMPLOI_SAL@DF_B3000(1.0),Domestic payroll employment by economic activity,I,PERS,Persons,SAL_INT,Domestic payroll employment,Q,Quarterly,_Z,Not applicable,G-I,"Wholesale and retail trade, transportation and storage, accommodation and food service activities",N,Neither seasonally adjusted nor calendar adjusted data,_Z,Not applicable,2004-Q1,,67378,,0,Units,,,0,Zero,,
DATAFLOW,LU1:DSD_EMPLOI_SAL@DF_B3000(1.0),Domestic payroll employment by economic activity,I,PERS,Persons,SAL_INT,Domestic payroll employment,Q,Quarterly,_Z,Not applicable,G-I,"Wholesale and retail trade, transportation and storage, accommodation and food service activities",N,Neither seasonally adjusted nor calendar adjusted data,_Z,Not applicable,2004-Q2,,68459,,0,Units,,,0,Zero,,
DATAFLOW,LU1:DSD_EMPLOI_SAL@DF_B3000(1.0),Domestic payroll employment by economic activity,I,PERS,Persons,SAL_INT,Domestic payroll employment,Q,Quarterly,_Z,Not applicable,G-I,"Wholesale and retail trade, transportation and storage, accommodation and food service activities",N,Neither seasonally adjusted nor calendar adjusted data,_Z,Not applicable,2004-Q3,,68632,,0,Units,,,0,Zero,,
DATAFLOW,LU1:DSD_EMPLOI_SAL@DF_B3000(1.0),Domestic payroll employment by economic activity,I,PERS,Persons,SAL_INT,Domestic payroll employment,Q,Quarterly,_Z,Not applicable,G-I,"Wholesale and retail trade, transportation and storage, accommodation and food service activities",N,Neither seasonally adjusted nor calendar adjusted data,_Z,Not applicable,2004-Q4,,68841,,0,Units,,,0,Zero,,
DATAFLOW,LU1:DSD_EMPLOI_SAL@DF_B3000(1.0),Domestic payroll employment by economic activity,I,PERS,Persons,SAL_INT,Domestic payroll employment,Q,Quarterly,_Z,Not applicable,G-I,"Wholesale and retail trade, transportation and storage, accommodation and food service activities",N,Neither seasonally adjusted nor calendar adjusted data,_Z,Not applicable,2005-Q1,,68874,,0,Units,,,0,Zero,,
DATAFLOW,LU1:DSD_EMPLOI_SAL@DF_B3000(1.0),Domestic payroll employment by economic activity,I,PERS,Persons,SAL_INT,Domestic payroll employment,Q,Quarterly,_Z,Not applicable,G-I,"Wholesale and retail trade, transportation and storage, accommodation and food service activities",N,Neither seasonally adjusted nor calendar adjusted data,_Z,Not applicable,2005-Q2,,69965,,0,Units,,,0,Zero,,
DATAFLOW,LU1:DSD_EMPLOI_SAL@DF_B3000(1.0),Domestic payroll employment by economic activity,I,PERS,Persons,SAL_INT,Domestic payroll employment,Q,Quarterly,_Z,Not applicable,G-I,"Wholesale and retail trade, transportation and storage, accommodation and food service activities",N,Neither seasonally adjusted nor calendar adjusted data,_Z,Not applicable,2005-Q3,,70134,,0,Units,,,0,Zero,,
DATAFLOW,LU1:DSD_EMPLOI_SAL@DF_B3000(1.0),Domestic payroll employment by economic activity,I,PERS,Persons,SAL_INT,Domestic payroll employment,Q,Quarterly,_Z,Not applicable,G-I,"Wholesale and retail trade, transportation and storage, accommodation and food service activities",N,Neither seasonally adjusted nor calendar adjusted data,_Z,Not applicable,2005-Q4,,70672,,0,Units,,,0,Zero,,
DATAFLOW,LU1:DSD_EMPLOI_SAL@DF_B3000(1.0),Domestic payroll employment by economic activity,I,PERS,Persons,SAL_INT,Domestic payroll employment,Q,Quarterly,_Z,Not applicable,G-I,"Wholesale and retail trade, transportation and storage, accommodation and food service activities",N,Neither seasonally adjusted nor calendar adjusted data,_Z,Not applicable,2006-Q1,,70712,,0,Units,,,0,Zero,,
DATAFLOW,LU1:DSD_EMPLOI_SAL@DF_B3000(1.0),Domestic payroll employment by economic activity,I,PERS,Persons,SAL_INT,Domestic payroll employment,Q,Quarterly,_Z,Not applicable,G-I,"Wholesale and retail trade, transportation and storage, accommodation and food service activities",N,Neither seasonally adjusted nor calendar adjusted data,_Z,Not applicable,2006-Q2,,71677,,0,Units,,,0,Zero,,
DATAFLOW,LU1:DSD_EMPLOI_SAL@DF_B3000(1.0),Domestic payroll employment by economic activity,I,PERS,Persons,SAL_INT,Domestic payroll employment,Q,Quarterly,_Z,Not applicable,G-I,"Wholesale and retail trade, transportation and storage, accommodation and food service activities",N,Neither seasonally adjusted nor calendar adjusted data,_Z,Not applicable,2006-Q3,,71957,,0,Units,,,0,Zero,,
DATAFLOW,LU1:DSD_EMPLOI_SAL@DF_B3000(1.0),Domestic payroll employment by economic activity,I,PERS,Persons,SAL_INT,Domestic payroll employment,Q,Quarterly,_Z,Not applicable,G-I,"Wholesale and retail trade, transportation and storage, accommodation and food service activities",N,Neither seasonally adjusted nor calendar adjusted data,_Z,Not applicable,2006-Q4,,72522,,0,Units,,,0,Zero,,
DATAFLOW,LU1:DSD_EMPLOI_SAL@DF_B3000(1.0),Domestic payroll employment by economic activity,I,PERS,Persons,SAL_INT,Domestic payroll employment,Q,Quarterly,_Z,Not applicable,G-I,"Wholesale and retail trade, transportation and storage, accommodation and food service activities",N,Neither seasonally adjusted nor calendar adjusted data,_Z,Not applicable,2007-Q1,,72873,,0,Units,,,0,Zero,,
DATAFLOW,LU1:DSD_EMPLOI_SAL@DF_B3000(1.0),Domestic payroll employment by economic activity,I,PERS,Persons,SAL_INT,Domestic payroll employment,Q,Quarterly,_Z,Not applicable,G-I,"Wholesale and retail trade, transportation and storage, accommodation and food service activities",N,Neither seasonally adjusted nor calendar adjusted data,_Z,Not applicable,2007-Q2,,74171,,0,Units,,,0,Zero,,
DATAFLOW,LU1:DSD_EMPLOI_SAL@DF_B3000(1.0),Domestic payroll employment by economic activity,I,PERS,Persons,SAL_INT,Domestic payroll employment,Q,Quarterly,_Z,Not applicable,G-I,"Wholesale and retail trade, transportation and storage, accommodation and food service activities",N,Neither seasonally adjusted nor calendar adjusted data,_Z,Not applicable,2007-Q3,,74694,,0,Units,,,0,Zero,,
DATAFLOW,LU1:DSD_EMPLOI_SAL@DF_B3000(1.0),Domestic payroll employment by economic activity,I,PERS,Persons,SAL_INT,Domestic payroll employment,Q,Quarterly,_Z,Not applicable,G-I,"Wholesale and retail trade, transportation and storage, accommodation and food service activities",N,Neither seasonally adjusted nor calendar adjusted data,_Z,Not applicable,2007-Q4,,75611,,0,Units,,,0,Zero,,
DATAFLOW,LU1:DSD_EMPLOI_SAL@DF_B3000(1.0),Domestic payroll employment by economic activity,I,PERS,Persons,SAL_INT,Domestic payroll employment,Q,Quarterly,_Z,Not applicable,G-I,"Wholesale and retail trade, transportation and storage, accommodation and food service activities",N,Neither seasonally adjusted nor calendar adjusted data,_Z,Not applicable,2008-Q1,,76121,,0,Units,,,0,Zero,,
DATAFLOW,LU1:DSD_EMPLOI_SAL@DF_B3000(1.0),Domestic payroll employment by economic activity,I,PERS,Persons,SAL_INT,Domestic payroll employment,Q,Quarterly,_Z,Not applicable,G-I,"Wholesale and retail trade, transportation and storage, accommodation and food service activities",N,Neither seasonally adjusted nor calendar adjusted data,_Z,Not applicable,2008-Q2,,77495,,0,Units,,,0,Zero,,
DATAFLOW,LU1:DSD_EMPLOI_SAL@DF_B3000(1.0),Domestic payroll employment by economic activity,I,PERS,Persons,SAL_INT,Domestic payroll employment,Q,Quarterly,_Z,Not applicable,G-I,"Wholesale and retail trade, transportation and storage, accommodation and food service activities",N,Neither seasonally adjusted nor calendar adjusted data,_Z,Not applicable,2008-Q3,,78036,,0,Units,,,0,Zero,,
DATAFLOW,LU1:DSD_EMPLOI_SAL@DF_B3000(1.0),Domestic payroll employment by economic activity,I,PERS,Persons,SAL_INT,Domestic payroll employment,Q,Quarterly,_Z,Not applicable,G-I,"Wholesale and retail trade, transportation and storage, accommodation and food service activities",N,Neither seasonally adjusted nor calendar adjusted data,_Z,Not applicable,2008-Q4,,78725,,0,Units,,,0,Zero,,
DATAFLOW,LU1:DSD_EMPLOI_SAL@DF_B3000(1.0),Domestic payroll employment by economic activity,I,PERS,Persons,SAL_INT,Domestic payroll employment,Q,Quarterly,_Z,Not applicable,G-I,"Wholesale and retail trade, transportation and storage, accommodation and food service activities",N,Neither seasonally adjusted nor calendar adjusted data,_Z,Not applicable,2009-Q1,,78234,,0,Units,,,0,Zero,,
DATAFLOW,LU1:DSD_EMPLOI_SAL@DF_B3000(1.0),Domestic payroll employment by economic activity,I,PERS,Persons,SAL_INT,Domestic payroll employment,Q,Quarterly,_Z,Not applicable,G-I,"Wholesale and retail trade, transportation and storage, accommodation and food service activities",N,Neither seasonally adjusted nor calendar adjusted data,_Z,Not applicable,2009-Q2,,78532,,0,Units,,,0,Zero,,
DATAFLOW,LU1:DSD_EMPLOI_SAL@DF_B3000(1.0),Domestic payroll employment by economic activity,I,PERS,Persons,SAL_INT,Domestic payroll employment,Q,Quarterly,_Z,Not applicable,G-I,"Wholesale and retail trade, transportation and storage, accommodation and food service activities",N,Neither seasonally adjusted nor calendar adjusted data,_Z,Not applicable,2009-Q3,,78416,,0,Units,,,0,Zero,,
DATAFLOW,LU1:DSD_EMPLOI_SAL@DF_B3000(1.0),Domestic payroll employment by economic activity,I,PERS,Persons,SAL_INT,Domestic payroll employment,Q,Quarterly,_Z,Not applicable,G-I,"Wholesale and retail trade, transportation and storage, accommodation and food service activities",N,Neither seasonally adjusted nor calendar adjusted data,_Z,Not applicable,2009-Q4,,78436,,0,Units,,,0,Zero,,
DATAFLOW,LU1:DSD_EMPLOI_SAL@DF_B3000(1.0),Domestic payroll employment by economic activity,I,PERS,Persons,SAL_INT,Domestic payroll employment,Q,Quarterly,_Z,Not applicable,G-I,"Wholesale and retail trade, transportation and storage, accommodation and food service activities",N,Neither seasonally adjusted nor calendar adjusted data,_Z,Not applicable,2010-Q1,,78478,,0,Units,,,0,Zero,,
DATAFLOW,LU1:DSD_EMPLOI_SAL@DF_B3000(1.0),Domestic payroll employment by economic activity,I,PERS,Persons,SAL_INT,Domestic payroll employment,Q,Quarterly,_Z,Not applicable,G-I,"Wholesale and retail trade, transportation and storage, accommodation and food service activities",N,Neither seasonally adjusted nor calendar adjusted data,_Z,Not applicable,2010-Q2,,79617,,0,Units,,,0,Zero,,
DATAFLOW,LU1:DSD_EMPLOI_SAL@DF_B3000(1.0),Domestic payroll employment by economic activity,I,PERS,Persons,SAL_INT,Domestic payroll employment,Q,Quarterly,_Z,Not applicable,G-I,"Wholesale and retail trade, transportation and storage, accommodation and food service activities",N,Neither seasonally adjusted nor calendar adjusted data,_Z,Not applicable,2010-Q3,,80074,,0,Units,,,0,Zero,,
DATAFLOW,LU1:DSD_EMPLOI_SAL@DF_B3000(1.0),Domestic payroll employment by economic activity,I,PERS,Persons,SAL_INT,Domestic payroll employment,Q,Quarterly,_Z,Not applicable,G-I,"Wholesale and retail trade, transportation and storage, accommodation and food service activities",N,Neither seasonally adjusted nor calendar adjusted data,_Z,Not applicable,2010-Q4,,80905,,0,Units,,,0,Zero,,
DATAFLOW,LU1:DSD_EMPLOI_SAL@DF_B3000(1.0),Domestic payroll employment by economic activity,I,PERS,Persons,SAL_INT,Domestic payroll employment,Q,Quarterly,_Z,Not applicable,G-I,"Wholesale and retail trade, transportation and storage, accommodation and food service activities",N,Neither seasonally adjusted nor calendar adjusted data,_Z,Not applicable,2011-Q1,,80953,,0,Units,,,0,Zero,,
DATAFLOW,LU1:DSD_EMPLOI_SAL@DF_B3000(1.0),Domestic payroll employment by economic activity,I,PERS,Persons,SAL_INT,Domestic payroll employment,Q,Quarterly,_Z,Not applicable,G-I,"Wholesale and retail trade, transportation and storage, accommodation and food service activities",N,Neither seasonally adjusted nor calendar adjusted data,_Z,Not applicable,2011-Q2,,82539,,0,Units,,,0,Zero,,
DATAFLOW,LU1:DSD_EMPLOI_SAL@DF_B3000(1.0),Domestic payroll employment by economic activity,I,PERS,Persons,SAL_INT,Domestic payroll employment,Q,Quarterly,_Z,Not applicable,G-I,"Wholesale and retail trade, transportation and storage, accommodation and food service activities",N,Neither seasonally adjusted nor calendar adjusted data,_Z,Not applicable,2011-Q3,,82878,,0,Units,,,0,Zero,,
DATAFLOW,LU1:DSD_EMPLOI_SAL@DF_B3000(1.0),Domestic payroll employment by economic activity,I,PERS,Persons,SAL_INT,Domestic payroll employment,Q,Quarterly,_Z,Not applicable,G-I,"Wholesale and retail trade, transportation and storage, accommodation and food service activities",N,Neither seasonally adjusted nor calendar adjusted data,_Z,Not applicable,2011-Q4,,83598,,0,Units,,,0,Zero,,
DATAFLOW,LU1:DSD_EMPLOI_SAL@DF_B3000(1.0),Domestic payroll employment by economic activity,I,PERS,Persons,SAL_INT,Domestic payroll employment,Q,Quarterly,_Z,Not applicable,G-I,"Wholesale and retail trade, transportation and storage, accommodation and food service activities",N,Neither seasonally adjusted nor calendar adjusted data,_Z,Not applicable,2012-Q1,,83543,,0,Units,,,0,Zero,,
DATAFLOW,LU1:DSD_EMPLOI_SAL@DF_B3000(1.0),Domestic payroll employment by economic activity,I,PERS,Persons,SAL_INT,Domestic payroll employment,Q,Quarterly,_Z,Not applicable,G-I,"Wholesale and retail trade, transportation and storage, accommodation and food service activities",N,Neither seasonally adjusted nor calendar adjusted data,_Z,Not applicable,2012-Q2,,84648,,0,Units,,,0,Zero,,
DATAFLOW,LU1:DSD_EMPLOI_SAL@DF_B3000(1.0),Domestic payroll employment by economic activity,I,PERS,Persons,SAL_INT,Domestic payroll employment,Q,Quarterly,_Z,Not applicable,G-I,"Wholesale and retail trade, transportation and storage, accommodation and food service activities",N,Neither seasonally adjusted nor calendar adjusted data,_Z,Not applicable,2012-Q3,,84578,,0,Units,,,0,Zero,,
DATAFLOW,LU1:DSD_EMPLOI_SAL@DF_B3000(1.0),Domestic payroll employment by economic activity,I,PERS,Persons,SAL_INT,Domestic payroll employment,Q,Quarterly,_Z,Not applicable,G-I,"Wholesale and retail trade, transportation and storage, accommodation and food service activities",N,Neither seasonally adjusted nor calendar adjusted data,_Z,Not applicable,2012-Q4,,85205,,0,Units,,,0,Zero,,
DATAFLOW,LU1:DSD_EMPLOI_SAL@DF_B3000(1.0),Domestic payroll employment by economic activity,I,PERS,Persons,SAL_INT,Domestic payroll employment,Q,Quarterly,_Z,Not applicable,G-I,"Wholesale and retail trade, transportation and storage, accommodation and food service activities",N,Neither seasonally adjusted nor calendar adjusted data,_Z,Not applicable,2013-Q1,,84519,,0,Units,,,0,Zero,,
DATAFLOW,LU1:DSD_EMPLOI_SAL@DF_B3000(1.0),Domestic payroll employment by economic activity,I,PERS,Persons,SAL_INT,Domestic payroll employment,Q,Quarterly,_Z,Not applicable,G-I,"Wholesale and retail trade, transportation and storage, accommodation and food service activities",N,Neither seasonally adjusted nor calendar adjusted data,_Z,Not applicable,2013-Q2,,85808,,0,Units,,,0,Zero,,
DATAFLOW,LU1:DSD_EMPLOI_SAL@DF_B3000(1.0),Domestic payroll employment by economic activity,I,PERS,Persons,SAL_INT,Domestic payroll employment,Q,Quarterly,_Z,Not applicable,G-I,"Wholesale and retail trade, transportation and storage, accommodation and food service activities",N,Neither seasonally adjusted nor calendar adjusted data,_Z,Not applicable,2013-Q3,,86002,,0,Units,,,0,Zero,,
DATAFLOW,LU1:DSD_EMPLOI_SAL@DF_B3000(1.0),Domestic payroll employment by economic activity,I,PERS,Persons,SAL_INT,Domestic payroll employment,Q,Quarterly,_Z,Not applicable,G-I,"Wholesale and retail trade, transportation and storage, accommodation and food service activities",N,Neither seasonally adjusted nor calendar adjusted data,_Z,Not applicable,2013-Q4,,86539,,0,Units,,,0,Zero,,
DATAFLOW,LU1:DSD_EMPLOI_SAL@DF_B3000(1.0),Domestic payroll employment by economic activity,I,PERS,Persons,SAL_INT,Domestic payroll employment,Q,Quarterly,_Z,Not applicable,G-I,"Wholesale and retail trade, transportation and storage, accommodation and food service activities",N,Neither seasonally adjusted nor calendar adjusted data,_Z,Not applicable,2014-Q1,,86343,,0,Units,,,0,Zero,,
DATAFLOW,LU1:DSD_EMPLOI_SAL@DF_B3000(1.0),Domestic payroll employment by economic activity,I,PERS,Persons,SAL_INT,Domestic payroll employment,Q,Quarterly,_Z,Not applicable,G-I,"Wholesale and retail trade, transportation and storage, accommodation and food service activities",N,Neither seasonally adjusted nor calendar adjusted data,_Z,Not applicable,2014-Q2,,87628,,0,Units,,,0,Zero,,
DATAFLOW,LU1:DSD_EMPLOI_SAL@DF_B3000(1.0),Domestic payroll employment by economic activity,I,PERS,Persons,SAL_INT,Domestic payroll employment,Q,Quarterly,_Z,Not applicable,G-I,"Wholesale and retail trade, transportation and storage, accommodation and food service activities",N,Neither seasonally adjusted nor calendar adjusted data,_Z,Not applicable,2014-Q3,,87400,,0,Units,,,0,Zero,,
DATAFLOW,LU1:DSD_EMPLOI_SAL@DF_B3000(1.0),Domestic payroll employment by economic activity,I,PERS,Persons,SAL_INT,Domestic payroll employment,Q,Quarterly,_Z,Not applicable,G-I,"Wholesale and retail trade, transportation and storage, accommodation and food service activities",N,Neither seasonally adjusted nor calendar adjusted data,_Z,Not applicable,2014-Q4,,88063,,0,Units,,,0,Zero,,
DATAFLOW,LU1:DSD_EMPLOI_SAL@DF_B3000(1.0),Domestic payroll employment by economic activity,I,PERS,Persons,SAL_INT,Domestic payroll employment,Q,Quarterly,_Z,Not applicable,G-I,"Wholesale and retail trade, transportation and storage, accommodation and food service activities",N,Neither seasonally adjusted nor calendar adjusted data,_Z,Not applicable,2015-Q1,,87160,,0,Units,,,0,Zero,,
DATAFLOW,LU1:DSD_EMPLOI_SAL@DF_B3000(1.0),Domestic payroll employment by economic activity,I,PERS,Persons,SAL_INT,Domestic payroll employment,Q,Quarterly,_Z,Not applicable,G-I,"Wholesale and retail trade, transportation and storage, accommodation and food service activities",N,Neither seasonally adjusted nor calendar adjusted data,_Z,Not applicable,2015-Q2,,88393,,0,Units,,,0,Zero,,
DATAFLOW,LU1:DSD_EMPLOI_SAL@DF_B3000(1.0),Domestic payroll employment by economic activity,I,PERS,Persons,SAL_INT,Domestic payroll employment,Q,Quarterly,_Z,Not applicable,G-I,"Wholesale and retail trade, transportation and storage, accommodation and food service activities",N,Neither seasonally adjusted nor calendar adjusted data,_Z,Not applicable,2015-Q3,,88572,,0,Units,,,0,Zero,,
DATAFLOW,LU1:DSD_EMPLOI_SAL@DF_B3000(1.0),Domestic payroll employment by economic activity,I,PERS,Persons,SAL_INT,Domestic payroll employment,Q,Quarterly,_Z,Not applicable,G-I,"Wholesale and retail trade, transportation and storage, accommodation and food service activities",N,Neither seasonally adjusted nor calendar adjusted data,_Z,Not applicable,2015-Q4,,89557,,0,Units,,,0,Zero,,
DATAFLOW,LU1:DSD_EMPLOI_SAL@DF_B3000(1.0),Domestic payroll employment by economic activity,I,PERS,Persons,SAL_INT,Domestic payroll employment,Q,Quarterly,_Z,Not applicable,G-I,"Wholesale and retail trade, transportation and storage, accommodation and food service activities",N,Neither seasonally adjusted nor calendar adjusted data,_Z,Not applicable,2016-Q1,,88924,,0,Units,,,0,Zero,,
DATAFLOW,LU1:DSD_EMPLOI_SAL@DF_B3000(1.0),Domestic payroll employment by economic activity,I,PERS,Persons,SAL_INT,Domestic payroll employment,Q,Quarterly,_Z,Not applicable,G-I,"Wholesale and retail trade, transportation and storage, accommodation and food service activities",N,Neither seasonally adjusted nor calendar adjusted data,_Z,Not applicable,2016-Q2,,90306,,0,Units,,,0,Zero,,
DATAFLOW,LU1:DSD_EMPLOI_SAL@DF_B3000(1.0),Domestic payroll employment by economic activity,I,PERS,Persons,SAL_INT,Domestic payroll employment,Q,Quarterly,_Z,Not applicable,G-I,"Wholesale and retail trade, transportation and storage, accommodation and food service activities",N,Neither seasonally adjusted nor calendar adjusted data,_Z,Not applicable,2016-Q3,,90306,,0,Units,,,0,Zero,,
DATAFLOW,LU1:DSD_EMPLOI_SAL@DF_B3000(1.0),Domestic payroll employment by economic activity,I,PERS,Persons,SAL_INT,Domestic payroll employment,Q,Quarterly,_Z,Not applicable,G-I,"Wholesale and retail trade, transportation and storage, accommodation and food service activities",N,Neither seasonally adjusted nor calendar adjusted data,_Z,Not applicable,2016-Q4,,91466,,0,Units,,,0,Zero,,
DATAFLOW,LU1:DSD_EMPLOI_SAL@DF_B3000(1.0),Domestic payroll employment by economic activity,I,PERS,Persons,SAL_INT,Domestic payroll employment,Q,Quarterly,_Z,Not applicable,G-I,"Wholesale and retail trade, transportation and storage, accommodation and food service activities",N,Neither seasonally adjusted nor calendar adjusted data,_Z,Not applicable,2017-Q1,,91244,,0,Units,,,0,Zero,,
DATAFLOW,LU1:DSD_EMPLOI_SAL@DF_B3000(1.0),Domestic payroll employment by economic activity,I,PERS,Persons,SAL_INT,Domestic payroll employment,Q,Quarterly,_Z,Not applicable,G-I,"Wholesale and retail trade, transportation and storage, accommodation and food service activities",N,Neither seasonally adjusted nor calendar adjusted data,_Z,Not applicable,2017-Q2,,92724,,0,Units,,,0,Zero,,
DATAFLOW,LU1:DSD_EMPLOI_SAL@DF_B3000(1.0),Domestic payroll employment by economic activity,I,PERS,Persons,SAL_INT,Domestic payroll employment,Q,Quarterly,_Z,Not applicable,G-I,"Wholesale and retail trade, transportation and storage, accommodation and food service activities",N,Neither seasonally adjusted nor calendar adjusted data,_Z,Not applicable,2017-Q3,,92914,,0,Units,,,0,Zero,,
DATAFLOW,LU1:DSD_EMPLOI_SAL@DF_B3000(1.0),Domestic payroll employment by economic activity,I,PERS,Persons,SAL_INT,Domestic payroll employment,Q,Quarterly,_Z,Not applicable,G-I,"Wholesale and retail trade, transportation and storage, accommodation and food service activities",N,Neither seasonally adjusted nor calendar adjusted data,_Z,Not applicable,2017-Q4,,94405,,0,Units,,,0,Zero,,
DATAFLOW,LU1:DSD_EMPLOI_SAL@DF_B3000(1.0),Domestic payroll employment by economic activity,I,PERS,Persons,SAL_INT,Domestic payroll employment,Q,Quarterly,_Z,Not applicable,G-I,"Wholesale and retail trade, transportation and storage, accommodation and food service activities",N,Neither seasonally adjusted nor calendar adjusted data,_Z,Not applicable,2018-Q1,,94397,,0,Units,,,0,Zero,,
DATAFLOW,LU1:DSD_EMPLOI_SAL@DF_B3000(1.0),Domestic payroll employment by economic activity,I,PERS,Persons,SAL_INT,Domestic payroll employment,Q,Quarterly,_Z,Not applicable,G-I,"Wholesale and retail trade, transportation and storage, accommodation and food service activities",N,Neither seasonally adjusted nor calendar adjusted data,_Z,Not applicable,2018-Q2,,95923,,0,Units,,,0,Zero,,
DATAFLOW,LU1:DSD_EMPLOI_SAL@DF_B3000(1.0),Domestic payroll employment by economic activity,I,PERS,Persons,SAL_INT,Domestic payroll employment,Q,Quarterly,_Z,Not applicable,G-I,"Wholesale and retail trade, transportation and storage, accommodation and food service activities",N,Neither seasonally adjusted nor calendar adjusted data,_Z,Not applicable,2018-Q3,,95848,,0,Units,,,0,Zero,,
DATAFLOW,LU1:DSD_EMPLOI_SAL@DF_B3000(1.0),Domestic payroll employment by economic activity,I,PERS,Persons,SAL_INT,Domestic payroll employment,Q,Quarterly,_Z,Not applicable,G-I,"Wholesale and retail trade, transportation and storage, accommodation and food service activities",N,Neither seasonally adjusted nor calendar adjusted data,_Z,Not applicable,2018-Q4,,97342,,0,Units,,,0,Zero,,
DATAFLOW,LU1:DSD_EMPLOI_SAL@DF_B3000(1.0),Domestic payroll employment by economic activity,I,PERS,Persons,SAL_INT,Domestic payroll employment,Q,Quarterly,_Z,Not applicable,G-I,"Wholesale and retail trade, transportation and storage, accommodation and food service activities",N,Neither seasonally adjusted nor calendar adjusted data,_Z,Not applicable,2019-Q1,,97612,,0,Units,,,0,Zero,,
DATAFLOW,LU1:DSD_EMPLOI_SAL@DF_B3000(1.0),Domestic payroll employment by economic activity,I,PERS,Persons,SAL_INT,Domestic payroll employment,Q,Quarterly,_Z,Not applicable,G-I,"Wholesale and retail trade, transportation and storage, accommodation and food service activities",N,Neither seasonally adjusted nor calendar adjusted data,_Z,Not applicable,2019-Q2,,99738,,0,Units,,,0,Zero,,
DATAFLOW,LU1:DSD_EMPLOI_SAL@DF_B3000(1.0),Domestic payroll employment by economic activity,I,PERS,Persons,SAL_INT,Domestic payroll employment,Q,Quarterly,_Z,Not applicable,G-I,"Wholesale and retail trade, transportation and storage, accommodation and food service activities",N,Neither seasonally adjusted nor calendar adjusted data,_Z,Not applicable,2019-Q3,,99626,,0,Units,,,0,Zero,,
DATAFLOW,LU1:DSD_EMPLOI_SAL@DF_B3000(1.0),Domestic payroll employment by economic activity,I,PERS,Persons,SAL_INT,Domestic payroll employment,Q,Quarterly,_Z,Not applicable,G-I,"Wholesale and retail trade, transportation and storage, accommodation and food service activities",N,Neither seasonally adjusted nor calendar adjusted data,_Z,Not applicable,2019-Q4,,101053,,0,Units,,,0,Zero,,
DATAFLOW,LU1:DSD_EMPLOI_SAL@DF_B3000(1.0),Domestic payroll employment by economic activity,I,PERS,Persons,SAL_INT,Domestic payroll employment,Q,Quarterly,_Z,Not applicable,G-I,"Wholesale and retail trade, transportation and storage, accommodation and food service activities",N,Neither seasonally adjusted nor calendar adjusted data,_Z,Not applicable,2020-Q1,,100105,,0,Units,,,0,Zero,,
DATAFLOW,LU1:DSD_EMPLOI_SAL@DF_B3000(1.0),Domestic payroll employment by economic activity,I,PERS,Persons,SAL_INT,Domestic payroll employment,Q,Quarterly,_Z,Not applicable,G-I,"Wholesale and retail trade, transportation and storage, accommodation and food service activities",N,Neither seasonally adjusted nor calendar adjusted data,_Z,Not applicable,2020-Q2,,98727,,0,Units,,,0,Zero,,
DATAFLOW,LU1:DSD_EMPLOI_SAL@DF_B3000(1.0),Domestic payroll employment by economic activity,I,PERS,Persons,SAL_INT,Domestic payroll employment,Q,Quarterly,_Z,Not applicable,G-I,"Wholesale and retail trade, transportation and storage, accommodation and food service activities",N,Neither seasonally adjusted nor calendar adjusted data,_Z,Not applicable,2020-Q3,,98791,,0,Units,,,0,Zero,,
DATAFLOW,LU1:DSD_EMPLOI_SAL@DF_B3000(1.0),Domestic payroll employment by economic activity,I,PERS,Persons,SAL_INT,Domestic payroll employment,Q,Quarterly,_Z,Not applicable,G-I,"Wholesale and retail trade, transportation and storage, accommodation and food service activities",N,Neither seasonally adjusted nor calendar adjusted data,_Z,Not applicable,2020-Q4,,99305,,0,Units,,,0,Zero,,
DATAFLOW,LU1:DSD_EMPLOI_SAL@DF_B3000(1.0),Domestic payroll employment by economic activity,I,PERS,Persons,SAL_INT,Domestic payroll employment,Q,Quarterly,_Z,Not applicable,G-I,"Wholesale and retail trade, transportation and storage, accommodation and food service activities",N,Neither seasonally adjusted nor calendar adjusted data,_Z,Not applicable,2021-Q1,,97902,,0,Units,,,0,Zero,,
DATAFLOW,LU1:DSD_EMPLOI_SAL@DF_B3000(1.0),Domestic payroll employment by economic activity,I,PERS,Persons,SAL_INT,Domestic payroll employment,Q,Quarterly,_Z,Not applicable,G-I,"Wholesale and retail trade, transportation and storage, accommodation and food service activities",N,Neither seasonally adjusted nor calendar adjusted data,_Z,Not applicable,2021-Q2,,99195,,0,Units,,,0,Zero,,
DATAFLOW,LU1:DSD_EMPLOI_SAL@DF_B3000(1.0),Domestic payroll employment by economic activity,I,PERS,Persons,SAL_INT,Domestic payroll employment,Q,Quarterly,_Z,Not applicable,G-I,"Wholesale and retail trade, transportation and storage, accommodation and food service activities",N,Neither seasonally adjusted nor calendar adjusted data,_Z,Not applicable,2021-Q3,,99852,,0,Units,,,0,Zero,,
DATAFLOW,LU1:DSD_EMPLOI_SAL@DF_B3000(1.0),Domestic payroll employment by economic activity,I,PERS,Persons,SAL_INT,Domestic payroll employment,Q,Quarterly,_Z,Not applicable,G-I,"Wholesale and retail trade, transportation and storage, accommodation and food service activities",N,Neither seasonally adjusted nor calendar adjusted data,_Z,Not applicable,2021-Q4,,101817,,0,Units,,,0,Zero,,
DATAFLOW,LU1:DSD_EMPLOI_SAL@DF_B3000(1.0),Domestic payroll employment by economic activity,I,PERS,Persons,SAL_INT,Domestic payroll employment,Q,Quarterly,_Z,Not applicable,G-I,"Wholesale and retail trade, transportation and storage, accommodation and food service activities",N,Neither seasonally adjusted nor calendar adjusted data,_Z,Not applicable,2022-Q1,,101367,,0,Units,,,0,Zero,,
DATAFLOW,LU1:DSD_EMPLOI_SAL@DF_B3000(1.0),Domestic payroll employment by economic activity,I,PERS,Persons,SAL_INT,Domestic payroll employment,Q,Quarterly,_Z,Not applicable,G-I,"Wholesale and retail trade, transportation and storage, accommodation and food service activities",N,Neither seasonally adjusted nor calendar adjusted data,_Z,Not applicable,2022-Q2,,102800,,0,Units,,,0,Zero,,
DATAFLOW,LU1:DSD_EMPLOI_SAL@DF_B3000(1.0),Domestic payroll employment by economic activity,I,PERS,Persons,SAL_INT,Domestic payroll employment,Q,Quarterly,_Z,Not applicable,G-I,"Wholesale and retail trade, transportation and storage, accommodation and food service activities",N,Neither seasonally adjusted nor calendar adjusted data,_Z,Not applicable,2022-Q3,,102521,,0,Units,,,0,Zero,,
DATAFLOW,LU1:DSD_EMPLOI_SAL@DF_B3000(1.0),Domestic payroll employment by economic activity,I,PERS,Persons,SAL_INT,Domestic payroll employment,Q,Quarterly,_Z,Not applicable,G-I,"Wholesale and retail trade, transportation and storage, accommodation and food service activities",N,Neither seasonally adjusted nor calendar adjusted data,_Z,Not applicable,2022-Q4,,104292,,0,Units,,,0,Zero,,
DATAFLOW,LU1:DSD_EMPLOI_SAL@DF_B3000(1.0),Domestic payroll employment by economic activity,I,PERS,Persons,SAL_INT,Domestic payroll employment,Q,Quarterly,_Z,Not applicable,G-I,"Wholesale and retail trade, transportation and storage, accommodation and food service activities",N,Neither seasonally adjusted nor calendar adjusted data,_Z,Not applicable,2023-Q1,,103569,,0,Units,,,0,Zero,,
DATAFLOW,LU1:DSD_EMPLOI_SAL@DF_B3000(1.0),Domestic payroll employment by economic activity,I,PERS,Persons,SAL_INT,Domestic payroll employment,Q,Quarterly,_Z,Not applicable,G-I,"Wholesale and retail trade, transportation and storage, accommodation and food service activities",N,Neither seasonally adjusted nor calendar adjusted data,_Z,Not applicable,2023-Q2,,104828,,0,Units,,,0,Zero,,
DATAFLOW,LU1:DSD_EMPLOI_SAL@DF_B3000(1.0),Domestic payroll employment by economic activity,I,PERS,Persons,SAL_INT,Domestic payroll employment,Q,Quarterly,_Z,Not applicable,G-I,"Wholesale and retail trade, transportation and storage, accommodation and food service activities",N,Neither seasonally adjusted nor calendar adjusted data,_Z,Not applicable,2023-Q3,,104529,,0,Units,,,0,Zero,,
DATAFLOW,LU1:DSD_EMPLOI_SAL@DF_B3000(1.0),Domestic payroll employment by economic activity,I,PERS,Persons,SAL_INT,Domestic payroll employment,Q,Quarterly,_Z,Not applicable,G-I,"Wholesale and retail trade, transportation and storage, accommodation and food service activities",N,Neither seasonally adjusted nor calendar adjusted data,_Z,Not applicable,2023-Q4,,106007,,0,Units,,,0,Zero,,
DATAFLOW,LU1:DSD_EMPLOI_SAL@DF_B3000(1.0),Domestic payroll employment by economic activity,I,PERS,Persons,SAL_INT,Domestic payroll employment,Q,Quarterly,_Z,Not applicable,G-I,"Wholesale and retail trade, transportation and storage, accommodation and food service activities",N,Neither seasonally adjusted nor calendar adjusted data,_Z,Not applicable,2024-Q1,,106449,,0,Units,,,0,Zero,,
DATAFLOW,LU1:DSD_EMPLOI_SAL@DF_B3000(1.0),Domestic payroll employment by economic activity,I,PERS,Persons,SAL_INT,Domestic payroll employment,Q,Quarterly,_Z,Not applicable,G-I,"Wholesale and retail trade, transportation and storage, accommodation and food service activities",N,Neither seasonally adjusted nor calendar adjusted data,_Z,Not applicable,2024-Q2,,106808,,0,Units,,,0,Zero,,
DATAFLOW,LU1:DSD_EMPLOI_SAL@DF_B3000(1.0),Domestic payroll employment by economic activity,I,PERS,Persons,SAL_INT,Domestic payroll employment,Q,Quarterly,_Z,Not applicable,G-I,"Wholesale and retail trade, transportation and storage, accommodation and food service activities",N,Neither seasonally adjusted nor calendar adjusted data,_Z,Not applicable,2024-Q3,,105458,,0,Units,,,0,Zero,,
DATAFLOW,LU1:DSD_EMPLOI_SAL@DF_B3000(1.0),Domestic payroll employment by economic activity,I,PERS,Persons,SAL_INT,Domestic payroll employment,Q,Quarterly,_Z,Not applicable,G-I,"Wholesale and retail trade, transportation and storage, accommodation and food service activities",N,Neither seasonally adjusted nor calendar adjusted data,_Z,Not applicable,2024-Q4,,106776,,0,Units,,,0,Zero,,
DATAFLOW,LU1:DSD_EMPLOI_SAL@DF_B3000(1.0),Domestic payroll employment by economic activity,I,PERS,Persons,SAL_INT,Domestic payroll employment,Q,Quarterly,_Z,Not applicable,G-I,"Wholesale and retail trade, transportation and storage, accommodation and food service activities",N,Neither seasonally adjusted nor calendar adjusted data,_Z,Not applicable,2025-Q1,,106511,,0,Units,,,0,Zero,,
DATAFLOW,LU1:DSD_EMPLOI_SAL@DF_B3000(1.0),Domestic payroll employment by economic activity,I,PERS,Persons,SAL_INT,Domestic payroll employment,Q,Quarterly,_Z,Not applicable,G-I,"Wholesale and retail trade, transportation and storage, accommodation and food service activities",N,Neither seasonally adjusted nor calendar adjusted data,_Z,Not applicable,2025-Q2,,107525,,0,Units,,,0,Zero,,
DATAFLOW,LU1:DSD_EMPLOI_SAL@DF_B3000(1.0),Domestic payroll employment by economic activity,I,PERS,Persons,SAL_INT,Domestic payroll employment,Q,Quarterly,_Z,Not applicable,G-I,"Wholesale and retail trade, transportation and storage, accommodation and food service activities",N,Neither seasonally adjusted nor calendar adjusted data,_Z,Not applicable,2025-Q3,,106572,,0,Units,,,0,Zero,,
DATAFLOW,LU1:DSD_EMPLOI_SAL@DF_B3000(1.0),Domestic payroll employment by economic activity,I,PERS,Persons,SAL_INT,Domestic payroll employment,Q,Quarterly,_Z,Not applicable,G-I,"Wholesale and retail trade, transportation and storage, accommodation and food service activities",N,Neither seasonally adjusted nor calendar adjusted data,_Z,Not applicable,2025-Q4,,107894,,0,Units,,,0,Zero,,
DATAFLOW,LU1:DSD_EMPLOI_SAL@DF_B3000(1.0),Domestic payroll employment by economic activity,I,PERS,Persons,SAL_INT,Domestic payroll employment,Q,Quarterly,_Z,Not applicable,G-I,"Wholesale and retail trade, transportation and storage, accommodation and food service activities",N,Neither seasonally adjusted nor calendar adjusted data,_Z,Not applicable,2026-Q1,,107081,,0,Units,,,0,Zero,,
DATAFLOW,LU1:DSD_EMPLOI_SAL@DF_B3000(1.0),Domestic payroll employment by economic activity,I,PERS,Persons,SAL_INT,Domestic payroll employment,Q,Quarterly,_Z,Not applicable,B-E,Industry (except construction),N,Neither seasonally adjusted nor calendar adjusted data,_Z,Not applicable,1995-Q1,,34878,,0,Units,,,0,Zero,,
DATAFLOW,LU1:DSD_EMPLOI_SAL@DF_B3000(1.0),Domestic payroll employment by economic activity,I,PERS,Persons,SAL_INT,Domestic payroll employment,Q,Quarterly,_Z,Not applicable,B-E,Industry (except construction),N,Neither seasonally adjusted nor calendar adjusted data,_Z,Not applicable,1995-Q2,,35282,,0,Units,,,0,Zero,,
DATAFLOW,LU1:DSD_EMPLOI_SAL@DF_B3000(1.0),Domestic payroll employment by economic activity,I,PERS,Persons,SAL_INT,Domestic payroll employment,Q,Quarterly,_Z,Not applicable,B-E,Industry (except construction),N,Neither seasonally adjusted nor calendar adjusted data,_Z,Not applicable,1995-Q3,,36040,,0,Units,,,0,Zero,,
DATAFLOW,LU1:DSD_EMPLOI_SAL@DF_B3000(1.0),Domestic payroll employment by economic activity,I,PERS,Persons,SAL_INT,Domestic payroll employment,Q,Quarterly,_Z,Not applicable,B-E,Industry (except construction),N,Neither seasonally adjusted nor calendar adjusted data,_Z,Not applicable,1995-Q4,,36316,,0,Units,,,0,Zero,,
DATAFLOW,LU1:DSD_EMPLOI_SAL@DF_B3000(1.0),Domestic payroll employment by economic activity,I,PERS,Persons,SAL_INT,Domestic payroll employment,Q,Quarterly,_Z,Not applicable,B-E,Industry (except construction),N,Neither seasonally adjusted nor calendar adjusted data,_Z,Not applicable,1996-Q1,,35284,,0,Units,,,0,Zero,,
DATAFLOW,LU1:DSD_EMPLOI_SAL@DF_B3000(1.0),Domestic payroll employment by economic activity,I,PERS,Persons,SAL_INT,Domestic payroll employment,Q,Quarterly,_Z,Not applicable,B-E,Industry (except construction),N,Neither seasonally adjusted nor calendar adjusted data,_Z,Not applicable,1996-Q2,,35534,,0,Units,,,0,Zero,,
DATAFLOW,LU1:DSD_EMPLOI_SAL@DF_B3000(1.0),Domestic payroll employment by economic activity,I,PERS,Persons,SAL_INT,Domestic payroll employment,Q,Quarterly,_Z,Not applicable,B-E,Industry (except construction),N,Neither seasonally adjusted nor calendar adjusted data,_Z,Not applicable,1996-Q3,,35473,,0,Units,,,0,Zero,,
DATAFLOW,LU1:DSD_EMPLOI_SAL@DF_B3000(1.0),Domestic payroll employment by economic activity,I,PERS,Persons,SAL_INT,Domestic payroll employment,Q,Quarterly,_Z,Not applicable,B-E,Industry (except construction),N,Neither seasonally adjusted nor calendar adjusted data,_Z,Not applicable,1996-Q4,,35509,,0,Units,,,0,Zero,,
DATAFLOW,LU1:DSD_EMPLOI_SAL@DF_B3000(1.0),Domestic payroll employment by economic activity,I,PERS,Persons,SAL_INT,Domestic payroll employment,Q,Quarterly,_Z,Not applicable,B-E,Industry (except construction),N,Neither seasonally adjusted nor calendar adjusted data,_Z,Not applicable,1997-Q1,,35777,,0,Units,,,0,Zero,,
DATAFLOW,LU1:DSD_EMPLOI_SAL@DF_B3000(1.0),Domestic payroll employment by economic activity,I,PERS,Persons,SAL_INT,Domestic payroll employment,Q,Quarterly,_Z,Not applicable,B-E,Industry (except construction),N,Neither seasonally adjusted nor calendar adjusted data,_Z,Not applicable,1997-Q2,,36079,,0,Units,,,0,Zero,,
DATAFLOW,LU1:DSD_EMPLOI_SAL@DF_B3000(1.0),Domestic payroll employment by economic activity,I,PERS,Persons,SAL_INT,Domestic payroll employment,Q,Quarterly,_Z,Not applicable,B-E,Industry (except construction),N,Neither seasonally adjusted nor calendar adjusted data,_Z,Not applicable,1997-Q3,,36319,,0,Units,,,0,Zero,,
DATAFLOW,LU1:DSD_EMPLOI_SAL@DF_B3000(1.0),Domestic payroll employment by economic activity,I,PERS,Persons,SAL_INT,Domestic payroll employment,Q,Quarterly,_Z,Not applicable,B-E,Industry (except construction),N,Neither seasonally adjusted nor calendar adjusted data,_Z,Not applicable,1997-Q4,,36644,,0,Units,,,0,Zero,,
DATAFLOW,LU1:DSD_EMPLOI_SAL@DF_B3000(1.0),Domestic payroll employment by economic activity,I,PERS,Persons,SAL_INT,Domestic payroll employment,Q,Quarterly,_Z,Not applicable,B-E,Industry (except construction),N,Neither seasonally adjusted nor calendar adjusted data,_Z,Not applicable,1998-Q1,,35583,,0,Units,,,0,Zero,,
DATAFLOW,LU1:DSD_EMPLOI_SAL@DF_B3000(1.0),Domestic payroll employment by economic activity,I,PERS,Persons,SAL_INT,Domestic payroll employment,Q,Quarterly,_Z,Not applicable,B-E,Industry (except construction),N,Neither seasonally adjusted nor calendar adjusted data,_Z,Not applicable,1998-Q2,,36368,,0,Units,,,0,Zero,,
DATAFLOW,LU1:DSD_EMPLOI_SAL@DF_B3000(1.0),Domestic payroll employment by economic activity,I,PERS,Persons,SAL_INT,Domestic payroll employment,Q,Quarterly,_Z,Not applicable,B-E,Industry (except construction),N,Neither seasonally adjusted nor calendar adjusted data,_Z,Not applicable,1998-Q3,,36489,,0,Units,,,0,Zero,,
DATAFLOW,LU1:DSD_EMPLOI_SAL@DF_B3000(1.0),Domestic payroll employment by economic activity,I,PERS,Persons,SAL_INT,Domestic payroll employment,Q,Quarterly,_Z,Not applicable,B-E,Industry (except construction),N,Neither seasonally adjusted nor calendar adjusted data,_Z,Not applicable,1998-Q4,,36809,,0,Units,,,0,Zero,,
DATAFLOW,LU1:DSD_EMPLOI_SAL@DF_B3000(1.0),Domestic payroll employment by economic activity,I,PERS,Persons,SAL_INT,Domestic payroll employment,Q,Quarterly,_Z,Not applicable,B-E,Industry (except construction),N,Neither seasonally adjusted nor calendar adjusted data,_Z,Not applicable,1999-Q1,,36448,,0,Units,,,0,Zero,,
DATAFLOW,LU1:DSD_EMPLOI_SAL@DF_B3000(1.0),Domestic payroll employment by economic activity,I,PERS,Persons,SAL_INT,Domestic payroll employment,Q,Quarterly,_Z,Not applicable,B-E,Industry (except construction),N,Neither seasonally adjusted nor calendar adjusted data,_Z,Not applicable,1999-Q2,,37053,,0,Units,,,0,Zero,,
DATAFLOW,LU1:DSD_EMPLOI_SAL@DF_B3000(1.0),Domestic payroll employment by economic activity,I,PERS,Persons,SAL_INT,Domestic payroll employment,Q,Quarterly,_Z,Not applicable,B-E,Industry (except construction),N,Neither seasonally adjusted nor calendar adjusted data,_Z,Not applicable,1999-Q3,,37329,,0,Units,,,0,Zero,,
DATAFLOW,LU1:DSD_EMPLOI_SAL@DF_B3000(1.0),Domestic payroll employment by economic activity,I,PERS,Persons,SAL_INT,Domestic payroll employment,Q,Quarterly,_Z,Not applicable,B-E,Industry (except construction),N,Neither seasonally adjusted nor calendar adjusted data,_Z,Not applicable,1999-Q4,,36762,,0,Units,,,0,Zero,,
DATAFLOW,LU1:DSD_EMPLOI_SAL@DF_B3000(1.0),Domestic payroll employment by economic activity,I,PERS,Persons,SAL_INT,Domestic payroll employment,Q,Quarterly,_Z,Not applicable,B-E,Industry (except construction),N,Neither seasonally adjusted nor calendar adjusted data,_Z,Not applicable,2000-Q1,,37210,,0,Units,,,0,Zero,,
DATAFLOW,LU1:DSD_EMPLOI_SAL@DF_B3000(1.0),Domestic payroll employment by economic activity,I,PERS,Persons,SAL_INT,Domestic payroll employment,Q,Quarterly,_Z,Not applicable,B-E,Industry (except construction),N,Neither seasonally adjusted nor calendar adjusted data,_Z,Not applicable,2000-Q2,,37066,,0,Units,,,0,Zero,,
DATAFLOW,LU1:DSD_EMPLOI_SAL@DF_B3000(1.0),Domestic payroll employment by economic activity,I,PERS,Persons,SAL_INT,Domestic payroll employment,Q,Quarterly,_Z,Not applicable,B-E,Industry (except construction),N,Neither seasonally adjusted nor calendar adjusted data,_Z,Not applicable,2000-Q3,,37419,,0,Units,,,0,Zero,,
DATAFLOW,LU1:DSD_EMPLOI_SAL@DF_B3000(1.0),Domestic payroll employment by economic activity,I,PERS,Persons,SAL_INT,Domestic payroll employment,Q,Quarterly,_Z,Not applicable,B-E,Industry (except construction),N,Neither seasonally adjusted nor calendar adjusted data,_Z,Not applicable,2000-Q4,,38127,,0,Units,,,0,Zero,,
DATAFLOW,LU1:DSD_EMPLOI_SAL@DF_B3000(1.0),Domestic payroll employment by economic activity,I,PERS,Persons,SAL_INT,Domestic payroll employment,Q,Quarterly,_Z,Not applicable,B-E,Industry (except construction),N,Neither seasonally adjusted nor calendar adjusted data,_Z,Not applicable,2001-Q1,,38402,,0,Units,,,0,Zero,,
DATAFLOW,LU1:DSD_EMPLOI_SAL@DF_B3000(1.0),Domestic payroll employment by economic activity,I,PERS,Persons,SAL_INT,Domestic payroll employment,Q,Quarterly,_Z,Not applicable,B-E,Industry (except construction),N,Neither seasonally adjusted nor calendar adjusted data,_Z,Not applicable,2001-Q2,,38218,,0,Units,,,0,Zero,,
DATAFLOW,LU1:DSD_EMPLOI_SAL@DF_B3000(1.0),Domestic payroll employment by economic activity,I,PERS,Persons,SAL_INT,Domestic payroll employment,Q,Quarterly,_Z,Not applicable,B-E,Industry (except construction),N,Neither seasonally adjusted nor calendar adjusted data,_Z,Not applicable,2001-Q3,,38151,,0,Units,,,0,Zero,,
DATAFLOW,LU1:DSD_EMPLOI_SAL@DF_B3000(1.0),Domestic payroll employment by economic activity,I,PERS,Persons,SAL_INT,Domestic payroll employment,Q,Quarterly,_Z,Not applicable,B-E,Industry (except construction),N,Neither seasonally adjusted nor calendar adjusted data,_Z,Not applicable,2001-Q4,,38120,,0,Units,,,0,Zero,,
DATAFLOW,LU1:DSD_EMPLOI_SAL@DF_B3000(1.0),Domestic payroll employment by economic activity,I,PERS,Persons,SAL_INT,Domestic payroll employment,Q,Quarterly,_Z,Not applicable,B-E,Industry (except construction),N,Neither seasonally adjusted nor calendar adjusted data,_Z,Not applicable,2002-Q1,,38028,,0,Units,,,0,Zero,,
DATAFLOW,LU1:DSD_EMPLOI_SAL@DF_B3000(1.0),Domestic payroll employment by economic activity,I,PERS,Persons,SAL_INT,Domestic payroll employment,Q,Quarterly,_Z,Not applicable,B-E,Industry (except construction),N,Neither seasonally adjusted nor calendar adjusted data,_Z,Not applicable,2002-Q2,,37798,,0,Units,,,0,Zero,,
DATAFLOW,LU1:DSD_EMPLOI_SAL@DF_B3000(1.0),Domestic payroll employment by economic activity,I,PERS,Persons,SAL_INT,Domestic payroll employment,Q,Quarterly,_Z,Not applicable,B-E,Industry (except construction),N,Neither seasonally adjusted nor calendar adjusted data,_Z,Not applicable,2002-Q3,,37578,,0,Units,,,0,Zero,,
DATAFLOW,LU1:DSD_EMPLOI_SAL@DF_B3000(1.0),Domestic payroll employment by economic activity,I,PERS,Persons,SAL_INT,Domestic payroll employment,Q,Quarterly,_Z,Not applicable,B-E,Industry (except construction),N,Neither seasonally adjusted nor calendar adjusted data,_Z,Not applicable,2002-Q4,,37693,,0,Units,,,0,Zero,,
DATAFLOW,LU1:DSD_EMPLOI_SAL@DF_B3000(1.0),Domestic payroll employment by economic activity,I,PERS,Persons,SAL_INT,Domestic payroll employment,Q,Quarterly,_Z,Not applicable,B-E,Industry (except construction),N,Neither seasonally adjusted nor calendar adjusted data,_Z,Not applicable,2003-Q1,,38015,,0,Units,,,0,Zero,,
DATAFLOW,LU1:DSD_EMPLOI_SAL@DF_B3000(1.0),Domestic payroll employment by economic activity,I,PERS,Persons,SAL_INT,Domestic payroll employment,Q,Quarterly,_Z,Not applicable,B-E,Industry (except construction),N,Neither seasonally adjusted nor calendar adjusted data,_Z,Not applicable,2003-Q2,,38000,,0,Units,,,0,Zero,,
DATAFLOW,LU1:DSD_EMPLOI_SAL@DF_B3000(1.0),Domestic payroll employment by economic activity,I,PERS,Persons,SAL_INT,Domestic payroll employment,Q,Quarterly,_Z,Not applicable,B-E,Industry (except construction),N,Neither seasonally adjusted nor calendar adjusted data,_Z,Not applicable,2003-Q3,,37913,,0,Units,,,0,Zero,,
DATAFLOW,LU1:DSD_EMPLOI_SAL@DF_B3000(1.0),Domestic payroll employment by economic activity,I,PERS,Persons,SAL_INT,Domestic payroll employment,Q,Quarterly,_Z,Not applicable,B-E,Industry (except construction),N,Neither seasonally adjusted nor calendar adjusted data,_Z,Not applicable,2003-Q4,,38047,,0,Units,,,0,Zero,,
DATAFLOW,LU1:DSD_EMPLOI_SAL@DF_B3000(1.0),Domestic payroll employment by economic activity,I,PERS,Persons,SAL_INT,Domestic payroll employment,Q,Quarterly,_Z,Not applicable,B-E,Industry (except construction),N,Neither seasonally adjusted nor calendar adjusted data,_Z,Not applicable,2004-Q1,,38283,,0,Units,,,0,Zero,,
DATAFLOW,LU1:DSD_EMPLOI_SAL@DF_B3000(1.0),Domestic payroll employment by economic activity,I,PERS,Persons,SAL_INT,Domestic payroll employment,Q,Quarterly,_Z,Not applicable,B-E,Industry (except construction),N,Neither seasonally adjusted nor calendar adjusted data,_Z,Not applicable,2004-Q2,,38019,,0,Units,,,0,Zero,,
DATAFLOW,LU1:DSD_EMPLOI_SAL@DF_B3000(1.0),Domestic payroll employment by economic activity,I,PERS,Persons,SAL_INT,Domestic payroll employment,Q,Quarterly,_Z,Not applicable,B-E,Industry (except construction),N,Neither seasonally adjusted nor calendar adjusted data,_Z,Not applicable,2004-Q3,,37482,,0,Units,,,0,Zero,,
DATAFLOW,LU1:DSD_EMPLOI_SAL@DF_B3000(1.0),Domestic payroll employment by economic activity,I,PERS,Persons,SAL_INT,Domestic payroll employment,Q,Quarterly,_Z,Not applicable,B-E,Industry (except construction),N,Neither seasonally adjusted nor calendar adjusted data,_Z,Not applicable,2004-Q4,,37537,,0,Units,,,0,Zero,,
DATAFLOW,LU1:DSD_EMPLOI_SAL@DF_B3000(1.0),Domestic payroll employment by economic activity,I,PERS,Persons,SAL_INT,Domestic payroll employment,Q,Quarterly,_Z,Not applicable,B-E,Industry (except construction),N,Neither seasonally adjusted nor calendar adjusted data,_Z,Not applicable,2005-Q1,,37653,,0,Units,,,0,Zero,,
DATAFLOW,LU1:DSD_EMPLOI_SAL@DF_B3000(1.0),Domestic payroll employment by economic activity,I,PERS,Persons,SAL_INT,Domestic payroll employment,Q,Quarterly,_Z,Not applicable,B-E,Industry (except construction),N,Neither seasonally adjusted nor calendar adjusted data,_Z,Not applicable,2005-Q2,,37646,,0,Units,,,0,Zero,,
DATAFLOW,LU1:DSD_EMPLOI_SAL@DF_B3000(1.0),Domestic payroll employment by economic activity,I,PERS,Persons,SAL_INT,Domestic payroll employment,Q,Quarterly,_Z,Not applicable,B-E,Industry (except construction),N,Neither seasonally adjusted nor calendar adjusted data,_Z,Not applicable,2005-Q3,,37678,,0,Units,,,0,Zero,,
DATAFLOW,LU1:DSD_EMPLOI_SAL@DF_B3000(1.0),Domestic payroll employment by economic activity,I,PERS,Persons,SAL_INT,Domestic payroll employment,Q,Quarterly,_Z,Not applicable,B-E,Industry (except construction),N,Neither seasonally adjusted nor calendar adjusted data,_Z,Not applicable,2005-Q4,,37795,,0,Units,,,0,Zero,,
DATAFLOW,LU1:DSD_EMPLOI_SAL@DF_B3000(1.0),Domestic payroll employment by economic activity,I,PERS,Persons,SAL_INT,Domestic payroll employment,Q,Quarterly,_Z,Not applicable,B-E,Industry (except construction),N,Neither seasonally adjusted nor calendar adjusted data,_Z,Not applicable,2006-Q1,,37700,,0,Units,,,0,Zero,,
DATAFLOW,LU1:DSD_EMPLOI_SAL@DF_B3000(1.0),Domestic payroll employment by economic activity,I,PERS,Persons,SAL_INT,Domestic payroll employment,Q,Quarterly,_Z,Not applicable,B-E,Industry (except construction),N,Neither seasonally adjusted nor calendar adjusted data,_Z,Not applicable,2006-Q2,,37756,,0,Units,,,0,Zero,,
DATAFLOW,LU1:DSD_EMPLOI_SAL@DF_B3000(1.0),Domestic payroll employment by economic activity,I,PERS,Persons,SAL_INT,Domestic payroll employment,Q,Quarterly,_Z,Not applicable,B-E,Industry (except construction),N,Neither seasonally adjusted nor calendar adjusted data,_Z,Not applicable,2006-Q3,,37646,,0,Units,,,0,Zero,,
DATAFLOW,LU1:DSD_EMPLOI_SAL@DF_B3000(1.0),Domestic payroll employment by economic activity,I,PERS,Persons,SAL_INT,Domestic payroll employment,Q,Quarterly,_Z,Not applicable,B-E,Industry (except construction),N,Neither seasonally adjusted nor calendar adjusted data,_Z,Not applicable,2006-Q4,,37582,,0,Units,,,0,Zero,,
DATAFLOW,LU1:DSD_EMPLOI_SAL@DF_B3000(1.0),Domestic payroll employment by economic activity,I,PERS,Persons,SAL_INT,Domestic payroll employment,Q,Quarterly,_Z,Not applicable,B-E,Industry (except construction),N,Neither seasonally adjusted nor calendar adjusted data,_Z,Not applicable,2007-Q1,,37162,,0,Units,,,0,Zero,,
DATAFLOW,LU1:DSD_EMPLOI_SAL@DF_B3000(1.0),Domestic payroll employment by economic activity,I,PERS,Persons,SAL_INT,Domestic payroll employment,Q,Quarterly,_Z,Not applicable,B-E,Industry (except construction),N,Neither seasonally adjusted nor calendar adjusted data,_Z,Not applicable,2007-Q2,,37339,,0,Units,,,0,Zero,,
DATAFLOW,LU1:DSD_EMPLOI_SAL@DF_B3000(1.0),Domestic payroll employment by economic activity,I,PERS,Persons,SAL_INT,Domestic payroll employment,Q,Quarterly,_Z,Not applicable,B-E,Industry (except construction),N,Neither seasonally adjusted nor calendar adjusted data,_Z,Not applicable,2007-Q3,,37595,,0,Units,,,0,Zero,,
DATAFLOW,LU1:DSD_EMPLOI_SAL@DF_B3000(1.0),Domestic payroll employment by economic activity,I,PERS,Persons,SAL_INT,Domestic payroll employment,Q,Quarterly,_Z,Not applicable,B-E,Industry (except construction),N,Neither seasonally adjusted nor calendar adjusted data,_Z,Not applicable,2007-Q4,,37904,,0,Units,,,0,Zero,,
DATAFLOW,LU1:DSD_EMPLOI_SAL@DF_B3000(1.0),Domestic payroll employment by economic activity,I,PERS,Persons,SAL_INT,Domestic payroll employment,Q,Quarterly,_Z,Not applicable,B-E,Industry (except construction),N,Neither seasonally adjusted nor calendar adjusted data,_Z,Not applicable,2008-Q1,,37666,,0,Units,,,0,Zero,,
DATAFLOW,LU1:DSD_EMPLOI_SAL@DF_B3000(1.0),Domestic payroll employment by economic activity,I,PERS,Persons,SAL_INT,Domestic payroll employment,Q,Quarterly,_Z,Not applicable,B-E,Industry (except construction),N,Neither seasonally adjusted nor calendar adjusted data,_Z,Not applicable,2008-Q2,,37866,,0,Units,,,0,Zero,,
DATAFLOW,LU1:DSD_EMPLOI_SAL@DF_B3000(1.0),Domestic payroll employment by economic activity,I,PERS,Persons,SAL_INT,Domestic payroll employment,Q,Quarterly,_Z,Not applicable,B-E,Industry (except construction),N,Neither seasonally adjusted nor calendar adjusted data,_Z,Not applicable,2008-Q3,,38047,,0,Units,,,0,Zero,,
DATAFLOW,LU1:DSD_EMPLOI_SAL@DF_B3000(1.0),Domestic payroll employment by economic activity,I,PERS,Persons,SAL_INT,Domestic payroll employment,Q,Quarterly,_Z,Not applicable,B-E,Industry (except construction),N,Neither seasonally adjusted nor calendar adjusted data,_Z,Not applicable,2008-Q4,,38282,,0,Units,,,0,Zero,,
DATAFLOW,LU1:DSD_EMPLOI_SAL@DF_B3000(1.0),Domestic payroll employment by economic activity,I,PERS,Persons,SAL_INT,Domestic payroll employment,Q,Quarterly,_Z,Not applicable,B-E,Industry (except construction),N,Neither seasonally adjusted nor calendar adjusted data,_Z,Not applicable,2009-Q1,,37567,,0,Units,,,0,Zero,,
DATAFLOW,LU1:DSD_EMPLOI_SAL@DF_B3000(1.0),Domestic payroll employment by economic activity,I,PERS,Persons,SAL_INT,Domestic payroll employment,Q,Quarterly,_Z,Not applicable,B-E,Industry (except construction),N,Neither seasonally adjusted nor calendar adjusted data,_Z,Not applicable,2009-Q2,,36945,,0,Units,,,0,Zero,,
DATAFLOW,LU1:DSD_EMPLOI_SAL@DF_B3000(1.0),Domestic payroll employment by economic activity,I,PERS,Persons,SAL_INT,Domestic payroll employment,Q,Quarterly,_Z,Not applicable,B-E,Industry (except construction),N,Neither seasonally adjusted nor calendar adjusted data,_Z,Not applicable,2009-Q3,,36582,,0,Units,,,0,Zero,,
DATAFLOW,LU1:DSD_EMPLOI_SAL@DF_B3000(1.0),Domestic payroll employment by economic activity,I,PERS,Persons,SAL_INT,Domestic payroll employment,Q,Quarterly,_Z,Not applicable,B-E,Industry (except construction),N,Neither seasonally adjusted nor calendar adjusted data,_Z,Not applicable,2009-Q4,,36573,,0,Units,,,0,Zero,,
DATAFLOW,LU1:DSD_EMPLOI_SAL@DF_B3000(1.0),Domestic payroll employment by economic activity,I,PERS,Persons,SAL_INT,Domestic payroll employment,Q,Quarterly,_Z,Not applicable,B-E,Industry (except construction),N,Neither seasonally adjusted nor calendar adjusted data,_Z,Not applicable,2010-Q1,,36656,,0,Units,,,0,Zero,,
DATAFLOW,LU1:DSD_EMPLOI_SAL@DF_B3000(1.0),Domestic payroll employment by economic activity,I,PERS,Persons,SAL_INT,Domestic payroll employment,Q,Quarterly,_Z,Not applicable,B-E,Industry (except construction),N,Neither seasonally adjusted nor calendar adjusted data,_Z,Not applicable,2010-Q2,,36817,,0,Units,,,0,Zero,,
DATAFLOW,LU1:DSD_EMPLOI_SAL@DF_B3000(1.0),Domestic payroll employment by economic activity,I,PERS,Persons,SAL_INT,Domestic payroll employment,Q,Quarterly,_Z,Not applicable,B-E,Industry (except construction),N,Neither seasonally adjusted nor calendar adjusted data,_Z,Not applicable,2010-Q3,,36927,,0,Units,,,0,Zero,,
DATAFLOW,LU1:DSD_EMPLOI_SAL@DF_B3000(1.0),Domestic payroll employment by economic activity,I,PERS,Persons,SAL_INT,Domestic payroll employment,Q,Quarterly,_Z,Not applicable,B-E,Industry (except construction),N,Neither seasonally adjusted nor calendar adjusted data,_Z,Not applicable,2010-Q4,,37088,,0,Units,,,0,Zero,,
DATAFLOW,LU1:DSD_EMPLOI_SAL@DF_B3000(1.0),Domestic payroll employment by economic activity,I,PERS,Persons,SAL_INT,Domestic payroll employment,Q,Quarterly,_Z,Not applicable,B-E,Industry (except construction),N,Neither seasonally adjusted nor calendar adjusted data,_Z,Not applicable,2011-Q1,,36576,,0,Units,,,0,Zero,,
DATAFLOW,LU1:DSD_EMPLOI_SAL@DF_B3000(1.0),Domestic payroll employment by economic activity,I,PERS,Persons,SAL_INT,Domestic payroll employment,Q,Quarterly,_Z,Not applicable,B-E,Industry (except construction),N,Neither seasonally adjusted nor calendar adjusted data,_Z,Not applicable,2011-Q2,,36926,,0,Units,,,0,Zero,,
DATAFLOW,LU1:DSD_EMPLOI_SAL@DF_B3000(1.0),Domestic payroll employment by economic activity,I,PERS,Persons,SAL_INT,Domestic payroll employment,Q,Quarterly,_Z,Not applicable,B-E,Industry (except construction),N,Neither seasonally adjusted nor calendar adjusted data,_Z,Not applicable,2011-Q3,,37314,,0,Units,,,0,Zero,,
DATAFLOW,LU1:DSD_EMPLOI_SAL@DF_B3000(1.0),Domestic payroll employment by economic activity,I,PERS,Persons,SAL_INT,Domestic payroll employment,Q,Quarterly,_Z,Not applicable,B-E,Industry (except construction),N,Neither seasonally adjusted nor calendar adjusted data,_Z,Not applicable,2011-Q4,,37389,,0,Units,,,0,Zero,,
DATAFLOW,LU1:DSD_EMPLOI_SAL@DF_B3000(1.0),Domestic payroll employment by economic activity,I,PERS,Persons,SAL_INT,Domestic payroll employment,Q,Quarterly,_Z,Not applicable,B-E,Industry (except construction),N,Neither seasonally adjusted nor calendar adjusted data,_Z,Not applicable,2012-Q1,,36858,,0,Units,,,0,Zero,,
DATAFLOW,LU1:DSD_EMPLOI_SAL@DF_B3000(1.0),Domestic payroll employment by economic activity,I,PERS,Persons,SAL_INT,Domestic payroll employment,Q,Quarterly,_Z,Not applicable,B-E,Industry (except construction),N,Neither seasonally adjusted nor calendar adjusted data,_Z,Not applicable,2012-Q2,,36718,,0,Units,,,0,Zero,,
DATAFLOW,LU1:DSD_EMPLOI_SAL@DF_B3000(1.0),Domestic payroll employment by economic activity,I,PERS,Persons,SAL_INT,Domestic payroll employment,Q,Quarterly,_Z,Not applicable,B-E,Industry (except construction),N,Neither seasonally adjusted nor calendar adjusted data,_Z,Not applicable,2012-Q3,,36564,,0,Units,,,0,Zero,,
DATAFLOW,LU1:DSD_EMPLOI_SAL@DF_B3000(1.0),Domestic payroll employment by economic activity,I,PERS,Persons,SAL_INT,Domestic payroll employment,Q,Quarterly,_Z,Not applicable,B-E,Industry (except construction),N,Neither seasonally adjusted nor calendar adjusted data,_Z,Not applicable,2012-Q4,,36401,,0,Units,,,0,Zero,,
DATAFLOW,LU1:DSD_EMPLOI_SAL@DF_B3000(1.0),Domestic payroll employment by economic activity,I,PERS,Persons,SAL_INT,Domestic payroll employment,Q,Quarterly,_Z,Not applicable,B-E,Industry (except construction),N,Neither seasonally adjusted nor calendar adjusted data,_Z,Not applicable,2013-Q1,,35700,,0,Units,,,0,Zero,,
DATAFLOW,LU1:DSD_EMPLOI_SAL@DF_B3000(1.0),Domestic payroll employment by economic activity,I,PERS,Persons,SAL_INT,Domestic payroll employment,Q,Quarterly,_Z,Not applicable,B-E,Industry (except construction),N,Neither seasonally adjusted nor calendar adjusted data,_Z,Not applicable,2013-Q2,,35659,,0,Units,,,0,Zero,,
DATAFLOW,LU1:DSD_EMPLOI_SAL@DF_B3000(1.0),Domestic payroll employment by economic activity,I,PERS,Persons,SAL_INT,Domestic payroll employment,Q,Quarterly,_Z,Not applicable,B-E,Industry (except construction),N,Neither seasonally adjusted nor calendar adjusted data,_Z,Not applicable,2013-Q3,,35759,,0,Units,,,0,Zero,,
DATAFLOW,LU1:DSD_EMPLOI_SAL@DF_B3000(1.0),Domestic payroll employment by economic activity,I,PERS,Persons,SAL_INT,Domestic payroll employment,Q,Quarterly,_Z,Not applicable,B-E,Industry (except construction),N,Neither seasonally adjusted nor calendar adjusted data,_Z,Not applicable,2013-Q4,,35813,,0,Units,,,0,Zero,,
DATAFLOW,LU1:DSD_EMPLOI_SAL@DF_B3000(1.0),Domestic payroll employment by economic activity,I,PERS,Persons,SAL_INT,Domestic payroll employment,Q,Quarterly,_Z,Not applicable,B-E,Industry (except construction),N,Neither seasonally adjusted nor calendar adjusted data,_Z,Not applicable,2014-Q1,,35565,,0,Units,,,0,Zero,,
DATAFLOW,LU1:DSD_EMPLOI_SAL@DF_B3000(1.0),Domestic payroll employment by economic activity,I,PERS,Persons,SAL_INT,Domestic payroll employment,Q,Quarterly,_Z,Not applicable,B-E,Industry (except construction),N,Neither seasonally adjusted nor calendar adjusted data,_Z,Not applicable,2014-Q2,,35674,,0,Units,,,0,Zero,,
DATAFLOW,LU1:DSD_EMPLOI_SAL@DF_B3000(1.0),Domestic payroll employment by economic activity,I,PERS,Persons,SAL_INT,Domestic payroll employment,Q,Quarterly,_Z,Not applicable,B-E,Industry (except construction),N,Neither seasonally adjusted nor calendar adjusted data,_Z,Not applicable,2014-Q3,,35761,,0,Units,,,0,Zero,,
DATAFLOW,LU1:DSD_EMPLOI_SAL@DF_B3000(1.0),Domestic payroll employment by economic activity,I,PERS,Persons,SAL_INT,Domestic payroll employment,Q,Quarterly,_Z,Not applicable,B-E,Industry (except construction),N,Neither seasonally adjusted nor calendar adjusted data,_Z,Not applicable,2014-Q4,,35885,,0,Units,,,0,Zero,,
DATAFLOW,LU1:DSD_EMPLOI_SAL@DF_B3000(1.0),Domestic payroll employment by economic activity,I,PERS,Persons,SAL_INT,Domestic payroll employment,Q,Quarterly,_Z,Not applicable,B-E,Industry (except construction),N,Neither seasonally adjusted nor calendar adjusted data,_Z,Not applicable,2015-Q1,,36201,,0,Units,,,0,Zero,,
DATAFLOW,LU1:DSD_EMPLOI_SAL@DF_B3000(1.0),Domestic payroll employment by economic activity,I,PERS,Persons,SAL_INT,Domestic payroll employment,Q,Quarterly,_Z,Not applicable,B-E,Industry (except construction),N,Neither seasonally adjusted nor calendar adjusted data,_Z,Not applicable,2015-Q2,,36524,,0,Units,,,0,Zero,,
DATAFLOW,LU1:DSD_EMPLOI_SAL@DF_B3000(1.0),Domestic payroll employment by economic activity,I,PERS,Persons,SAL_INT,Domestic payroll employment,Q,Quarterly,_Z,Not applicable,B-E,Industry (except construction),N,Neither seasonally adjusted nor calendar adjusted data,_Z,Not applicable,2015-Q3,,36663,,0,Units,,,0,Zero,,
DATAFLOW,LU1:DSD_EMPLOI_SAL@DF_B3000(1.0),Domestic payroll employment by economic activity,I,PERS,Persons,SAL_INT,Domestic payroll employment,Q,Quarterly,_Z,Not applicable,B-E,Industry (except construction),N,Neither seasonally adjusted nor calendar adjusted data,_Z,Not applicable,2015-Q4,,36868,,0,Units,,,0,Zero,,
DATAFLOW,LU1:DSD_EMPLOI_SAL@DF_B3000(1.0),Domestic payroll employment by economic activity,I,PERS,Persons,SAL_INT,Domestic payroll employment,Q,Quarterly,_Z,Not applicable,B-E,Industry (except construction),N,Neither seasonally adjusted nor calendar adjusted data,_Z,Not applicable,2016-Q1,,36817,,0,Units,,,0,Zero,,
DATAFLOW,LU1:DSD_EMPLOI_SAL@DF_B3000(1.0),Domestic payroll employment by economic activity,I,PERS,Persons,SAL_INT,Domestic payroll employment,Q,Quarterly,_Z,Not applicable,B-E,Industry (except construction),N,Neither seasonally adjusted nor calendar adjusted data,_Z,Not applicable,2016-Q2,,37012,,0,Units,,,0,Zero,,
DATAFLOW,LU1:DSD_EMPLOI_SAL@DF_B3000(1.0),Domestic payroll employment by economic activity,I,PERS,Persons,SAL_INT,Domestic payroll employment,Q,Quarterly,_Z,Not applicable,B-E,Industry (except construction),N,Neither seasonally adjusted nor calendar adjusted data,_Z,Not applicable,2016-Q3,,37214,,0,Units,,,0,Zero,,
DATAFLOW,LU1:DSD_EMPLOI_SAL@DF_B3000(1.0),Domestic payroll employment by economic activity,I,PERS,Persons,SAL_INT,Domestic payroll employment,Q,Quarterly,_Z,Not applicable,B-E,Industry (except construction),N,Neither seasonally adjusted nor calendar adjusted data,_Z,Not applicable,2016-Q4,,37378,,0,Units,,,0,Zero,,
DATAFLOW,LU1:DSD_EMPLOI_SAL@DF_B3000(1.0),Domestic payroll employment by economic activity,I,PERS,Persons,SAL_INT,Domestic payroll employment,Q,Quarterly,_Z,Not applicable,B-E,Industry (except construction),N,Neither seasonally adjusted nor calendar adjusted data,_Z,Not applicable,2017-Q1,,37104,,0,Units,,,0,Zero,,
DATAFLOW,LU1:DSD_EMPLOI_SAL@DF_B3000(1.0),Domestic payroll employment by economic activity,I,PERS,Persons,SAL_INT,Domestic payroll employment,Q,Quarterly,_Z,Not applicable,B-E,Industry (except construction),N,Neither seasonally adjusted nor calendar adjusted data,_Z,Not applicable,2017-Q2,,37271,,0,Units,,,0,Zero,,
DATAFLOW,LU1:DSD_EMPLOI_SAL@DF_B3000(1.0),Domestic payroll employment by economic activity,I,PERS,Persons,SAL_INT,Domestic payroll employment,Q,Quarterly,_Z,Not applicable,B-E,Industry (except construction),N,Neither seasonally adjusted nor calendar adjusted data,_Z,Not applicable,2017-Q3,,37399,,0,Units,,,0,Zero,,
DATAFLOW,LU1:DSD_EMPLOI_SAL@DF_B3000(1.0),Domestic payroll employment by economic activity,I,PERS,Persons,SAL_INT,Domestic payroll employment,Q,Quarterly,_Z,Not applicable,B-E,Industry (except construction),N,Neither seasonally adjusted nor calendar adjusted data,_Z,Not applicable,2017-Q4,,37666,,0,Units,,,0,Zero,,
DATAFLOW,LU1:DSD_EMPLOI_SAL@DF_B3000(1.0),Domestic payroll employment by economic activity,I,PERS,Persons,SAL_INT,Domestic payroll employment,Q,Quarterly,_Z,Not applicable,B-E,Industry (except construction),N,Neither seasonally adjusted nor calendar adjusted data,_Z,Not applicable,2018-Q1,,38039,,0,Units,,,0,Zero,,
DATAFLOW,LU1:DSD_EMPLOI_SAL@DF_B3000(1.0),Domestic payroll employment by economic activity,I,PERS,Persons,SAL_INT,Domestic payroll employment,Q,Quarterly,_Z,Not applicable,B-E,Industry (except construction),N,Neither seasonally adjusted nor calendar adjusted data,_Z,Not applicable,2018-Q2,,38189,,0,Units,,,0,Zero,,
DATAFLOW,LU1:DSD_EMPLOI_SAL@DF_B3000(1.0),Domestic payroll employment by economic activity,I,PERS,Persons,SAL_INT,Domestic payroll employment,Q,Quarterly,_Z,Not applicable,B-E,Industry (except construction),N,Neither seasonally adjusted nor calendar adjusted data,_Z,Not applicable,2018-Q3,,38111,,0,Units,,,0,Zero,,
DATAFLOW,LU1:DSD_EMPLOI_SAL@DF_B3000(1.0),Domestic payroll employment by economic activity,I,PERS,Persons,SAL_INT,Domestic payroll employment,Q,Quarterly,_Z,Not applicable,B-E,Industry (except construction),N,Neither seasonally adjusted nor calendar adjusted data,_Z,Not applicable,2018-Q4,,38257,,0,Units,,,0,Zero,,
DATAFLOW,LU1:DSD_EMPLOI_SAL@DF_B3000(1.0),Domestic payroll employment by economic activity,I,PERS,Persons,SAL_INT,Domestic payroll employment,Q,Quarterly,_Z,Not applicable,B-E,Industry (except construction),N,Neither seasonally adjusted nor calendar adjusted data,_Z,Not applicable,2019-Q1,,38308,,0,Units,,,0,Zero,,
DATAFLOW,LU1:DSD_EMPLOI_SAL@DF_B3000(1.0),Domestic payroll employment by economic activity,I,PERS,Persons,SAL_INT,Domestic payroll employment,Q,Quarterly,_Z,Not applicable,B-E,Industry (except construction),N,Neither seasonally adjusted nor calendar adjusted data,_Z,Not applicable,2019-Q2,,38465,,0,Units,,,0,Zero,,
DATAFLOW,LU1:DSD_EMPLOI_SAL@DF_B3000(1.0),Domestic payroll employment by economic activity,I,PERS,Persons,SAL_INT,Domestic payroll employment,Q,Quarterly,_Z,Not applicable,B-E,Industry (except construction),N,Neither seasonally adjusted nor calendar adjusted data,_Z,Not applicable,2019-Q3,,38387,,0,Units,,,0,Zero,,
DATAFLOW,LU1:DSD_EMPLOI_SAL@DF_B3000(1.0),Domestic payroll employment by economic activity,I,PERS,Persons,SAL_INT,Domestic payroll employment,Q,Quarterly,_Z,Not applicable,B-E,Industry (except construction),N,Neither seasonally adjusted nor calendar adjusted data,_Z,Not applicable,2019-Q4,,38566,,0,Units,,,0,Zero,,
DATAFLOW,LU1:DSD_EMPLOI_SAL@DF_B3000(1.0),Domestic payroll employment by economic activity,I,PERS,Persons,SAL_INT,Domestic payroll employment,Q,Quarterly,_Z,Not applicable,B-E,Industry (except construction),N,Neither seasonally adjusted nor calendar adjusted data,_Z,Not applicable,2020-Q1,,38428,,0,Units,,,0,Zero,,
DATAFLOW,LU1:DSD_EMPLOI_SAL@DF_B3000(1.0),Domestic payroll employment by economic activity,I,PERS,Persons,SAL_INT,Domestic payroll employment,Q,Quarterly,_Z,Not applicable,B-E,Industry (except construction),N,Neither seasonally adjusted nor calendar adjusted data,_Z,Not applicable,2020-Q2,,38136,,0,Units,,,0,Zero,,
DATAFLOW,LU1:DSD_EMPLOI_SAL@DF_B3000(1.0),Domestic payroll employment by economic activity,I,PERS,Persons,SAL_INT,Domestic payroll employment,Q,Quarterly,_Z,Not applicable,B-E,Industry (except construction),N,Neither seasonally adjusted nor calendar adjusted data,_Z,Not applicable,2020-Q3,,37889,,0,Units,,,0,Zero,,
DATAFLOW,LU1:DSD_EMPLOI_SAL@DF_B3000(1.0),Domestic payroll employment by economic activity,I,PERS,Persons,SAL_INT,Domestic payroll employment,Q,Quarterly,_Z,Not applicable,B-E,Industry (except construction),N,Neither seasonally adjusted nor calendar adjusted data,_Z,Not applicable,2020-Q4,,37788,,0,Units,,,0,Zero,,
DATAFLOW,LU1:DSD_EMPLOI_SAL@DF_B3000(1.0),Domestic payroll employment by economic activity,I,PERS,Persons,SAL_INT,Domestic payroll employment,Q,Quarterly,_Z,Not applicable,B-E,Industry (except construction),N,Neither seasonally adjusted nor calendar adjusted data,_Z,Not applicable,2021-Q1,,37522,,0,Units,,,0,Zero,,
DATAFLOW,LU1:DSD_EMPLOI_SAL@DF_B3000(1.0),Domestic payroll employment by economic activity,I,PERS,Persons,SAL_INT,Domestic payroll employment,Q,Quarterly,_Z,Not applicable,B-E,Industry (except construction),N,Neither seasonally adjusted nor calendar adjusted data,_Z,Not applicable,2021-Q2,,37666,,0,Units,,,0,Zero,,
DATAFLOW,LU1:DSD_EMPLOI_SAL@DF_B3000(1.0),Domestic payroll employment by economic activity,I,PERS,Persons,SAL_INT,Domestic payroll employment,Q,Quarterly,_Z,Not applicable,B-E,Industry (except construction),N,Neither seasonally adjusted nor calendar adjusted data,_Z,Not applicable,2021-Q3,,37750,,0,Units,,,0,Zero,,
DATAFLOW,LU1:DSD_EMPLOI_SAL@DF_B3000(1.0),Domestic payroll employment by economic activity,I,PERS,Persons,SAL_INT,Domestic payroll employment,Q,Quarterly,_Z,Not applicable,B-E,Industry (except construction),N,Neither seasonally adjusted nor calendar adjusted data,_Z,Not applicable,2021-Q4,,38083,,0,Units,,,0,Zero,,
DATAFLOW,LU1:DSD_EMPLOI_SAL@DF_B3000(1.0),Domestic payroll employment by economic activity,I,PERS,Persons,SAL_INT,Domestic payroll employment,Q,Quarterly,_Z,Not applicable,B-E,Industry (except construction),N,Neither seasonally adjusted nor calendar adjusted data,_Z,Not applicable,2022-Q1,,38243,,0,Units,,,0,Zero,,
DATAFLOW,LU1:DSD_EMPLOI_SAL@DF_B3000(1.0),Domestic payroll employment by economic activity,I,PERS,Persons,SAL_INT,Domestic payroll employment,Q,Quarterly,_Z,Not applicable,B-E,Industry (except construction),N,Neither seasonally adjusted nor calendar adjusted data,_Z,Not applicable,2022-Q2,,38328,,0,Units,,,0,Zero,,
DATAFLOW,LU1:DSD_EMPLOI_SAL@DF_B3000(1.0),Domestic payroll employment by economic activity,I,PERS,Persons,SAL_INT,Domestic payroll employment,Q,Quarterly,_Z,Not applicable,B-E,Industry (except construction),N,Neither seasonally adjusted nor calendar adjusted data,_Z,Not applicable,2022-Q3,,38379,,0,Units,,,0,Zero,,
DATAFLOW,LU1:DSD_EMPLOI_SAL@DF_B3000(1.0),Domestic payroll employment by economic activity,I,PERS,Persons,SAL_INT,Domestic payroll employment,Q,Quarterly,_Z,Not applicable,B-E,Industry (except construction),N,Neither seasonally adjusted nor calendar adjusted data,_Z,Not applicable,2022-Q4,,38679,,0,Units,,,0,Zero,,
DATAFLOW,LU1:DSD_EMPLOI_SAL@DF_B3000(1.0),Domestic payroll employment by economic activity,I,PERS,Persons,SAL_INT,Domestic payroll employment,Q,Quarterly,_Z,Not applicable,B-E,Industry (except construction),N,Neither seasonally adjusted nor calendar adjusted data,_Z,Not applicable,2023-Q1,,38732,,0,Units,,,0,Zero,,
DATAFLOW,LU1:DSD_EMPLOI_SAL@DF_B3000(1.0),Domestic payroll employment by economic activity,I,PERS,Persons,SAL_INT,Domestic payroll employment,Q,Quarterly,_Z,Not applicable,B-E,Industry (except construction),N,Neither seasonally adjusted nor calendar adjusted data,_Z,Not applicable,2023-Q2,,38534,,0,Units,,,0,Zero,,
DATAFLOW,LU1:DSD_EMPLOI_SAL@DF_B3000(1.0),Domestic payroll employment by economic activity,I,PERS,Persons,SAL_INT,Domestic payroll employment,Q,Quarterly,_Z,Not applicable,B-E,Industry (except construction),N,Neither seasonally adjusted nor calendar adjusted data,_Z,Not applicable,2023-Q3,,38247,,0,Units,,,0,Zero,,
DATAFLOW,LU1:DSD_EMPLOI_SAL@DF_B3000(1.0),Domestic payroll employment by economic activity,I,PERS,Persons,SAL_INT,Domestic payroll employment,Q,Quarterly,_Z,Not applicable,B-E,Industry (except construction),N,Neither seasonally adjusted nor calendar adjusted data,_Z,Not applicable,2023-Q4,,38316,,0,Units,,,0,Zero,,
DATAFLOW,LU1:DSD_EMPLOI_SAL@DF_B3000(1.0),Domestic payroll employment by economic activity,I,PERS,Persons,SAL_INT,Domestic payroll employment,Q,Quarterly,_Z,Not applicable,B-E,Industry (except construction),N,Neither seasonally adjusted nor calendar adjusted data,_Z,Not applicable,2024-Q1,,38274,,0,Units,,,0,Zero,,
DATAFLOW,LU1:DSD_EMPLOI_SAL@DF_B3000(1.0),Domestic payroll employment by economic activity,I,PERS,Persons,SAL_INT,Domestic payroll employment,Q,Quarterly,_Z,Not applicable,B-E,Industry (except construction),N,Neither seasonally adjusted nor calendar adjusted data,_Z,Not applicable,2024-Q2,,38168,,0,Units,,,0,Zero,,
DATAFLOW,LU1:DSD_EMPLOI_SAL@DF_B3000(1.0),Domestic payroll employment by economic activity,I,PERS,Persons,SAL_INT,Domestic payroll employment,Q,Quarterly,_Z,Not applicable,B-E,Industry (except construction),N,Neither seasonally adjusted nor calendar adjusted data,_Z,Not applicable,2024-Q3,,37912,,0,Units,,,0,Zero,,
DATAFLOW,LU1:DSD_EMPLOI_SAL@DF_B3000(1.0),Domestic payroll employment by economic activity,I,PERS,Persons,SAL_INT,Domestic payroll employment,Q,Quarterly,_Z,Not applicable,B-E,Industry (except construction),N,Neither seasonally adjusted nor calendar adjusted data,_Z,Not applicable,2024-Q4,,38067,,0,Units,,,0,Zero,,
DATAFLOW,LU1:DSD_EMPLOI_SAL@DF_B3000(1.0),Domestic payroll employment by economic activity,I,PERS,Persons,SAL_INT,Domestic payroll employment,Q,Quarterly,_Z,Not applicable,B-E,Industry (except construction),N,Neither seasonally adjusted nor calendar adjusted data,_Z,Not applicable,2025-Q1,,38036,,0,Units,,,0,Zero,,
DATAFLOW,LU1:DSD_EMPLOI_SAL@DF_B3000(1.0),Domestic payroll employment by economic activity,I,PERS,Persons,SAL_INT,Domestic payroll employment,Q,Quarterly,_Z,Not applicable,B-E,Industry (except construction),N,Neither seasonally adjusted nor calendar adjusted data,_Z,Not applicable,2025-Q2,,38052,,0,Units,,,0,Zero,,
DATAFLOW,LU1:DSD_EMPLOI_SAL@DF_B3000(1.0),Domestic payroll employment by economic activity,I,PERS,Persons,SAL_INT,Domestic payroll employment,Q,Quarterly,_Z,Not applicable,B-E,Industry (except construction),N,Neither seasonally adjusted nor calendar adjusted data,_Z,Not applicable,2025-Q3,,37853,,0,Units,,,0,Zero,,
DATAFLOW,LU1:DSD_EMPLOI_SAL@DF_B3000(1.0),Domestic payroll employment by economic activity,I,PERS,Persons,SAL_INT,Domestic payroll employment,Q,Quarterly,_Z,Not applicable,B-E,Industry (except construction),N,Neither seasonally adjusted nor calendar adjusted data,_Z,Not applicable,2025-Q4,,38077,,0,Units,,,0,Zero,,
DATAFLOW,LU1:DSD_EMPLOI_SAL@DF_B3000(1.0),Domestic payroll employment by economic activity,I,PERS,Persons,SAL_INT,Domestic payroll employment,Q,Quarterly,_Z,Not applicable,B-E,Industry (except construction),N,Neither seasonally adjusted nor calendar adjusted data,_Z,Not applicable,2026-Q1,,38173,,0,Units,,,0,Zero,,
DATAFLOW,LU1:DSD_EMPLOI_SAL@DF_B3000(1.0),Domestic payroll employment by economic activity,I,PERS,Persons,SAL_INT,Domestic payroll employment,Q,Quarterly,_Z,Not applicable,J,Information and communication,N,Neither seasonally adjusted nor calendar adjusted data,_Z,Not applicable,1995-Q1,,5055,,0,Units,,,0,Zero,,
DATAFLOW,LU1:DSD_EMPLOI_SAL@DF_B3000(1.0),Domestic payroll employment by economic activity,I,PERS,Persons,SAL_INT,Domestic payroll employment,Q,Quarterly,_Z,Not applicable,J,Information and communication,N,Neither seasonally adjusted nor calendar adjusted data,_Z,Not applicable,1995-Q2,,5158,,0,Units,,,0,Zero,,
DATAFLOW,LU1:DSD_EMPLOI_SAL@DF_B3000(1.0),Domestic payroll employment by economic activity,I,PERS,Persons,SAL_INT,Domestic payroll employment,Q,Quarterly,_Z,Not applicable,J,Information and communication,N,Neither seasonally adjusted nor calendar adjusted data,_Z,Not applicable,1995-Q3,,5239,,0,Units,,,0,Zero,,
DATAFLOW,LU1:DSD_EMPLOI_SAL@DF_B3000(1.0),Domestic payroll employment by economic activity,I,PERS,Persons,SAL_INT,Domestic payroll employment,Q,Quarterly,_Z,Not applicable,J,Information and communication,N,Neither seasonally adjusted nor calendar adjusted data,_Z,Not applicable,1995-Q4,,5380,,0,Units,,,0,Zero,,
DATAFLOW,LU1:DSD_EMPLOI_SAL@DF_B3000(1.0),Domestic payroll employment by economic activity,I,PERS,Persons,SAL_INT,Domestic payroll employment,Q,Quarterly,_Z,Not applicable,J,Information and communication,N,Neither seasonally adjusted nor calendar adjusted data,_Z,Not applicable,1996-Q1,,5655,,0,Units,,,0,Zero,,
DATAFLOW,LU1:DSD_EMPLOI_SAL@DF_B3000(1.0),Domestic payroll employment by economic activity,I,PERS,Persons,SAL_INT,Domestic payroll employment,Q,Quarterly,_Z,Not applicable,J,Information and communication,N,Neither seasonally adjusted nor calendar adjusted data,_Z,Not applicable,1996-Q2,,5797,,0,Units,,,0,Zero,,
DATAFLOW,LU1:DSD_EMPLOI_SAL@DF_B3000(1.0),Domestic payroll employment by economic activity,I,PERS,Persons,SAL_INT,Domestic payroll employment,Q,Quarterly,_Z,Not applicable,J,Information and communication,N,Neither seasonally adjusted nor calendar adjusted data,_Z,Not applicable,1996-Q3,,5790,,0,Units,,,0,Zero,,
DATAFLOW,LU1:DSD_EMPLOI_SAL@DF_B3000(1.0),Domestic payroll employment by economic activity,I,PERS,Persons,SAL_INT,Domestic payroll employment,Q,Quarterly,_Z,Not applicable,J,Information and communication,N,Neither seasonally adjusted nor calendar adjusted data,_Z,Not applicable,1996-Q4,,5814,,0,Units,,,0,Zero,,
DATAFLOW,LU1:DSD_EMPLOI_SAL@DF_B3000(1.0),Domestic payroll employment by economic activity,I,PERS,Persons,SAL_INT,Domestic payroll employment,Q,Quarterly,_Z,Not applicable,J,Information and communication,N,Neither seasonally adjusted nor calendar adjusted data,_Z,Not applicable,1997-Q1,,5680,,0,Units,,,0,Zero,,
DATAFLOW,LU1:DSD_EMPLOI_SAL@DF_B3000(1.0),Domestic payroll employment by economic activity,I,PERS,Persons,SAL_INT,Domestic payroll employment,Q,Quarterly,_Z,Not applicable,J,Information and communication,N,Neither seasonally adjusted nor calendar adjusted data,_Z,Not applicable,1997-Q2,,5841,,0,Units,,,0,Zero,,
DATAFLOW,LU1:DSD_EMPLOI_SAL@DF_B3000(1.0),Domestic payroll employment by economic activity,I,PERS,Persons,SAL_INT,Domestic payroll employment,Q,Quarterly,_Z,Not applicable,J,Information and communication,N,Neither seasonally adjusted nor calendar adjusted data,_Z,Not applicable,1997-Q3,,6302,,0,Units,,,0,Zero,,
DATAFLOW,LU1:DSD_EMPLOI_SAL@DF_B3000(1.0),Domestic payroll employment by economic activity,I,PERS,Persons,SAL_INT,Domestic payroll employment,Q,Quarterly,_Z,Not applicable,J,Information and communication,N,Neither seasonally adjusted nor calendar adjusted data,_Z,Not applicable,1997-Q4,,6530,,0,Units,,,0,Zero,,
DATAFLOW,LU1:DSD_EMPLOI_SAL@DF_B3000(1.0),Domestic payroll employment by economic activity,I,PERS,Persons,SAL_INT,Domestic payroll employment,Q,Quarterly,_Z,Not applicable,J,Information and communication,N,Neither seasonally adjusted nor calendar adjusted data,_Z,Not applicable,1998-Q1,,6720,,0,Units,,,0,Zero,,
DATAFLOW,LU1:DSD_EMPLOI_SAL@DF_B3000(1.0),Domestic payroll employment by economic activity,I,PERS,Persons,SAL_INT,Domestic payroll employment,Q,Quarterly,_Z,Not applicable,J,Information and communication,N,Neither seasonally adjusted nor calendar adjusted data,_Z,Not applicable,1998-Q2,,6668,,0,Units,,,0,Zero,,
DATAFLOW,LU1:DSD_EMPLOI_SAL@DF_B3000(1.0),Domestic payroll employment by economic activity,I,PERS,Persons,SAL_INT,Domestic payroll employment,Q,Quarterly,_Z,Not applicable,J,Information and communication,N,Neither seasonally adjusted nor calendar adjusted data,_Z,Not applicable,1998-Q3,,6796,,0,Units,,,0,Zero,,
DATAFLOW,LU1:DSD_EMPLOI_SAL@DF_B3000(1.0),Domestic payroll employment by economic activity,I,PERS,Persons,SAL_INT,Domestic payroll employment,Q,Quarterly,_Z,Not applicable,J,Information and communication,N,Neither seasonally adjusted nor calendar adjusted data,_Z,Not applicable,1998-Q4,,6930,,0,Units,,,0,Zero,,
DATAFLOW,LU1:DSD_EMPLOI_SAL@DF_B3000(1.0),Domestic payroll employment by economic activity,I,PERS,Persons,SAL_INT,Domestic payroll employment,Q,Quarterly,_Z,Not applicable,J,Information and communication,N,Neither seasonally adjusted nor calendar adjusted data,_Z,Not applicable,1999-Q1,,7253,,0,Units,,,0,Zero,,
DATAFLOW,LU1:DSD_EMPLOI_SAL@DF_B3000(1.0),Domestic payroll employment by economic activity,I,PERS,Persons,SAL_INT,Domestic payroll employment,Q,Quarterly,_Z,Not applicable,J,Information and communication,N,Neither seasonally adjusted nor calendar adjusted data,_Z,Not applicable,1999-Q2,,7429,,0,Units,,,0,Zero,,
DATAFLOW,LU1:DSD_EMPLOI_SAL@DF_B3000(1.0),Domestic payroll employment by economic activity,I,PERS,Persons,SAL_INT,Domestic payroll employment,Q,Quarterly,_Z,Not applicable,J,Information and communication,N,Neither seasonally adjusted nor calendar adjusted data,_Z,Not applicable,1999-Q3,,7665,,0,Units,,,0,Zero,,
DATAFLOW,LU1:DSD_EMPLOI_SAL@DF_B3000(1.0),Domestic payroll employment by economic activity,I,PERS,Persons,SAL_INT,Domestic payroll employment,Q,Quarterly,_Z,Not applicable,J,Information and communication,N,Neither seasonally adjusted nor calendar adjusted data,_Z,Not applicable,1999-Q4,,7891,,0,Units,,,0,Zero,,
DATAFLOW,LU1:DSD_EMPLOI_SAL@DF_B3000(1.0),Domestic payroll employment by economic activity,I,PERS,Persons,SAL_INT,Domestic payroll employment,Q,Quarterly,_Z,Not applicable,J,Information and communication,N,Neither seasonally adjusted nor calendar adjusted data,_Z,Not applicable,2000-Q1,,8089,,0,Units,,,0,Zero,,
DATAFLOW,LU1:DSD_EMPLOI_SAL@DF_B3000(1.0),Domestic payroll employment by economic activity,I,PERS,Persons,SAL_INT,Domestic payroll employment,Q,Quarterly,_Z,Not applicable,J,Information and communication,N,Neither seasonally adjusted nor calendar adjusted data,_Z,Not applicable,2000-Q2,,8396,,0,Units,,,0,Zero,,
DATAFLOW,LU1:DSD_EMPLOI_SAL@DF_B3000(1.0),Domestic payroll employment by economic activity,I,PERS,Persons,SAL_INT,Domestic payroll employment,Q,Quarterly,_Z,Not applicable,J,Information and communication,N,Neither seasonally adjusted nor calendar adjusted data,_Z,Not applicable,2000-Q3,,8670,,0,Units,,,0,Zero,,
DATAFLOW,LU1:DSD_EMPLOI_SAL@DF_B3000(1.0),Domestic payroll employment by economic activity,I,PERS,Persons,SAL_INT,Domestic payroll employment,Q,Quarterly,_Z,Not applicable,J,Information and communication,N,Neither seasonally adjusted nor calendar adjusted data,_Z,Not applicable,2000-Q4,,8916,,0,Units,,,0,Zero,,
DATAFLOW,LU1:DSD_EMPLOI_SAL@DF_B3000(1.0),Domestic payroll employment by economic activity,I,PERS,Persons,SAL_INT,Domestic payroll employment,Q,Quarterly,_Z,Not applicable,J,Information and communication,N,Neither seasonally adjusted nor calendar adjusted data,_Z,Not applicable,2001-Q1,,9242,,0,Units,,,0,Zero,,
DATAFLOW,LU1:DSD_EMPLOI_SAL@DF_B3000(1.0),Domestic payroll employment by economic activity,I,PERS,Persons,SAL_INT,Domestic payroll employment,Q,Quarterly,_Z,Not applicable,J,Information and communication,N,Neither seasonally adjusted nor calendar adjusted data,_Z,Not applicable,2001-Q2,,9397,,0,Units,,,0,Zero,,
DATAFLOW,LU1:DSD_EMPLOI_SAL@DF_B3000(1.0),Domestic payroll employment by economic activity,I,PERS,Persons,SAL_INT,Domestic payroll employment,Q,Quarterly,_Z,Not applicable,J,Information and communication,N,Neither seasonally adjusted nor calendar adjusted data,_Z,Not applicable,2001-Q3,,9534,,0,Units,,,0,Zero,,
DATAFLOW,LU1:DSD_EMPLOI_SAL@DF_B3000(1.0),Domestic payroll employment by economic activity,I,PERS,Persons,SAL_INT,Domestic payroll employment,Q,Quarterly,_Z,Not applicable,J,Information and communication,N,Neither seasonally adjusted nor calendar adjusted data,_Z,Not applicable,2001-Q4,,9692,,0,Units,,,0,Zero,,
DATAFLOW,LU1:DSD_EMPLOI_SAL@DF_B3000(1.0),Domestic payroll employment by economic activity,I,PERS,Persons,SAL_INT,Domestic payroll employment,Q,Quarterly,_Z,Not applicable,J,Information and communication,N,Neither seasonally adjusted nor calendar adjusted data,_Z,Not applicable,2002-Q1,,9638,,0,Units,,,0,Zero,,
DATAFLOW,LU1:DSD_EMPLOI_SAL@DF_B3000(1.0),Domestic payroll employment by economic activity,I,PERS,Persons,SAL_INT,Domestic payroll employment,Q,Quarterly,_Z,Not applicable,J,Information and communication,N,Neither seasonally adjusted nor calendar adjusted data,_Z,Not applicable,2002-Q2,,9524,,0,Units,,,0,Zero,,
DATAFLOW,LU1:DSD_EMPLOI_SAL@DF_B3000(1.0),Domestic payroll employment by economic activity,I,PERS,Persons,SAL_INT,Domestic payroll employment,Q,Quarterly,_Z,Not applicable,J,Information and communication,N,Neither seasonally adjusted nor calendar adjusted data,_Z,Not applicable,2002-Q3,,9482,,0,Units,,,0,Zero,,
DATAFLOW,LU1:DSD_EMPLOI_SAL@DF_B3000(1.0),Domestic payroll employment by economic activity,I,PERS,Persons,SAL_INT,Domestic payroll employment,Q,Quarterly,_Z,Not applicable,J,Information and communication,N,Neither seasonally adjusted nor calendar adjusted data,_Z,Not applicable,2002-Q4,,9531,,0,Units,,,0,Zero,,
DATAFLOW,LU1:DSD_EMPLOI_SAL@DF_B3000(1.0),Domestic payroll employment by economic activity,I,PERS,Persons,SAL_INT,Domestic payroll employment,Q,Quarterly,_Z,Not applicable,J,Information and communication,N,Neither seasonally adjusted nor calendar adjusted data,_Z,Not applicable,2003-Q1,,9447,,0,Units,,,0,Zero,,
DATAFLOW,LU1:DSD_EMPLOI_SAL@DF_B3000(1.0),Domestic payroll employment by economic activity,I,PERS,Persons,SAL_INT,Domestic payroll employment,Q,Quarterly,_Z,Not applicable,J,Information and communication,N,Neither seasonally adjusted nor calendar adjusted data,_Z,Not applicable,2003-Q2,,9423,,0,Units,,,0,Zero,,
DATAFLOW,LU1:DSD_EMPLOI_SAL@DF_B3000(1.0),Domestic payroll employment by economic activity,I,PERS,Persons,SAL_INT,Domestic payroll employment,Q,Quarterly,_Z,Not applicable,J,Information and communication,N,Neither seasonally adjusted nor calendar adjusted data,_Z,Not applicable,2003-Q3,,9337,,0,Units,,,0,Zero,,
DATAFLOW,LU1:DSD_EMPLOI_SAL@DF_B3000(1.0),Domestic payroll employment by economic activity,I,PERS,Persons,SAL_INT,Domestic payroll employment,Q,Quarterly,_Z,Not applicable,J,Information and communication,N,Neither seasonally adjusted nor calendar adjusted data,_Z,Not applicable,2003-Q4,,9378,,0,Units,,,0,Zero,,
DATAFLOW,LU1:DSD_EMPLOI_SAL@DF_B3000(1.0),Domestic payroll employment by economic activity,I,PERS,Persons,SAL_INT,Domestic payroll employment,Q,Quarterly,_Z,Not applicable,J,Information and communication,N,Neither seasonally adjusted nor calendar adjusted data,_Z,Not applicable,2004-Q1,,9283,,0,Units,,,0,Zero,,
DATAFLOW,LU1:DSD_EMPLOI_SAL@DF_B3000(1.0),Domestic payroll employment by economic activity,I,PERS,Persons,SAL_INT,Domestic payroll employment,Q,Quarterly,_Z,Not applicable,J,Information and communication,N,Neither seasonally adjusted nor calendar adjusted data,_Z,Not applicable,2004-Q2,,9434,,0,Units,,,0,Zero,,
DATAFLOW,LU1:DSD_EMPLOI_SAL@DF_B3000(1.0),Domestic payroll employment by economic activity,I,PERS,Persons,SAL_INT,Domestic payroll employment,Q,Quarterly,_Z,Not applicable,J,Information and communication,N,Neither seasonally adjusted nor calendar adjusted data,_Z,Not applicable,2004-Q3,,9587,,0,Units,,,0,Zero,,
DATAFLOW,LU1:DSD_EMPLOI_SAL@DF_B3000(1.0),Domestic payroll employment by economic activity,I,PERS,Persons,SAL_INT,Domestic payroll employment,Q,Quarterly,_Z,Not applicable,J,Information and communication,N,Neither seasonally adjusted nor calendar adjusted data,_Z,Not applicable,2004-Q4,,9930,,0,Units,,,0,Zero,,
DATAFLOW,LU1:DSD_EMPLOI_SAL@DF_B3000(1.0),Domestic payroll employment by economic activity,I,PERS,Persons,SAL_INT,Domestic payroll employment,Q,Quarterly,_Z,Not applicable,J,Information and communication,N,Neither seasonally adjusted nor calendar adjusted data,_Z,Not applicable,2005-Q1,,9902,,0,Units,,,0,Zero,,
DATAFLOW,LU1:DSD_EMPLOI_SAL@DF_B3000(1.0),Domestic payroll employment by economic activity,I,PERS,Persons,SAL_INT,Domestic payroll employment,Q,Quarterly,_Z,Not applicable,J,Information and communication,N,Neither seasonally adjusted nor calendar adjusted data,_Z,Not applicable,2005-Q2,,10031,,0,Units,,,0,Zero,,
DATAFLOW,LU1:DSD_EMPLOI_SAL@DF_B3000(1.0),Domestic payroll employment by economic activity,I,PERS,Persons,SAL_INT,Domestic payroll employment,Q,Quarterly,_Z,Not applicable,J,Information and communication,N,Neither seasonally adjusted nor calendar adjusted data,_Z,Not applicable,2005-Q3,,10241,,0,Units,,,0,Zero,,
DATAFLOW,LU1:DSD_EMPLOI_SAL@DF_B3000(1.0),Domestic payroll employment by economic activity,I,PERS,Persons,SAL_INT,Domestic payroll employment,Q,Quarterly,_Z,Not applicable,J,Information and communication,N,Neither seasonally adjusted nor calendar adjusted data,_Z,Not applicable,2005-Q4,,10479,,0,Units,,,0,Zero,,
DATAFLOW,LU1:DSD_EMPLOI_SAL@DF_B3000(1.0),Domestic payroll employment by economic activity,I,PERS,Persons,SAL_INT,Domestic payroll employment,Q,Quarterly,_Z,Not applicable,J,Information and communication,N,Neither seasonally adjusted nor calendar adjusted data,_Z,Not applicable,2006-Q1,,10693,,0,Units,,,0,Zero,,
DATAFLOW,LU1:DSD_EMPLOI_SAL@DF_B3000(1.0),Domestic payroll employment by economic activity,I,PERS,Persons,SAL_INT,Domestic payroll employment,Q,Quarterly,_Z,Not applicable,J,Information and communication,N,Neither seasonally adjusted nor calendar adjusted data,_Z,Not applicable,2006-Q2,,10943,,0,Units,,,0,Zero,,
DATAFLOW,LU1:DSD_EMPLOI_SAL@DF_B3000(1.0),Domestic payroll employment by economic activity,I,PERS,Persons,SAL_INT,Domestic payroll employment,Q,Quarterly,_Z,Not applicable,J,Information and communication,N,Neither seasonally adjusted nor calendar adjusted data,_Z,Not applicable,2006-Q3,,11190,,0,Units,,,0,Zero,,
DATAFLOW,LU1:DSD_EMPLOI_SAL@DF_B3000(1.0),Domestic payroll employment by economic activity,I,PERS,Persons,SAL_INT,Domestic payroll employment,Q,Quarterly,_Z,Not applicable,J,Information and communication,N,Neither seasonally adjusted nor calendar adjusted data,_Z,Not applicable,2006-Q4,,11524,,0,Units,,,0,Zero,,
DATAFLOW,LU1:DSD_EMPLOI_SAL@DF_B3000(1.0),Domestic payroll employment by economic activity,I,PERS,Persons,SAL_INT,Domestic payroll employment,Q,Quarterly,_Z,Not applicable,J,Information and communication,N,Neither seasonally adjusted nor calendar adjusted data,_Z,Not applicable,2007-Q1,,12024,,0,Units,,,0,Zero,,
DATAFLOW,LU1:DSD_EMPLOI_SAL@DF_B3000(1.0),Domestic payroll employment by economic activity,I,PERS,Persons,SAL_INT,Domestic payroll employment,Q,Quarterly,_Z,Not applicable,J,Information and communication,N,Neither seasonally adjusted nor calendar adjusted data,_Z,Not applicable,2007-Q2,,12286,,0,Units,,,0,Zero,,
DATAFLOW,LU1:DSD_EMPLOI_SAL@DF_B3000(1.0),Domestic payroll employment by economic activity,I,PERS,Persons,SAL_INT,Domestic payroll employment,Q,Quarterly,_Z,Not applicable,J,Information and communication,N,Neither seasonally adjusted nor calendar adjusted data,_Z,Not applicable,2007-Q3,,12504,,0,Units,,,0,Zero,,
DATAFLOW,LU1:DSD_EMPLOI_SAL@DF_B3000(1.0),Domestic payroll employment by economic activity,I,PERS,Persons,SAL_INT,Domestic payroll employment,Q,Quarterly,_Z,Not applicable,J,Information and communication,N,Neither seasonally adjusted nor calendar adjusted data,_Z,Not applicable,2007-Q4,,12781,,0,Units,,,0,Zero,,
DATAFLOW,LU1:DSD_EMPLOI_SAL@DF_B3000(1.0),Domestic payroll employment by economic activity,I,PERS,Persons,SAL_INT,Domestic payroll employment,Q,Quarterly,_Z,Not applicable,J,Information and communication,N,Neither seasonally adjusted nor calendar adjusted data,_Z,Not applicable,2008-Q1,,12969,,0,Units,,,0,Zero,,
DATAFLOW,LU1:DSD_EMPLOI_SAL@DF_B3000(1.0),Domestic payroll employment by economic activity,I,PERS,Persons,SAL_INT,Domestic payroll employment,Q,Quarterly,_Z,Not applicable,J,Information and communication,N,Neither seasonally adjusted nor calendar adjusted data,_Z,Not applicable,2008-Q2,,13154,,0,Units,,,0,Zero,,
DATAFLOW,LU1:DSD_EMPLOI_SAL@DF_B3000(1.0),Domestic payroll employment by economic activity,I,PERS,Persons,SAL_INT,Domestic payroll employment,Q,Quarterly,_Z,Not applicable,J,Information and communication,N,Neither seasonally adjusted nor calendar adjusted data,_Z,Not applicable,2008-Q3,,13321,,0,Units,,,0,Zero,,
DATAFLOW,LU1:DSD_EMPLOI_SAL@DF_B3000(1.0),Domestic payroll employment by economic activity,I,PERS,Persons,SAL_INT,Domestic payroll employment,Q,Quarterly,_Z,Not applicable,J,Information and communication,N,Neither seasonally adjusted nor calendar adjusted data,_Z,Not applicable,2008-Q4,,13541,,0,Units,,,0,Zero,,
DATAFLOW,LU1:DSD_EMPLOI_SAL@DF_B3000(1.0),Domestic payroll employment by economic activity,I,PERS,Persons,SAL_INT,Domestic payroll employment,Q,Quarterly,_Z,Not applicable,J,Information and communication,N,Neither seasonally adjusted nor calendar adjusted data,_Z,Not applicable,2009-Q1,,13679,,0,Units,,,0,Zero,,
DATAFLOW,LU1:DSD_EMPLOI_SAL@DF_B3000(1.0),Domestic payroll employment by economic activity,I,PERS,Persons,SAL_INT,Domestic payroll employment,Q,Quarterly,_Z,Not applicable,J,Information and communication,N,Neither seasonally adjusted nor calendar adjusted data,_Z,Not applicable,2009-Q2,,13755,,0,Units,,,0,Zero,,
DATAFLOW,LU1:DSD_EMPLOI_SAL@DF_B3000(1.0),Domestic payroll employment by economic activity,I,PERS,Persons,SAL_INT,Domestic payroll employment,Q,Quarterly,_Z,Not applicable,J,Information and communication,N,Neither seasonally adjusted nor calendar adjusted data,_Z,Not applicable,2009-Q3,,13664,,0,Units,,,0,Zero,,
DATAFLOW,LU1:DSD_EMPLOI_SAL@DF_B3000(1.0),Domestic payroll employment by economic activity,I,PERS,Persons,SAL_INT,Domestic payroll employment,Q,Quarterly,_Z,Not applicable,J,Information and communication,N,Neither seasonally adjusted nor calendar adjusted data,_Z,Not applicable,2009-Q4,,13670,,0,Units,,,0,Zero,,
DATAFLOW,LU1:DSD_EMPLOI_SAL@DF_B3000(1.0),Domestic payroll employment by economic activity,I,PERS,Persons,SAL_INT,Domestic payroll employment,Q,Quarterly,_Z,Not applicable,J,Information and communication,N,Neither seasonally adjusted nor calendar adjusted data,_Z,Not applicable,2010-Q1,,13580,,0,Units,,,0,Zero,,
DATAFLOW,LU1:DSD_EMPLOI_SAL@DF_B3000(1.0),Domestic payroll employment by economic activity,I,PERS,Persons,SAL_INT,Domestic payroll employment,Q,Quarterly,_Z,Not applicable,J,Information and communication,N,Neither seasonally adjusted nor calendar adjusted data,_Z,Not applicable,2010-Q2,,13736,,0,Units,,,0,Zero,,
DATAFLOW,LU1:DSD_EMPLOI_SAL@DF_B3000(1.0),Domestic payroll employment by economic activity,I,PERS,Persons,SAL_INT,Domestic payroll employment,Q,Quarterly,_Z,Not applicable,J,Information and communication,N,Neither seasonally adjusted nor calendar adjusted data,_Z,Not applicable,2010-Q3,,13875,,0,Units,,,0,Zero,,
DATAFLOW,LU1:DSD_EMPLOI_SAL@DF_B3000(1.0),Domestic payroll employment by economic activity,I,PERS,Persons,SAL_INT,Domestic payroll employment,Q,Quarterly,_Z,Not applicable,J,Information and communication,N,Neither seasonally adjusted nor calendar adjusted data,_Z,Not applicable,2010-Q4,,14161,,0,Units,,,0,Zero,,
DATAFLOW,LU1:DSD_EMPLOI_SAL@DF_B3000(1.0),Domestic payroll employment by economic activity,I,PERS,Persons,SAL_INT,Domestic payroll employment,Q,Quarterly,_Z,Not applicable,J,Information and communication,N,Neither seasonally adjusted nor calendar adjusted data,_Z,Not applicable,2011-Q1,,14341,,0,Units,,,0,Zero,,
DATAFLOW,LU1:DSD_EMPLOI_SAL@DF_B3000(1.0),Domestic payroll employment by economic activity,I,PERS,Persons,SAL_INT,Domestic payroll employment,Q,Quarterly,_Z,Not applicable,J,Information and communication,N,Neither seasonally adjusted nor calendar adjusted data,_Z,Not applicable,2011-Q2,,14627,,0,Units,,,0,Zero,,
DATAFLOW,LU1:DSD_EMPLOI_SAL@DF_B3000(1.0),Domestic payroll employment by economic activity,I,PERS,Persons,SAL_INT,Domestic payroll employment,Q,Quarterly,_Z,Not applicable,J,Information and communication,N,Neither seasonally adjusted nor calendar adjusted data,_Z,Not applicable,2011-Q3,,14669,,0,Units,,,0,Zero,,
DATAFLOW,LU1:DSD_EMPLOI_SAL@DF_B3000(1.0),Domestic payroll employment by economic activity,I,PERS,Persons,SAL_INT,Domestic payroll employment,Q,Quarterly,_Z,Not applicable,J,Information and communication,N,Neither seasonally adjusted nor calendar adjusted data,_Z,Not applicable,2011-Q4,,14810,,0,Units,,,0,Zero,,
DATAFLOW,LU1:DSD_EMPLOI_SAL@DF_B3000(1.0),Domestic payroll employment by economic activity,I,PERS,Persons,SAL_INT,Domestic payroll employment,Q,Quarterly,_Z,Not applicable,J,Information and communication,N,Neither seasonally adjusted nor calendar adjusted data,_Z,Not applicable,2012-Q1,,14856,,0,Units,,,0,Zero,,
DATAFLOW,LU1:DSD_EMPLOI_SAL@DF_B3000(1.0),Domestic payroll employment by economic activity,I,PERS,Persons,SAL_INT,Domestic payroll employment,Q,Quarterly,_Z,Not applicable,J,Information and communication,N,Neither seasonally adjusted nor calendar adjusted data,_Z,Not applicable,2012-Q2,,14932,,0,Units,,,0,Zero,,
DATAFLOW,LU1:DSD_EMPLOI_SAL@DF_B3000(1.0),Domestic payroll employment by economic activity,I,PERS,Persons,SAL_INT,Domestic payroll employment,Q,Quarterly,_Z,Not applicable,J,Information and communication,N,Neither seasonally adjusted nor calendar adjusted data,_Z,Not applicable,2012-Q3,,14875,,0,Units,,,0,Zero,,
DATAFLOW,LU1:DSD_EMPLOI_SAL@DF_B3000(1.0),Domestic payroll employment by economic activity,I,PERS,Persons,SAL_INT,Domestic payroll employment,Q,Quarterly,_Z,Not applicable,J,Information and communication,N,Neither seasonally adjusted nor calendar adjusted data,_Z,Not applicable,2012-Q4,,14991,,0,Units,,,0,Zero,,
DATAFLOW,LU1:DSD_EMPLOI_SAL@DF_B3000(1.0),Domestic payroll employment by economic activity,I,PERS,Persons,SAL_INT,Domestic payroll employment,Q,Quarterly,_Z,Not applicable,J,Information and communication,N,Neither seasonally adjusted nor calendar adjusted data,_Z,Not applicable,2013-Q1,,15126,,0,Units,,,0,Zero,,
DATAFLOW,LU1:DSD_EMPLOI_SAL@DF_B3000(1.0),Domestic payroll employment by economic activity,I,PERS,Persons,SAL_INT,Domestic payroll employment,Q,Quarterly,_Z,Not applicable,J,Information and communication,N,Neither seasonally adjusted nor calendar adjusted data,_Z,Not applicable,2013-Q2,,15181,,0,Units,,,0,Zero,,
DATAFLOW,LU1:DSD_EMPLOI_SAL@DF_B3000(1.0),Domestic payroll employment by economic activity,I,PERS,Persons,SAL_INT,Domestic payroll employment,Q,Quarterly,_Z,Not applicable,J,Information and communication,N,Neither seasonally adjusted nor calendar adjusted data,_Z,Not applicable,2013-Q3,,15247,,0,Units,,,0,Zero,,
DATAFLOW,LU1:DSD_EMPLOI_SAL@DF_B3000(1.0),Domestic payroll employment by economic activity,I,PERS,Persons,SAL_INT,Domestic payroll employment,Q,Quarterly,_Z,Not applicable,J,Information and communication,N,Neither seasonally adjusted nor calendar adjusted data,_Z,Not applicable,2013-Q4,,15541,,0,Units,,,0,Zero,,
DATAFLOW,LU1:DSD_EMPLOI_SAL@DF_B3000(1.0),Domestic payroll employment by economic activity,I,PERS,Persons,SAL_INT,Domestic payroll employment,Q,Quarterly,_Z,Not applicable,J,Information and communication,N,Neither seasonally adjusted nor calendar adjusted data,_Z,Not applicable,2014-Q1,,15498,,0,Units,,,0,Zero,,
DATAFLOW,LU1:DSD_EMPLOI_SAL@DF_B3000(1.0),Domestic payroll employment by economic activity,I,PERS,Persons,SAL_INT,Domestic payroll employment,Q,Quarterly,_Z,Not applicable,J,Information and communication,N,Neither seasonally adjusted nor calendar adjusted data,_Z,Not applicable,2014-Q2,,15686,,0,Units,,,0,Zero,,
DATAFLOW,LU1:DSD_EMPLOI_SAL@DF_B3000(1.0),Domestic payroll employment by economic activity,I,PERS,Persons,SAL_INT,Domestic payroll employment,Q,Quarterly,_Z,Not applicable,J,Information and communication,N,Neither seasonally adjusted nor calendar adjusted data,_Z,Not applicable,2014-Q3,,15830,,0,Units,,,0,Zero,,
DATAFLOW,LU1:DSD_EMPLOI_SAL@DF_B3000(1.0),Domestic payroll employment by economic activity,I,PERS,Persons,SAL_INT,Domestic payroll employment,Q,Quarterly,_Z,Not applicable,J,Information and communication,N,Neither seasonally adjusted nor calendar adjusted data,_Z,Not applicable,2014-Q4,,16077,,0,Units,,,0,Zero,,
DATAFLOW,LU1:DSD_EMPLOI_SAL@DF_B3000(1.0),Domestic payroll employment by economic activity,I,PERS,Persons,SAL_INT,Domestic payroll employment,Q,Quarterly,_Z,Not applicable,J,Information and communication,N,Neither seasonally adjusted nor calendar adjusted data,_Z,Not applicable,2015-Q1,,16055,,0,Units,,,0,Zero,,
DATAFLOW,LU1:DSD_EMPLOI_SAL@DF_B3000(1.0),Domestic payroll employment by economic activity,I,PERS,Persons,SAL_INT,Domestic payroll employment,Q,Quarterly,_Z,Not applicable,J,Information and communication,N,Neither seasonally adjusted nor calendar adjusted data,_Z,Not applicable,2015-Q2,,16141,,0,Units,,,0,Zero,,
DATAFLOW,LU1:DSD_EMPLOI_SAL@DF_B3000(1.0),Domestic payroll employment by economic activity,I,PERS,Persons,SAL_INT,Domestic payroll employment,Q,Quarterly,_Z,Not applicable,J,Information and communication,N,Neither seasonally adjusted nor calendar adjusted data,_Z,Not applicable,2015-Q3,,16118,,0,Units,,,0,Zero,,
DATAFLOW,LU1:DSD_EMPLOI_SAL@DF_B3000(1.0),Domestic payroll employment by economic activity,I,PERS,Persons,SAL_INT,Domestic payroll employment,Q,Quarterly,_Z,Not applicable,J,Information and communication,N,Neither seasonally adjusted nor calendar adjusted data,_Z,Not applicable,2015-Q4,,16320,,0,Units,,,0,Zero,,
DATAFLOW,LU1:DSD_EMPLOI_SAL@DF_B3000(1.0),Domestic payroll employment by economic activity,I,PERS,Persons,SAL_INT,Domestic payroll employment,Q,Quarterly,_Z,Not applicable,J,Information and communication,N,Neither seasonally adjusted nor calendar adjusted data,_Z,Not applicable,2016-Q1,,16557,,0,Units,,,0,Zero,,
DATAFLOW,LU1:DSD_EMPLOI_SAL@DF_B3000(1.0),Domestic payroll employment by economic activity,I,PERS,Persons,SAL_INT,Domestic payroll employment,Q,Quarterly,_Z,Not applicable,J,Information and communication,N,Neither seasonally adjusted nor calendar adjusted data,_Z,Not applicable,2016-Q2,,16736,,0,Units,,,0,Zero,,
DATAFLOW,LU1:DSD_EMPLOI_SAL@DF_B3000(1.0),Domestic payroll employment by economic activity,I,PERS,Persons,SAL_INT,Domestic payroll employment,Q,Quarterly,_Z,Not applicable,J,Information and communication,N,Neither seasonally adjusted nor calendar adjusted data,_Z,Not applicable,2016-Q3,,16785,,0,Units,,,0,Zero,,
DATAFLOW,LU1:DSD_EMPLOI_SAL@DF_B3000(1.0),Domestic payroll employment by economic activity,I,PERS,Persons,SAL_INT,Domestic payroll employment,Q,Quarterly,_Z,Not applicable,J,Information and communication,N,Neither seasonally adjusted nor calendar adjusted data,_Z,Not applicable,2016-Q4,,17156,,0,Units,,,0,Zero,,
DATAFLOW,LU1:DSD_EMPLOI_SAL@DF_B3000(1.0),Domestic payroll employment by economic activity,I,PERS,Persons,SAL_INT,Domestic payroll employment,Q,Quarterly,_Z,Not applicable,J,Information and communication,N,Neither seasonally adjusted nor calendar adjusted data,_Z,Not applicable,2017-Q1,,17389,,0,Units,,,0,Zero,,
DATAFLOW,LU1:DSD_EMPLOI_SAL@DF_B3000(1.0),Domestic payroll employment by economic activity,I,PERS,Persons,SAL_INT,Domestic payroll employment,Q,Quarterly,_Z,Not applicable,J,Information and communication,N,Neither seasonally adjusted nor calendar adjusted data,_Z,Not applicable,2017-Q2,,17621,,0,Units,,,0,Zero,,
DATAFLOW,LU1:DSD_EMPLOI_SAL@DF_B3000(1.0),Domestic payroll employment by economic activity,I,PERS,Persons,SAL_INT,Domestic payroll employment,Q,Quarterly,_Z,Not applicable,J,Information and communication,N,Neither seasonally adjusted nor calendar adjusted data,_Z,Not applicable,2017-Q3,,17785,,0,Units,,,0,Zero,,
DATAFLOW,LU1:DSD_EMPLOI_SAL@DF_B3000(1.0),Domestic payroll employment by economic activity,I,PERS,Persons,SAL_INT,Domestic payroll employment,Q,Quarterly,_Z,Not applicable,J,Information and communication,N,Neither seasonally adjusted nor calendar adjusted data,_Z,Not applicable,2017-Q4,,18169,,0,Units,,,0,Zero,,
DATAFLOW,LU1:DSD_EMPLOI_SAL@DF_B3000(1.0),Domestic payroll employment by economic activity,I,PERS,Persons,SAL_INT,Domestic payroll employment,Q,Quarterly,_Z,Not applicable,J,Information and communication,N,Neither seasonally adjusted nor calendar adjusted data,_Z,Not applicable,2018-Q1,,18141,,0,Units,,,0,Zero,,
DATAFLOW,LU1:DSD_EMPLOI_SAL@DF_B3000(1.0),Domestic payroll employment by economic activity,I,PERS,Persons,SAL_INT,Domestic payroll employment,Q,Quarterly,_Z,Not applicable,J,Information and communication,N,Neither seasonally adjusted nor calendar adjusted data,_Z,Not applicable,2018-Q2,,18310,,0,Units,,,0,Zero,,
DATAFLOW,LU1:DSD_EMPLOI_SAL@DF_B3000(1.0),Domestic payroll employment by economic activity,I,PERS,Persons,SAL_INT,Domestic payroll employment,Q,Quarterly,_Z,Not applicable,J,Information and communication,N,Neither seasonally adjusted nor calendar adjusted data,_Z,Not applicable,2018-Q3,,18425,,0,Units,,,0,Zero,,
DATAFLOW,LU1:DSD_EMPLOI_SAL@DF_B3000(1.0),Domestic payroll employment by economic activity,I,PERS,Persons,SAL_INT,Domestic payroll employment,Q,Quarterly,_Z,Not applicable,J,Information and communication,N,Neither seasonally adjusted nor calendar adjusted data,_Z,Not applicable,2018-Q4,,18779,,0,Units,,,0,Zero,,
DATAFLOW,LU1:DSD_EMPLOI_SAL@DF_B3000(1.0),Domestic payroll employment by economic activity,I,PERS,Persons,SAL_INT,Domestic payroll employment,Q,Quarterly,_Z,Not applicable,J,Information and communication,N,Neither seasonally adjusted nor calendar adjusted data,_Z,Not applicable,2019-Q1,,18998,,0,Units,,,0,Zero,,
DATAFLOW,LU1:DSD_EMPLOI_SAL@DF_B3000(1.0),Domestic payroll employment by economic activity,I,PERS,Persons,SAL_INT,Domestic payroll employment,Q,Quarterly,_Z,Not applicable,J,Information and communication,N,Neither seasonally adjusted nor calendar adjusted data,_Z,Not applicable,2019-Q2,,19154,,0,Units,,,0,Zero,,
DATAFLOW,LU1:DSD_EMPLOI_SAL@DF_B3000(1.0),Domestic payroll employment by economic activity,I,PERS,Persons,SAL_INT,Domestic payroll employment,Q,Quarterly,_Z,Not applicable,J,Information and communication,N,Neither seasonally adjusted nor calendar adjusted data,_Z,Not applicable,2019-Q3,,19101,,0,Units,,,0,Zero,,
DATAFLOW,LU1:DSD_EMPLOI_SAL@DF_B3000(1.0),Domestic payroll employment by economic activity,I,PERS,Persons,SAL_INT,Domestic payroll employment,Q,Quarterly,_Z,Not applicable,J,Information and communication,N,Neither seasonally adjusted nor calendar adjusted data,_Z,Not applicable,2019-Q4,,19366,,0,Units,,,0,Zero,,
DATAFLOW,LU1:DSD_EMPLOI_SAL@DF_B3000(1.0),Domestic payroll employment by economic activity,I,PERS,Persons,SAL_INT,Domestic payroll employment,Q,Quarterly,_Z,Not applicable,J,Information and communication,N,Neither seasonally adjusted nor calendar adjusted data,_Z,Not applicable,2020-Q1,,20066,,0,Units,,,0,Zero,,
DATAFLOW,LU1:DSD_EMPLOI_SAL@DF_B3000(1.0),Domestic payroll employment by economic activity,I,PERS,Persons,SAL_INT,Domestic payroll employment,Q,Quarterly,_Z,Not applicable,J,Information and communication,N,Neither seasonally adjusted nor calendar adjusted data,_Z,Not applicable,2020-Q2,,20000,,0,Units,,,0,Zero,,
DATAFLOW,LU1:DSD_EMPLOI_SAL@DF_B3000(1.0),Domestic payroll employment by economic activity,I,PERS,Persons,SAL_INT,Domestic payroll employment,Q,Quarterly,_Z,Not applicable,J,Information and communication,N,Neither seasonally adjusted nor calendar adjusted data,_Z,Not applicable,2020-Q3,,20119,,0,Units,,,0,Zero,,
DATAFLOW,LU1:DSD_EMPLOI_SAL@DF_B3000(1.0),Domestic payroll employment by economic activity,I,PERS,Persons,SAL_INT,Domestic payroll employment,Q,Quarterly,_Z,Not applicable,J,Information and communication,N,Neither seasonally adjusted nor calendar adjusted data,_Z,Not applicable,2020-Q4,,20351,,0,Units,,,0,Zero,,
DATAFLOW,LU1:DSD_EMPLOI_SAL@DF_B3000(1.0),Domestic payroll employment by economic activity,I,PERS,Persons,SAL_INT,Domestic payroll employment,Q,Quarterly,_Z,Not applicable,J,Information and communication,N,Neither seasonally adjusted nor calendar adjusted data,_Z,Not applicable,2021-Q1,,20524,,0,Units,,,0,Zero,,
DATAFLOW,LU1:DSD_EMPLOI_SAL@DF_B3000(1.0),Domestic payroll employment by economic activity,I,PERS,Persons,SAL_INT,Domestic payroll employment,Q,Quarterly,_Z,Not applicable,J,Information and communication,N,Neither seasonally adjusted nor calendar adjusted data,_Z,Not applicable,2021-Q2,,20714,,0,Units,,,0,Zero,,
DATAFLOW,LU1:DSD_EMPLOI_SAL@DF_B3000(1.0),Domestic payroll employment by economic activity,I,PERS,Persons,SAL_INT,Domestic payroll employment,Q,Quarterly,_Z,Not applicable,J,Information and communication,N,Neither seasonally adjusted nor calendar adjusted data,_Z,Not applicable,2021-Q3,,20754,,0,Units,,,0,Zero,,
DATAFLOW,LU1:DSD_EMPLOI_SAL@DF_B3000(1.0),Domestic payroll employment by economic activity,I,PERS,Persons,SAL_INT,Domestic payroll employment,Q,Quarterly,_Z,Not applicable,J,Information and communication,N,Neither seasonally adjusted nor calendar adjusted data,_Z,Not applicable,2021-Q4,,20959,,0,Units,,,0,Zero,,
DATAFLOW,LU1:DSD_EMPLOI_SAL@DF_B3000(1.0),Domestic payroll employment by economic activity,I,PERS,Persons,SAL_INT,Domestic payroll employment,Q,Quarterly,_Z,Not applicable,J,Information and communication,N,Neither seasonally adjusted nor calendar adjusted data,_Z,Not applicable,2022-Q1,,21140,,0,Units,,,0,Zero,,
DATAFLOW,LU1:DSD_EMPLOI_SAL@DF_B3000(1.0),Domestic payroll employment by economic activity,I,PERS,Persons,SAL_INT,Domestic payroll employment,Q,Quarterly,_Z,Not applicable,J,Information and communication,N,Neither seasonally adjusted nor calendar adjusted data,_Z,Not applicable,2022-Q2,,21399,,0,Units,,,0,Zero,,
DATAFLOW,LU1:DSD_EMPLOI_SAL@DF_B3000(1.0),Domestic payroll employment by economic activity,I,PERS,Persons,SAL_INT,Domestic payroll employment,Q,Quarterly,_Z,Not applicable,J,Information and communication,N,Neither seasonally adjusted nor calendar adjusted data,_Z,Not applicable,2022-Q3,,21447,,0,Units,,,0,Zero,,
DATAFLOW,LU1:DSD_EMPLOI_SAL@DF_B3000(1.0),Domestic payroll employment by economic activity,I,PERS,Persons,SAL_INT,Domestic payroll employment,Q,Quarterly,_Z,Not applicable,J,Information and communication,N,Neither seasonally adjusted nor calendar adjusted data,_Z,Not applicable,2022-Q4,,21732,,0,Units,,,0,Zero,,
DATAFLOW,LU1:DSD_EMPLOI_SAL@DF_B3000(1.0),Domestic payroll employment by economic activity,I,PERS,Persons,SAL_INT,Domestic payroll employment,Q,Quarterly,_Z,Not applicable,J,Information and communication,N,Neither seasonally adjusted nor calendar adjusted data,_Z,Not applicable,2023-Q1,,21906,,0,Units,,,0,Zero,,
DATAFLOW,LU1:DSD_EMPLOI_SAL@DF_B3000(1.0),Domestic payroll employment by economic activity,I,PERS,Persons,SAL_INT,Domestic payroll employment,Q,Quarterly,_Z,Not applicable,J,Information and communication,N,Neither seasonally adjusted nor calendar adjusted data,_Z,Not applicable,2023-Q2,,21929,,0,Units,,,0,Zero,,
DATAFLOW,LU1:DSD_EMPLOI_SAL@DF_B3000(1.0),Domestic payroll employment by economic activity,I,PERS,Persons,SAL_INT,Domestic payroll employment,Q,Quarterly,_Z,Not applicable,J,Information and communication,N,Neither seasonally adjusted nor calendar adjusted data,_Z,Not applicable,2023-Q3,,21716,,0,Units,,,0,Zero,,
DATAFLOW,LU1:DSD_EMPLOI_SAL@DF_B3000(1.0),Domestic payroll employment by economic activity,I,PERS,Persons,SAL_INT,Domestic payroll employment,Q,Quarterly,_Z,Not applicable,J,Information and communication,N,Neither seasonally adjusted nor calendar adjusted data,_Z,Not applicable,2023-Q4,,21850,,0,Units,,,0,Zero,,
DATAFLOW,LU1:DSD_EMPLOI_SAL@DF_B3000(1.0),Domestic payroll employment by economic activity,I,PERS,Persons,SAL_INT,Domestic payroll employment,Q,Quarterly,_Z,Not applicable,J,Information and communication,N,Neither seasonally adjusted nor calendar adjusted data,_Z,Not applicable,2024-Q1,,22166,,0,Units,,,0,Zero,,
DATAFLOW,LU1:DSD_EMPLOI_SAL@DF_B3000(1.0),Domestic payroll employment by economic activity,I,PERS,Persons,SAL_INT,Domestic payroll employment,Q,Quarterly,_Z,Not applicable,J,Information and communication,N,Neither seasonally adjusted nor calendar adjusted data,_Z,Not applicable,2024-Q2,,22262,,0,Units,,,0,Zero,,
DATAFLOW,LU1:DSD_EMPLOI_SAL@DF_B3000(1.0),Domestic payroll employment by economic activity,I,PERS,Persons,SAL_INT,Domestic payroll employment,Q,Quarterly,_Z,Not applicable,J,Information and communication,N,Neither seasonally adjusted nor calendar adjusted data,_Z,Not applicable,2024-Q3,,21859,,0,Units,,,0,Zero,,
DATAFLOW,LU1:DSD_EMPLOI_SAL@DF_B3000(1.0),Domestic payroll employment by economic activity,I,PERS,Persons,SAL_INT,Domestic payroll employment,Q,Quarterly,_Z,Not applicable,J,Information and communication,N,Neither seasonally adjusted nor calendar adjusted data,_Z,Not applicable,2024-Q4,,21771,,0,Units,,,0,Zero,,
DATAFLOW,LU1:DSD_EMPLOI_SAL@DF_B3000(1.0),Domestic payroll employment by economic activity,I,PERS,Persons,SAL_INT,Domestic payroll employment,Q,Quarterly,_Z,Not applicable,J,Information and communication,N,Neither seasonally adjusted nor calendar adjusted data,_Z,Not applicable,2025-Q1,,21679,,0,Units,,,0,Zero,,
DATAFLOW,LU1:DSD_EMPLOI_SAL@DF_B3000(1.0),Domestic payroll employment by economic activity,I,PERS,Persons,SAL_INT,Domestic payroll employment,Q,Quarterly,_Z,Not applicable,J,Information and communication,N,Neither seasonally adjusted nor calendar adjusted data,_Z,Not applicable,2025-Q2,,21682,,0,Units,,,0,Zero,,
DATAFLOW,LU1:DSD_EMPLOI_SAL@DF_B3000(1.0),Domestic payroll employment by economic activity,I,PERS,Persons,SAL_INT,Domestic payroll employment,Q,Quarterly,_Z,Not applicable,J,Information and communication,N,Neither seasonally adjusted nor calendar adjusted data,_Z,Not applicable,2025-Q3,,21478,,0,Units,,,0,Zero,,
DATAFLOW,LU1:DSD_EMPLOI_SAL@DF_B3000(1.0),Domestic payroll employment by economic activity,I,PERS,Persons,SAL_INT,Domestic payroll employment,Q,Quarterly,_Z,Not applicable,J,Information and communication,N,Neither seasonally adjusted nor calendar adjusted data,_Z,Not applicable,2025-Q4,,21629,,0,Units,,,0,Zero,,
DATAFLOW,LU1:DSD_EMPLOI_SAL@DF_B3000(1.0),Domestic payroll employment by economic activity,I,PERS,Persons,SAL_INT,Domestic payroll employment,Q,Quarterly,_Z,Not applicable,J,Information and communication,N,Neither seasonally adjusted nor calendar adjusted data,_Z,Not applicable,2026-Q1,,21660,,0,Units,,,0,Zero,,
DATAFLOW,LU1:DSD_EMPLOI_SAL@DF_B3000(1.0),Domestic payroll employment by economic activity,I,PERS,Persons,SAL_INT,Domestic payroll employment,Q,Quarterly,_Z,Not applicable,O-Q,"Public administration, defence, education, human health and social work activities",N,Neither seasonally adjusted nor calendar adjusted data,_Z,Not applicable,1995-Q1,,34463,,0,Units,,,0,Zero,,
DATAFLOW,LU1:DSD_EMPLOI_SAL@DF_B3000(1.0),Domestic payroll employment by economic activity,I,PERS,Persons,SAL_INT,Domestic payroll employment,Q,Quarterly,_Z,Not applicable,O-Q,"Public administration, defence, education, human health and social work activities",N,Neither seasonally adjusted nor calendar adjusted data,_Z,Not applicable,1995-Q2,,34550,,0,Units,,,0,Zero,,
DATAFLOW,LU1:DSD_EMPLOI_SAL@DF_B3000(1.0),Domestic payroll employment by economic activity,I,PERS,Persons,SAL_INT,Domestic payroll employment,Q,Quarterly,_Z,Not applicable,O-Q,"Public administration, defence, education, human health and social work activities",N,Neither seasonally adjusted nor calendar adjusted data,_Z,Not applicable,1995-Q3,,34420,,0,Units,,,0,Zero,,
DATAFLOW,LU1:DSD_EMPLOI_SAL@DF_B3000(1.0),Domestic payroll employment by economic activity,I,PERS,Persons,SAL_INT,Domestic payroll employment,Q,Quarterly,_Z,Not applicable,O-Q,"Public administration, defence, education, human health and social work activities",N,Neither seasonally adjusted nor calendar adjusted data,_Z,Not applicable,1995-Q4,,34945,,0,Units,,,0,Zero,,
DATAFLOW,LU1:DSD_EMPLOI_SAL@DF_B3000(1.0),Domestic payroll employment by economic activity,I,PERS,Persons,SAL_INT,Domestic payroll employment,Q,Quarterly,_Z,Not applicable,O-Q,"Public administration, defence, education, human health and social work activities",N,Neither seasonally adjusted nor calendar adjusted data,_Z,Not applicable,1996-Q1,,35551,,0,Units,,,0,Zero,,
DATAFLOW,LU1:DSD_EMPLOI_SAL@DF_B3000(1.0),Domestic payroll employment by economic activity,I,PERS,Persons,SAL_INT,Domestic payroll employment,Q,Quarterly,_Z,Not applicable,O-Q,"Public administration, defence, education, human health and social work activities",N,Neither seasonally adjusted nor calendar adjusted data,_Z,Not applicable,1996-Q2,,35755,,0,Units,,,0,Zero,,
DATAFLOW,LU1:DSD_EMPLOI_SAL@DF_B3000(1.0),Domestic payroll employment by economic activity,I,PERS,Persons,SAL_INT,Domestic payroll employment,Q,Quarterly,_Z,Not applicable,O-Q,"Public administration, defence, education, human health and social work activities",N,Neither seasonally adjusted nor calendar adjusted data,_Z,Not applicable,1996-Q3,,35580,,0,Units,,,0,Zero,,
DATAFLOW,LU1:DSD_EMPLOI_SAL@DF_B3000(1.0),Domestic payroll employment by economic activity,I,PERS,Persons,SAL_INT,Domestic payroll employment,Q,Quarterly,_Z,Not applicable,O-Q,"Public administration, defence, education, human health and social work activities",N,Neither seasonally adjusted nor calendar adjusted data,_Z,Not applicable,1996-Q4,,36086,,0,Units,,,0,Zero,,
DATAFLOW,LU1:DSD_EMPLOI_SAL@DF_B3000(1.0),Domestic payroll employment by economic activity,I,PERS,Persons,SAL_INT,Domestic payroll employment,Q,Quarterly,_Z,Not applicable,O-Q,"Public administration, defence, education, human health and social work activities",N,Neither seasonally adjusted nor calendar adjusted data,_Z,Not applicable,1997-Q1,,36397,,0,Units,,,0,Zero,,
DATAFLOW,LU1:DSD_EMPLOI_SAL@DF_B3000(1.0),Domestic payroll employment by economic activity,I,PERS,Persons,SAL_INT,Domestic payroll employment,Q,Quarterly,_Z,Not applicable,O-Q,"Public administration, defence, education, human health and social work activities",N,Neither seasonally adjusted nor calendar adjusted data,_Z,Not applicable,1997-Q2,,36804,,0,Units,,,0,Zero,,
DATAFLOW,LU1:DSD_EMPLOI_SAL@DF_B3000(1.0),Domestic payroll employment by economic activity,I,PERS,Persons,SAL_INT,Domestic payroll employment,Q,Quarterly,_Z,Not applicable,O-Q,"Public administration, defence, education, human health and social work activities",N,Neither seasonally adjusted nor calendar adjusted data,_Z,Not applicable,1997-Q3,,37118,,0,Units,,,0,Zero,,
DATAFLOW,LU1:DSD_EMPLOI_SAL@DF_B3000(1.0),Domestic payroll employment by economic activity,I,PERS,Persons,SAL_INT,Domestic payroll employment,Q,Quarterly,_Z,Not applicable,O-Q,"Public administration, defence, education, human health and social work activities",N,Neither seasonally adjusted nor calendar adjusted data,_Z,Not applicable,1997-Q4,,38072,,0,Units,,,0,Zero,,
DATAFLOW,LU1:DSD_EMPLOI_SAL@DF_B3000(1.0),Domestic payroll employment by economic activity,I,PERS,Persons,SAL_INT,Domestic payroll employment,Q,Quarterly,_Z,Not applicable,O-Q,"Public administration, defence, education, human health and social work activities",N,Neither seasonally adjusted nor calendar adjusted data,_Z,Not applicable,1998-Q1,,39152,,0,Units,,,0,Zero,,
DATAFLOW,LU1:DSD_EMPLOI_SAL@DF_B3000(1.0),Domestic payroll employment by economic activity,I,PERS,Persons,SAL_INT,Domestic payroll employment,Q,Quarterly,_Z,Not applicable,O-Q,"Public administration, defence, education, human health and social work activities",N,Neither seasonally adjusted nor calendar adjusted data,_Z,Not applicable,1998-Q2,,39280,,0,Units,,,0,Zero,,
DATAFLOW,LU1:DSD_EMPLOI_SAL@DF_B3000(1.0),Domestic payroll employment by economic activity,I,PERS,Persons,SAL_INT,Domestic payroll employment,Q,Quarterly,_Z,Not applicable,O-Q,"Public administration, defence, education, human health and social work activities",N,Neither seasonally adjusted nor calendar adjusted data,_Z,Not applicable,1998-Q3,,39235,,0,Units,,,0,Zero,,
DATAFLOW,LU1:DSD_EMPLOI_SAL@DF_B3000(1.0),Domestic payroll employment by economic activity,I,PERS,Persons,SAL_INT,Domestic payroll employment,Q,Quarterly,_Z,Not applicable,O-Q,"Public administration, defence, education, human health and social work activities",N,Neither seasonally adjusted nor calendar adjusted data,_Z,Not applicable,1998-Q4,,39941,,0,Units,,,0,Zero,,
DATAFLOW,LU1:DSD_EMPLOI_SAL@DF_B3000(1.0),Domestic payroll employment by economic activity,I,PERS,Persons,SAL_INT,Domestic payroll employment,Q,Quarterly,_Z,Not applicable,O-Q,"Public administration, defence, education, human health and social work activities",N,Neither seasonally adjusted nor calendar adjusted data,_Z,Not applicable,1999-Q1,,39542,,0,Units,,,0,Zero,,
DATAFLOW,LU1:DSD_EMPLOI_SAL@DF_B3000(1.0),Domestic payroll employment by economic activity,I,PERS,Persons,SAL_INT,Domestic payroll employment,Q,Quarterly,_Z,Not applicable,O-Q,"Public administration, defence, education, human health and social work activities",N,Neither seasonally adjusted nor calendar adjusted data,_Z,Not applicable,1999-Q2,,39863,,0,Units,,,0,Zero,,
DATAFLOW,LU1:DSD_EMPLOI_SAL@DF_B3000(1.0),Domestic payroll employment by economic activity,I,PERS,Persons,SAL_INT,Domestic payroll employment,Q,Quarterly,_Z,Not applicable,O-Q,"Public administration, defence, education, human health and social work activities",N,Neither seasonally adjusted nor calendar adjusted data,_Z,Not applicable,1999-Q3,,39833,,0,Units,,,0,Zero,,
DATAFLOW,LU1:DSD_EMPLOI_SAL@DF_B3000(1.0),Domestic payroll employment by economic activity,I,PERS,Persons,SAL_INT,Domestic payroll employment,Q,Quarterly,_Z,Not applicable,O-Q,"Public administration, defence, education, human health and social work activities",N,Neither seasonally adjusted nor calendar adjusted data,_Z,Not applicable,1999-Q4,,40768,,0,Units,,,0,Zero,,
DATAFLOW,LU1:DSD_EMPLOI_SAL@DF_B3000(1.0),Domestic payroll employment by economic activity,I,PERS,Persons,SAL_INT,Domestic payroll employment,Q,Quarterly,_Z,Not applicable,O-Q,"Public administration, defence, education, human health and social work activities",N,Neither seasonally adjusted nor calendar adjusted data,_Z,Not applicable,2000-Q1,,41572,,0,Units,,,0,Zero,,
DATAFLOW,LU1:DSD_EMPLOI_SAL@DF_B3000(1.0),Domestic payroll employment by economic activity,I,PERS,Persons,SAL_INT,Domestic payroll employment,Q,Quarterly,_Z,Not applicable,O-Q,"Public administration, defence, education, human health and social work activities",N,Neither seasonally adjusted nor calendar adjusted data,_Z,Not applicable,2000-Q2,,42152,,0,Units,,,0,Zero,,
DATAFLOW,LU1:DSD_EMPLOI_SAL@DF_B3000(1.0),Domestic payroll employment by economic activity,I,PERS,Persons,SAL_INT,Domestic payroll employment,Q,Quarterly,_Z,Not applicable,O-Q,"Public administration, defence, education, human health and social work activities",N,Neither seasonally adjusted nor calendar adjusted data,_Z,Not applicable,2000-Q3,,42226,,0,Units,,,0,Zero,,
DATAFLOW,LU1:DSD_EMPLOI_SAL@DF_B3000(1.0),Domestic payroll employment by economic activity,I,PERS,Persons,SAL_INT,Domestic payroll employment,Q,Quarterly,_Z,Not applicable,O-Q,"Public administration, defence, education, human health and social work activities",N,Neither seasonally adjusted nor calendar adjusted data,_Z,Not applicable,2000-Q4,,43368,,0,Units,,,0,Zero,,
DATAFLOW,LU1:DSD_EMPLOI_SAL@DF_B3000(1.0),Domestic payroll employment by economic activity,I,PERS,Persons,SAL_INT,Domestic payroll employment,Q,Quarterly,_Z,Not applicable,O-Q,"Public administration, defence, education, human health and social work activities",N,Neither seasonally adjusted nor calendar adjusted data,_Z,Not applicable,2001-Q1,,44191,,0,Units,,,0,Zero,,
DATAFLOW,LU1:DSD_EMPLOI_SAL@DF_B3000(1.0),Domestic payroll employment by economic activity,I,PERS,Persons,SAL_INT,Domestic payroll employment,Q,Quarterly,_Z,Not applicable,O-Q,"Public administration, defence, education, human health and social work activities",N,Neither seasonally adjusted nor calendar adjusted data,_Z,Not applicable,2001-Q2,,44500,,0,Units,,,0,Zero,,
DATAFLOW,LU1:DSD_EMPLOI_SAL@DF_B3000(1.0),Domestic payroll employment by economic activity,I,PERS,Persons,SAL_INT,Domestic payroll employment,Q,Quarterly,_Z,Not applicable,O-Q,"Public administration, defence, education, human health and social work activities",N,Neither seasonally adjusted nor calendar adjusted data,_Z,Not applicable,2001-Q3,,44462,,0,Units,,,0,Zero,,
DATAFLOW,LU1:DSD_EMPLOI_SAL@DF_B3000(1.0),Domestic payroll employment by economic activity,I,PERS,Persons,SAL_INT,Domestic payroll employment,Q,Quarterly,_Z,Not applicable,O-Q,"Public administration, defence, education, human health and social work activities",N,Neither seasonally adjusted nor calendar adjusted data,_Z,Not applicable,2001-Q4,,45825,,0,Units,,,0,Zero,,
DATAFLOW,LU1:DSD_EMPLOI_SAL@DF_B3000(1.0),Domestic payroll employment by economic activity,I,PERS,Persons,SAL_INT,Domestic payroll employment,Q,Quarterly,_Z,Not applicable,O-Q,"Public administration, defence, education, human health and social work activities",N,Neither seasonally adjusted nor calendar adjusted data,_Z,Not applicable,2002-Q1,,47289,,0,Units,,,0,Zero,,
DATAFLOW,LU1:DSD_EMPLOI_SAL@DF_B3000(1.0),Domestic payroll employment by economic activity,I,PERS,Persons,SAL_INT,Domestic payroll employment,Q,Quarterly,_Z,Not applicable,O-Q,"Public administration, defence, education, human health and social work activities",N,Neither seasonally adjusted nor calendar adjusted data,_Z,Not applicable,2002-Q2,,46993,,0,Units,,,0,Zero,,
DATAFLOW,LU1:DSD_EMPLOI_SAL@DF_B3000(1.0),Domestic payroll employment by economic activity,I,PERS,Persons,SAL_INT,Domestic payroll employment,Q,Quarterly,_Z,Not applicable,O-Q,"Public administration, defence, education, human health and social work activities",N,Neither seasonally adjusted nor calendar adjusted data,_Z,Not applicable,2002-Q3,,46810,,0,Units,,,0,Zero,,
DATAFLOW,LU1:DSD_EMPLOI_SAL@DF_B3000(1.0),Domestic payroll employment by economic activity,I,PERS,Persons,SAL_INT,Domestic payroll employment,Q,Quarterly,_Z,Not applicable,O-Q,"Public administration, defence, education, human health and social work activities",N,Neither seasonally adjusted nor calendar adjusted data,_Z,Not applicable,2002-Q4,,47894,,0,Units,,,0,Zero,,
DATAFLOW,LU1:DSD_EMPLOI_SAL@DF_B3000(1.0),Domestic payroll employment by economic activity,I,PERS,Persons,SAL_INT,Domestic payroll employment,Q,Quarterly,_Z,Not applicable,O-Q,"Public administration, defence, education, human health and social work activities",N,Neither seasonally adjusted nor calendar adjusted data,_Z,Not applicable,2003-Q1,,49494,,0,Units,,,0,Zero,,
DATAFLOW,LU1:DSD_EMPLOI_SAL@DF_B3000(1.0),Domestic payroll employment by economic activity,I,PERS,Persons,SAL_INT,Domestic payroll employment,Q,Quarterly,_Z,Not applicable,O-Q,"Public administration, defence, education, human health and social work activities",N,Neither seasonally adjusted nor calendar adjusted data,_Z,Not applicable,2003-Q2,,49893,,0,Units,,,0,Zero,,
DATAFLOW,LU1:DSD_EMPLOI_SAL@DF_B3000(1.0),Domestic payroll employment by economic activity,I,PERS,Persons,SAL_INT,Domestic payroll employment,Q,Quarterly,_Z,Not applicable,O-Q,"Public administration, defence, education, human health and social work activities",N,Neither seasonally adjusted nor calendar adjusted data,_Z,Not applicable,2003-Q3,,49701,,0,Units,,,0,Zero,,
DATAFLOW,LU1:DSD_EMPLOI_SAL@DF_B3000(1.0),Domestic payroll employment by economic activity,I,PERS,Persons,SAL_INT,Domestic payroll employment,Q,Quarterly,_Z,Not applicable,O-Q,"Public administration, defence, education, human health and social work activities",N,Neither seasonally adjusted nor calendar adjusted data,_Z,Not applicable,2003-Q4,,50598,,0,Units,,,0,Zero,,
DATAFLOW,LU1:DSD_EMPLOI_SAL@DF_B3000(1.0),Domestic payroll employment by economic activity,I,PERS,Persons,SAL_INT,Domestic payroll employment,Q,Quarterly,_Z,Not applicable,O-Q,"Public administration, defence, education, human health and social work activities",N,Neither seasonally adjusted nor calendar adjusted data,_Z,Not applicable,2004-Q1,,51722,,0,Units,,,0,Zero,,
DATAFLOW,LU1:DSD_EMPLOI_SAL@DF_B3000(1.0),Domestic payroll employment by economic activity,I,PERS,Persons,SAL_INT,Domestic payroll employment,Q,Quarterly,_Z,Not applicable,O-Q,"Public administration, defence, education, human health and social work activities",N,Neither seasonally adjusted nor calendar adjusted data,_Z,Not applicable,2004-Q2,,52179,,0,Units,,,0,Zero,,
DATAFLOW,LU1:DSD_EMPLOI_SAL@DF_B3000(1.0),Domestic payroll employment by economic activity,I,PERS,Persons,SAL_INT,Domestic payroll employment,Q,Quarterly,_Z,Not applicable,O-Q,"Public administration, defence, education, human health and social work activities",N,Neither seasonally adjusted nor calendar adjusted data,_Z,Not applicable,2004-Q3,,51981,,0,Units,,,0,Zero,,
DATAFLOW,LU1:DSD_EMPLOI_SAL@DF_B3000(1.0),Domestic payroll employment by economic activity,I,PERS,Persons,SAL_INT,Domestic payroll employment,Q,Quarterly,_Z,Not applicable,O-Q,"Public administration, defence, education, human health and social work activities",N,Neither seasonally adjusted nor calendar adjusted data,_Z,Not applicable,2004-Q4,,53123,,0,Units,,,0,Zero,,
DATAFLOW,LU1:DSD_EMPLOI_SAL@DF_B3000(1.0),Domestic payroll employment by economic activity,I,PERS,Persons,SAL_INT,Domestic payroll employment,Q,Quarterly,_Z,Not applicable,O-Q,"Public administration, defence, education, human health and social work activities",N,Neither seasonally adjusted nor calendar adjusted data,_Z,Not applicable,2005-Q1,,53771,,0,Units,,,0,Zero,,
DATAFLOW,LU1:DSD_EMPLOI_SAL@DF_B3000(1.0),Domestic payroll employment by economic activity,I,PERS,Persons,SAL_INT,Domestic payroll employment,Q,Quarterly,_Z,Not applicable,O-Q,"Public administration, defence, education, human health and social work activities",N,Neither seasonally adjusted nor calendar adjusted data,_Z,Not applicable,2005-Q2,,53944,,0,Units,,,0,Zero,,
DATAFLOW,LU1:DSD_EMPLOI_SAL@DF_B3000(1.0),Domestic payroll employment by economic activity,I,PERS,Persons,SAL_INT,Domestic payroll employment,Q,Quarterly,_Z,Not applicable,O-Q,"Public administration, defence, education, human health and social work activities",N,Neither seasonally adjusted nor calendar adjusted data,_Z,Not applicable,2005-Q3,,53633,,0,Units,,,0,Zero,,
DATAFLOW,LU1:DSD_EMPLOI_SAL@DF_B3000(1.0),Domestic payroll employment by economic activity,I,PERS,Persons,SAL_INT,Domestic payroll employment,Q,Quarterly,_Z,Not applicable,O-Q,"Public administration, defence, education, human health and social work activities",N,Neither seasonally adjusted nor calendar adjusted data,_Z,Not applicable,2005-Q4,,54641,,0,Units,,,0,Zero,,
DATAFLOW,LU1:DSD_EMPLOI_SAL@DF_B3000(1.0),Domestic payroll employment by economic activity,I,PERS,Persons,SAL_INT,Domestic payroll employment,Q,Quarterly,_Z,Not applicable,O-Q,"Public administration, defence, education, human health and social work activities",N,Neither seasonally adjusted nor calendar adjusted data,_Z,Not applicable,2006-Q1,,55412,,0,Units,,,0,Zero,,
DATAFLOW,LU1:DSD_EMPLOI_SAL@DF_B3000(1.0),Domestic payroll employment by economic activity,I,PERS,Persons,SAL_INT,Domestic payroll employment,Q,Quarterly,_Z,Not applicable,O-Q,"Public administration, defence, education, human health and social work activities",N,Neither seasonally adjusted nor calendar adjusted data,_Z,Not applicable,2006-Q2,,55705,,0,Units,,,0,Zero,,
DATAFLOW,LU1:DSD_EMPLOI_SAL@DF_B3000(1.0),Domestic payroll employment by economic activity,I,PERS,Persons,SAL_INT,Domestic payroll employment,Q,Quarterly,_Z,Not applicable,O-Q,"Public administration, defence, education, human health and social work activities",N,Neither seasonally adjusted nor calendar adjusted data,_Z,Not applicable,2006-Q3,,55236,,0,Units,,,0,Zero,,
DATAFLOW,LU1:DSD_EMPLOI_SAL@DF_B3000(1.0),Domestic payroll employment by economic activity,I,PERS,Persons,SAL_INT,Domestic payroll employment,Q,Quarterly,_Z,Not applicable,O-Q,"Public administration, defence, education, human health and social work activities",N,Neither seasonally adjusted nor calendar adjusted data,_Z,Not applicable,2006-Q4,,56079,,0,Units,,,0,Zero,,
DATAFLOW,LU1:DSD_EMPLOI_SAL@DF_B3000(1.0),Domestic payroll employment by economic activity,I,PERS,Persons,SAL_INT,Domestic payroll employment,Q,Quarterly,_Z,Not applicable,O-Q,"Public administration, defence, education, human health and social work activities",N,Neither seasonally adjusted nor calendar adjusted data,_Z,Not applicable,2007-Q1,,56778,,0,Units,,,0,Zero,,
DATAFLOW,LU1:DSD_EMPLOI_SAL@DF_B3000(1.0),Domestic payroll employment by economic activity,I,PERS,Persons,SAL_INT,Domestic payroll employment,Q,Quarterly,_Z,Not applicable,O-Q,"Public administration, defence, education, human health and social work activities",N,Neither seasonally adjusted nor calendar adjusted data,_Z,Not applicable,2007-Q2,,57105,,0,Units,,,0,Zero,,
DATAFLOW,LU1:DSD_EMPLOI_SAL@DF_B3000(1.0),Domestic payroll employment by economic activity,I,PERS,Persons,SAL_INT,Domestic payroll employment,Q,Quarterly,_Z,Not applicable,O-Q,"Public administration, defence, education, human health and social work activities",N,Neither seasonally adjusted nor calendar adjusted data,_Z,Not applicable,2007-Q3,,56803,,0,Units,,,0,Zero,,
DATAFLOW,LU1:DSD_EMPLOI_SAL@DF_B3000(1.0),Domestic payroll employment by economic activity,I,PERS,Persons,SAL_INT,Domestic payroll employment,Q,Quarterly,_Z,Not applicable,O-Q,"Public administration, defence, education, human health and social work activities",N,Neither seasonally adjusted nor calendar adjusted data,_Z,Not applicable,2007-Q4,,57655,,0,Units,,,0,Zero,,
DATAFLOW,LU1:DSD_EMPLOI_SAL@DF_B3000(1.0),Domestic payroll employment by economic activity,I,PERS,Persons,SAL_INT,Domestic payroll employment,Q,Quarterly,_Z,Not applicable,O-Q,"Public administration, defence, education, human health and social work activities",N,Neither seasonally adjusted nor calendar adjusted data,_Z,Not applicable,2008-Q1,,58643,,0,Units,,,0,Zero,,
DATAFLOW,LU1:DSD_EMPLOI_SAL@DF_B3000(1.0),Domestic payroll employment by economic activity,I,PERS,Persons,SAL_INT,Domestic payroll employment,Q,Quarterly,_Z,Not applicable,O-Q,"Public administration, defence, education, human health and social work activities",N,Neither seasonally adjusted nor calendar adjusted data,_Z,Not applicable,2008-Q2,,59013,,0,Units,,,0,Zero,,
DATAFLOW,LU1:DSD_EMPLOI_SAL@DF_B3000(1.0),Domestic payroll employment by economic activity,I,PERS,Persons,SAL_INT,Domestic payroll employment,Q,Quarterly,_Z,Not applicable,O-Q,"Public administration, defence, education, human health and social work activities",N,Neither seasonally adjusted nor calendar adjusted data,_Z,Not applicable,2008-Q3,,59057,,0,Units,,,0,Zero,,
DATAFLOW,LU1:DSD_EMPLOI_SAL@DF_B3000(1.0),Domestic payroll employment by economic activity,I,PERS,Persons,SAL_INT,Domestic payroll employment,Q,Quarterly,_Z,Not applicable,O-Q,"Public administration, defence, education, human health and social work activities",N,Neither seasonally adjusted nor calendar adjusted data,_Z,Not applicable,2008-Q4,,60292,,0,Units,,,0,Zero,,
DATAFLOW,LU1:DSD_EMPLOI_SAL@DF_B3000(1.0),Domestic payroll employment by economic activity,I,PERS,Persons,SAL_INT,Domestic payroll employment,Q,Quarterly,_Z,Not applicable,O-Q,"Public administration, defence, education, human health and social work activities",N,Neither seasonally adjusted nor calendar adjusted data,_Z,Not applicable,2009-Q1,,60947,,0,Units,,,0,Zero,,
DATAFLOW,LU1:DSD_EMPLOI_SAL@DF_B3000(1.0),Domestic payroll employment by economic activity,I,PERS,Persons,SAL_INT,Domestic payroll employment,Q,Quarterly,_Z,Not applicable,O-Q,"Public administration, defence, education, human health and social work activities",N,Neither seasonally adjusted nor calendar adjusted data,_Z,Not applicable,2009-Q2,,61865,,0,Units,,,0,Zero,,
DATAFLOW,LU1:DSD_EMPLOI_SAL@DF_B3000(1.0),Domestic payroll employment by economic activity,I,PERS,Persons,SAL_INT,Domestic payroll employment,Q,Quarterly,_Z,Not applicable,O-Q,"Public administration, defence, education, human health and social work activities",N,Neither seasonally adjusted nor calendar adjusted data,_Z,Not applicable,2009-Q3,,61608,,0,Units,,,0,Zero,,
DATAFLOW,LU1:DSD_EMPLOI_SAL@DF_B3000(1.0),Domestic payroll employment by economic activity,I,PERS,Persons,SAL_INT,Domestic payroll employment,Q,Quarterly,_Z,Not applicable,O-Q,"Public administration, defence, education, human health and social work activities",N,Neither seasonally adjusted nor calendar adjusted data,_Z,Not applicable,2009-Q4,,63536,,0,Units,,,0,Zero,,
DATAFLOW,LU1:DSD_EMPLOI_SAL@DF_B3000(1.0),Domestic payroll employment by economic activity,I,PERS,Persons,SAL_INT,Domestic payroll employment,Q,Quarterly,_Z,Not applicable,O-Q,"Public administration, defence, education, human health and social work activities",N,Neither seasonally adjusted nor calendar adjusted data,_Z,Not applicable,2010-Q1,,63856,,0,Units,,,0,Zero,,
DATAFLOW,LU1:DSD_EMPLOI_SAL@DF_B3000(1.0),Domestic payroll employment by economic activity,I,PERS,Persons,SAL_INT,Domestic payroll employment,Q,Quarterly,_Z,Not applicable,O-Q,"Public administration, defence, education, human health and social work activities",N,Neither seasonally adjusted nor calendar adjusted data,_Z,Not applicable,2010-Q2,,64101,,0,Units,,,0,Zero,,
DATAFLOW,LU1:DSD_EMPLOI_SAL@DF_B3000(1.0),Domestic payroll employment by economic activity,I,PERS,Persons,SAL_INT,Domestic payroll employment,Q,Quarterly,_Z,Not applicable,O-Q,"Public administration, defence, education, human health and social work activities",N,Neither seasonally adjusted nor calendar adjusted data,_Z,Not applicable,2010-Q3,,64019,,0,Units,,,0,Zero,,
DATAFLOW,LU1:DSD_EMPLOI_SAL@DF_B3000(1.0),Domestic payroll employment by economic activity,I,PERS,Persons,SAL_INT,Domestic payroll employment,Q,Quarterly,_Z,Not applicable,O-Q,"Public administration, defence, education, human health and social work activities",N,Neither seasonally adjusted nor calendar adjusted data,_Z,Not applicable,2010-Q4,,65238,,0,Units,,,0,Zero,,
DATAFLOW,LU1:DSD_EMPLOI_SAL@DF_B3000(1.0),Domestic payroll employment by economic activity,I,PERS,Persons,SAL_INT,Domestic payroll employment,Q,Quarterly,_Z,Not applicable,O-Q,"Public administration, defence, education, human health and social work activities",N,Neither seasonally adjusted nor calendar adjusted data,_Z,Not applicable,2011-Q1,,66478,,0,Units,,,0,Zero,,
DATAFLOW,LU1:DSD_EMPLOI_SAL@DF_B3000(1.0),Domestic payroll employment by economic activity,I,PERS,Persons,SAL_INT,Domestic payroll employment,Q,Quarterly,_Z,Not applicable,O-Q,"Public administration, defence, education, human health and social work activities",N,Neither seasonally adjusted nor calendar adjusted data,_Z,Not applicable,2011-Q2,,67230,,0,Units,,,0,Zero,,
DATAFLOW,LU1:DSD_EMPLOI_SAL@DF_B3000(1.0),Domestic payroll employment by economic activity,I,PERS,Persons,SAL_INT,Domestic payroll employment,Q,Quarterly,_Z,Not applicable,O-Q,"Public administration, defence, education, human health and social work activities",N,Neither seasonally adjusted nor calendar adjusted data,_Z,Not applicable,2011-Q3,,67212,,0,Units,,,0,Zero,,
DATAFLOW,LU1:DSD_EMPLOI_SAL@DF_B3000(1.0),Domestic payroll employment by economic activity,I,PERS,Persons,SAL_INT,Domestic payroll employment,Q,Quarterly,_Z,Not applicable,O-Q,"Public administration, defence, education, human health and social work activities",N,Neither seasonally adjusted nor calendar adjusted data,_Z,Not applicable,2011-Q4,,68643,,0,Units,,,0,Zero,,
DATAFLOW,LU1:DSD_EMPLOI_SAL@DF_B3000(1.0),Domestic payroll employment by economic activity,I,PERS,Persons,SAL_INT,Domestic payroll employment,Q,Quarterly,_Z,Not applicable,O-Q,"Public administration, defence, education, human health and social work activities",N,Neither seasonally adjusted nor calendar adjusted data,_Z,Not applicable,2012-Q1,,69726,,0,Units,,,0,Zero,,
DATAFLOW,LU1:DSD_EMPLOI_SAL@DF_B3000(1.0),Domestic payroll employment by economic activity,I,PERS,Persons,SAL_INT,Domestic payroll employment,Q,Quarterly,_Z,Not applicable,O-Q,"Public administration, defence, education, human health and social work activities",N,Neither seasonally adjusted nor calendar adjusted data,_Z,Not applicable,2012-Q2,,70448,,0,Units,,,0,Zero,,
DATAFLOW,LU1:DSD_EMPLOI_SAL@DF_B3000(1.0),Domestic payroll employment by economic activity,I,PERS,Persons,SAL_INT,Domestic payroll employment,Q,Quarterly,_Z,Not applicable,O-Q,"Public administration, defence, education, human health and social work activities",N,Neither seasonally adjusted nor calendar adjusted data,_Z,Not applicable,2012-Q3,,70637,,0,Units,,,0,Zero,,
DATAFLOW,LU1:DSD_EMPLOI_SAL@DF_B3000(1.0),Domestic payroll employment by economic activity,I,PERS,Persons,SAL_INT,Domestic payroll employment,Q,Quarterly,_Z,Not applicable,O-Q,"Public administration, defence, education, human health and social work activities",N,Neither seasonally adjusted nor calendar adjusted data,_Z,Not applicable,2012-Q4,,72128,,0,Units,,,0,Zero,,
DATAFLOW,LU1:DSD_EMPLOI_SAL@DF_B3000(1.0),Domestic payroll employment by economic activity,I,PERS,Persons,SAL_INT,Domestic payroll employment,Q,Quarterly,_Z,Not applicable,O-Q,"Public administration, defence, education, human health and social work activities",N,Neither seasonally adjusted nor calendar adjusted data,_Z,Not applicable,2013-Q1,,73251,,0,Units,,,0,Zero,,
DATAFLOW,LU1:DSD_EMPLOI_SAL@DF_B3000(1.0),Domestic payroll employment by economic activity,I,PERS,Persons,SAL_INT,Domestic payroll employment,Q,Quarterly,_Z,Not applicable,O-Q,"Public administration, defence, education, human health and social work activities",N,Neither seasonally adjusted nor calendar adjusted data,_Z,Not applicable,2013-Q2,,73378,,0,Units,,,0,Zero,,
DATAFLOW,LU1:DSD_EMPLOI_SAL@DF_B3000(1.0),Domestic payroll employment by economic activity,I,PERS,Persons,SAL_INT,Domestic payroll employment,Q,Quarterly,_Z,Not applicable,O-Q,"Public administration, defence, education, human health and social work activities",N,Neither seasonally adjusted nor calendar adjusted data,_Z,Not applicable,2013-Q3,,73306,,0,Units,,,0,Zero,,
DATAFLOW,LU1:DSD_EMPLOI_SAL@DF_B3000(1.0),Domestic payroll employment by economic activity,I,PERS,Persons,SAL_INT,Domestic payroll employment,Q,Quarterly,_Z,Not applicable,O-Q,"Public administration, defence, education, human health and social work activities",N,Neither seasonally adjusted nor calendar adjusted data,_Z,Not applicable,2013-Q4,,74510,,0,Units,,,0,Zero,,
DATAFLOW,LU1:DSD_EMPLOI_SAL@DF_B3000(1.0),Domestic payroll employment by economic activity,I,PERS,Persons,SAL_INT,Domestic payroll employment,Q,Quarterly,_Z,Not applicable,O-Q,"Public administration, defence, education, human health and social work activities",N,Neither seasonally adjusted nor calendar adjusted data,_Z,Not applicable,2014-Q1,,75344,,0,Units,,,0,Zero,,
DATAFLOW,LU1:DSD_EMPLOI_SAL@DF_B3000(1.0),Domestic payroll employment by economic activity,I,PERS,Persons,SAL_INT,Domestic payroll employment,Q,Quarterly,_Z,Not applicable,O-Q,"Public administration, defence, education, human health and social work activities",N,Neither seasonally adjusted nor calendar adjusted data,_Z,Not applicable,2014-Q2,,76033,,0,Units,,,0,Zero,,
DATAFLOW,LU1:DSD_EMPLOI_SAL@DF_B3000(1.0),Domestic payroll employment by economic activity,I,PERS,Persons,SAL_INT,Domestic payroll employment,Q,Quarterly,_Z,Not applicable,O-Q,"Public administration, defence, education, human health and social work activities",N,Neither seasonally adjusted nor calendar adjusted data,_Z,Not applicable,2014-Q3,,75843,,0,Units,,,0,Zero,,
DATAFLOW,LU1:DSD_EMPLOI_SAL@DF_B3000(1.0),Domestic payroll employment by economic activity,I,PERS,Persons,SAL_INT,Domestic payroll employment,Q,Quarterly,_Z,Not applicable,O-Q,"Public administration, defence, education, human health and social work activities",N,Neither seasonally adjusted nor calendar adjusted data,_Z,Not applicable,2014-Q4,,77056,,0,Units,,,0,Zero,,
DATAFLOW,LU1:DSD_EMPLOI_SAL@DF_B3000(1.0),Domestic payroll employment by economic activity,I,PERS,Persons,SAL_INT,Domestic payroll employment,Q,Quarterly,_Z,Not applicable,O-Q,"Public administration, defence, education, human health and social work activities",N,Neither seasonally adjusted nor calendar adjusted data,_Z,Not applicable,2015-Q1,,77776,,0,Units,,,0,Zero,,
DATAFLOW,LU1:DSD_EMPLOI_SAL@DF_B3000(1.0),Domestic payroll employment by economic activity,I,PERS,Persons,SAL_INT,Domestic payroll employment,Q,Quarterly,_Z,Not applicable,O-Q,"Public administration, defence, education, human health and social work activities",N,Neither seasonally adjusted nor calendar adjusted data,_Z,Not applicable,2015-Q2,,78086,,0,Units,,,0,Zero,,
DATAFLOW,LU1:DSD_EMPLOI_SAL@DF_B3000(1.0),Domestic payroll employment by economic activity,I,PERS,Persons,SAL_INT,Domestic payroll employment,Q,Quarterly,_Z,Not applicable,O-Q,"Public administration, defence, education, human health and social work activities",N,Neither seasonally adjusted nor calendar adjusted data,_Z,Not applicable,2015-Q3,,77839,,0,Units,,,0,Zero,,
DATAFLOW,LU1:DSD_EMPLOI_SAL@DF_B3000(1.0),Domestic payroll employment by economic activity,I,PERS,Persons,SAL_INT,Domestic payroll employment,Q,Quarterly,_Z,Not applicable,O-Q,"Public administration, defence, education, human health and social work activities",N,Neither seasonally adjusted nor calendar adjusted data,_Z,Not applicable,2015-Q4,,78811,,0,Units,,,0,Zero,,
DATAFLOW,LU1:DSD_EMPLOI_SAL@DF_B3000(1.0),Domestic payroll employment by economic activity,I,PERS,Persons,SAL_INT,Domestic payroll employment,Q,Quarterly,_Z,Not applicable,O-Q,"Public administration, defence, education, human health and social work activities",N,Neither seasonally adjusted nor calendar adjusted data,_Z,Not applicable,2016-Q1,,79174,,0,Units,,,0,Zero,,
DATAFLOW,LU1:DSD_EMPLOI_SAL@DF_B3000(1.0),Domestic payroll employment by economic activity,I,PERS,Persons,SAL_INT,Domestic payroll employment,Q,Quarterly,_Z,Not applicable,O-Q,"Public administration, defence, education, human health and social work activities",N,Neither seasonally adjusted nor calendar adjusted data,_Z,Not applicable,2016-Q2,,79641,,0,Units,,,0,Zero,,
DATAFLOW,LU1:DSD_EMPLOI_SAL@DF_B3000(1.0),Domestic payroll employment by economic activity,I,PERS,Persons,SAL_INT,Domestic payroll employment,Q,Quarterly,_Z,Not applicable,O-Q,"Public administration, defence, education, human health and social work activities",N,Neither seasonally adjusted nor calendar adjusted data,_Z,Not applicable,2016-Q3,,79499,,0,Units,,,0,Zero,,
DATAFLOW,LU1:DSD_EMPLOI_SAL@DF_B3000(1.0),Domestic payroll employment by economic activity,I,PERS,Persons,SAL_INT,Domestic payroll employment,Q,Quarterly,_Z,Not applicable,O-Q,"Public administration, defence, education, human health and social work activities",N,Neither seasonally adjusted nor calendar adjusted data,_Z,Not applicable,2016-Q4,,80803,,0,Units,,,0,Zero,,
DATAFLOW,LU1:DSD_EMPLOI_SAL@DF_B3000(1.0),Domestic payroll employment by economic activity,I,PERS,Persons,SAL_INT,Domestic payroll employment,Q,Quarterly,_Z,Not applicable,O-Q,"Public administration, defence, education, human health and social work activities",N,Neither seasonally adjusted nor calendar adjusted data,_Z,Not applicable,2017-Q1,,81813,,0,Units,,,0,Zero,,
DATAFLOW,LU1:DSD_EMPLOI_SAL@DF_B3000(1.0),Domestic payroll employment by economic activity,I,PERS,Persons,SAL_INT,Domestic payroll employment,Q,Quarterly,_Z,Not applicable,O-Q,"Public administration, defence, education, human health and social work activities",N,Neither seasonally adjusted nor calendar adjusted data,_Z,Not applicable,2017-Q2,,82540,,0,Units,,,0,Zero,,
DATAFLOW,LU1:DSD_EMPLOI_SAL@DF_B3000(1.0),Domestic payroll employment by economic activity,I,PERS,Persons,SAL_INT,Domestic payroll employment,Q,Quarterly,_Z,Not applicable,O-Q,"Public administration, defence, education, human health and social work activities",N,Neither seasonally adjusted nor calendar adjusted data,_Z,Not applicable,2017-Q3,,82521,,0,Units,,,0,Zero,,
DATAFLOW,LU1:DSD_EMPLOI_SAL@DF_B3000(1.0),Domestic payroll employment by economic activity,I,PERS,Persons,SAL_INT,Domestic payroll employment,Q,Quarterly,_Z,Not applicable,O-Q,"Public administration, defence, education, human health and social work activities",N,Neither seasonally adjusted nor calendar adjusted data,_Z,Not applicable,2017-Q4,,84210,,0,Units,,,0,Zero,,
DATAFLOW,LU1:DSD_EMPLOI_SAL@DF_B3000(1.0),Domestic payroll employment by economic activity,I,PERS,Persons,SAL_INT,Domestic payroll employment,Q,Quarterly,_Z,Not applicable,O-Q,"Public administration, defence, education, human health and social work activities",N,Neither seasonally adjusted nor calendar adjusted data,_Z,Not applicable,2018-Q1,,84993,,0,Units,,,0,Zero,,
DATAFLOW,LU1:DSD_EMPLOI_SAL@DF_B3000(1.0),Domestic payroll employment by economic activity,I,PERS,Persons,SAL_INT,Domestic payroll employment,Q,Quarterly,_Z,Not applicable,O-Q,"Public administration, defence, education, human health and social work activities",N,Neither seasonally adjusted nor calendar adjusted data,_Z,Not applicable,2018-Q2,,85225,,0,Units,,,0,Zero,,
DATAFLOW,LU1:DSD_EMPLOI_SAL@DF_B3000(1.0),Domestic payroll employment by economic activity,I,PERS,Persons,SAL_INT,Domestic payroll employment,Q,Quarterly,_Z,Not applicable,O-Q,"Public administration, defence, education, human health and social work activities",N,Neither seasonally adjusted nor calendar adjusted data,_Z,Not applicable,2018-Q3,,85384,,0,Units,,,0,Zero,,
DATAFLOW,LU1:DSD_EMPLOI_SAL@DF_B3000(1.0),Domestic payroll employment by economic activity,I,PERS,Persons,SAL_INT,Domestic payroll employment,Q,Quarterly,_Z,Not applicable,O-Q,"Public administration, defence, education, human health and social work activities",N,Neither seasonally adjusted nor calendar adjusted data,_Z,Not applicable,2018-Q4,,87231,,0,Units,,,0,Zero,,
DATAFLOW,LU1:DSD_EMPLOI_SAL@DF_B3000(1.0),Domestic payroll employment by economic activity,I,PERS,Persons,SAL_INT,Domestic payroll employment,Q,Quarterly,_Z,Not applicable,O-Q,"Public administration, defence, education, human health and social work activities",N,Neither seasonally adjusted nor calendar adjusted data,_Z,Not applicable,2019-Q1,,88108,,0,Units,,,0,Zero,,
DATAFLOW,LU1:DSD_EMPLOI_SAL@DF_B3000(1.0),Domestic payroll employment by economic activity,I,PERS,Persons,SAL_INT,Domestic payroll employment,Q,Quarterly,_Z,Not applicable,O-Q,"Public administration, defence, education, human health and social work activities",N,Neither seasonally adjusted nor calendar adjusted data,_Z,Not applicable,2019-Q2,,89032,,0,Units,,,0,Zero,,
DATAFLOW,LU1:DSD_EMPLOI_SAL@DF_B3000(1.0),Domestic payroll employment by economic activity,I,PERS,Persons,SAL_INT,Domestic payroll employment,Q,Quarterly,_Z,Not applicable,O-Q,"Public administration, defence, education, human health and social work activities",N,Neither seasonally adjusted nor calendar adjusted data,_Z,Not applicable,2019-Q3,,89401,,0,Units,,,0,Zero,,
DATAFLOW,LU1:DSD_EMPLOI_SAL@DF_B3000(1.0),Domestic payroll employment by economic activity,I,PERS,Persons,SAL_INT,Domestic payroll employment,Q,Quarterly,_Z,Not applicable,O-Q,"Public administration, defence, education, human health and social work activities",N,Neither seasonally adjusted nor calendar adjusted data,_Z,Not applicable,2019-Q4,,91213,,0,Units,,,0,Zero,,
DATAFLOW,LU1:DSD_EMPLOI_SAL@DF_B3000(1.0),Domestic payroll employment by economic activity,I,PERS,Persons,SAL_INT,Domestic payroll employment,Q,Quarterly,_Z,Not applicable,O-Q,"Public administration, defence, education, human health and social work activities",N,Neither seasonally adjusted nor calendar adjusted data,_Z,Not applicable,2020-Q1,,92010,,0,Units,,,0,Zero,,
DATAFLOW,LU1:DSD_EMPLOI_SAL@DF_B3000(1.0),Domestic payroll employment by economic activity,I,PERS,Persons,SAL_INT,Domestic payroll employment,Q,Quarterly,_Z,Not applicable,O-Q,"Public administration, defence, education, human health and social work activities",N,Neither seasonally adjusted nor calendar adjusted data,_Z,Not applicable,2020-Q2,,93802,,0,Units,,,0,Zero,,
DATAFLOW,LU1:DSD_EMPLOI_SAL@DF_B3000(1.0),Domestic payroll employment by economic activity,I,PERS,Persons,SAL_INT,Domestic payroll employment,Q,Quarterly,_Z,Not applicable,O-Q,"Public administration, defence, education, human health and social work activities",N,Neither seasonally adjusted nor calendar adjusted data,_Z,Not applicable,2020-Q3,,93814,,0,Units,,,0,Zero,,
DATAFLOW,LU1:DSD_EMPLOI_SAL@DF_B3000(1.0),Domestic payroll employment by economic activity,I,PERS,Persons,SAL_INT,Domestic payroll employment,Q,Quarterly,_Z,Not applicable,O-Q,"Public administration, defence, education, human health and social work activities",N,Neither seasonally adjusted nor calendar adjusted data,_Z,Not applicable,2020-Q4,,95461,,0,Units,,,0,Zero,,
DATAFLOW,LU1:DSD_EMPLOI_SAL@DF_B3000(1.0),Domestic payroll employment by economic activity,I,PERS,Persons,SAL_INT,Domestic payroll employment,Q,Quarterly,_Z,Not applicable,O-Q,"Public administration, defence, education, human health and social work activities",N,Neither seasonally adjusted nor calendar adjusted data,_Z,Not applicable,2021-Q1,,97002,,0,Units,,,0,Zero,,
DATAFLOW,LU1:DSD_EMPLOI_SAL@DF_B3000(1.0),Domestic payroll employment by economic activity,I,PERS,Persons,SAL_INT,Domestic payroll employment,Q,Quarterly,_Z,Not applicable,O-Q,"Public administration, defence, education, human health and social work activities",N,Neither seasonally adjusted nor calendar adjusted data,_Z,Not applicable,2021-Q2,,98666,,0,Units,,,0,Zero,,
DATAFLOW,LU1:DSD_EMPLOI_SAL@DF_B3000(1.0),Domestic payroll employment by economic activity,I,PERS,Persons,SAL_INT,Domestic payroll employment,Q,Quarterly,_Z,Not applicable,O-Q,"Public administration, defence, education, human health and social work activities",N,Neither seasonally adjusted nor calendar adjusted data,_Z,Not applicable,2021-Q3,,98330,,0,Units,,,0,Zero,,
DATAFLOW,LU1:DSD_EMPLOI_SAL@DF_B3000(1.0),Domestic payroll employment by economic activity,I,PERS,Persons,SAL_INT,Domestic payroll employment,Q,Quarterly,_Z,Not applicable,O-Q,"Public administration, defence, education, human health and social work activities",N,Neither seasonally adjusted nor calendar adjusted data,_Z,Not applicable,2021-Q4,,100302,,0,Units,,,0,Zero,,
DATAFLOW,LU1:DSD_EMPLOI_SAL@DF_B3000(1.0),Domestic payroll employment by economic activity,I,PERS,Persons,SAL_INT,Domestic payroll employment,Q,Quarterly,_Z,Not applicable,O-Q,"Public administration, defence, education, human health and social work activities",N,Neither seasonally adjusted nor calendar adjusted data,_Z,Not applicable,2022-Q1,,101659,,0,Units,,,0,Zero,,
DATAFLOW,LU1:DSD_EMPLOI_SAL@DF_B3000(1.0),Domestic payroll employment by economic activity,I,PERS,Persons,SAL_INT,Domestic payroll employment,Q,Quarterly,_Z,Not applicable,O-Q,"Public administration, defence, education, human health and social work activities",N,Neither seasonally adjusted nor calendar adjusted data,_Z,Not applicable,2022-Q2,,102567,,0,Units,,,0,Zero,,
DATAFLOW,LU1:DSD_EMPLOI_SAL@DF_B3000(1.0),Domestic payroll employment by economic activity,I,PERS,Persons,SAL_INT,Domestic payroll employment,Q,Quarterly,_Z,Not applicable,O-Q,"Public administration, defence, education, human health and social work activities",N,Neither seasonally adjusted nor calendar adjusted data,_Z,Not applicable,2022-Q3,,102978,,0,Units,,,0,Zero,,
DATAFLOW,LU1:DSD_EMPLOI_SAL@DF_B3000(1.0),Domestic payroll employment by economic activity,I,PERS,Persons,SAL_INT,Domestic payroll employment,Q,Quarterly,_Z,Not applicable,O-Q,"Public administration, defence, education, human health and social work activities",N,Neither seasonally adjusted nor calendar adjusted data,_Z,Not applicable,2022-Q4,,104526,,0,Units,,,0,Zero,,
DATAFLOW,LU1:DSD_EMPLOI_SAL@DF_B3000(1.0),Domestic payroll employment by economic activity,I,PERS,Persons,SAL_INT,Domestic payroll employment,Q,Quarterly,_Z,Not applicable,O-Q,"Public administration, defence, education, human health and social work activities",N,Neither seasonally adjusted nor calendar adjusted data,_Z,Not applicable,2023-Q1,,105223,,0,Units,,,0,Zero,,
DATAFLOW,LU1:DSD_EMPLOI_SAL@DF_B3000(1.0),Domestic payroll employment by economic activity,I,PERS,Persons,SAL_INT,Domestic payroll employment,Q,Quarterly,_Z,Not applicable,O-Q,"Public administration, defence, education, human health and social work activities",N,Neither seasonally adjusted nor calendar adjusted data,_Z,Not applicable,2023-Q2,,106088,,0,Units,,,0,Zero,,
DATAFLOW,LU1:DSD_EMPLOI_SAL@DF_B3000(1.0),Domestic payroll employment by economic activity,I,PERS,Persons,SAL_INT,Domestic payroll employment,Q,Quarterly,_Z,Not applicable,O-Q,"Public administration, defence, education, human health and social work activities",N,Neither seasonally adjusted nor calendar adjusted data,_Z,Not applicable,2023-Q3,,106042,,0,Units,,,0,Zero,,
DATAFLOW,LU1:DSD_EMPLOI_SAL@DF_B3000(1.0),Domestic payroll employment by economic activity,I,PERS,Persons,SAL_INT,Domestic payroll employment,Q,Quarterly,_Z,Not applicable,O-Q,"Public administration, defence, education, human health and social work activities",N,Neither seasonally adjusted nor calendar adjusted data,_Z,Not applicable,2023-Q4,,108133,,0,Units,,,0,Zero,,
DATAFLOW,LU1:DSD_EMPLOI_SAL@DF_B3000(1.0),Domestic payroll employment by economic activity,I,PERS,Persons,SAL_INT,Domestic payroll employment,Q,Quarterly,_Z,Not applicable,O-Q,"Public administration, defence, education, human health and social work activities",N,Neither seasonally adjusted nor calendar adjusted data,_Z,Not applicable,2024-Q1,,107766,,0,Units,,,0,Zero,,
DATAFLOW,LU1:DSD_EMPLOI_SAL@DF_B3000(1.0),Domestic payroll employment by economic activity,I,PERS,Persons,SAL_INT,Domestic payroll employment,Q,Quarterly,_Z,Not applicable,O-Q,"Public administration, defence, education, human health and social work activities",N,Neither seasonally adjusted nor calendar adjusted data,_Z,Not applicable,2024-Q2,,108703,,0,Units,,,0,Zero,,
DATAFLOW,LU1:DSD_EMPLOI_SAL@DF_B3000(1.0),Domestic payroll employment by economic activity,I,PERS,Persons,SAL_INT,Domestic payroll employment,Q,Quarterly,_Z,Not applicable,O-Q,"Public administration, defence, education, human health and social work activities",N,Neither seasonally adjusted nor calendar adjusted data,_Z,Not applicable,2024-Q3,,108813,,0,Units,,,0,Zero,,
DATAFLOW,LU1:DSD_EMPLOI_SAL@DF_B3000(1.0),Domestic payroll employment by economic activity,I,PERS,Persons,SAL_INT,Domestic payroll employment,Q,Quarterly,_Z,Not applicable,O-Q,"Public administration, defence, education, human health and social work activities",N,Neither seasonally adjusted nor calendar adjusted data,_Z,Not applicable,2024-Q4,,110866,,0,Units,,,0,Zero,,
DATAFLOW,LU1:DSD_EMPLOI_SAL@DF_B3000(1.0),Domestic payroll employment by economic activity,I,PERS,Persons,SAL_INT,Domestic payroll employment,Q,Quarterly,_Z,Not applicable,O-Q,"Public administration, defence, education, human health and social work activities",N,Neither seasonally adjusted nor calendar adjusted data,_Z,Not applicable,2025-Q1,,111937,,0,Units,,,0,Zero,,
DATAFLOW,LU1:DSD_EMPLOI_SAL@DF_B3000(1.0),Domestic payroll employment by economic activity,I,PERS,Persons,SAL_INT,Domestic payroll employment,Q,Quarterly,_Z,Not applicable,O-Q,"Public administration, defence, education, human health and social work activities",N,Neither seasonally adjusted nor calendar adjusted data,_Z,Not applicable,2025-Q2,,112751,,0,Units,,,0,Zero,,
DATAFLOW,LU1:DSD_EMPLOI_SAL@DF_B3000(1.0),Domestic payroll employment by economic activity,I,PERS,Persons,SAL_INT,Domestic payroll employment,Q,Quarterly,_Z,Not applicable,O-Q,"Public administration, defence, education, human health and social work activities",N,Neither seasonally adjusted nor calendar adjusted data,_Z,Not applicable,2025-Q3,,113242,,0,Units,,,0,Zero,,
DATAFLOW,LU1:DSD_EMPLOI_SAL@DF_B3000(1.0),Domestic payroll employment by economic activity,I,PERS,Persons,SAL_INT,Domestic payroll employment,Q,Quarterly,_Z,Not applicable,O-Q,"Public administration, defence, education, human health and social work activities",N,Neither seasonally adjusted nor calendar adjusted data,_Z,Not applicable,2025-Q4,,115713,,0,Units,,,0,Zero,,
DATAFLOW,LU1:DSD_EMPLOI_SAL@DF_B3000(1.0),Domestic payroll employment by economic activity,I,PERS,Persons,SAL_INT,Domestic payroll employment,Q,Quarterly,_Z,Not applicable,O-Q,"Public administration, defence, education, human health and social work activities",N,Neither seasonally adjusted nor calendar adjusted data,_Z,Not applicable,2026-Q1,,116796,,0,Units,,,0,Zero,,
DATAFLOW,LU1:DSD_EMPLOI_SAL@DF_B3000(1.0),Domestic payroll employment by economic activity,I,PERS,Persons,SAL_INT,Domestic payroll employment,Q,Quarterly,_Z,Not applicable,K,Financial and insurance activities,Y,Calendar and seasonally adjusted data,_Z,Not applicable,1995-Q1,,21861.976775989,,0,Units,,,0,Zero,,
DATAFLOW,LU1:DSD_EMPLOI_SAL@DF_B3000(1.0),Domestic payroll employment by economic activity,I,PERS,Persons,SAL_INT,Domestic payroll employment,Q,Quarterly,_Z,Not applicable,K,Financial and insurance activities,Y,Calendar and seasonally adjusted data,_Z,Not applicable,1995-Q2,,22214.501705272,,0,Units,,,0,Zero,,
DATAFLOW,LU1:DSD_EMPLOI_SAL@DF_B3000(1.0),Domestic payroll employment by economic activity,I,PERS,Persons,SAL_INT,Domestic payroll employment,Q,Quarterly,_Z,Not applicable,K,Financial and insurance activities,Y,Calendar and seasonally adjusted data,_Z,Not applicable,1995-Q3,,22869.7162005565,,0,Units,,,0,Zero,,
DATAFLOW,LU1:DSD_EMPLOI_SAL@DF_B3000(1.0),Domestic payroll employment by economic activity,I,PERS,Persons,SAL_INT,Domestic payroll employment,Q,Quarterly,_Z,Not applicable,K,Financial and insurance activities,Y,Calendar and seasonally adjusted data,_Z,Not applicable,1995-Q4,,23007.7160721123,,0,Units,,,0,Zero,,
DATAFLOW,LU1:DSD_EMPLOI_SAL@DF_B3000(1.0),Domestic payroll employment by economic activity,I,PERS,Persons,SAL_INT,Domestic payroll employment,Q,Quarterly,_Z,Not applicable,K,Financial and insurance activities,Y,Calendar and seasonally adjusted data,_Z,Not applicable,1996-Q1,,22921.0389013049,,0,Units,,,0,Zero,,
DATAFLOW,LU1:DSD_EMPLOI_SAL@DF_B3000(1.0),Domestic payroll employment by economic activity,I,PERS,Persons,SAL_INT,Domestic payroll employment,Q,Quarterly,_Z,Not applicable,K,Financial and insurance activities,Y,Calendar and seasonally adjusted data,_Z,Not applicable,1996-Q2,,22960.3367306104,,0,Units,,,0,Zero,,
DATAFLOW,LU1:DSD_EMPLOI_SAL@DF_B3000(1.0),Domestic payroll employment by economic activity,I,PERS,Persons,SAL_INT,Domestic payroll employment,Q,Quarterly,_Z,Not applicable,K,Financial and insurance activities,Y,Calendar and seasonally adjusted data,_Z,Not applicable,1996-Q3,,23004.2837163824,,0,Units,,,0,Zero,,
DATAFLOW,LU1:DSD_EMPLOI_SAL@DF_B3000(1.0),Domestic payroll employment by economic activity,I,PERS,Persons,SAL_INT,Domestic payroll employment,Q,Quarterly,_Z,Not applicable,K,Financial and insurance activities,Y,Calendar and seasonally adjusted data,_Z,Not applicable,1996-Q4,,23148.7966459129,,0,Units,,,0,Zero,,
DATAFLOW,LU1:DSD_EMPLOI_SAL@DF_B3000(1.0),Domestic payroll employment by economic activity,I,PERS,Persons,SAL_INT,Domestic payroll employment,Q,Quarterly,_Z,Not applicable,K,Financial and insurance activities,Y,Calendar and seasonally adjusted data,_Z,Not applicable,1997-Q1,,23629.3303013947,,0,Units,,,0,Zero,,
DATAFLOW,LU1:DSD_EMPLOI_SAL@DF_B3000(1.0),Domestic payroll employment by economic activity,I,PERS,Persons,SAL_INT,Domestic payroll employment,Q,Quarterly,_Z,Not applicable,K,Financial and insurance activities,Y,Calendar and seasonally adjusted data,_Z,Not applicable,1997-Q2,,23826.6531396146,,0,Units,,,0,Zero,,
DATAFLOW,LU1:DSD_EMPLOI_SAL@DF_B3000(1.0),Domestic payroll employment by economic activity,I,PERS,Persons,SAL_INT,Domestic payroll employment,Q,Quarterly,_Z,Not applicable,K,Financial and insurance activities,Y,Calendar and seasonally adjusted data,_Z,Not applicable,1997-Q3,,23999.2575159957,,0,Units,,,0,Zero,,
DATAFLOW,LU1:DSD_EMPLOI_SAL@DF_B3000(1.0),Domestic payroll employment by economic activity,I,PERS,Persons,SAL_INT,Domestic payroll employment,Q,Quarterly,_Z,Not applicable,K,Financial and insurance activities,Y,Calendar and seasonally adjusted data,_Z,Not applicable,1997-Q4,,24346.7037115728,,0,Units,,,0,Zero,,
DATAFLOW,LU1:DSD_EMPLOI_SAL@DF_B3000(1.0),Domestic payroll employment by economic activity,I,PERS,Persons,SAL_INT,Domestic payroll employment,Q,Quarterly,_Z,Not applicable,K,Financial and insurance activities,Y,Calendar and seasonally adjusted data,_Z,Not applicable,1998-Q1,,24602.2245214329,,0,Units,,,0,Zero,,
DATAFLOW,LU1:DSD_EMPLOI_SAL@DF_B3000(1.0),Domestic payroll employment by economic activity,I,PERS,Persons,SAL_INT,Domestic payroll employment,Q,Quarterly,_Z,Not applicable,K,Financial and insurance activities,Y,Calendar and seasonally adjusted data,_Z,Not applicable,1998-Q2,,25215.7236466636,,0,Units,,,0,Zero,,
DATAFLOW,LU1:DSD_EMPLOI_SAL@DF_B3000(1.0),Domestic payroll employment by economic activity,I,PERS,Persons,SAL_INT,Domestic payroll employment,Q,Quarterly,_Z,Not applicable,K,Financial and insurance activities,Y,Calendar and seasonally adjusted data,_Z,Not applicable,1998-Q3,,25615.6446930665,,0,Units,,,0,Zero,,
DATAFLOW,LU1:DSD_EMPLOI_SAL@DF_B3000(1.0),Domestic payroll employment by economic activity,I,PERS,Persons,SAL_INT,Domestic payroll employment,Q,Quarterly,_Z,Not applicable,K,Financial and insurance activities,Y,Calendar and seasonally adjusted data,_Z,Not applicable,1998-Q4,,26403.5160897895,,0,Units,,,0,Zero,,
DATAFLOW,LU1:DSD_EMPLOI_SAL@DF_B3000(1.0),Domestic payroll employment by economic activity,I,PERS,Persons,SAL_INT,Domestic payroll employment,Q,Quarterly,_Z,Not applicable,K,Financial and insurance activities,Y,Calendar and seasonally adjusted data,_Z,Not applicable,1999-Q1,,26716.5851661636,,0,Units,,,0,Zero,,
DATAFLOW,LU1:DSD_EMPLOI_SAL@DF_B3000(1.0),Domestic payroll employment by economic activity,I,PERS,Persons,SAL_INT,Domestic payroll employment,Q,Quarterly,_Z,Not applicable,K,Financial and insurance activities,Y,Calendar and seasonally adjusted data,_Z,Not applicable,1999-Q2,,27185.3517459174,,0,Units,,,0,Zero,,
DATAFLOW,LU1:DSD_EMPLOI_SAL@DF_B3000(1.0),Domestic payroll employment by economic activity,I,PERS,Persons,SAL_INT,Domestic payroll employment,Q,Quarterly,_Z,Not applicable,K,Financial and insurance activities,Y,Calendar and seasonally adjusted data,_Z,Not applicable,1999-Q3,,27726.3916180186,,0,Units,,,0,Zero,,
DATAFLOW,LU1:DSD_EMPLOI_SAL@DF_B3000(1.0),Domestic payroll employment by economic activity,I,PERS,Persons,SAL_INT,Domestic payroll employment,Q,Quarterly,_Z,Not applicable,K,Financial and insurance activities,Y,Calendar and seasonally adjusted data,_Z,Not applicable,1999-Q4,,28292.7381619691,,0,Units,,,0,Zero,,
DATAFLOW,LU1:DSD_EMPLOI_SAL@DF_B3000(1.0),Domestic payroll employment by economic activity,I,PERS,Persons,SAL_INT,Domestic payroll employment,Q,Quarterly,_Z,Not applicable,K,Financial and insurance activities,Y,Calendar and seasonally adjusted data,_Z,Not applicable,2000-Q1,,28860.0256127451,,0,Units,,,0,Zero,,
DATAFLOW,LU1:DSD_EMPLOI_SAL@DF_B3000(1.0),Domestic payroll employment by economic activity,I,PERS,Persons,SAL_INT,Domestic payroll employment,Q,Quarterly,_Z,Not applicable,K,Financial and insurance activities,Y,Calendar and seasonally adjusted data,_Z,Not applicable,2000-Q2,,29573.899916889,,0,Units,,,0,Zero,,
DATAFLOW,LU1:DSD_EMPLOI_SAL@DF_B3000(1.0),Domestic payroll employment by economic activity,I,PERS,Persons,SAL_INT,Domestic payroll employment,Q,Quarterly,_Z,Not applicable,K,Financial and insurance activities,Y,Calendar and seasonally adjusted data,_Z,Not applicable,2000-Q3,,30448.7218553071,,0,Units,,,0,Zero,,
DATAFLOW,LU1:DSD_EMPLOI_SAL@DF_B3000(1.0),Domestic payroll employment by economic activity,I,PERS,Persons,SAL_INT,Domestic payroll employment,Q,Quarterly,_Z,Not applicable,K,Financial and insurance activities,Y,Calendar and seasonally adjusted data,_Z,Not applicable,2000-Q4,,31438.0035695964,,0,Units,,,0,Zero,,
DATAFLOW,LU1:DSD_EMPLOI_SAL@DF_B3000(1.0),Domestic payroll employment by economic activity,I,PERS,Persons,SAL_INT,Domestic payroll employment,Q,Quarterly,_Z,Not applicable,K,Financial and insurance activities,Y,Calendar and seasonally adjusted data,_Z,Not applicable,2001-Q1,,32422.5336020349,,0,Units,,,0,Zero,,
DATAFLOW,LU1:DSD_EMPLOI_SAL@DF_B3000(1.0),Domestic payroll employment by economic activity,I,PERS,Persons,SAL_INT,Domestic payroll employment,Q,Quarterly,_Z,Not applicable,K,Financial and insurance activities,Y,Calendar and seasonally adjusted data,_Z,Not applicable,2001-Q2,,33073.5780230971,,0,Units,,,0,Zero,,
DATAFLOW,LU1:DSD_EMPLOI_SAL@DF_B3000(1.0),Domestic payroll employment by economic activity,I,PERS,Persons,SAL_INT,Domestic payroll employment,Q,Quarterly,_Z,Not applicable,K,Financial and insurance activities,Y,Calendar and seasonally adjusted data,_Z,Not applicable,2001-Q3,,33509.2691723633,,0,Units,,,0,Zero,,
DATAFLOW,LU1:DSD_EMPLOI_SAL@DF_B3000(1.0),Domestic payroll employment by economic activity,I,PERS,Persons,SAL_INT,Domestic payroll employment,Q,Quarterly,_Z,Not applicable,K,Financial and insurance activities,Y,Calendar and seasonally adjusted data,_Z,Not applicable,2001-Q4,,33882.0842506737,,0,Units,,,0,Zero,,
DATAFLOW,LU1:DSD_EMPLOI_SAL@DF_B3000(1.0),Domestic payroll employment by economic activity,I,PERS,Persons,SAL_INT,Domestic payroll employment,Q,Quarterly,_Z,Not applicable,K,Financial and insurance activities,Y,Calendar and seasonally adjusted data,_Z,Not applicable,2002-Q1,,33521.7182961017,,0,Units,,,0,Zero,,
DATAFLOW,LU1:DSD_EMPLOI_SAL@DF_B3000(1.0),Domestic payroll employment by economic activity,I,PERS,Persons,SAL_INT,Domestic payroll employment,Q,Quarterly,_Z,Not applicable,K,Financial and insurance activities,Y,Calendar and seasonally adjusted data,_Z,Not applicable,2002-Q2,,33551.8584459287,,0,Units,,,0,Zero,,
DATAFLOW,LU1:DSD_EMPLOI_SAL@DF_B3000(1.0),Domestic payroll employment by economic activity,I,PERS,Persons,SAL_INT,Domestic payroll employment,Q,Quarterly,_Z,Not applicable,K,Financial and insurance activities,Y,Calendar and seasonally adjusted data,_Z,Not applicable,2002-Q3,,33559.9663646529,,0,Units,,,0,Zero,,
DATAFLOW,LU1:DSD_EMPLOI_SAL@DF_B3000(1.0),Domestic payroll employment by economic activity,I,PERS,Persons,SAL_INT,Domestic payroll employment,Q,Quarterly,_Z,Not applicable,K,Financial and insurance activities,Y,Calendar and seasonally adjusted data,_Z,Not applicable,2002-Q4,,33341.394360268,,0,Units,,,0,Zero,,
DATAFLOW,LU1:DSD_EMPLOI_SAL@DF_B3000(1.0),Domestic payroll employment by economic activity,I,PERS,Persons,SAL_INT,Domestic payroll employment,Q,Quarterly,_Z,Not applicable,K,Financial and insurance activities,Y,Calendar and seasonally adjusted data,_Z,Not applicable,2003-Q1,,33341.4906451281,,0,Units,,,0,Zero,,
DATAFLOW,LU1:DSD_EMPLOI_SAL@DF_B3000(1.0),Domestic payroll employment by economic activity,I,PERS,Persons,SAL_INT,Domestic payroll employment,Q,Quarterly,_Z,Not applicable,K,Financial and insurance activities,Y,Calendar and seasonally adjusted data,_Z,Not applicable,2003-Q2,,33199.4353897581,,0,Units,,,0,Zero,,
DATAFLOW,LU1:DSD_EMPLOI_SAL@DF_B3000(1.0),Domestic payroll employment by economic activity,I,PERS,Persons,SAL_INT,Domestic payroll employment,Q,Quarterly,_Z,Not applicable,K,Financial and insurance activities,Y,Calendar and seasonally adjusted data,_Z,Not applicable,2003-Q3,,33042.9123133351,,0,Units,,,0,Zero,,
DATAFLOW,LU1:DSD_EMPLOI_SAL@DF_B3000(1.0),Domestic payroll employment by economic activity,I,PERS,Persons,SAL_INT,Domestic payroll employment,Q,Quarterly,_Z,Not applicable,K,Financial and insurance activities,Y,Calendar and seasonally adjusted data,_Z,Not applicable,2003-Q4,,33090.1881725004,,0,Units,,,0,Zero,,
DATAFLOW,LU1:DSD_EMPLOI_SAL@DF_B3000(1.0),Domestic payroll employment by economic activity,I,PERS,Persons,SAL_INT,Domestic payroll employment,Q,Quarterly,_Z,Not applicable,K,Financial and insurance activities,Y,Calendar and seasonally adjusted data,_Z,Not applicable,2004-Q1,,33397.9366820112,,0,Units,,,0,Zero,,
DATAFLOW,LU1:DSD_EMPLOI_SAL@DF_B3000(1.0),Domestic payroll employment by economic activity,I,PERS,Persons,SAL_INT,Domestic payroll employment,Q,Quarterly,_Z,Not applicable,K,Financial and insurance activities,Y,Calendar and seasonally adjusted data,_Z,Not applicable,2004-Q2,,33562.7891924109,,0,Units,,,0,Zero,,
DATAFLOW,LU1:DSD_EMPLOI_SAL@DF_B3000(1.0),Domestic payroll employment by economic activity,I,PERS,Persons,SAL_INT,Domestic payroll employment,Q,Quarterly,_Z,Not applicable,K,Financial and insurance activities,Y,Calendar and seasonally adjusted data,_Z,Not applicable,2004-Q3,,33557.7963026148,,0,Units,,,0,Zero,,
DATAFLOW,LU1:DSD_EMPLOI_SAL@DF_B3000(1.0),Domestic payroll employment by economic activity,I,PERS,Persons,SAL_INT,Domestic payroll employment,Q,Quarterly,_Z,Not applicable,K,Financial and insurance activities,Y,Calendar and seasonally adjusted data,_Z,Not applicable,2004-Q4,,33430.6142376119,,0,Units,,,0,Zero,,
DATAFLOW,LU1:DSD_EMPLOI_SAL@DF_B3000(1.0),Domestic payroll employment by economic activity,I,PERS,Persons,SAL_INT,Domestic payroll employment,Q,Quarterly,_Z,Not applicable,K,Financial and insurance activities,Y,Calendar and seasonally adjusted data,_Z,Not applicable,2005-Q1,,33746.9865633638,,0,Units,,,0,Zero,,
DATAFLOW,LU1:DSD_EMPLOI_SAL@DF_B3000(1.0),Domestic payroll employment by economic activity,I,PERS,Persons,SAL_INT,Domestic payroll employment,Q,Quarterly,_Z,Not applicable,K,Financial and insurance activities,Y,Calendar and seasonally adjusted data,_Z,Not applicable,2005-Q2,,33985.753419197,,0,Units,,,0,Zero,,
DATAFLOW,LU1:DSD_EMPLOI_SAL@DF_B3000(1.0),Domestic payroll employment by economic activity,I,PERS,Persons,SAL_INT,Domestic payroll employment,Q,Quarterly,_Z,Not applicable,K,Financial and insurance activities,Y,Calendar and seasonally adjusted data,_Z,Not applicable,2005-Q3,,34331.3655463664,,0,Units,,,0,Zero,,
DATAFLOW,LU1:DSD_EMPLOI_SAL@DF_B3000(1.0),Domestic payroll employment by economic activity,I,PERS,Persons,SAL_INT,Domestic payroll employment,Q,Quarterly,_Z,Not applicable,K,Financial and insurance activities,Y,Calendar and seasonally adjusted data,_Z,Not applicable,2005-Q4,,34726.7134593965,,0,Units,,,0,Zero,,
DATAFLOW,LU1:DSD_EMPLOI_SAL@DF_B3000(1.0),Domestic payroll employment by economic activity,I,PERS,Persons,SAL_INT,Domestic payroll employment,Q,Quarterly,_Z,Not applicable,K,Financial and insurance activities,Y,Calendar and seasonally adjusted data,_Z,Not applicable,2006-Q1,,35027.3698535324,,0,Units,,,0,Zero,,
DATAFLOW,LU1:DSD_EMPLOI_SAL@DF_B3000(1.0),Domestic payroll employment by economic activity,I,PERS,Persons,SAL_INT,Domestic payroll employment,Q,Quarterly,_Z,Not applicable,K,Financial and insurance activities,Y,Calendar and seasonally adjusted data,_Z,Not applicable,2006-Q2,,35579.923357398,,0,Units,,,0,Zero,,
DATAFLOW,LU1:DSD_EMPLOI_SAL@DF_B3000(1.0),Domestic payroll employment by economic activity,I,PERS,Persons,SAL_INT,Domestic payroll employment,Q,Quarterly,_Z,Not applicable,K,Financial and insurance activities,Y,Calendar and seasonally adjusted data,_Z,Not applicable,2006-Q3,,36210.7517462271,,0,Units,,,0,Zero,,
DATAFLOW,LU1:DSD_EMPLOI_SAL@DF_B3000(1.0),Domestic payroll employment by economic activity,I,PERS,Persons,SAL_INT,Domestic payroll employment,Q,Quarterly,_Z,Not applicable,K,Financial and insurance activities,Y,Calendar and seasonally adjusted data,_Z,Not applicable,2006-Q4,,36865.4332682837,,0,Units,,,0,Zero,,
DATAFLOW,LU1:DSD_EMPLOI_SAL@DF_B3000(1.0),Domestic payroll employment by economic activity,I,PERS,Persons,SAL_INT,Domestic payroll employment,Q,Quarterly,_Z,Not applicable,K,Financial and insurance activities,Y,Calendar and seasonally adjusted data,_Z,Not applicable,2007-Q1,,37414.6383323427,,0,Units,,,0,Zero,,
DATAFLOW,LU1:DSD_EMPLOI_SAL@DF_B3000(1.0),Domestic payroll employment by economic activity,I,PERS,Persons,SAL_INT,Domestic payroll employment,Q,Quarterly,_Z,Not applicable,K,Financial and insurance activities,Y,Calendar and seasonally adjusted data,_Z,Not applicable,2007-Q2,,38057.82800535,,0,Units,,,0,Zero,,
DATAFLOW,LU1:DSD_EMPLOI_SAL@DF_B3000(1.0),Domestic payroll employment by economic activity,I,PERS,Persons,SAL_INT,Domestic payroll employment,Q,Quarterly,_Z,Not applicable,K,Financial and insurance activities,Y,Calendar and seasonally adjusted data,_Z,Not applicable,2007-Q3,,38750.1609019206,,0,Units,,,0,Zero,,
DATAFLOW,LU1:DSD_EMPLOI_SAL@DF_B3000(1.0),Domestic payroll employment by economic activity,I,PERS,Persons,SAL_INT,Domestic payroll employment,Q,Quarterly,_Z,Not applicable,K,Financial and insurance activities,Y,Calendar and seasonally adjusted data,_Z,Not applicable,2007-Q4,,39616.3407437088,,0,Units,,,0,Zero,,
DATAFLOW,LU1:DSD_EMPLOI_SAL@DF_B3000(1.0),Domestic payroll employment by economic activity,I,PERS,Persons,SAL_INT,Domestic payroll employment,Q,Quarterly,_Z,Not applicable,K,Financial and insurance activities,Y,Calendar and seasonally adjusted data,_Z,Not applicable,2008-Q1,,40394.5442518425,,0,Units,,,0,Zero,,
DATAFLOW,LU1:DSD_EMPLOI_SAL@DF_B3000(1.0),Domestic payroll employment by economic activity,I,PERS,Persons,SAL_INT,Domestic payroll employment,Q,Quarterly,_Z,Not applicable,K,Financial and insurance activities,Y,Calendar and seasonally adjusted data,_Z,Not applicable,2008-Q2,,41028.0832230376,,0,Units,,,0,Zero,,
DATAFLOW,LU1:DSD_EMPLOI_SAL@DF_B3000(1.0),Domestic payroll employment by economic activity,I,PERS,Persons,SAL_INT,Domestic payroll employment,Q,Quarterly,_Z,Not applicable,K,Financial and insurance activities,Y,Calendar and seasonally adjusted data,_Z,Not applicable,2008-Q3,,41543.1395452795,,0,Units,,,0,Zero,,
DATAFLOW,LU1:DSD_EMPLOI_SAL@DF_B3000(1.0),Domestic payroll employment by economic activity,I,PERS,Persons,SAL_INT,Domestic payroll employment,Q,Quarterly,_Z,Not applicable,K,Financial and insurance activities,Y,Calendar and seasonally adjusted data,_Z,Not applicable,2008-Q4,,41748.7253831428,,0,Units,,,0,Zero,,
DATAFLOW,LU1:DSD_EMPLOI_SAL@DF_B3000(1.0),Domestic payroll employment by economic activity,I,PERS,Persons,SAL_INT,Domestic payroll employment,Q,Quarterly,_Z,Not applicable,K,Financial and insurance activities,Y,Calendar and seasonally adjusted data,_Z,Not applicable,2009-Q1,,41494.0849230084,,0,Units,,,0,Zero,,
DATAFLOW,LU1:DSD_EMPLOI_SAL@DF_B3000(1.0),Domestic payroll employment by economic activity,I,PERS,Persons,SAL_INT,Domestic payroll employment,Q,Quarterly,_Z,Not applicable,K,Financial and insurance activities,Y,Calendar and seasonally adjusted data,_Z,Not applicable,2009-Q2,,41185.4433822808,,0,Units,,,0,Zero,,
DATAFLOW,LU1:DSD_EMPLOI_SAL@DF_B3000(1.0),Domestic payroll employment by economic activity,I,PERS,Persons,SAL_INT,Domestic payroll employment,Q,Quarterly,_Z,Not applicable,K,Financial and insurance activities,Y,Calendar and seasonally adjusted data,_Z,Not applicable,2009-Q3,,40992.6392908667,,0,Units,,,0,Zero,,
DATAFLOW,LU1:DSD_EMPLOI_SAL@DF_B3000(1.0),Domestic payroll employment by economic activity,I,PERS,Persons,SAL_INT,Domestic payroll employment,Q,Quarterly,_Z,Not applicable,K,Financial and insurance activities,Y,Calendar and seasonally adjusted data,_Z,Not applicable,2009-Q4,,40849.755659071,,0,Units,,,0,Zero,,
DATAFLOW,LU1:DSD_EMPLOI_SAL@DF_B3000(1.0),Domestic payroll employment by economic activity,I,PERS,Persons,SAL_INT,Domestic payroll employment,Q,Quarterly,_Z,Not applicable,K,Financial and insurance activities,Y,Calendar and seasonally adjusted data,_Z,Not applicable,2010-Q1,,40796.6120882529,,0,Units,,,0,Zero,,
DATAFLOW,LU1:DSD_EMPLOI_SAL@DF_B3000(1.0),Domestic payroll employment by economic activity,I,PERS,Persons,SAL_INT,Domestic payroll employment,Q,Quarterly,_Z,Not applicable,K,Financial and insurance activities,Y,Calendar and seasonally adjusted data,_Z,Not applicable,2010-Q2,,40726.8821693497,,0,Units,,,0,Zero,,
DATAFLOW,LU1:DSD_EMPLOI_SAL@DF_B3000(1.0),Domestic payroll employment by economic activity,I,PERS,Persons,SAL_INT,Domestic payroll employment,Q,Quarterly,_Z,Not applicable,K,Financial and insurance activities,Y,Calendar and seasonally adjusted data,_Z,Not applicable,2010-Q3,,40740.6321587188,,0,Units,,,0,Zero,,
DATAFLOW,LU1:DSD_EMPLOI_SAL@DF_B3000(1.0),Domestic payroll employment by economic activity,I,PERS,Persons,SAL_INT,Domestic payroll employment,Q,Quarterly,_Z,Not applicable,K,Financial and insurance activities,Y,Calendar and seasonally adjusted data,_Z,Not applicable,2010-Q4,,40865.1744943887,,0,Units,,,0,Zero,,
DATAFLOW,LU1:DSD_EMPLOI_SAL@DF_B3000(1.0),Domestic payroll employment by economic activity,I,PERS,Persons,SAL_INT,Domestic payroll employment,Q,Quarterly,_Z,Not applicable,K,Financial and insurance activities,Y,Calendar and seasonally adjusted data,_Z,Not applicable,2011-Q1,,41045.0485902562,,0,Units,,,0,Zero,,
DATAFLOW,LU1:DSD_EMPLOI_SAL@DF_B3000(1.0),Domestic payroll employment by economic activity,I,PERS,Persons,SAL_INT,Domestic payroll employment,Q,Quarterly,_Z,Not applicable,K,Financial and insurance activities,Y,Calendar and seasonally adjusted data,_Z,Not applicable,2011-Q2,,41240.3337705859,,0,Units,,,0,Zero,,
DATAFLOW,LU1:DSD_EMPLOI_SAL@DF_B3000(1.0),Domestic payroll employment by economic activity,I,PERS,Persons,SAL_INT,Domestic payroll employment,Q,Quarterly,_Z,Not applicable,K,Financial and insurance activities,Y,Calendar and seasonally adjusted data,_Z,Not applicable,2011-Q3,,41421.0730869822,,0,Units,,,0,Zero,,
DATAFLOW,LU1:DSD_EMPLOI_SAL@DF_B3000(1.0),Domestic payroll employment by economic activity,I,PERS,Persons,SAL_INT,Domestic payroll employment,Q,Quarterly,_Z,Not applicable,K,Financial and insurance activities,Y,Calendar and seasonally adjusted data,_Z,Not applicable,2011-Q4,,41560.0803017509,,0,Units,,,0,Zero,,
DATAFLOW,LU1:DSD_EMPLOI_SAL@DF_B3000(1.0),Domestic payroll employment by economic activity,I,PERS,Persons,SAL_INT,Domestic payroll employment,Q,Quarterly,_Z,Not applicable,K,Financial and insurance activities,Y,Calendar and seasonally adjusted data,_Z,Not applicable,2012-Q1,,41730.4373652897,,0,Units,,,0,Zero,,
DATAFLOW,LU1:DSD_EMPLOI_SAL@DF_B3000(1.0),Domestic payroll employment by economic activity,I,PERS,Persons,SAL_INT,Domestic payroll employment,Q,Quarterly,_Z,Not applicable,K,Financial and insurance activities,Y,Calendar and seasonally adjusted data,_Z,Not applicable,2012-Q2,,41954.5093995073,,0,Units,,,0,Zero,,
DATAFLOW,LU1:DSD_EMPLOI_SAL@DF_B3000(1.0),Domestic payroll employment by economic activity,I,PERS,Persons,SAL_INT,Domestic payroll employment,Q,Quarterly,_Z,Not applicable,K,Financial and insurance activities,Y,Calendar and seasonally adjusted data,_Z,Not applicable,2012-Q3,,42044.5545565771,,0,Units,,,0,Zero,,
DATAFLOW,LU1:DSD_EMPLOI_SAL@DF_B3000(1.0),Domestic payroll employment by economic activity,I,PERS,Persons,SAL_INT,Domestic payroll employment,Q,Quarterly,_Z,Not applicable,K,Financial and insurance activities,Y,Calendar and seasonally adjusted data,_Z,Not applicable,2012-Q4,,42032.0404774175,,0,Units,,,0,Zero,,
DATAFLOW,LU1:DSD_EMPLOI_SAL@DF_B3000(1.0),Domestic payroll employment by economic activity,I,PERS,Persons,SAL_INT,Domestic payroll employment,Q,Quarterly,_Z,Not applicable,K,Financial and insurance activities,Y,Calendar and seasonally adjusted data,_Z,Not applicable,2013-Q1,,42082.392123114,,0,Units,,,0,Zero,,
DATAFLOW,LU1:DSD_EMPLOI_SAL@DF_B3000(1.0),Domestic payroll employment by economic activity,I,PERS,Persons,SAL_INT,Domestic payroll employment,Q,Quarterly,_Z,Not applicable,K,Financial and insurance activities,Y,Calendar and seasonally adjusted data,_Z,Not applicable,2013-Q2,,42169.803572104,,0,Units,,,0,Zero,,
DATAFLOW,LU1:DSD_EMPLOI_SAL@DF_B3000(1.0),Domestic payroll employment by economic activity,I,PERS,Persons,SAL_INT,Domestic payroll employment,Q,Quarterly,_Z,Not applicable,K,Financial and insurance activities,Y,Calendar and seasonally adjusted data,_Z,Not applicable,2013-Q3,,42301.3189407958,,0,Units,,,0,Zero,,
DATAFLOW,LU1:DSD_EMPLOI_SAL@DF_B3000(1.0),Domestic payroll employment by economic activity,I,PERS,Persons,SAL_INT,Domestic payroll employment,Q,Quarterly,_Z,Not applicable,K,Financial and insurance activities,Y,Calendar and seasonally adjusted data,_Z,Not applicable,2013-Q4,,42660.3673115492,,0,Units,,,0,Zero,,
DATAFLOW,LU1:DSD_EMPLOI_SAL@DF_B3000(1.0),Domestic payroll employment by economic activity,I,PERS,Persons,SAL_INT,Domestic payroll employment,Q,Quarterly,_Z,Not applicable,K,Financial and insurance activities,Y,Calendar and seasonally adjusted data,_Z,Not applicable,2014-Q1,,42897.9073798821,,0,Units,,,0,Zero,,
DATAFLOW,LU1:DSD_EMPLOI_SAL@DF_B3000(1.0),Domestic payroll employment by economic activity,I,PERS,Persons,SAL_INT,Domestic payroll employment,Q,Quarterly,_Z,Not applicable,K,Financial and insurance activities,Y,Calendar and seasonally adjusted data,_Z,Not applicable,2014-Q2,,43062.9033665156,,0,Units,,,0,Zero,,
DATAFLOW,LU1:DSD_EMPLOI_SAL@DF_B3000(1.0),Domestic payroll employment by economic activity,I,PERS,Persons,SAL_INT,Domestic payroll employment,Q,Quarterly,_Z,Not applicable,K,Financial and insurance activities,Y,Calendar and seasonally adjusted data,_Z,Not applicable,2014-Q3,,43117.2740686471,,0,Units,,,0,Zero,,
DATAFLOW,LU1:DSD_EMPLOI_SAL@DF_B3000(1.0),Domestic payroll employment by economic activity,I,PERS,Persons,SAL_INT,Domestic payroll employment,Q,Quarterly,_Z,Not applicable,K,Financial and insurance activities,Y,Calendar and seasonally adjusted data,_Z,Not applicable,2014-Q4,,43174.0256877038,,0,Units,,,0,Zero,,
DATAFLOW,LU1:DSD_EMPLOI_SAL@DF_B3000(1.0),Domestic payroll employment by economic activity,I,PERS,Persons,SAL_INT,Domestic payroll employment,Q,Quarterly,_Z,Not applicable,K,Financial and insurance activities,Y,Calendar and seasonally adjusted data,_Z,Not applicable,2015-Q1,,43434.3748291957,,0,Units,,,0,Zero,,
DATAFLOW,LU1:DSD_EMPLOI_SAL@DF_B3000(1.0),Domestic payroll employment by economic activity,I,PERS,Persons,SAL_INT,Domestic payroll employment,Q,Quarterly,_Z,Not applicable,K,Financial and insurance activities,Y,Calendar and seasonally adjusted data,_Z,Not applicable,2015-Q2,,43708.8257884043,,0,Units,,,0,Zero,,
DATAFLOW,LU1:DSD_EMPLOI_SAL@DF_B3000(1.0),Domestic payroll employment by economic activity,I,PERS,Persons,SAL_INT,Domestic payroll employment,Q,Quarterly,_Z,Not applicable,K,Financial and insurance activities,Y,Calendar and seasonally adjusted data,_Z,Not applicable,2015-Q3,,44082.8531076147,,0,Units,,,0,Zero,,
DATAFLOW,LU1:DSD_EMPLOI_SAL@DF_B3000(1.0),Domestic payroll employment by economic activity,I,PERS,Persons,SAL_INT,Domestic payroll employment,Q,Quarterly,_Z,Not applicable,K,Financial and insurance activities,Y,Calendar and seasonally adjusted data,_Z,Not applicable,2015-Q4,,44394.2992157281,,0,Units,,,0,Zero,,
DATAFLOW,LU1:DSD_EMPLOI_SAL@DF_B3000(1.0),Domestic payroll employment by economic activity,I,PERS,Persons,SAL_INT,Domestic payroll employment,Q,Quarterly,_Z,Not applicable,K,Financial and insurance activities,Y,Calendar and seasonally adjusted data,_Z,Not applicable,2016-Q1,,44456.513828286,,0,Units,,,0,Zero,,
DATAFLOW,LU1:DSD_EMPLOI_SAL@DF_B3000(1.0),Domestic payroll employment by economic activity,I,PERS,Persons,SAL_INT,Domestic payroll employment,Q,Quarterly,_Z,Not applicable,K,Financial and insurance activities,Y,Calendar and seasonally adjusted data,_Z,Not applicable,2016-Q2,,44702.2867201656,,0,Units,,,0,Zero,,
DATAFLOW,LU1:DSD_EMPLOI_SAL@DF_B3000(1.0),Domestic payroll employment by economic activity,I,PERS,Persons,SAL_INT,Domestic payroll employment,Q,Quarterly,_Z,Not applicable,K,Financial and insurance activities,Y,Calendar and seasonally adjusted data,_Z,Not applicable,2016-Q3,,45126.9455227845,,0,Units,,,0,Zero,,
DATAFLOW,LU1:DSD_EMPLOI_SAL@DF_B3000(1.0),Domestic payroll employment by economic activity,I,PERS,Persons,SAL_INT,Domestic payroll employment,Q,Quarterly,_Z,Not applicable,K,Financial and insurance activities,Y,Calendar and seasonally adjusted data,_Z,Not applicable,2016-Q4,,45418.586747374,,0,Units,,,0,Zero,,
DATAFLOW,LU1:DSD_EMPLOI_SAL@DF_B3000(1.0),Domestic payroll employment by economic activity,I,PERS,Persons,SAL_INT,Domestic payroll employment,Q,Quarterly,_Z,Not applicable,K,Financial and insurance activities,Y,Calendar and seasonally adjusted data,_Z,Not applicable,2017-Q1,,45804.8262466255,,0,Units,,,0,Zero,,
DATAFLOW,LU1:DSD_EMPLOI_SAL@DF_B3000(1.0),Domestic payroll employment by economic activity,I,PERS,Persons,SAL_INT,Domestic payroll employment,Q,Quarterly,_Z,Not applicable,K,Financial and insurance activities,Y,Calendar and seasonally adjusted data,_Z,Not applicable,2017-Q2,,46042.3097990045,,0,Units,,,0,Zero,,
DATAFLOW,LU1:DSD_EMPLOI_SAL@DF_B3000(1.0),Domestic payroll employment by economic activity,I,PERS,Persons,SAL_INT,Domestic payroll employment,Q,Quarterly,_Z,Not applicable,K,Financial and insurance activities,Y,Calendar and seasonally adjusted data,_Z,Not applicable,2017-Q3,,46184.8621647378,,0,Units,,,0,Zero,,
DATAFLOW,LU1:DSD_EMPLOI_SAL@DF_B3000(1.0),Domestic payroll employment by economic activity,I,PERS,Persons,SAL_INT,Domestic payroll employment,Q,Quarterly,_Z,Not applicable,K,Financial and insurance activities,Y,Calendar and seasonally adjusted data,_Z,Not applicable,2017-Q4,,46497.1565155935,,0,Units,,,0,Zero,,
DATAFLOW,LU1:DSD_EMPLOI_SAL@DF_B3000(1.0),Domestic payroll employment by economic activity,I,PERS,Persons,SAL_INT,Domestic payroll employment,Q,Quarterly,_Z,Not applicable,K,Financial and insurance activities,Y,Calendar and seasonally adjusted data,_Z,Not applicable,2018-Q1,,46883.0261083898,,0,Units,,,0,Zero,,
DATAFLOW,LU1:DSD_EMPLOI_SAL@DF_B3000(1.0),Domestic payroll employment by economic activity,I,PERS,Persons,SAL_INT,Domestic payroll employment,Q,Quarterly,_Z,Not applicable,K,Financial and insurance activities,Y,Calendar and seasonally adjusted data,_Z,Not applicable,2018-Q2,,47250.4823032716,,0,Units,,,0,Zero,,
DATAFLOW,LU1:DSD_EMPLOI_SAL@DF_B3000(1.0),Domestic payroll employment by economic activity,I,PERS,Persons,SAL_INT,Domestic payroll employment,Q,Quarterly,_Z,Not applicable,K,Financial and insurance activities,Y,Calendar and seasonally adjusted data,_Z,Not applicable,2018-Q3,,47694.1133417089,,0,Units,,,0,Zero,,
DATAFLOW,LU1:DSD_EMPLOI_SAL@DF_B3000(1.0),Domestic payroll employment by economic activity,I,PERS,Persons,SAL_INT,Domestic payroll employment,Q,Quarterly,_Z,Not applicable,K,Financial and insurance activities,Y,Calendar and seasonally adjusted data,_Z,Not applicable,2018-Q4,,48206.1635178395,,0,Units,,,0,Zero,,
DATAFLOW,LU1:DSD_EMPLOI_SAL@DF_B3000(1.0),Domestic payroll employment by economic activity,I,PERS,Persons,SAL_INT,Domestic payroll employment,Q,Quarterly,_Z,Not applicable,K,Financial and insurance activities,Y,Calendar and seasonally adjusted data,_Z,Not applicable,2019-Q1,,48698.2900141638,,0,Units,,,0,Zero,,
DATAFLOW,LU1:DSD_EMPLOI_SAL@DF_B3000(1.0),Domestic payroll employment by economic activity,I,PERS,Persons,SAL_INT,Domestic payroll employment,Q,Quarterly,_Z,Not applicable,K,Financial and insurance activities,Y,Calendar and seasonally adjusted data,_Z,Not applicable,2019-Q2,,49130.9134054556,,0,Units,,,0,Zero,,
DATAFLOW,LU1:DSD_EMPLOI_SAL@DF_B3000(1.0),Domestic payroll employment by economic activity,I,PERS,Persons,SAL_INT,Domestic payroll employment,Q,Quarterly,_Z,Not applicable,K,Financial and insurance activities,Y,Calendar and seasonally adjusted data,_Z,Not applicable,2019-Q3,,49345.0222197293,,0,Units,,,0,Zero,,
DATAFLOW,LU1:DSD_EMPLOI_SAL@DF_B3000(1.0),Domestic payroll employment by economic activity,I,PERS,Persons,SAL_INT,Domestic payroll employment,Q,Quarterly,_Z,Not applicable,K,Financial and insurance activities,Y,Calendar and seasonally adjusted data,_Z,Not applicable,2019-Q4,,49572.6819683614,,0,Units,,,0,Zero,,
DATAFLOW,LU1:DSD_EMPLOI_SAL@DF_B3000(1.0),Domestic payroll employment by economic activity,I,PERS,Persons,SAL_INT,Domestic payroll employment,Q,Quarterly,_Z,Not applicable,K,Financial and insurance activities,Y,Calendar and seasonally adjusted data,_Z,Not applicable,2020-Q1,,49333.4527647393,,0,Units,,,0,Zero,,
DATAFLOW,LU1:DSD_EMPLOI_SAL@DF_B3000(1.0),Domestic payroll employment by economic activity,I,PERS,Persons,SAL_INT,Domestic payroll employment,Q,Quarterly,_Z,Not applicable,K,Financial and insurance activities,Y,Calendar and seasonally adjusted data,_Z,Not applicable,2020-Q2,,49192.9001437968,,0,Units,,,0,Zero,,
DATAFLOW,LU1:DSD_EMPLOI_SAL@DF_B3000(1.0),Domestic payroll employment by economic activity,I,PERS,Persons,SAL_INT,Domestic payroll employment,Q,Quarterly,_Z,Not applicable,K,Financial and insurance activities,Y,Calendar and seasonally adjusted data,_Z,Not applicable,2020-Q3,,49451.8863992661,,0,Units,,,0,Zero,,
DATAFLOW,LU1:DSD_EMPLOI_SAL@DF_B3000(1.0),Domestic payroll employment by economic activity,I,PERS,Persons,SAL_INT,Domestic payroll employment,Q,Quarterly,_Z,Not applicable,K,Financial and insurance activities,Y,Calendar and seasonally adjusted data,_Z,Not applicable,2020-Q4,,49719.6210496062,,0,Units,,,0,Zero,,
DATAFLOW,LU1:DSD_EMPLOI_SAL@DF_B3000(1.0),Domestic payroll employment by economic activity,I,PERS,Persons,SAL_INT,Domestic payroll employment,Q,Quarterly,_Z,Not applicable,K,Financial and insurance activities,Y,Calendar and seasonally adjusted data,_Z,Not applicable,2021-Q1,,50099.5111632563,,0,Units,,,0,Zero,,
DATAFLOW,LU1:DSD_EMPLOI_SAL@DF_B3000(1.0),Domestic payroll employment by economic activity,I,PERS,Persons,SAL_INT,Domestic payroll employment,Q,Quarterly,_Z,Not applicable,K,Financial and insurance activities,Y,Calendar and seasonally adjusted data,_Z,Not applicable,2021-Q2,,50541.7419001438,,0,Units,,,0,Zero,,
DATAFLOW,LU1:DSD_EMPLOI_SAL@DF_B3000(1.0),Domestic payroll employment by economic activity,I,PERS,Persons,SAL_INT,Domestic payroll employment,Q,Quarterly,_Z,Not applicable,K,Financial and insurance activities,Y,Calendar and seasonally adjusted data,_Z,Not applicable,2021-Q3,,50986.9524671664,,0,Units,,,0,Zero,,
DATAFLOW,LU1:DSD_EMPLOI_SAL@DF_B3000(1.0),Domestic payroll employment by economic activity,I,PERS,Persons,SAL_INT,Domestic payroll employment,Q,Quarterly,_Z,Not applicable,K,Financial and insurance activities,Y,Calendar and seasonally adjusted data,_Z,Not applicable,2021-Q4,,51382.423083846,,0,Units,,,0,Zero,,
DATAFLOW,LU1:DSD_EMPLOI_SAL@DF_B3000(1.0),Domestic payroll employment by economic activity,I,PERS,Persons,SAL_INT,Domestic payroll employment,Q,Quarterly,_Z,Not applicable,K,Financial and insurance activities,Y,Calendar and seasonally adjusted data,_Z,Not applicable,2022-Q1,,51799.1256655942,,0,Units,,,0,Zero,,
DATAFLOW,LU1:DSD_EMPLOI_SAL@DF_B3000(1.0),Domestic payroll employment by economic activity,I,PERS,Persons,SAL_INT,Domestic payroll employment,Q,Quarterly,_Z,Not applicable,K,Financial and insurance activities,Y,Calendar and seasonally adjusted data,_Z,Not applicable,2022-Q2,,52273.9257135331,,0,Units,,,0,Zero,,
DATAFLOW,LU1:DSD_EMPLOI_SAL@DF_B3000(1.0),Domestic payroll employment by economic activity,I,PERS,Persons,SAL_INT,Domestic payroll employment,Q,Quarterly,_Z,Not applicable,K,Financial and insurance activities,Y,Calendar and seasonally adjusted data,_Z,Not applicable,2022-Q3,,52763.0695233222,,0,Units,,,0,Zero,,
DATAFLOW,LU1:DSD_EMPLOI_SAL@DF_B3000(1.0),Domestic payroll employment by economic activity,I,PERS,Persons,SAL_INT,Domestic payroll employment,Q,Quarterly,_Z,Not applicable,K,Financial and insurance activities,Y,Calendar and seasonally adjusted data,_Z,Not applicable,2022-Q4,,53299.8435556868,,0,Units,,,0,Zero,,
DATAFLOW,LU1:DSD_EMPLOI_SAL@DF_B3000(1.0),Domestic payroll employment by economic activity,I,PERS,Persons,SAL_INT,Domestic payroll employment,Q,Quarterly,_Z,Not applicable,K,Financial and insurance activities,Y,Calendar and seasonally adjusted data,_Z,Not applicable,2023-Q1,,53731.4422835559,,0,Units,,,0,Zero,,
DATAFLOW,LU1:DSD_EMPLOI_SAL@DF_B3000(1.0),Domestic payroll employment by economic activity,I,PERS,Persons,SAL_INT,Domestic payroll employment,Q,Quarterly,_Z,Not applicable,K,Financial and insurance activities,Y,Calendar and seasonally adjusted data,_Z,Not applicable,2023-Q2,,54147.6235056,,0,Units,,,0,Zero,,
DATAFLOW,LU1:DSD_EMPLOI_SAL@DF_B3000(1.0),Domestic payroll employment by economic activity,I,PERS,Persons,SAL_INT,Domestic payroll employment,Q,Quarterly,_Z,Not applicable,K,Financial and insurance activities,Y,Calendar and seasonally adjusted data,_Z,Not applicable,2023-Q3,,54255.6759651466,,0,Units,,,0,Zero,,
DATAFLOW,LU1:DSD_EMPLOI_SAL@DF_B3000(1.0),Domestic payroll employment by economic activity,I,PERS,Persons,SAL_INT,Domestic payroll employment,Q,Quarterly,_Z,Not applicable,K,Financial and insurance activities,Y,Calendar and seasonally adjusted data,_Z,Not applicable,2023-Q4,,54491.6996296588,,0,Units,,,0,Zero,,
DATAFLOW,LU1:DSD_EMPLOI_SAL@DF_B3000(1.0),Domestic payroll employment by economic activity,I,PERS,Persons,SAL_INT,Domestic payroll employment,Q,Quarterly,_Z,Not applicable,K,Financial and insurance activities,Y,Calendar and seasonally adjusted data,_Z,Not applicable,2024-Q1,,54846.7253766413,,0,Units,,,0,Zero,,
DATAFLOW,LU1:DSD_EMPLOI_SAL@DF_B3000(1.0),Domestic payroll employment by economic activity,I,PERS,Persons,SAL_INT,Domestic payroll employment,Q,Quarterly,_Z,Not applicable,K,Financial and insurance activities,Y,Calendar and seasonally adjusted data,_Z,Not applicable,2024-Q2,,54893.019102316,,0,Units,,,0,Zero,,
DATAFLOW,LU1:DSD_EMPLOI_SAL@DF_B3000(1.0),Domestic payroll employment by economic activity,I,PERS,Persons,SAL_INT,Domestic payroll employment,Q,Quarterly,_Z,Not applicable,K,Financial and insurance activities,Y,Calendar and seasonally adjusted data,_Z,Not applicable,2024-Q3,,54907.780141031,,0,Units,,,0,Zero,,
DATAFLOW,LU1:DSD_EMPLOI_SAL@DF_B3000(1.0),Domestic payroll employment by economic activity,I,PERS,Persons,SAL_INT,Domestic payroll employment,Q,Quarterly,_Z,Not applicable,K,Financial and insurance activities,Y,Calendar and seasonally adjusted data,_Z,Not applicable,2024-Q4,,55020.5965359574,,0,Units,,,0,Zero,,
DATAFLOW,LU1:DSD_EMPLOI_SAL@DF_B3000(1.0),Domestic payroll employment by economic activity,I,PERS,Persons,SAL_INT,Domestic payroll employment,Q,Quarterly,_Z,Not applicable,K,Financial and insurance activities,Y,Calendar and seasonally adjusted data,_Z,Not applicable,2025-Q1,,55124.2607487094,,0,Units,,,0,Zero,,
DATAFLOW,LU1:DSD_EMPLOI_SAL@DF_B3000(1.0),Domestic payroll employment by economic activity,I,PERS,Persons,SAL_INT,Domestic payroll employment,Q,Quarterly,_Z,Not applicable,K,Financial and insurance activities,Y,Calendar and seasonally adjusted data,_Z,Not applicable,2025-Q2,,55276.5616384672,,0,Units,,,0,Zero,,
DATAFLOW,LU1:DSD_EMPLOI_SAL@DF_B3000(1.0),Domestic payroll employment by economic activity,I,PERS,Persons,SAL_INT,Domestic payroll employment,Q,Quarterly,_Z,Not applicable,K,Financial and insurance activities,Y,Calendar and seasonally adjusted data,_Z,Not applicable,2025-Q3,,55440.6004105312,,0,Units,,,0,Zero,,
DATAFLOW,LU1:DSD_EMPLOI_SAL@DF_B3000(1.0),Domestic payroll employment by economic activity,I,PERS,Persons,SAL_INT,Domestic payroll employment,Q,Quarterly,_Z,Not applicable,K,Financial and insurance activities,Y,Calendar and seasonally adjusted data,_Z,Not applicable,2025-Q4,,55435.1899468522,,0,Units,,,0,Zero,,
DATAFLOW,LU1:DSD_EMPLOI_SAL@DF_B3000(1.0),Domestic payroll employment by economic activity,I,PERS,Persons,SAL_INT,Domestic payroll employment,Q,Quarterly,_Z,Not applicable,K,Financial and insurance activities,Y,Calendar and seasonally adjusted data,_Z,Not applicable,2026-Q1,,55468.6294194126,,0,Units,,,0,Zero,,
DATAFLOW,LU1:DSD_EMPLOI_SAL@DF_B3000(1.0),Domestic payroll employment by economic activity,I,PERS,Persons,SAL_INT,Domestic payroll employment,Q,Quarterly,_Z,Not applicable,G-I,"Wholesale and retail trade, transportation and storage, accommodation and food service activities",Y,Calendar and seasonally adjusted data,_Z,Not applicable,1995-Q1,,50345.7894369662,,0,Units,,,0,Zero,,
DATAFLOW,LU1:DSD_EMPLOI_SAL@DF_B3000(1.0),Domestic payroll employment by economic activity,I,PERS,Persons,SAL_INT,Domestic payroll employment,Q,Quarterly,_Z,Not applicable,G-I,"Wholesale and retail trade, transportation and storage, accommodation and food service activities",Y,Calendar and seasonally adjusted data,_Z,Not applicable,1995-Q2,,50382.510074675,,0,Units,,,0,Zero,,
DATAFLOW,LU1:DSD_EMPLOI_SAL@DF_B3000(1.0),Domestic payroll employment by economic activity,I,PERS,Persons,SAL_INT,Domestic payroll employment,Q,Quarterly,_Z,Not applicable,G-I,"Wholesale and retail trade, transportation and storage, accommodation and food service activities",Y,Calendar and seasonally adjusted data,_Z,Not applicable,1995-Q3,,50706.7081506589,,0,Units,,,0,Zero,,
DATAFLOW,LU1:DSD_EMPLOI_SAL@DF_B3000(1.0),Domestic payroll employment by economic activity,I,PERS,Persons,SAL_INT,Domestic payroll employment,Q,Quarterly,_Z,Not applicable,G-I,"Wholesale and retail trade, transportation and storage, accommodation and food service activities",Y,Calendar and seasonally adjusted data,_Z,Not applicable,1995-Q4,,50902.1558411258,,0,Units,,,0,Zero,,
DATAFLOW,LU1:DSD_EMPLOI_SAL@DF_B3000(1.0),Domestic payroll employment by economic activity,I,PERS,Persons,SAL_INT,Domestic payroll employment,Q,Quarterly,_Z,Not applicable,G-I,"Wholesale and retail trade, transportation and storage, accommodation and food service activities",Y,Calendar and seasonally adjusted data,_Z,Not applicable,1996-Q1,,52318.7886810607,,0,Units,,,0,Zero,,
DATAFLOW,LU1:DSD_EMPLOI_SAL@DF_B3000(1.0),Domestic payroll employment by economic activity,I,PERS,Persons,SAL_INT,Domestic payroll employment,Q,Quarterly,_Z,Not applicable,G-I,"Wholesale and retail trade, transportation and storage, accommodation and food service activities",Y,Calendar and seasonally adjusted data,_Z,Not applicable,1996-Q2,,51749.3263162841,,0,Units,,,0,Zero,,
DATAFLOW,LU1:DSD_EMPLOI_SAL@DF_B3000(1.0),Domestic payroll employment by economic activity,I,PERS,Persons,SAL_INT,Domestic payroll employment,Q,Quarterly,_Z,Not applicable,G-I,"Wholesale and retail trade, transportation and storage, accommodation and food service activities",Y,Calendar and seasonally adjusted data,_Z,Not applicable,1996-Q3,,51788.8533002085,,0,Units,,,0,Zero,,
DATAFLOW,LU1:DSD_EMPLOI_SAL@DF_B3000(1.0),Domestic payroll employment by economic activity,I,PERS,Persons,SAL_INT,Domestic payroll employment,Q,Quarterly,_Z,Not applicable,G-I,"Wholesale and retail trade, transportation and storage, accommodation and food service activities",Y,Calendar and seasonally adjusted data,_Z,Not applicable,1996-Q4,,51892.6852789598,,0,Units,,,0,Zero,,
DATAFLOW,LU1:DSD_EMPLOI_SAL@DF_B3000(1.0),Domestic payroll employment by economic activity,I,PERS,Persons,SAL_INT,Domestic payroll employment,Q,Quarterly,_Z,Not applicable,G-I,"Wholesale and retail trade, transportation and storage, accommodation and food service activities",Y,Calendar and seasonally adjusted data,_Z,Not applicable,1997-Q1,,52795.6065592941,,0,Units,,,0,Zero,,
DATAFLOW,LU1:DSD_EMPLOI_SAL@DF_B3000(1.0),Domestic payroll employment by economic activity,I,PERS,Persons,SAL_INT,Domestic payroll employment,Q,Quarterly,_Z,Not applicable,G-I,"Wholesale and retail trade, transportation and storage, accommodation and food service activities",Y,Calendar and seasonally adjusted data,_Z,Not applicable,1997-Q2,,53549.1250206995,,0,Units,,,0,Zero,,
DATAFLOW,LU1:DSD_EMPLOI_SAL@DF_B3000(1.0),Domestic payroll employment by economic activity,I,PERS,Persons,SAL_INT,Domestic payroll employment,Q,Quarterly,_Z,Not applicable,G-I,"Wholesale and retail trade, transportation and storage, accommodation and food service activities",Y,Calendar and seasonally adjusted data,_Z,Not applicable,1997-Q3,,53895.3758467063,,0,Units,,,0,Zero,,
DATAFLOW,LU1:DSD_EMPLOI_SAL@DF_B3000(1.0),Domestic payroll employment by economic activity,I,PERS,Persons,SAL_INT,Domestic payroll employment,Q,Quarterly,_Z,Not applicable,G-I,"Wholesale and retail trade, transportation and storage, accommodation and food service activities",Y,Calendar and seasonally adjusted data,_Z,Not applicable,1997-Q4,,54317.6413175012,,0,Units,,,0,Zero,,
DATAFLOW,LU1:DSD_EMPLOI_SAL@DF_B3000(1.0),Domestic payroll employment by economic activity,I,PERS,Persons,SAL_INT,Domestic payroll employment,Q,Quarterly,_Z,Not applicable,G-I,"Wholesale and retail trade, transportation and storage, accommodation and food service activities",Y,Calendar and seasonally adjusted data,_Z,Not applicable,1998-Q1,,54412.9450000607,,0,Units,,,0,Zero,,
DATAFLOW,LU1:DSD_EMPLOI_SAL@DF_B3000(1.0),Domestic payroll employment by economic activity,I,PERS,Persons,SAL_INT,Domestic payroll employment,Q,Quarterly,_Z,Not applicable,G-I,"Wholesale and retail trade, transportation and storage, accommodation and food service activities",Y,Calendar and seasonally adjusted data,_Z,Not applicable,1998-Q2,,55491.5933040083,,0,Units,,,0,Zero,,
DATAFLOW,LU1:DSD_EMPLOI_SAL@DF_B3000(1.0),Domestic payroll employment by economic activity,I,PERS,Persons,SAL_INT,Domestic payroll employment,Q,Quarterly,_Z,Not applicable,G-I,"Wholesale and retail trade, transportation and storage, accommodation and food service activities",Y,Calendar and seasonally adjusted data,_Z,Not applicable,1998-Q3,,56264.2224557541,,0,Units,,,0,Zero,,
DATAFLOW,LU1:DSD_EMPLOI_SAL@DF_B3000(1.0),Domestic payroll employment by economic activity,I,PERS,Persons,SAL_INT,Domestic payroll employment,Q,Quarterly,_Z,Not applicable,G-I,"Wholesale and retail trade, transportation and storage, accommodation and food service activities",Y,Calendar and seasonally adjusted data,_Z,Not applicable,1998-Q4,,56821.2909311866,,0,Units,,,0,Zero,,
DATAFLOW,LU1:DSD_EMPLOI_SAL@DF_B3000(1.0),Domestic payroll employment by economic activity,I,PERS,Persons,SAL_INT,Domestic payroll employment,Q,Quarterly,_Z,Not applicable,G-I,"Wholesale and retail trade, transportation and storage, accommodation and food service activities",Y,Calendar and seasonally adjusted data,_Z,Not applicable,1999-Q1,,57367.2689131656,,0,Units,,,0,Zero,,
DATAFLOW,LU1:DSD_EMPLOI_SAL@DF_B3000(1.0),Domestic payroll employment by economic activity,I,PERS,Persons,SAL_INT,Domestic payroll employment,Q,Quarterly,_Z,Not applicable,G-I,"Wholesale and retail trade, transportation and storage, accommodation and food service activities",Y,Calendar and seasonally adjusted data,_Z,Not applicable,1999-Q2,,58023.1398917582,,0,Units,,,0,Zero,,
DATAFLOW,LU1:DSD_EMPLOI_SAL@DF_B3000(1.0),Domestic payroll employment by economic activity,I,PERS,Persons,SAL_INT,Domestic payroll employment,Q,Quarterly,_Z,Not applicable,G-I,"Wholesale and retail trade, transportation and storage, accommodation and food service activities",Y,Calendar and seasonally adjusted data,_Z,Not applicable,1999-Q3,,58936.4666839025,,0,Units,,,0,Zero,,
DATAFLOW,LU1:DSD_EMPLOI_SAL@DF_B3000(1.0),Domestic payroll employment by economic activity,I,PERS,Persons,SAL_INT,Domestic payroll employment,Q,Quarterly,_Z,Not applicable,G-I,"Wholesale and retail trade, transportation and storage, accommodation and food service activities",Y,Calendar and seasonally adjusted data,_Z,Not applicable,1999-Q4,,59661.9461820338,,0,Units,,,0,Zero,,
DATAFLOW,LU1:DSD_EMPLOI_SAL@DF_B3000(1.0),Domestic payroll employment by economic activity,I,PERS,Persons,SAL_INT,Domestic payroll employment,Q,Quarterly,_Z,Not applicable,G-I,"Wholesale and retail trade, transportation and storage, accommodation and food service activities",Y,Calendar and seasonally adjusted data,_Z,Not applicable,2000-Q1,,59918.7262901595,,0,Units,,,0,Zero,,
DATAFLOW,LU1:DSD_EMPLOI_SAL@DF_B3000(1.0),Domestic payroll employment by economic activity,I,PERS,Persons,SAL_INT,Domestic payroll employment,Q,Quarterly,_Z,Not applicable,G-I,"Wholesale and retail trade, transportation and storage, accommodation and food service activities",Y,Calendar and seasonally adjusted data,_Z,Not applicable,2000-Q2,,60343.4583130447,,0,Units,,,0,Zero,,
DATAFLOW,LU1:DSD_EMPLOI_SAL@DF_B3000(1.0),Domestic payroll employment by economic activity,I,PERS,Persons,SAL_INT,Domestic payroll employment,Q,Quarterly,_Z,Not applicable,G-I,"Wholesale and retail trade, transportation and storage, accommodation and food service activities",Y,Calendar and seasonally adjusted data,_Z,Not applicable,2000-Q3,,60937.8939083211,,0,Units,,,0,Zero,,
DATAFLOW,LU1:DSD_EMPLOI_SAL@DF_B3000(1.0),Domestic payroll employment by economic activity,I,PERS,Persons,SAL_INT,Domestic payroll employment,Q,Quarterly,_Z,Not applicable,G-I,"Wholesale and retail trade, transportation and storage, accommodation and food service activities",Y,Calendar and seasonally adjusted data,_Z,Not applicable,2000-Q4,,61941.3331315798,,0,Units,,,0,Zero,,
DATAFLOW,LU1:DSD_EMPLOI_SAL@DF_B3000(1.0),Domestic payroll employment by economic activity,I,PERS,Persons,SAL_INT,Domestic payroll employment,Q,Quarterly,_Z,Not applicable,G-I,"Wholesale and retail trade, transportation and storage, accommodation and food service activities",Y,Calendar and seasonally adjusted data,_Z,Not applicable,2001-Q1,,62804.3074801227,,0,Units,,,0,Zero,,
DATAFLOW,LU1:DSD_EMPLOI_SAL@DF_B3000(1.0),Domestic payroll employment by economic activity,I,PERS,Persons,SAL_INT,Domestic payroll employment,Q,Quarterly,_Z,Not applicable,G-I,"Wholesale and retail trade, transportation and storage, accommodation and food service activities",Y,Calendar and seasonally adjusted data,_Z,Not applicable,2001-Q2,,63414.4856645334,,0,Units,,,0,Zero,,
DATAFLOW,LU1:DSD_EMPLOI_SAL@DF_B3000(1.0),Domestic payroll employment by economic activity,I,PERS,Persons,SAL_INT,Domestic payroll employment,Q,Quarterly,_Z,Not applicable,G-I,"Wholesale and retail trade, transportation and storage, accommodation and food service activities",Y,Calendar and seasonally adjusted data,_Z,Not applicable,2001-Q3,,64062.8269829084,,0,Units,,,0,Zero,,
DATAFLOW,LU1:DSD_EMPLOI_SAL@DF_B3000(1.0),Domestic payroll employment by economic activity,I,PERS,Persons,SAL_INT,Domestic payroll employment,Q,Quarterly,_Z,Not applicable,G-I,"Wholesale and retail trade, transportation and storage, accommodation and food service activities",Y,Calendar and seasonally adjusted data,_Z,Not applicable,2001-Q4,,64450.9186830536,,0,Units,,,0,Zero,,
DATAFLOW,LU1:DSD_EMPLOI_SAL@DF_B3000(1.0),Domestic payroll employment by economic activity,I,PERS,Persons,SAL_INT,Domestic payroll employment,Q,Quarterly,_Z,Not applicable,G-I,"Wholesale and retail trade, transportation and storage, accommodation and food service activities",Y,Calendar and seasonally adjusted data,_Z,Not applicable,2002-Q1,,65266.2222974488,,0,Units,,,0,Zero,,
DATAFLOW,LU1:DSD_EMPLOI_SAL@DF_B3000(1.0),Domestic payroll employment by economic activity,I,PERS,Persons,SAL_INT,Domestic payroll employment,Q,Quarterly,_Z,Not applicable,G-I,"Wholesale and retail trade, transportation and storage, accommodation and food service activities",Y,Calendar and seasonally adjusted data,_Z,Not applicable,2002-Q2,,65525.9446484264,,0,Units,,,0,Zero,,
DATAFLOW,LU1:DSD_EMPLOI_SAL@DF_B3000(1.0),Domestic payroll employment by economic activity,I,PERS,Persons,SAL_INT,Domestic payroll employment,Q,Quarterly,_Z,Not applicable,G-I,"Wholesale and retail trade, transportation and storage, accommodation and food service activities",Y,Calendar and seasonally adjusted data,_Z,Not applicable,2002-Q3,,65816.6802633303,,0,Units,,,0,Zero,,
DATAFLOW,LU1:DSD_EMPLOI_SAL@DF_B3000(1.0),Domestic payroll employment by economic activity,I,PERS,Persons,SAL_INT,Domestic payroll employment,Q,Quarterly,_Z,Not applicable,G-I,"Wholesale and retail trade, transportation and storage, accommodation and food service activities",Y,Calendar and seasonally adjusted data,_Z,Not applicable,2002-Q4,,66276.7229119006,,0,Units,,,0,Zero,,
DATAFLOW,LU1:DSD_EMPLOI_SAL@DF_B3000(1.0),Domestic payroll employment by economic activity,I,PERS,Persons,SAL_INT,Domestic payroll employment,Q,Quarterly,_Z,Not applicable,G-I,"Wholesale and retail trade, transportation and storage, accommodation and food service activities",Y,Calendar and seasonally adjusted data,_Z,Not applicable,2003-Q1,,66520.1657519541,,0,Units,,,0,Zero,,
DATAFLOW,LU1:DSD_EMPLOI_SAL@DF_B3000(1.0),Domestic payroll employment by economic activity,I,PERS,Persons,SAL_INT,Domestic payroll employment,Q,Quarterly,_Z,Not applicable,G-I,"Wholesale and retail trade, transportation and storage, accommodation and food service activities",Y,Calendar and seasonally adjusted data,_Z,Not applicable,2003-Q2,,66772.6932069368,,0,Units,,,0,Zero,,
DATAFLOW,LU1:DSD_EMPLOI_SAL@DF_B3000(1.0),Domestic payroll employment by economic activity,I,PERS,Persons,SAL_INT,Domestic payroll employment,Q,Quarterly,_Z,Not applicable,G-I,"Wholesale and retail trade, transportation and storage, accommodation and food service activities",Y,Calendar and seasonally adjusted data,_Z,Not applicable,2003-Q3,,67134.2073718865,,0,Units,,,0,Zero,,
DATAFLOW,LU1:DSD_EMPLOI_SAL@DF_B3000(1.0),Domestic payroll employment by economic activity,I,PERS,Persons,SAL_INT,Domestic payroll employment,Q,Quarterly,_Z,Not applicable,G-I,"Wholesale and retail trade, transportation and storage, accommodation and food service activities",Y,Calendar and seasonally adjusted data,_Z,Not applicable,2003-Q4,,67719.1158871254,,0,Units,,,0,Zero,,
DATAFLOW,LU1:DSD_EMPLOI_SAL@DF_B3000(1.0),Domestic payroll employment by economic activity,I,PERS,Persons,SAL_INT,Domestic payroll employment,Q,Quarterly,_Z,Not applicable,G-I,"Wholesale and retail trade, transportation and storage, accommodation and food service activities",Y,Calendar and seasonally adjusted data,_Z,Not applicable,2004-Q1,,67787.6877198124,,0,Units,,,0,Zero,,
DATAFLOW,LU1:DSD_EMPLOI_SAL@DF_B3000(1.0),Domestic payroll employment by economic activity,I,PERS,Persons,SAL_INT,Domestic payroll employment,Q,Quarterly,_Z,Not applicable,G-I,"Wholesale and retail trade, transportation and storage, accommodation and food service activities",Y,Calendar and seasonally adjusted data,_Z,Not applicable,2004-Q2,,68257.0539515297,,0,Units,,,0,Zero,,
DATAFLOW,LU1:DSD_EMPLOI_SAL@DF_B3000(1.0),Domestic payroll employment by economic activity,I,PERS,Persons,SAL_INT,Domestic payroll employment,Q,Quarterly,_Z,Not applicable,G-I,"Wholesale and retail trade, transportation and storage, accommodation and food service activities",Y,Calendar and seasonally adjusted data,_Z,Not applicable,2004-Q3,,68603.6387378435,,0,Units,,,0,Zero,,
DATAFLOW,LU1:DSD_EMPLOI_SAL@DF_B3000(1.0),Domestic payroll employment by economic activity,I,PERS,Persons,SAL_INT,Domestic payroll employment,Q,Quarterly,_Z,Not applicable,G-I,"Wholesale and retail trade, transportation and storage, accommodation and food service activities",Y,Calendar and seasonally adjusted data,_Z,Not applicable,2004-Q4,,68702.0392760863,,0,Units,,,0,Zero,,
DATAFLOW,LU1:DSD_EMPLOI_SAL@DF_B3000(1.0),Domestic payroll employment by economic activity,I,PERS,Persons,SAL_INT,Domestic payroll employment,Q,Quarterly,_Z,Not applicable,G-I,"Wholesale and retail trade, transportation and storage, accommodation and food service activities",Y,Calendar and seasonally adjusted data,_Z,Not applicable,2005-Q1,,69251.0275061743,,0,Units,,,0,Zero,,
DATAFLOW,LU1:DSD_EMPLOI_SAL@DF_B3000(1.0),Domestic payroll employment by economic activity,I,PERS,Persons,SAL_INT,Domestic payroll employment,Q,Quarterly,_Z,Not applicable,G-I,"Wholesale and retail trade, transportation and storage, accommodation and food service activities",Y,Calendar and seasonally adjusted data,_Z,Not applicable,2005-Q2,,69737.228224748,,0,Units,,,0,Zero,,
DATAFLOW,LU1:DSD_EMPLOI_SAL@DF_B3000(1.0),Domestic payroll employment by economic activity,I,PERS,Persons,SAL_INT,Domestic payroll employment,Q,Quarterly,_Z,Not applicable,G-I,"Wholesale and retail trade, transportation and storage, accommodation and food service activities",Y,Calendar and seasonally adjusted data,_Z,Not applicable,2005-Q3,,70104.5970153077,,0,Units,,,0,Zero,,
DATAFLOW,LU1:DSD_EMPLOI_SAL@DF_B3000(1.0),Domestic payroll employment by economic activity,I,PERS,Persons,SAL_INT,Domestic payroll employment,Q,Quarterly,_Z,Not applicable,G-I,"Wholesale and retail trade, transportation and storage, accommodation and food service activities",Y,Calendar and seasonally adjusted data,_Z,Not applicable,2005-Q4,,70584.1233188933,,0,Units,,,0,Zero,,
DATAFLOW,LU1:DSD_EMPLOI_SAL@DF_B3000(1.0),Domestic payroll employment by economic activity,I,PERS,Persons,SAL_INT,Domestic payroll employment,Q,Quarterly,_Z,Not applicable,G-I,"Wholesale and retail trade, transportation and storage, accommodation and food service activities",Y,Calendar and seasonally adjusted data,_Z,Not applicable,2006-Q1,,71050.9012326726,,0,Units,,,0,Zero,,
DATAFLOW,LU1:DSD_EMPLOI_SAL@DF_B3000(1.0),Domestic payroll employment by economic activity,I,PERS,Persons,SAL_INT,Domestic payroll employment,Q,Quarterly,_Z,Not applicable,G-I,"Wholesale and retail trade, transportation and storage, accommodation and food service activities",Y,Calendar and seasonally adjusted data,_Z,Not applicable,2006-Q2,,71447.0432070253,,0,Units,,,0,Zero,,
DATAFLOW,LU1:DSD_EMPLOI_SAL@DF_B3000(1.0),Domestic payroll employment by economic activity,I,PERS,Persons,SAL_INT,Domestic payroll employment,Q,Quarterly,_Z,Not applicable,G-I,"Wholesale and retail trade, transportation and storage, accommodation and food service activities",Y,Calendar and seasonally adjusted data,_Z,Not applicable,2006-Q3,,71934.9485754557,,0,Units,,,0,Zero,,
DATAFLOW,LU1:DSD_EMPLOI_SAL@DF_B3000(1.0),Domestic payroll employment by economic activity,I,PERS,Persons,SAL_INT,Domestic payroll employment,Q,Quarterly,_Z,Not applicable,G-I,"Wholesale and retail trade, transportation and storage, accommodation and food service activities",Y,Calendar and seasonally adjusted data,_Z,Not applicable,2006-Q4,,72447.7787349169,,0,Units,,,0,Zero,,
DATAFLOW,LU1:DSD_EMPLOI_SAL@DF_B3000(1.0),Domestic payroll employment by economic activity,I,PERS,Persons,SAL_INT,Domestic payroll employment,Q,Quarterly,_Z,Not applicable,G-I,"Wholesale and retail trade, transportation and storage, accommodation and food service activities",Y,Calendar and seasonally adjusted data,_Z,Not applicable,2007-Q1,,73185.6174188251,,0,Units,,,0,Zero,,
DATAFLOW,LU1:DSD_EMPLOI_SAL@DF_B3000(1.0),Domestic payroll employment by economic activity,I,PERS,Persons,SAL_INT,Domestic payroll employment,Q,Quarterly,_Z,Not applicable,G-I,"Wholesale and retail trade, transportation and storage, accommodation and food service activities",Y,Calendar and seasonally adjusted data,_Z,Not applicable,2007-Q2,,73954.8880988675,,0,Units,,,0,Zero,,
DATAFLOW,LU1:DSD_EMPLOI_SAL@DF_B3000(1.0),Domestic payroll employment by economic activity,I,PERS,Persons,SAL_INT,Domestic payroll employment,Q,Quarterly,_Z,Not applicable,G-I,"Wholesale and retail trade, transportation and storage, accommodation and food service activities",Y,Calendar and seasonally adjusted data,_Z,Not applicable,2007-Q3,,74687.2594697096,,0,Units,,,0,Zero,,
DATAFLOW,LU1:DSD_EMPLOI_SAL@DF_B3000(1.0),Domestic payroll employment by economic activity,I,PERS,Persons,SAL_INT,Domestic payroll employment,Q,Quarterly,_Z,Not applicable,G-I,"Wholesale and retail trade, transportation and storage, accommodation and food service activities",Y,Calendar and seasonally adjusted data,_Z,Not applicable,2007-Q4,,75509.7148107045,,0,Units,,,0,Zero,,
DATAFLOW,LU1:DSD_EMPLOI_SAL@DF_B3000(1.0),Domestic payroll employment by economic activity,I,PERS,Persons,SAL_INT,Domestic payroll employment,Q,Quarterly,_Z,Not applicable,G-I,"Wholesale and retail trade, transportation and storage, accommodation and food service activities",Y,Calendar and seasonally adjusted data,_Z,Not applicable,2008-Q1,,76436.7027355449,,0,Units,,,0,Zero,,
DATAFLOW,LU1:DSD_EMPLOI_SAL@DF_B3000(1.0),Domestic payroll employment by economic activity,I,PERS,Persons,SAL_INT,Domestic payroll employment,Q,Quarterly,_Z,Not applicable,G-I,"Wholesale and retail trade, transportation and storage, accommodation and food service activities",Y,Calendar and seasonally adjusted data,_Z,Not applicable,2008-Q2,,77298.9942471327,,0,Units,,,0,Zero,,
DATAFLOW,LU1:DSD_EMPLOI_SAL@DF_B3000(1.0),Domestic payroll employment by economic activity,I,PERS,Persons,SAL_INT,Domestic payroll employment,Q,Quarterly,_Z,Not applicable,G-I,"Wholesale and retail trade, transportation and storage, accommodation and food service activities",Y,Calendar and seasonally adjusted data,_Z,Not applicable,2008-Q3,,78027.548513699,,0,Units,,,0,Zero,,
DATAFLOW,LU1:DSD_EMPLOI_SAL@DF_B3000(1.0),Domestic payroll employment by economic activity,I,PERS,Persons,SAL_INT,Domestic payroll employment,Q,Quarterly,_Z,Not applicable,G-I,"Wholesale and retail trade, transportation and storage, accommodation and food service activities",Y,Calendar and seasonally adjusted data,_Z,Not applicable,2008-Q4,,78591.1946664949,,0,Units,,,0,Zero,,
DATAFLOW,LU1:DSD_EMPLOI_SAL@DF_B3000(1.0),Domestic payroll employment by economic activity,I,PERS,Persons,SAL_INT,Domestic payroll employment,Q,Quarterly,_Z,Not applicable,G-I,"Wholesale and retail trade, transportation and storage, accommodation and food service activities",Y,Calendar and seasonally adjusted data,_Z,Not applicable,2009-Q1,,78580.9004194146,,0,Units,,,0,Zero,,
DATAFLOW,LU1:DSD_EMPLOI_SAL@DF_B3000(1.0),Domestic payroll employment by economic activity,I,PERS,Persons,SAL_INT,Domestic payroll employment,Q,Quarterly,_Z,Not applicable,G-I,"Wholesale and retail trade, transportation and storage, accommodation and food service activities",Y,Calendar and seasonally adjusted data,_Z,Not applicable,2009-Q2,,78333.276918022,,0,Units,,,0,Zero,,
DATAFLOW,LU1:DSD_EMPLOI_SAL@DF_B3000(1.0),Domestic payroll employment by economic activity,I,PERS,Persons,SAL_INT,Domestic payroll employment,Q,Quarterly,_Z,Not applicable,G-I,"Wholesale and retail trade, transportation and storage, accommodation and food service activities",Y,Calendar and seasonally adjusted data,_Z,Not applicable,2009-Q3,,78400.0946683548,,0,Units,,,0,Zero,,
DATAFLOW,LU1:DSD_EMPLOI_SAL@DF_B3000(1.0),Domestic payroll employment by economic activity,I,PERS,Persons,SAL_INT,Domestic payroll employment,Q,Quarterly,_Z,Not applicable,G-I,"Wholesale and retail trade, transportation and storage, accommodation and food service activities",Y,Calendar and seasonally adjusted data,_Z,Not applicable,2009-Q4,,78285.9428534352,,0,Units,,,0,Zero,,
DATAFLOW,LU1:DSD_EMPLOI_SAL@DF_B3000(1.0),Domestic payroll employment by economic activity,I,PERS,Persons,SAL_INT,Domestic payroll employment,Q,Quarterly,_Z,Not applicable,G-I,"Wholesale and retail trade, transportation and storage, accommodation and food service activities",Y,Calendar and seasonally adjusted data,_Z,Not applicable,2010-Q1,,78865.9059605201,,0,Units,,,0,Zero,,
DATAFLOW,LU1:DSD_EMPLOI_SAL@DF_B3000(1.0),Domestic payroll employment by economic activity,I,PERS,Persons,SAL_INT,Domestic payroll employment,Q,Quarterly,_Z,Not applicable,G-I,"Wholesale and retail trade, transportation and storage, accommodation and food service activities",Y,Calendar and seasonally adjusted data,_Z,Not applicable,2010-Q2,,79390.8178655899,,0,Units,,,0,Zero,,
DATAFLOW,LU1:DSD_EMPLOI_SAL@DF_B3000(1.0),Domestic payroll employment by economic activity,I,PERS,Persons,SAL_INT,Domestic payroll employment,Q,Quarterly,_Z,Not applicable,G-I,"Wholesale and retail trade, transportation and storage, accommodation and food service activities",Y,Calendar and seasonally adjusted data,_Z,Not applicable,2010-Q3,,80064.1070943508,,0,Units,,,0,Zero,,
DATAFLOW,LU1:DSD_EMPLOI_SAL@DF_B3000(1.0),Domestic payroll employment by economic activity,I,PERS,Persons,SAL_INT,Domestic payroll employment,Q,Quarterly,_Z,Not applicable,G-I,"Wholesale and retail trade, transportation and storage, accommodation and food service activities",Y,Calendar and seasonally adjusted data,_Z,Not applicable,2010-Q4,,80726.1378125642,,0,Units,,,0,Zero,,
DATAFLOW,LU1:DSD_EMPLOI_SAL@DF_B3000(1.0),Domestic payroll employment by economic activity,I,PERS,Persons,SAL_INT,Domestic payroll employment,Q,Quarterly,_Z,Not applicable,G-I,"Wholesale and retail trade, transportation and storage, accommodation and food service activities",Y,Calendar and seasonally adjusted data,_Z,Not applicable,2011-Q1,,81401.8703395559,,0,Units,,,0,Zero,,
DATAFLOW,LU1:DSD_EMPLOI_SAL@DF_B3000(1.0),Domestic payroll employment by economic activity,I,PERS,Persons,SAL_INT,Domestic payroll employment,Q,Quarterly,_Z,Not applicable,G-I,"Wholesale and retail trade, transportation and storage, accommodation and food service activities",Y,Calendar and seasonally adjusted data,_Z,Not applicable,2011-Q2,,82268.5909584588,,0,Units,,,0,Zero,,
DATAFLOW,LU1:DSD_EMPLOI_SAL@DF_B3000(1.0),Domestic payroll employment by economic activity,I,PERS,Persons,SAL_INT,Domestic payroll employment,Q,Quarterly,_Z,Not applicable,G-I,"Wholesale and retail trade, transportation and storage, accommodation and food service activities",Y,Calendar and seasonally adjusted data,_Z,Not applicable,2011-Q3,,82880.2450426275,,0,Units,,,0,Zero,,
DATAFLOW,LU1:DSD_EMPLOI_SAL@DF_B3000(1.0),Domestic payroll employment by economic activity,I,PERS,Persons,SAL_INT,Domestic payroll employment,Q,Quarterly,_Z,Not applicable,G-I,"Wholesale and retail trade, transportation and storage, accommodation and food service activities",Y,Calendar and seasonally adjusted data,_Z,Not applicable,2011-Q4,,83397.5910807769,,0,Units,,,0,Zero,,
DATAFLOW,LU1:DSD_EMPLOI_SAL@DF_B3000(1.0),Domestic payroll employment by economic activity,I,PERS,Persons,SAL_INT,Domestic payroll employment,Q,Quarterly,_Z,Not applicable,G-I,"Wholesale and retail trade, transportation and storage, accommodation and food service activities",Y,Calendar and seasonally adjusted data,_Z,Not applicable,2012-Q1,,84034.1634045271,,0,Units,,,0,Zero,,
DATAFLOW,LU1:DSD_EMPLOI_SAL@DF_B3000(1.0),Domestic payroll employment by economic activity,I,PERS,Persons,SAL_INT,Domestic payroll employment,Q,Quarterly,_Z,Not applicable,G-I,"Wholesale and retail trade, transportation and storage, accommodation and food service activities",Y,Calendar and seasonally adjusted data,_Z,Not applicable,2012-Q2,,84346.3600717782,,0,Units,,,0,Zero,,
DATAFLOW,LU1:DSD_EMPLOI_SAL@DF_B3000(1.0),Domestic payroll employment by economic activity,I,PERS,Persons,SAL_INT,Domestic payroll employment,Q,Quarterly,_Z,Not applicable,G-I,"Wholesale and retail trade, transportation and storage, accommodation and food service activities",Y,Calendar and seasonally adjusted data,_Z,Not applicable,2012-Q3,,84609.2289410143,,0,Units,,,0,Zero,,
DATAFLOW,LU1:DSD_EMPLOI_SAL@DF_B3000(1.0),Domestic payroll employment by economic activity,I,PERS,Persons,SAL_INT,Domestic payroll employment,Q,Quarterly,_Z,Not applicable,G-I,"Wholesale and retail trade, transportation and storage, accommodation and food service activities",Y,Calendar and seasonally adjusted data,_Z,Not applicable,2012-Q4,,84947.2213835245,,0,Units,,,0,Zero,,
DATAFLOW,LU1:DSD_EMPLOI_SAL@DF_B3000(1.0),Domestic payroll employment by economic activity,I,PERS,Persons,SAL_INT,Domestic payroll employment,Q,Quarterly,_Z,Not applicable,G-I,"Wholesale and retail trade, transportation and storage, accommodation and food service activities",Y,Calendar and seasonally adjusted data,_Z,Not applicable,2013-Q1,,85062.5440920927,,0,Units,,,0,Zero,,
DATAFLOW,LU1:DSD_EMPLOI_SAL@DF_B3000(1.0),Domestic payroll employment by economic activity,I,PERS,Persons,SAL_INT,Domestic payroll employment,Q,Quarterly,_Z,Not applicable,G-I,"Wholesale and retail trade, transportation and storage, accommodation and food service activities",Y,Calendar and seasonally adjusted data,_Z,Not applicable,2013-Q2,,85492.4292979989,,0,Units,,,0,Zero,,
DATAFLOW,LU1:DSD_EMPLOI_SAL@DF_B3000(1.0),Domestic payroll employment by economic activity,I,PERS,Persons,SAL_INT,Domestic payroll employment,Q,Quarterly,_Z,Not applicable,G-I,"Wholesale and retail trade, transportation and storage, accommodation and food service activities",Y,Calendar and seasonally adjusted data,_Z,Not applicable,2013-Q3,,86051.4520233387,,0,Units,,,0,Zero,,
DATAFLOW,LU1:DSD_EMPLOI_SAL@DF_B3000(1.0),Domestic payroll employment by economic activity,I,PERS,Persons,SAL_INT,Domestic payroll employment,Q,Quarterly,_Z,Not applicable,G-I,"Wholesale and retail trade, transportation and storage, accommodation and food service activities",Y,Calendar and seasonally adjusted data,_Z,Not applicable,2013-Q4,,86236.4508486328,,0,Units,,,0,Zero,,
DATAFLOW,LU1:DSD_EMPLOI_SAL@DF_B3000(1.0),Domestic payroll employment by economic activity,I,PERS,Persons,SAL_INT,Domestic payroll employment,Q,Quarterly,_Z,Not applicable,G-I,"Wholesale and retail trade, transportation and storage, accommodation and food service activities",Y,Calendar and seasonally adjusted data,_Z,Not applicable,2014-Q1,,86911.365785699,,0,Units,,,0,Zero,,
DATAFLOW,LU1:DSD_EMPLOI_SAL@DF_B3000(1.0),Domestic payroll employment by economic activity,I,PERS,Persons,SAL_INT,Domestic payroll employment,Q,Quarterly,_Z,Not applicable,G-I,"Wholesale and retail trade, transportation and storage, accommodation and food service activities",Y,Calendar and seasonally adjusted data,_Z,Not applicable,2014-Q2,,87308.9123092589,,0,Units,,,0,Zero,,
DATAFLOW,LU1:DSD_EMPLOI_SAL@DF_B3000(1.0),Domestic payroll employment by economic activity,I,PERS,Persons,SAL_INT,Domestic payroll employment,Q,Quarterly,_Z,Not applicable,G-I,"Wholesale and retail trade, transportation and storage, accommodation and food service activities",Y,Calendar and seasonally adjusted data,_Z,Not applicable,2014-Q3,,87486.4759810605,,0,Units,,,0,Zero,,
DATAFLOW,LU1:DSD_EMPLOI_SAL@DF_B3000(1.0),Domestic payroll employment by economic activity,I,PERS,Persons,SAL_INT,Domestic payroll employment,Q,Quarterly,_Z,Not applicable,G-I,"Wholesale and retail trade, transportation and storage, accommodation and food service activities",Y,Calendar and seasonally adjusted data,_Z,Not applicable,2014-Q4,,87704.9248226,,0,Units,,,0,Zero,,
DATAFLOW,LU1:DSD_EMPLOI_SAL@DF_B3000(1.0),Domestic payroll employment by economic activity,I,PERS,Persons,SAL_INT,Domestic payroll employment,Q,Quarterly,_Z,Not applicable,G-I,"Wholesale and retail trade, transportation and storage, accommodation and food service activities",Y,Calendar and seasonally adjusted data,_Z,Not applicable,2015-Q1,,87742.9810920584,,0,Units,,,0,Zero,,
DATAFLOW,LU1:DSD_EMPLOI_SAL@DF_B3000(1.0),Domestic payroll employment by economic activity,I,PERS,Persons,SAL_INT,Domestic payroll employment,Q,Quarterly,_Z,Not applicable,G-I,"Wholesale and retail trade, transportation and storage, accommodation and food service activities",Y,Calendar and seasonally adjusted data,_Z,Not applicable,2015-Q2,,88071.9575369668,,0,Units,,,0,Zero,,
DATAFLOW,LU1:DSD_EMPLOI_SAL@DF_B3000(1.0),Domestic payroll employment by economic activity,I,PERS,Persons,SAL_INT,Domestic payroll employment,Q,Quarterly,_Z,Not applicable,G-I,"Wholesale and retail trade, transportation and storage, accommodation and food service activities",Y,Calendar and seasonally adjusted data,_Z,Not applicable,2015-Q3,,88694.6670099855,,0,Units,,,0,Zero,,
DATAFLOW,LU1:DSD_EMPLOI_SAL@DF_B3000(1.0),Domestic payroll employment by economic activity,I,PERS,Persons,SAL_INT,Domestic payroll employment,Q,Quarterly,_Z,Not applicable,G-I,"Wholesale and retail trade, transportation and storage, accommodation and food service activities",Y,Calendar and seasonally adjusted data,_Z,Not applicable,2015-Q4,,89181.4135613624,,0,Units,,,0,Zero,,
DATAFLOW,LU1:DSD_EMPLOI_SAL@DF_B3000(1.0),Domestic payroll employment by economic activity,I,PERS,Persons,SAL_INT,Domestic payroll employment,Q,Quarterly,_Z,Not applicable,G-I,"Wholesale and retail trade, transportation and storage, accommodation and food service activities",Y,Calendar and seasonally adjusted data,_Z,Not applicable,2016-Q1,,89483.1333141424,,0,Units,,,0,Zero,,
DATAFLOW,LU1:DSD_EMPLOI_SAL@DF_B3000(1.0),Domestic payroll employment by economic activity,I,PERS,Persons,SAL_INT,Domestic payroll employment,Q,Quarterly,_Z,Not applicable,G-I,"Wholesale and retail trade, transportation and storage, accommodation and food service activities",Y,Calendar and seasonally adjusted data,_Z,Not applicable,2016-Q2,,89969.0879876792,,0,Units,,,0,Zero,,
DATAFLOW,LU1:DSD_EMPLOI_SAL@DF_B3000(1.0),Domestic payroll employment by economic activity,I,PERS,Persons,SAL_INT,Domestic payroll employment,Q,Quarterly,_Z,Not applicable,G-I,"Wholesale and retail trade, transportation and storage, accommodation and food service activities",Y,Calendar and seasonally adjusted data,_Z,Not applicable,2016-Q3,,90484.7145810647,,0,Units,,,0,Zero,,
DATAFLOW,LU1:DSD_EMPLOI_SAL@DF_B3000(1.0),Domestic payroll employment by economic activity,I,PERS,Persons,SAL_INT,Domestic payroll employment,Q,Quarterly,_Z,Not applicable,G-I,"Wholesale and retail trade, transportation and storage, accommodation and food service activities",Y,Calendar and seasonally adjusted data,_Z,Not applicable,2016-Q4,,91086.1913710703,,0,Units,,,0,Zero,,
DATAFLOW,LU1:DSD_EMPLOI_SAL@DF_B3000(1.0),Domestic payroll employment by economic activity,I,PERS,Persons,SAL_INT,Domestic payroll employment,Q,Quarterly,_Z,Not applicable,G-I,"Wholesale and retail trade, transportation and storage, accommodation and food service activities",Y,Calendar and seasonally adjusted data,_Z,Not applicable,2017-Q1,,91773.7874724073,,0,Units,,,0,Zero,,
DATAFLOW,LU1:DSD_EMPLOI_SAL@DF_B3000(1.0),Domestic payroll employment by economic activity,I,PERS,Persons,SAL_INT,Domestic payroll employment,Q,Quarterly,_Z,Not applicable,G-I,"Wholesale and retail trade, transportation and storage, accommodation and food service activities",Y,Calendar and seasonally adjusted data,_Z,Not applicable,2017-Q2,,92361.6770851088,,0,Units,,,0,Zero,,
DATAFLOW,LU1:DSD_EMPLOI_SAL@DF_B3000(1.0),Domestic payroll employment by economic activity,I,PERS,Persons,SAL_INT,Domestic payroll employment,Q,Quarterly,_Z,Not applicable,G-I,"Wholesale and retail trade, transportation and storage, accommodation and food service activities",Y,Calendar and seasonally adjusted data,_Z,Not applicable,2017-Q3,,93149.6208417269,,0,Units,,,0,Zero,,
DATAFLOW,LU1:DSD_EMPLOI_SAL@DF_B3000(1.0),Domestic payroll employment by economic activity,I,PERS,Persons,SAL_INT,Domestic payroll employment,Q,Quarterly,_Z,Not applicable,G-I,"Wholesale and retail trade, transportation and storage, accommodation and food service activities",Y,Calendar and seasonally adjusted data,_Z,Not applicable,2017-Q4,,94006.7658880092,,0,Units,,,0,Zero,,
DATAFLOW,LU1:DSD_EMPLOI_SAL@DF_B3000(1.0),Domestic payroll employment by economic activity,I,PERS,Persons,SAL_INT,Domestic payroll employment,Q,Quarterly,_Z,Not applicable,G-I,"Wholesale and retail trade, transportation and storage, accommodation and food service activities",Y,Calendar and seasonally adjusted data,_Z,Not applicable,2018-Q1,,94925.8601671686,,0,Units,,,0,Zero,,
DATAFLOW,LU1:DSD_EMPLOI_SAL@DF_B3000(1.0),Domestic payroll employment by economic activity,I,PERS,Persons,SAL_INT,Domestic payroll employment,Q,Quarterly,_Z,Not applicable,G-I,"Wholesale and retail trade, transportation and storage, accommodation and food service activities",Y,Calendar and seasonally adjusted data,_Z,Not applicable,2018-Q2,,95538.1923438278,,0,Units,,,0,Zero,,
DATAFLOW,LU1:DSD_EMPLOI_SAL@DF_B3000(1.0),Domestic payroll employment by economic activity,I,PERS,Persons,SAL_INT,Domestic payroll employment,Q,Quarterly,_Z,Not applicable,G-I,"Wholesale and retail trade, transportation and storage, accommodation and food service activities",Y,Calendar and seasonally adjusted data,_Z,Not applicable,2018-Q3,,96129.2405410787,,0,Units,,,0,Zero,,
DATAFLOW,LU1:DSD_EMPLOI_SAL@DF_B3000(1.0),Domestic payroll employment by economic activity,I,PERS,Persons,SAL_INT,Domestic payroll employment,Q,Quarterly,_Z,Not applicable,G-I,"Wholesale and retail trade, transportation and storage, accommodation and food service activities",Y,Calendar and seasonally adjusted data,_Z,Not applicable,2018-Q4,,96882.1357228146,,0,Units,,,0,Zero,,
DATAFLOW,LU1:DSD_EMPLOI_SAL@DF_B3000(1.0),Domestic payroll employment by economic activity,I,PERS,Persons,SAL_INT,Domestic payroll employment,Q,Quarterly,_Z,Not applicable,G-I,"Wholesale and retail trade, transportation and storage, accommodation and food service activities",Y,Calendar and seasonally adjusted data,_Z,Not applicable,2019-Q1,,98177.5431427925,,0,Units,,,0,Zero,,
DATAFLOW,LU1:DSD_EMPLOI_SAL@DF_B3000(1.0),Domestic payroll employment by economic activity,I,PERS,Persons,SAL_INT,Domestic payroll employment,Q,Quarterly,_Z,Not applicable,G-I,"Wholesale and retail trade, transportation and storage, accommodation and food service activities",Y,Calendar and seasonally adjusted data,_Z,Not applicable,2019-Q2,,99370.8075096176,,0,Units,,,0,Zero,,
DATAFLOW,LU1:DSD_EMPLOI_SAL@DF_B3000(1.0),Domestic payroll employment by economic activity,I,PERS,Persons,SAL_INT,Domestic payroll employment,Q,Quarterly,_Z,Not applicable,G-I,"Wholesale and retail trade, transportation and storage, accommodation and food service activities",Y,Calendar and seasonally adjusted data,_Z,Not applicable,2019-Q3,,99924.7315078659,,0,Units,,,0,Zero,,
DATAFLOW,LU1:DSD_EMPLOI_SAL@DF_B3000(1.0),Domestic payroll employment by economic activity,I,PERS,Persons,SAL_INT,Domestic payroll employment,Q,Quarterly,_Z,Not applicable,G-I,"Wholesale and retail trade, transportation and storage, accommodation and food service activities",Y,Calendar and seasonally adjusted data,_Z,Not applicable,2019-Q4,,100496.365796714,,0,Units,,,0,Zero,,
DATAFLOW,LU1:DSD_EMPLOI_SAL@DF_B3000(1.0),Domestic payroll employment by economic activity,I,PERS,Persons,SAL_INT,Domestic payroll employment,Q,Quarterly,_Z,Not applicable,G-I,"Wholesale and retail trade, transportation and storage, accommodation and food service activities",Y,Calendar and seasonally adjusted data,_Z,Not applicable,2020-Q1,,100714.056977236,,0,Units,,,0,Zero,,
DATAFLOW,LU1:DSD_EMPLOI_SAL@DF_B3000(1.0),Domestic payroll employment by economic activity,I,PERS,Persons,SAL_INT,Domestic payroll employment,Q,Quarterly,_Z,Not applicable,G-I,"Wholesale and retail trade, transportation and storage, accommodation and food service activities",Y,Calendar and seasonally adjusted data,_Z,Not applicable,2020-Q2,,98407.6245056591,,0,Units,,,0,Zero,,
DATAFLOW,LU1:DSD_EMPLOI_SAL@DF_B3000(1.0),Domestic payroll employment by economic activity,I,PERS,Persons,SAL_INT,Domestic payroll employment,Q,Quarterly,_Z,Not applicable,G-I,"Wholesale and retail trade, transportation and storage, accommodation and food service activities",Y,Calendar and seasonally adjusted data,_Z,Not applicable,2020-Q3,,99100.5725791919,,0,Units,,,0,Zero,,
DATAFLOW,LU1:DSD_EMPLOI_SAL@DF_B3000(1.0),Domestic payroll employment by economic activity,I,PERS,Persons,SAL_INT,Domestic payroll employment,Q,Quarterly,_Z,Not applicable,G-I,"Wholesale and retail trade, transportation and storage, accommodation and food service activities",Y,Calendar and seasonally adjusted data,_Z,Not applicable,2020-Q4,,98671.0020799898,,0,Units,,,0,Zero,,
DATAFLOW,LU1:DSD_EMPLOI_SAL@DF_B3000(1.0),Domestic payroll employment by economic activity,I,PERS,Persons,SAL_INT,Domestic payroll employment,Q,Quarterly,_Z,Not applicable,G-I,"Wholesale and retail trade, transportation and storage, accommodation and food service activities",Y,Calendar and seasonally adjusted data,_Z,Not applicable,2021-Q1,,98507.9588349551,,0,Units,,,0,Zero,,
DATAFLOW,LU1:DSD_EMPLOI_SAL@DF_B3000(1.0),Domestic payroll employment by economic activity,I,PERS,Persons,SAL_INT,Domestic payroll employment,Q,Quarterly,_Z,Not applicable,G-I,"Wholesale and retail trade, transportation and storage, accommodation and food service activities",Y,Calendar and seasonally adjusted data,_Z,Not applicable,2021-Q2,,98916.6059083567,,0,Units,,,0,Zero,,
DATAFLOW,LU1:DSD_EMPLOI_SAL@DF_B3000(1.0),Domestic payroll employment by economic activity,I,PERS,Persons,SAL_INT,Domestic payroll employment,Q,Quarterly,_Z,Not applicable,G-I,"Wholesale and retail trade, transportation and storage, accommodation and food service activities",Y,Calendar and seasonally adjusted data,_Z,Not applicable,2021-Q3,,100207.706791948,,0,Units,,,0,Zero,,
DATAFLOW,LU1:DSD_EMPLOI_SAL@DF_B3000(1.0),Domestic payroll employment by economic activity,I,PERS,Persons,SAL_INT,Domestic payroll employment,Q,Quarterly,_Z,Not applicable,G-I,"Wholesale and retail trade, transportation and storage, accommodation and food service activities",Y,Calendar and seasonally adjusted data,_Z,Not applicable,2021-Q4,,101154.977254824,,0,Units,,,0,Zero,,
DATAFLOW,LU1:DSD_EMPLOI_SAL@DF_B3000(1.0),Domestic payroll employment by economic activity,I,PERS,Persons,SAL_INT,Domestic payroll employment,Q,Quarterly,_Z,Not applicable,G-I,"Wholesale and retail trade, transportation and storage, accommodation and food service activities",Y,Calendar and seasonally adjusted data,_Z,Not applicable,2022-Q1,,101913.288786556,,0,Units,,,0,Zero,,
DATAFLOW,LU1:DSD_EMPLOI_SAL@DF_B3000(1.0),Domestic payroll employment by economic activity,I,PERS,Persons,SAL_INT,Domestic payroll employment,Q,Quarterly,_Z,Not applicable,G-I,"Wholesale and retail trade, transportation and storage, accommodation and food service activities",Y,Calendar and seasonally adjusted data,_Z,Not applicable,2022-Q2,,102497.188382408,,0,Units,,,0,Zero,,
DATAFLOW,LU1:DSD_EMPLOI_SAL@DF_B3000(1.0),Domestic payroll employment by economic activity,I,PERS,Persons,SAL_INT,Domestic payroll employment,Q,Quarterly,_Z,Not applicable,G-I,"Wholesale and retail trade, transportation and storage, accommodation and food service activities",Y,Calendar and seasonally adjusted data,_Z,Not applicable,2022-Q3,,102985.329276576,,0,Units,,,0,Zero,,
DATAFLOW,LU1:DSD_EMPLOI_SAL@DF_B3000(1.0),Domestic payroll employment by economic activity,I,PERS,Persons,SAL_INT,Domestic payroll employment,Q,Quarterly,_Z,Not applicable,G-I,"Wholesale and retail trade, transportation and storage, accommodation and food service activities",Y,Calendar and seasonally adjusted data,_Z,Not applicable,2022-Q4,,103655.367354575,,0,Units,,,0,Zero,,
DATAFLOW,LU1:DSD_EMPLOI_SAL@DF_B3000(1.0),Domestic payroll employment by economic activity,I,PERS,Persons,SAL_INT,Domestic payroll employment,Q,Quarterly,_Z,Not applicable,G-I,"Wholesale and retail trade, transportation and storage, accommodation and food service activities",Y,Calendar and seasonally adjusted data,_Z,Not applicable,2023-Q1,,104014.38085904,,0,Units,,,0,Zero,,
DATAFLOW,LU1:DSD_EMPLOI_SAL@DF_B3000(1.0),Domestic payroll employment by economic activity,I,PERS,Persons,SAL_INT,Domestic payroll employment,Q,Quarterly,_Z,Not applicable,G-I,"Wholesale and retail trade, transportation and storage, accommodation and food service activities",Y,Calendar and seasonally adjusted data,_Z,Not applicable,2023-Q2,,104467.354913572,,0,Units,,,0,Zero,,
DATAFLOW,LU1:DSD_EMPLOI_SAL@DF_B3000(1.0),Domestic payroll employment by economic activity,I,PERS,Persons,SAL_INT,Domestic payroll employment,Q,Quarterly,_Z,Not applicable,G-I,"Wholesale and retail trade, transportation and storage, accommodation and food service activities",Y,Calendar and seasonally adjusted data,_Z,Not applicable,2023-Q3,,105108.730496132,,0,Units,,,0,Zero,,
DATAFLOW,LU1:DSD_EMPLOI_SAL@DF_B3000(1.0),Domestic payroll employment by economic activity,I,PERS,Persons,SAL_INT,Domestic payroll employment,Q,Quarterly,_Z,Not applicable,G-I,"Wholesale and retail trade, transportation and storage, accommodation and food service activities",Y,Calendar and seasonally adjusted data,_Z,Not applicable,2023-Q4,,105425.773671986,,0,Units,,,0,Zero,,
DATAFLOW,LU1:DSD_EMPLOI_SAL@DF_B3000(1.0),Domestic payroll employment by economic activity,I,PERS,Persons,SAL_INT,Domestic payroll employment,Q,Quarterly,_Z,Not applicable,G-I,"Wholesale and retail trade, transportation and storage, accommodation and food service activities",Y,Calendar and seasonally adjusted data,_Z,Not applicable,2024-Q1,,106796.509202843,,0,Units,,,0,Zero,,
DATAFLOW,LU1:DSD_EMPLOI_SAL@DF_B3000(1.0),Domestic payroll employment by economic activity,I,PERS,Persons,SAL_INT,Domestic payroll employment,Q,Quarterly,_Z,Not applicable,G-I,"Wholesale and retail trade, transportation and storage, accommodation and food service activities",Y,Calendar and seasonally adjusted data,_Z,Not applicable,2024-Q2,,106384.843096264,,0,Units,,,0,Zero,,
DATAFLOW,LU1:DSD_EMPLOI_SAL@DF_B3000(1.0),Domestic payroll employment by economic activity,I,PERS,Persons,SAL_INT,Domestic payroll employment,Q,Quarterly,_Z,Not applicable,G-I,"Wholesale and retail trade, transportation and storage, accommodation and food service activities",Y,Calendar and seasonally adjusted data,_Z,Not applicable,2024-Q3,,106122.402401493,,0,Units,,,0,Zero,,
DATAFLOW,LU1:DSD_EMPLOI_SAL@DF_B3000(1.0),Domestic payroll employment by economic activity,I,PERS,Persons,SAL_INT,Domestic payroll employment,Q,Quarterly,_Z,Not applicable,G-I,"Wholesale and retail trade, transportation and storage, accommodation and food service activities",Y,Calendar and seasonally adjusted data,_Z,Not applicable,2024-Q4,,106248.330225527,,0,Units,,,0,Zero,,
DATAFLOW,LU1:DSD_EMPLOI_SAL@DF_B3000(1.0),Domestic payroll employment by economic activity,I,PERS,Persons,SAL_INT,Domestic payroll employment,Q,Quarterly,_Z,Not applicable,G-I,"Wholesale and retail trade, transportation and storage, accommodation and food service activities",Y,Calendar and seasonally adjusted data,_Z,Not applicable,2025-Q1,,106787.715721173,,0,Units,,,0,Zero,,
DATAFLOW,LU1:DSD_EMPLOI_SAL@DF_B3000(1.0),Domestic payroll employment by economic activity,I,PERS,Persons,SAL_INT,Domestic payroll employment,Q,Quarterly,_Z,Not applicable,G-I,"Wholesale and retail trade, transportation and storage, accommodation and food service activities",Y,Calendar and seasonally adjusted data,_Z,Not applicable,2025-Q2,,107081.463594315,,0,Units,,,0,Zero,,
DATAFLOW,LU1:DSD_EMPLOI_SAL@DF_B3000(1.0),Domestic payroll employment by economic activity,I,PERS,Persons,SAL_INT,Domestic payroll employment,Q,Quarterly,_Z,Not applicable,G-I,"Wholesale and retail trade, transportation and storage, accommodation and food service activities",Y,Calendar and seasonally adjusted data,_Z,Not applicable,2025-Q3,,107261.717763862,,0,Units,,,0,Zero,,
DATAFLOW,LU1:DSD_EMPLOI_SAL@DF_B3000(1.0),Domestic payroll employment by economic activity,I,PERS,Persons,SAL_INT,Domestic payroll employment,Q,Quarterly,_Z,Not applicable,G-I,"Wholesale and retail trade, transportation and storage, accommodation and food service activities",Y,Calendar and seasonally adjusted data,_Z,Not applicable,2025-Q4,,107395.832604716,,0,Units,,,0,Zero,,
DATAFLOW,LU1:DSD_EMPLOI_SAL@DF_B3000(1.0),Domestic payroll employment by economic activity,I,PERS,Persons,SAL_INT,Domestic payroll employment,Q,Quarterly,_Z,Not applicable,G-I,"Wholesale and retail trade, transportation and storage, accommodation and food service activities",Y,Calendar and seasonally adjusted data,_Z,Not applicable,2026-Q1,,107331.084464146,,0,Units,,,0,Zero,,
DATAFLOW,LU1:DSD_EMPLOI_SAL@DF_B3000(1.0),Domestic payroll employment by economic activity,I,PERS,Persons,SAL_INT,Domestic payroll employment,Q,Quarterly,_Z,Not applicable,M_N,"Professional, scientific, technical, administrative and support service activities",N,Neither seasonally adjusted nor calendar adjusted data,_Z,Not applicable,1995-Q1,,15779,,0,Units,,,0,Zero,,
DATAFLOW,LU1:DSD_EMPLOI_SAL@DF_B3000(1.0),Domestic payroll employment by economic activity,I,PERS,Persons,SAL_INT,Domestic payroll employment,Q,Quarterly,_Z,Not applicable,M_N,"Professional, scientific, technical, administrative and support service activities",N,Neither seasonally adjusted nor calendar adjusted data,_Z,Not applicable,1995-Q2,,16240,,0,Units,,,0,Zero,,
DATAFLOW,LU1:DSD_EMPLOI_SAL@DF_B3000(1.0),Domestic payroll employment by economic activity,I,PERS,Persons,SAL_INT,Domestic payroll employment,Q,Quarterly,_Z,Not applicable,M_N,"Professional, scientific, technical, administrative and support service activities",N,Neither seasonally adjusted nor calendar adjusted data,_Z,Not applicable,1995-Q3,,16725,,0,Units,,,0,Zero,,
DATAFLOW,LU1:DSD_EMPLOI_SAL@DF_B3000(1.0),Domestic payroll employment by economic activity,I,PERS,Persons,SAL_INT,Domestic payroll employment,Q,Quarterly,_Z,Not applicable,M_N,"Professional, scientific, technical, administrative and support service activities",N,Neither seasonally adjusted nor calendar adjusted data,_Z,Not applicable,1995-Q4,,16147,,0,Units,,,0,Zero,,
DATAFLOW,LU1:DSD_EMPLOI_SAL@DF_B3000(1.0),Domestic payroll employment by economic activity,I,PERS,Persons,SAL_INT,Domestic payroll employment,Q,Quarterly,_Z,Not applicable,M_N,"Professional, scientific, technical, administrative and support service activities",N,Neither seasonally adjusted nor calendar adjusted data,_Z,Not applicable,1996-Q1,,16454,,0,Units,,,0,Zero,,
DATAFLOW,LU1:DSD_EMPLOI_SAL@DF_B3000(1.0),Domestic payroll employment by economic activity,I,PERS,Persons,SAL_INT,Domestic payroll employment,Q,Quarterly,_Z,Not applicable,M_N,"Professional, scientific, technical, administrative and support service activities",N,Neither seasonally adjusted nor calendar adjusted data,_Z,Not applicable,1996-Q2,,17034,,0,Units,,,0,Zero,,
DATAFLOW,LU1:DSD_EMPLOI_SAL@DF_B3000(1.0),Domestic payroll employment by economic activity,I,PERS,Persons,SAL_INT,Domestic payroll employment,Q,Quarterly,_Z,Not applicable,M_N,"Professional, scientific, technical, administrative and support service activities",N,Neither seasonally adjusted nor calendar adjusted data,_Z,Not applicable,1996-Q3,,17609,,0,Units,,,0,Zero,,
DATAFLOW,LU1:DSD_EMPLOI_SAL@DF_B3000(1.0),Domestic payroll employment by economic activity,I,PERS,Persons,SAL_INT,Domestic payroll employment,Q,Quarterly,_Z,Not applicable,M_N,"Professional, scientific, technical, administrative and support service activities",N,Neither seasonally adjusted nor calendar adjusted data,_Z,Not applicable,1996-Q4,,17425,,0,Units,,,0,Zero,,
DATAFLOW,LU1:DSD_EMPLOI_SAL@DF_B3000(1.0),Domestic payroll employment by economic activity,I,PERS,Persons,SAL_INT,Domestic payroll employment,Q,Quarterly,_Z,Not applicable,M_N,"Professional, scientific, technical, administrative and support service activities",N,Neither seasonally adjusted nor calendar adjusted data,_Z,Not applicable,1997-Q1,,16585,,0,Units,,,0,Zero,,
DATAFLOW,LU1:DSD_EMPLOI_SAL@DF_B3000(1.0),Domestic payroll employment by economic activity,I,PERS,Persons,SAL_INT,Domestic payroll employment,Q,Quarterly,_Z,Not applicable,M_N,"Professional, scientific, technical, administrative and support service activities",N,Neither seasonally adjusted nor calendar adjusted data,_Z,Not applicable,1997-Q2,,18010,,0,Units,,,0,Zero,,
DATAFLOW,LU1:DSD_EMPLOI_SAL@DF_B3000(1.0),Domestic payroll employment by economic activity,I,PERS,Persons,SAL_INT,Domestic payroll employment,Q,Quarterly,_Z,Not applicable,M_N,"Professional, scientific, technical, administrative and support service activities",N,Neither seasonally adjusted nor calendar adjusted data,_Z,Not applicable,1997-Q3,,19155,,0,Units,,,0,Zero,,
DATAFLOW,LU1:DSD_EMPLOI_SAL@DF_B3000(1.0),Domestic payroll employment by economic activity,I,PERS,Persons,SAL_INT,Domestic payroll employment,Q,Quarterly,_Z,Not applicable,M_N,"Professional, scientific, technical, administrative and support service activities",N,Neither seasonally adjusted nor calendar adjusted data,_Z,Not applicable,1997-Q4,,19344,,0,Units,,,0,Zero,,
DATAFLOW,LU1:DSD_EMPLOI_SAL@DF_B3000(1.0),Domestic payroll employment by economic activity,I,PERS,Persons,SAL_INT,Domestic payroll employment,Q,Quarterly,_Z,Not applicable,M_N,"Professional, scientific, technical, administrative and support service activities",N,Neither seasonally adjusted nor calendar adjusted data,_Z,Not applicable,1998-Q1,,19485,,0,Units,,,0,Zero,,
DATAFLOW,LU1:DSD_EMPLOI_SAL@DF_B3000(1.0),Domestic payroll employment by economic activity,I,PERS,Persons,SAL_INT,Domestic payroll employment,Q,Quarterly,_Z,Not applicable,M_N,"Professional, scientific, technical, administrative and support service activities",N,Neither seasonally adjusted nor calendar adjusted data,_Z,Not applicable,1998-Q2,,20531,,0,Units,,,0,Zero,,
DATAFLOW,LU1:DSD_EMPLOI_SAL@DF_B3000(1.0),Domestic payroll employment by economic activity,I,PERS,Persons,SAL_INT,Domestic payroll employment,Q,Quarterly,_Z,Not applicable,M_N,"Professional, scientific, technical, administrative and support service activities",N,Neither seasonally adjusted nor calendar adjusted data,_Z,Not applicable,1998-Q3,,21471,,0,Units,,,0,Zero,,
DATAFLOW,LU1:DSD_EMPLOI_SAL@DF_B3000(1.0),Domestic payroll employment by economic activity,I,PERS,Persons,SAL_INT,Domestic payroll employment,Q,Quarterly,_Z,Not applicable,M_N,"Professional, scientific, technical, administrative and support service activities",N,Neither seasonally adjusted nor calendar adjusted data,_Z,Not applicable,1998-Q4,,21311,,0,Units,,,0,Zero,,
DATAFLOW,LU1:DSD_EMPLOI_SAL@DF_B3000(1.0),Domestic payroll employment by economic activity,I,PERS,Persons,SAL_INT,Domestic payroll employment,Q,Quarterly,_Z,Not applicable,M_N,"Professional, scientific, technical, administrative and support service activities",N,Neither seasonally adjusted nor calendar adjusted data,_Z,Not applicable,1999-Q1,,22438,,0,Units,,,0,Zero,,
DATAFLOW,LU1:DSD_EMPLOI_SAL@DF_B3000(1.0),Domestic payroll employment by economic activity,I,PERS,Persons,SAL_INT,Domestic payroll employment,Q,Quarterly,_Z,Not applicable,M_N,"Professional, scientific, technical, administrative and support service activities",N,Neither seasonally adjusted nor calendar adjusted data,_Z,Not applicable,1999-Q2,,23800,,0,Units,,,0,Zero,,
DATAFLOW,LU1:DSD_EMPLOI_SAL@DF_B3000(1.0),Domestic payroll employment by economic activity,I,PERS,Persons,SAL_INT,Domestic payroll employment,Q,Quarterly,_Z,Not applicable,M_N,"Professional, scientific, technical, administrative and support service activities",N,Neither seasonally adjusted nor calendar adjusted data,_Z,Not applicable,1999-Q3,,24601,,0,Units,,,0,Zero,,
DATAFLOW,LU1:DSD_EMPLOI_SAL@DF_B3000(1.0),Domestic payroll employment by economic activity,I,PERS,Persons,SAL_INT,Domestic payroll employment,Q,Quarterly,_Z,Not applicable,M_N,"Professional, scientific, technical, administrative and support service activities",N,Neither seasonally adjusted nor calendar adjusted data,_Z,Not applicable,1999-Q4,,26067,,0,Units,,,0,Zero,,
DATAFLOW,LU1:DSD_EMPLOI_SAL@DF_B3000(1.0),Domestic payroll employment by economic activity,I,PERS,Persons,SAL_INT,Domestic payroll employment,Q,Quarterly,_Z,Not applicable,M_N,"Professional, scientific, technical, administrative and support service activities",N,Neither seasonally adjusted nor calendar adjusted data,_Z,Not applicable,2000-Q1,,25917,,0,Units,,,0,Zero,,
DATAFLOW,LU1:DSD_EMPLOI_SAL@DF_B3000(1.0),Domestic payroll employment by economic activity,I,PERS,Persons,SAL_INT,Domestic payroll employment,Q,Quarterly,_Z,Not applicable,M_N,"Professional, scientific, technical, administrative and support service activities",N,Neither seasonally adjusted nor calendar adjusted data,_Z,Not applicable,2000-Q2,,27424,,0,Units,,,0,Zero,,
DATAFLOW,LU1:DSD_EMPLOI_SAL@DF_B3000(1.0),Domestic payroll employment by economic activity,I,PERS,Persons,SAL_INT,Domestic payroll employment,Q,Quarterly,_Z,Not applicable,M_N,"Professional, scientific, technical, administrative and support service activities",N,Neither seasonally adjusted nor calendar adjusted data,_Z,Not applicable,2000-Q3,,27998,,0,Units,,,0,Zero,,
DATAFLOW,LU1:DSD_EMPLOI_SAL@DF_B3000(1.0),Domestic payroll employment by economic activity,I,PERS,Persons,SAL_INT,Domestic payroll employment,Q,Quarterly,_Z,Not applicable,M_N,"Professional, scientific, technical, administrative and support service activities",N,Neither seasonally adjusted nor calendar adjusted data,_Z,Not applicable,2000-Q4,,28171,,0,Units,,,0,Zero,,
DATAFLOW,LU1:DSD_EMPLOI_SAL@DF_B3000(1.0),Domestic payroll employment by economic activity,I,PERS,Persons,SAL_INT,Domestic payroll employment,Q,Quarterly,_Z,Not applicable,M_N,"Professional, scientific, technical, administrative and support service activities",N,Neither seasonally adjusted nor calendar adjusted data,_Z,Not applicable,2001-Q1,,28551,,0,Units,,,0,Zero,,
DATAFLOW,LU1:DSD_EMPLOI_SAL@DF_B3000(1.0),Domestic payroll employment by economic activity,I,PERS,Persons,SAL_INT,Domestic payroll employment,Q,Quarterly,_Z,Not applicable,M_N,"Professional, scientific, technical, administrative and support service activities",N,Neither seasonally adjusted nor calendar adjusted data,_Z,Not applicable,2001-Q2,,29771,,0,Units,,,0,Zero,,
DATAFLOW,LU1:DSD_EMPLOI_SAL@DF_B3000(1.0),Domestic payroll employment by economic activity,I,PERS,Persons,SAL_INT,Domestic payroll employment,Q,Quarterly,_Z,Not applicable,M_N,"Professional, scientific, technical, administrative and support service activities",N,Neither seasonally adjusted nor calendar adjusted data,_Z,Not applicable,2001-Q3,,30522,,0,Units,,,0,Zero,,
DATAFLOW,LU1:DSD_EMPLOI_SAL@DF_B3000(1.0),Domestic payroll employment by economic activity,I,PERS,Persons,SAL_INT,Domestic payroll employment,Q,Quarterly,_Z,Not applicable,M_N,"Professional, scientific, technical, administrative and support service activities",N,Neither seasonally adjusted nor calendar adjusted data,_Z,Not applicable,2001-Q4,,30279,,0,Units,,,0,Zero,,
DATAFLOW,LU1:DSD_EMPLOI_SAL@DF_B3000(1.0),Domestic payroll employment by economic activity,I,PERS,Persons,SAL_INT,Domestic payroll employment,Q,Quarterly,_Z,Not applicable,M_N,"Professional, scientific, technical, administrative and support service activities",N,Neither seasonally adjusted nor calendar adjusted data,_Z,Not applicable,2002-Q1,,30697,,0,Units,,,0,Zero,,
DATAFLOW,LU1:DSD_EMPLOI_SAL@DF_B3000(1.0),Domestic payroll employment by economic activity,I,PERS,Persons,SAL_INT,Domestic payroll employment,Q,Quarterly,_Z,Not applicable,M_N,"Professional, scientific, technical, administrative and support service activities",N,Neither seasonally adjusted nor calendar adjusted data,_Z,Not applicable,2002-Q2,,31425,,0,Units,,,0,Zero,,
DATAFLOW,LU1:DSD_EMPLOI_SAL@DF_B3000(1.0),Domestic payroll employment by economic activity,I,PERS,Persons,SAL_INT,Domestic payroll employment,Q,Quarterly,_Z,Not applicable,M_N,"Professional, scientific, technical, administrative and support service activities",N,Neither seasonally adjusted nor calendar adjusted data,_Z,Not applicable,2002-Q3,,31638,,0,Units,,,0,Zero,,
DATAFLOW,LU1:DSD_EMPLOI_SAL@DF_B3000(1.0),Domestic payroll employment by economic activity,I,PERS,Persons,SAL_INT,Domestic payroll employment,Q,Quarterly,_Z,Not applicable,M_N,"Professional, scientific, technical, administrative and support service activities",N,Neither seasonally adjusted nor calendar adjusted data,_Z,Not applicable,2002-Q4,,31413,,0,Units,,,0,Zero,,
DATAFLOW,LU1:DSD_EMPLOI_SAL@DF_B3000(1.0),Domestic payroll employment by economic activity,I,PERS,Persons,SAL_INT,Domestic payroll employment,Q,Quarterly,_Z,Not applicable,M_N,"Professional, scientific, technical, administrative and support service activities",N,Neither seasonally adjusted nor calendar adjusted data,_Z,Not applicable,2003-Q1,,31444,,0,Units,,,0,Zero,,
DATAFLOW,LU1:DSD_EMPLOI_SAL@DF_B3000(1.0),Domestic payroll employment by economic activity,I,PERS,Persons,SAL_INT,Domestic payroll employment,Q,Quarterly,_Z,Not applicable,M_N,"Professional, scientific, technical, administrative and support service activities",N,Neither seasonally adjusted nor calendar adjusted data,_Z,Not applicable,2003-Q2,,31783,,0,Units,,,0,Zero,,
DATAFLOW,LU1:DSD_EMPLOI_SAL@DF_B3000(1.0),Domestic payroll employment by economic activity,I,PERS,Persons,SAL_INT,Domestic payroll employment,Q,Quarterly,_Z,Not applicable,M_N,"Professional, scientific, technical, administrative and support service activities",N,Neither seasonally adjusted nor calendar adjusted data,_Z,Not applicable,2003-Q3,,32584,,0,Units,,,0,Zero,,
DATAFLOW,LU1:DSD_EMPLOI_SAL@DF_B3000(1.0),Domestic payroll employment by economic activity,I,PERS,Persons,SAL_INT,Domestic payroll employment,Q,Quarterly,_Z,Not applicable,M_N,"Professional, scientific, technical, administrative and support service activities",N,Neither seasonally adjusted nor calendar adjusted data,_Z,Not applicable,2003-Q4,,32264,,0,Units,,,0,Zero,,
DATAFLOW,LU1:DSD_EMPLOI_SAL@DF_B3000(1.0),Domestic payroll employment by economic activity,I,PERS,Persons,SAL_INT,Domestic payroll employment,Q,Quarterly,_Z,Not applicable,M_N,"Professional, scientific, technical, administrative and support service activities",N,Neither seasonally adjusted nor calendar adjusted data,_Z,Not applicable,2004-Q1,,31918,,0,Units,,,0,Zero,,
DATAFLOW,LU1:DSD_EMPLOI_SAL@DF_B3000(1.0),Domestic payroll employment by economic activity,I,PERS,Persons,SAL_INT,Domestic payroll employment,Q,Quarterly,_Z,Not applicable,M_N,"Professional, scientific, technical, administrative and support service activities",N,Neither seasonally adjusted nor calendar adjusted data,_Z,Not applicable,2004-Q2,,33221,,0,Units,,,0,Zero,,
DATAFLOW,LU1:DSD_EMPLOI_SAL@DF_B3000(1.0),Domestic payroll employment by economic activity,I,PERS,Persons,SAL_INT,Domestic payroll employment,Q,Quarterly,_Z,Not applicable,M_N,"Professional, scientific, technical, administrative and support service activities",N,Neither seasonally adjusted nor calendar adjusted data,_Z,Not applicable,2004-Q3,,34069,,0,Units,,,0,Zero,,
DATAFLOW,LU1:DSD_EMPLOI_SAL@DF_B3000(1.0),Domestic payroll employment by economic activity,I,PERS,Persons,SAL_INT,Domestic payroll employment,Q,Quarterly,_Z,Not applicable,M_N,"Professional, scientific, technical, administrative and support service activities",N,Neither seasonally adjusted nor calendar adjusted data,_Z,Not applicable,2004-Q4,,34078,,0,Units,,,0,Zero,,
DATAFLOW,LU1:DSD_EMPLOI_SAL@DF_B3000(1.0),Domestic payroll employment by economic activity,I,PERS,Persons,SAL_INT,Domestic payroll employment,Q,Quarterly,_Z,Not applicable,M_N,"Professional, scientific, technical, administrative and support service activities",N,Neither seasonally adjusted nor calendar adjusted data,_Z,Not applicable,2005-Q1,,34001,,0,Units,,,0,Zero,,
DATAFLOW,LU1:DSD_EMPLOI_SAL@DF_B3000(1.0),Domestic payroll employment by economic activity,I,PERS,Persons,SAL_INT,Domestic payroll employment,Q,Quarterly,_Z,Not applicable,M_N,"Professional, scientific, technical, administrative and support service activities",N,Neither seasonally adjusted nor calendar adjusted data,_Z,Not applicable,2005-Q2,,34894,,0,Units,,,0,Zero,,
DATAFLOW,LU1:DSD_EMPLOI_SAL@DF_B3000(1.0),Domestic payroll employment by economic activity,I,PERS,Persons,SAL_INT,Domestic payroll employment,Q,Quarterly,_Z,Not applicable,M_N,"Professional, scientific, technical, administrative and support service activities",N,Neither seasonally adjusted nor calendar adjusted data,_Z,Not applicable,2005-Q3,,35404,,0,Units,,,0,Zero,,
DATAFLOW,LU1:DSD_EMPLOI_SAL@DF_B3000(1.0),Domestic payroll employment by economic activity,I,PERS,Persons,SAL_INT,Domestic payroll employment,Q,Quarterly,_Z,Not applicable,M_N,"Professional, scientific, technical, administrative and support service activities",N,Neither seasonally adjusted nor calendar adjusted data,_Z,Not applicable,2005-Q4,,35427,,0,Units,,,0,Zero,,
DATAFLOW,LU1:DSD_EMPLOI_SAL@DF_B3000(1.0),Domestic payroll employment by economic activity,I,PERS,Persons,SAL_INT,Domestic payroll employment,Q,Quarterly,_Z,Not applicable,M_N,"Professional, scientific, technical, administrative and support service activities",N,Neither seasonally adjusted nor calendar adjusted data,_Z,Not applicable,2006-Q1,,36569,,0,Units,,,0,Zero,,
DATAFLOW,LU1:DSD_EMPLOI_SAL@DF_B3000(1.0),Domestic payroll employment by economic activity,I,PERS,Persons,SAL_INT,Domestic payroll employment,Q,Quarterly,_Z,Not applicable,M_N,"Professional, scientific, technical, administrative and support service activities",N,Neither seasonally adjusted nor calendar adjusted data,_Z,Not applicable,2006-Q2,,38023,,0,Units,,,0,Zero,,
DATAFLOW,LU1:DSD_EMPLOI_SAL@DF_B3000(1.0),Domestic payroll employment by economic activity,I,PERS,Persons,SAL_INT,Domestic payroll employment,Q,Quarterly,_Z,Not applicable,M_N,"Professional, scientific, technical, administrative and support service activities",N,Neither seasonally adjusted nor calendar adjusted data,_Z,Not applicable,2006-Q3,,38771,,0,Units,,,0,Zero,,
DATAFLOW,LU1:DSD_EMPLOI_SAL@DF_B3000(1.0),Domestic payroll employment by economic activity,I,PERS,Persons,SAL_INT,Domestic payroll employment,Q,Quarterly,_Z,Not applicable,M_N,"Professional, scientific, technical, administrative and support service activities",N,Neither seasonally adjusted nor calendar adjusted data,_Z,Not applicable,2006-Q4,,39003,,0,Units,,,0,Zero,,
DATAFLOW,LU1:DSD_EMPLOI_SAL@DF_B3000(1.0),Domestic payroll employment by economic activity,I,PERS,Persons,SAL_INT,Domestic payroll employment,Q,Quarterly,_Z,Not applicable,M_N,"Professional, scientific, technical, administrative and support service activities",N,Neither seasonally adjusted nor calendar adjusted data,_Z,Not applicable,2007-Q1,,40113,,0,Units,,,0,Zero,,
DATAFLOW,LU1:DSD_EMPLOI_SAL@DF_B3000(1.0),Domestic payroll employment by economic activity,I,PERS,Persons,SAL_INT,Domestic payroll employment,Q,Quarterly,_Z,Not applicable,M_N,"Professional, scientific, technical, administrative and support service activities",N,Neither seasonally adjusted nor calendar adjusted data,_Z,Not applicable,2007-Q2,,41446,,0,Units,,,0,Zero,,
DATAFLOW,LU1:DSD_EMPLOI_SAL@DF_B3000(1.0),Domestic payroll employment by economic activity,I,PERS,Persons,SAL_INT,Domestic payroll employment,Q,Quarterly,_Z,Not applicable,M_N,"Professional, scientific, technical, administrative and support service activities",N,Neither seasonally adjusted nor calendar adjusted data,_Z,Not applicable,2007-Q3,,42450,,0,Units,,,0,Zero,,
DATAFLOW,LU1:DSD_EMPLOI_SAL@DF_B3000(1.0),Domestic payroll employment by economic activity,I,PERS,Persons,SAL_INT,Domestic payroll employment,Q,Quarterly,_Z,Not applicable,M_N,"Professional, scientific, technical, administrative and support service activities",N,Neither seasonally adjusted nor calendar adjusted data,_Z,Not applicable,2007-Q4,,42829,,0,Units,,,0,Zero,,
DATAFLOW,LU1:DSD_EMPLOI_SAL@DF_B3000(1.0),Domestic payroll employment by economic activity,I,PERS,Persons,SAL_INT,Domestic payroll employment,Q,Quarterly,_Z,Not applicable,M_N,"Professional, scientific, technical, administrative and support service activities",N,Neither seasonally adjusted nor calendar adjusted data,_Z,Not applicable,2008-Q1,,44285,,0,Units,,,0,Zero,,
DATAFLOW,LU1:DSD_EMPLOI_SAL@DF_B3000(1.0),Domestic payroll employment by economic activity,I,PERS,Persons,SAL_INT,Domestic payroll employment,Q,Quarterly,_Z,Not applicable,M_N,"Professional, scientific, technical, administrative and support service activities",N,Neither seasonally adjusted nor calendar adjusted data,_Z,Not applicable,2008-Q2,,45229,,0,Units,,,0,Zero,,
DATAFLOW,LU1:DSD_EMPLOI_SAL@DF_B3000(1.0),Domestic payroll employment by economic activity,I,PERS,Persons,SAL_INT,Domestic payroll employment,Q,Quarterly,_Z,Not applicable,M_N,"Professional, scientific, technical, administrative and support service activities",N,Neither seasonally adjusted nor calendar adjusted data,_Z,Not applicable,2008-Q3,,46307,,0,Units,,,0,Zero,,
DATAFLOW,LU1:DSD_EMPLOI_SAL@DF_B3000(1.0),Domestic payroll employment by economic activity,I,PERS,Persons,SAL_INT,Domestic payroll employment,Q,Quarterly,_Z,Not applicable,M_N,"Professional, scientific, technical, administrative and support service activities",N,Neither seasonally adjusted nor calendar adjusted data,_Z,Not applicable,2008-Q4,,45274,,0,Units,,,0,Zero,,
DATAFLOW,LU1:DSD_EMPLOI_SAL@DF_B3000(1.0),Domestic payroll employment by economic activity,I,PERS,Persons,SAL_INT,Domestic payroll employment,Q,Quarterly,_Z,Not applicable,M_N,"Professional, scientific, technical, administrative and support service activities",N,Neither seasonally adjusted nor calendar adjusted data,_Z,Not applicable,2009-Q1,,44971,,0,Units,,,0,Zero,,
DATAFLOW,LU1:DSD_EMPLOI_SAL@DF_B3000(1.0),Domestic payroll employment by economic activity,I,PERS,Persons,SAL_INT,Domestic payroll employment,Q,Quarterly,_Z,Not applicable,M_N,"Professional, scientific, technical, administrative and support service activities",N,Neither seasonally adjusted nor calendar adjusted data,_Z,Not applicable,2009-Q2,,45143,,0,Units,,,0,Zero,,
DATAFLOW,LU1:DSD_EMPLOI_SAL@DF_B3000(1.0),Domestic payroll employment by economic activity,I,PERS,Persons,SAL_INT,Domestic payroll employment,Q,Quarterly,_Z,Not applicable,M_N,"Professional, scientific, technical, administrative and support service activities",N,Neither seasonally adjusted nor calendar adjusted data,_Z,Not applicable,2009-Q3,,45275,,0,Units,,,0,Zero,,
DATAFLOW,LU1:DSD_EMPLOI_SAL@DF_B3000(1.0),Domestic payroll employment by economic activity,I,PERS,Persons,SAL_INT,Domestic payroll employment,Q,Quarterly,_Z,Not applicable,M_N,"Professional, scientific, technical, administrative and support service activities",N,Neither seasonally adjusted nor calendar adjusted data,_Z,Not applicable,2009-Q4,,45001,,0,Units,,,0,Zero,,
DATAFLOW,LU1:DSD_EMPLOI_SAL@DF_B3000(1.0),Domestic payroll employment by economic activity,I,PERS,Persons,SAL_INT,Domestic payroll employment,Q,Quarterly,_Z,Not applicable,M_N,"Professional, scientific, technical, administrative and support service activities",N,Neither seasonally adjusted nor calendar adjusted data,_Z,Not applicable,2010-Q1,,45743,,0,Units,,,0,Zero,,
DATAFLOW,LU1:DSD_EMPLOI_SAL@DF_B3000(1.0),Domestic payroll employment by economic activity,I,PERS,Persons,SAL_INT,Domestic payroll employment,Q,Quarterly,_Z,Not applicable,M_N,"Professional, scientific, technical, administrative and support service activities",N,Neither seasonally adjusted nor calendar adjusted data,_Z,Not applicable,2010-Q2,,47310,,0,Units,,,0,Zero,,
DATAFLOW,LU1:DSD_EMPLOI_SAL@DF_B3000(1.0),Domestic payroll employment by economic activity,I,PERS,Persons,SAL_INT,Domestic payroll employment,Q,Quarterly,_Z,Not applicable,M_N,"Professional, scientific, technical, administrative and support service activities",N,Neither seasonally adjusted nor calendar adjusted data,_Z,Not applicable,2010-Q3,,47511,,0,Units,,,0,Zero,,
DATAFLOW,LU1:DSD_EMPLOI_SAL@DF_B3000(1.0),Domestic payroll employment by economic activity,I,PERS,Persons,SAL_INT,Domestic payroll employment,Q,Quarterly,_Z,Not applicable,M_N,"Professional, scientific, technical, administrative and support service activities",N,Neither seasonally adjusted nor calendar adjusted data,_Z,Not applicable,2010-Q4,,46807,,0,Units,,,0,Zero,,
DATAFLOW,LU1:DSD_EMPLOI_SAL@DF_B3000(1.0),Domestic payroll employment by economic activity,I,PERS,Persons,SAL_INT,Domestic payroll employment,Q,Quarterly,_Z,Not applicable,M_N,"Professional, scientific, technical, administrative and support service activities",N,Neither seasonally adjusted nor calendar adjusted data,_Z,Not applicable,2011-Q1,,47413,,0,Units,,,0,Zero,,
DATAFLOW,LU1:DSD_EMPLOI_SAL@DF_B3000(1.0),Domestic payroll employment by economic activity,I,PERS,Persons,SAL_INT,Domestic payroll employment,Q,Quarterly,_Z,Not applicable,M_N,"Professional, scientific, technical, administrative and support service activities",N,Neither seasonally adjusted nor calendar adjusted data,_Z,Not applicable,2011-Q2,,48861,,0,Units,,,0,Zero,,
DATAFLOW,LU1:DSD_EMPLOI_SAL@DF_B3000(1.0),Domestic payroll employment by economic activity,I,PERS,Persons,SAL_INT,Domestic payroll employment,Q,Quarterly,_Z,Not applicable,M_N,"Professional, scientific, technical, administrative and support service activities",N,Neither seasonally adjusted nor calendar adjusted data,_Z,Not applicable,2011-Q3,,48727,,0,Units,,,0,Zero,,
DATAFLOW,LU1:DSD_EMPLOI_SAL@DF_B3000(1.0),Domestic payroll employment by economic activity,I,PERS,Persons,SAL_INT,Domestic payroll employment,Q,Quarterly,_Z,Not applicable,M_N,"Professional, scientific, technical, administrative and support service activities",N,Neither seasonally adjusted nor calendar adjusted data,_Z,Not applicable,2011-Q4,,48071,,0,Units,,,0,Zero,,
DATAFLOW,LU1:DSD_EMPLOI_SAL@DF_B3000(1.0),Domestic payroll employment by economic activity,I,PERS,Persons,SAL_INT,Domestic payroll employment,Q,Quarterly,_Z,Not applicable,M_N,"Professional, scientific, technical, administrative and support service activities",N,Neither seasonally adjusted nor calendar adjusted data,_Z,Not applicable,2012-Q1,,48939,,0,Units,,,0,Zero,,
DATAFLOW,LU1:DSD_EMPLOI_SAL@DF_B3000(1.0),Domestic payroll employment by economic activity,I,PERS,Persons,SAL_INT,Domestic payroll employment,Q,Quarterly,_Z,Not applicable,M_N,"Professional, scientific, technical, administrative and support service activities",N,Neither seasonally adjusted nor calendar adjusted data,_Z,Not applicable,2012-Q2,,50157,,0,Units,,,0,Zero,,
DATAFLOW,LU1:DSD_EMPLOI_SAL@DF_B3000(1.0),Domestic payroll employment by economic activity,I,PERS,Persons,SAL_INT,Domestic payroll employment,Q,Quarterly,_Z,Not applicable,M_N,"Professional, scientific, technical, administrative and support service activities",N,Neither seasonally adjusted nor calendar adjusted data,_Z,Not applicable,2012-Q3,,50183,,0,Units,,,0,Zero,,
DATAFLOW,LU1:DSD_EMPLOI_SAL@DF_B3000(1.0),Domestic payroll employment by economic activity,I,PERS,Persons,SAL_INT,Domestic payroll employment,Q,Quarterly,_Z,Not applicable,M_N,"Professional, scientific, technical, administrative and support service activities",N,Neither seasonally adjusted nor calendar adjusted data,_Z,Not applicable,2012-Q4,,50364,,0,Units,,,0,Zero,,
DATAFLOW,LU1:DSD_EMPLOI_SAL@DF_B3000(1.0),Domestic payroll employment by economic activity,I,PERS,Persons,SAL_INT,Domestic payroll employment,Q,Quarterly,_Z,Not applicable,M_N,"Professional, scientific, technical, administrative and support service activities",N,Neither seasonally adjusted nor calendar adjusted data,_Z,Not applicable,2013-Q1,,50484,,0,Units,,,0,Zero,,
DATAFLOW,LU1:DSD_EMPLOI_SAL@DF_B3000(1.0),Domestic payroll employment by economic activity,I,PERS,Persons,SAL_INT,Domestic payroll employment,Q,Quarterly,_Z,Not applicable,M_N,"Professional, scientific, technical, administrative and support service activities",N,Neither seasonally adjusted nor calendar adjusted data,_Z,Not applicable,2013-Q2,,52188,,0,Units,,,0,Zero,,
DATAFLOW,LU1:DSD_EMPLOI_SAL@DF_B3000(1.0),Domestic payroll employment by economic activity,I,PERS,Persons,SAL_INT,Domestic payroll employment,Q,Quarterly,_Z,Not applicable,M_N,"Professional, scientific, technical, administrative and support service activities",N,Neither seasonally adjusted nor calendar adjusted data,_Z,Not applicable,2013-Q3,,52087,,0,Units,,,0,Zero,,
DATAFLOW,LU1:DSD_EMPLOI_SAL@DF_B3000(1.0),Domestic payroll employment by economic activity,I,PERS,Persons,SAL_INT,Domestic payroll employment,Q,Quarterly,_Z,Not applicable,M_N,"Professional, scientific, technical, administrative and support service activities",N,Neither seasonally adjusted nor calendar adjusted data,_Z,Not applicable,2013-Q4,,52285,,0,Units,,,0,Zero,,
DATAFLOW,LU1:DSD_EMPLOI_SAL@DF_B3000(1.0),Domestic payroll employment by economic activity,I,PERS,Persons,SAL_INT,Domestic payroll employment,Q,Quarterly,_Z,Not applicable,M_N,"Professional, scientific, technical, administrative and support service activities",N,Neither seasonally adjusted nor calendar adjusted data,_Z,Not applicable,2014-Q1,,53339,,0,Units,,,0,Zero,,
DATAFLOW,LU1:DSD_EMPLOI_SAL@DF_B3000(1.0),Domestic payroll employment by economic activity,I,PERS,Persons,SAL_INT,Domestic payroll employment,Q,Quarterly,_Z,Not applicable,M_N,"Professional, scientific, technical, administrative and support service activities",N,Neither seasonally adjusted nor calendar adjusted data,_Z,Not applicable,2014-Q2,,54147,,0,Units,,,0,Zero,,
DATAFLOW,LU1:DSD_EMPLOI_SAL@DF_B3000(1.0),Domestic payroll employment by economic activity,I,PERS,Persons,SAL_INT,Domestic payroll employment,Q,Quarterly,_Z,Not applicable,M_N,"Professional, scientific, technical, administrative and support service activities",N,Neither seasonally adjusted nor calendar adjusted data,_Z,Not applicable,2014-Q3,,54553,,0,Units,,,0,Zero,,
DATAFLOW,LU1:DSD_EMPLOI_SAL@DF_B3000(1.0),Domestic payroll employment by economic activity,I,PERS,Persons,SAL_INT,Domestic payroll employment,Q,Quarterly,_Z,Not applicable,M_N,"Professional, scientific, technical, administrative and support service activities",N,Neither seasonally adjusted nor calendar adjusted data,_Z,Not applicable,2014-Q4,,54995,,0,Units,,,0,Zero,,
DATAFLOW,LU1:DSD_EMPLOI_SAL@DF_B3000(1.0),Domestic payroll employment by economic activity,I,PERS,Persons,SAL_INT,Domestic payroll employment,Q,Quarterly,_Z,Not applicable,M_N,"Professional, scientific, technical, administrative and support service activities",N,Neither seasonally adjusted nor calendar adjusted data,_Z,Not applicable,2015-Q1,,55905,,0,Units,,,0,Zero,,
DATAFLOW,LU1:DSD_EMPLOI_SAL@DF_B3000(1.0),Domestic payroll employment by economic activity,I,PERS,Persons,SAL_INT,Domestic payroll employment,Q,Quarterly,_Z,Not applicable,M_N,"Professional, scientific, technical, administrative and support service activities",N,Neither seasonally adjusted nor calendar adjusted data,_Z,Not applicable,2015-Q2,,57688,,0,Units,,,0,Zero,,
DATAFLOW,LU1:DSD_EMPLOI_SAL@DF_B3000(1.0),Domestic payroll employment by economic activity,I,PERS,Persons,SAL_INT,Domestic payroll employment,Q,Quarterly,_Z,Not applicable,M_N,"Professional, scientific, technical, administrative and support service activities",N,Neither seasonally adjusted nor calendar adjusted data,_Z,Not applicable,2015-Q3,,57632,,0,Units,,,0,Zero,,
DATAFLOW,LU1:DSD_EMPLOI_SAL@DF_B3000(1.0),Domestic payroll employment by economic activity,I,PERS,Persons,SAL_INT,Domestic payroll employment,Q,Quarterly,_Z,Not applicable,M_N,"Professional, scientific, technical, administrative and support service activities",N,Neither seasonally adjusted nor calendar adjusted data,_Z,Not applicable,2015-Q4,,58421,,0,Units,,,0,Zero,,
DATAFLOW,LU1:DSD_EMPLOI_SAL@DF_B3000(1.0),Domestic payroll employment by economic activity,I,PERS,Persons,SAL_INT,Domestic payroll employment,Q,Quarterly,_Z,Not applicable,M_N,"Professional, scientific, technical, administrative and support service activities",N,Neither seasonally adjusted nor calendar adjusted data,_Z,Not applicable,2016-Q1,,60239,,0,Units,,,0,Zero,,
DATAFLOW,LU1:DSD_EMPLOI_SAL@DF_B3000(1.0),Domestic payroll employment by economic activity,I,PERS,Persons,SAL_INT,Domestic payroll employment,Q,Quarterly,_Z,Not applicable,M_N,"Professional, scientific, technical, administrative and support service activities",N,Neither seasonally adjusted nor calendar adjusted data,_Z,Not applicable,2016-Q2,,61860,,0,Units,,,0,Zero,,
DATAFLOW,LU1:DSD_EMPLOI_SAL@DF_B3000(1.0),Domestic payroll employment by economic activity,I,PERS,Persons,SAL_INT,Domestic payroll employment,Q,Quarterly,_Z,Not applicable,M_N,"Professional, scientific, technical, administrative and support service activities",N,Neither seasonally adjusted nor calendar adjusted data,_Z,Not applicable,2016-Q3,,61867,,0,Units,,,0,Zero,,
DATAFLOW,LU1:DSD_EMPLOI_SAL@DF_B3000(1.0),Domestic payroll employment by economic activity,I,PERS,Persons,SAL_INT,Domestic payroll employment,Q,Quarterly,_Z,Not applicable,M_N,"Professional, scientific, technical, administrative and support service activities",N,Neither seasonally adjusted nor calendar adjusted data,_Z,Not applicable,2016-Q4,,62764,,0,Units,,,0,Zero,,
DATAFLOW,LU1:DSD_EMPLOI_SAL@DF_B3000(1.0),Domestic payroll employment by economic activity,I,PERS,Persons,SAL_INT,Domestic payroll employment,Q,Quarterly,_Z,Not applicable,M_N,"Professional, scientific, technical, administrative and support service activities",N,Neither seasonally adjusted nor calendar adjusted data,_Z,Not applicable,2017-Q1,,64279,,0,Units,,,0,Zero,,
DATAFLOW,LU1:DSD_EMPLOI_SAL@DF_B3000(1.0),Domestic payroll employment by economic activity,I,PERS,Persons,SAL_INT,Domestic payroll employment,Q,Quarterly,_Z,Not applicable,M_N,"Professional, scientific, technical, administrative and support service activities",N,Neither seasonally adjusted nor calendar adjusted data,_Z,Not applicable,2017-Q2,,66099,,0,Units,,,0,Zero,,
DATAFLOW,LU1:DSD_EMPLOI_SAL@DF_B3000(1.0),Domestic payroll employment by economic activity,I,PERS,Persons,SAL_INT,Domestic payroll employment,Q,Quarterly,_Z,Not applicable,M_N,"Professional, scientific, technical, administrative and support service activities",N,Neither seasonally adjusted nor calendar adjusted data,_Z,Not applicable,2017-Q3,,65770,,0,Units,,,0,Zero,,
DATAFLOW,LU1:DSD_EMPLOI_SAL@DF_B3000(1.0),Domestic payroll employment by economic activity,I,PERS,Persons,SAL_INT,Domestic payroll employment,Q,Quarterly,_Z,Not applicable,M_N,"Professional, scientific, technical, administrative and support service activities",N,Neither seasonally adjusted nor calendar adjusted data,_Z,Not applicable,2017-Q4,,66982,,0,Units,,,0,Zero,,
DATAFLOW,LU1:DSD_EMPLOI_SAL@DF_B3000(1.0),Domestic payroll employment by economic activity,I,PERS,Persons,SAL_INT,Domestic payroll employment,Q,Quarterly,_Z,Not applicable,M_N,"Professional, scientific, technical, administrative and support service activities",N,Neither seasonally adjusted nor calendar adjusted data,_Z,Not applicable,2018-Q1,,68250,,0,Units,,,0,Zero,,
DATAFLOW,LU1:DSD_EMPLOI_SAL@DF_B3000(1.0),Domestic payroll employment by economic activity,I,PERS,Persons,SAL_INT,Domestic payroll employment,Q,Quarterly,_Z,Not applicable,M_N,"Professional, scientific, technical, administrative and support service activities",N,Neither seasonally adjusted nor calendar adjusted data,_Z,Not applicable,2018-Q2,,70313,,0,Units,,,0,Zero,,
DATAFLOW,LU1:DSD_EMPLOI_SAL@DF_B3000(1.0),Domestic payroll employment by economic activity,I,PERS,Persons,SAL_INT,Domestic payroll employment,Q,Quarterly,_Z,Not applicable,M_N,"Professional, scientific, technical, administrative and support service activities",N,Neither seasonally adjusted nor calendar adjusted data,_Z,Not applicable,2018-Q3,,69539,,0,Units,,,0,Zero,,
DATAFLOW,LU1:DSD_EMPLOI_SAL@DF_B3000(1.0),Domestic payroll employment by economic activity,I,PERS,Persons,SAL_INT,Domestic payroll employment,Q,Quarterly,_Z,Not applicable,M_N,"Professional, scientific, technical, administrative and support service activities",N,Neither seasonally adjusted nor calendar adjusted data,_Z,Not applicable,2018-Q4,,70099,,0,Units,,,0,Zero,,
DATAFLOW,LU1:DSD_EMPLOI_SAL@DF_B3000(1.0),Domestic payroll employment by economic activity,I,PERS,Persons,SAL_INT,Domestic payroll employment,Q,Quarterly,_Z,Not applicable,M_N,"Professional, scientific, technical, administrative and support service activities",N,Neither seasonally adjusted nor calendar adjusted data,_Z,Not applicable,2019-Q1,,71990,,0,Units,,,0,Zero,,
DATAFLOW,LU1:DSD_EMPLOI_SAL@DF_B3000(1.0),Domestic payroll employment by economic activity,I,PERS,Persons,SAL_INT,Domestic payroll employment,Q,Quarterly,_Z,Not applicable,M_N,"Professional, scientific, technical, administrative and support service activities",N,Neither seasonally adjusted nor calendar adjusted data,_Z,Not applicable,2019-Q2,,73093,,0,Units,,,0,Zero,,
DATAFLOW,LU1:DSD_EMPLOI_SAL@DF_B3000(1.0),Domestic payroll employment by economic activity,I,PERS,Persons,SAL_INT,Domestic payroll employment,Q,Quarterly,_Z,Not applicable,M_N,"Professional, scientific, technical, administrative and support service activities",N,Neither seasonally adjusted nor calendar adjusted data,_Z,Not applicable,2019-Q3,,72160,,0,Units,,,0,Zero,,
DATAFLOW,LU1:DSD_EMPLOI_SAL@DF_B3000(1.0),Domestic payroll employment by economic activity,I,PERS,Persons,SAL_INT,Domestic payroll employment,Q,Quarterly,_Z,Not applicable,M_N,"Professional, scientific, technical, administrative and support service activities",N,Neither seasonally adjusted nor calendar adjusted data,_Z,Not applicable,2019-Q4,,72875,,0,Units,,,0,Zero,,
DATAFLOW,LU1:DSD_EMPLOI_SAL@DF_B3000(1.0),Domestic payroll employment by economic activity,I,PERS,Persons,SAL_INT,Domestic payroll employment,Q,Quarterly,_Z,Not applicable,M_N,"Professional, scientific, technical, administrative and support service activities",N,Neither seasonally adjusted nor calendar adjusted data,_Z,Not applicable,2020-Q1,,73115,,0,Units,,,0,Zero,,
DATAFLOW,LU1:DSD_EMPLOI_SAL@DF_B3000(1.0),Domestic payroll employment by economic activity,I,PERS,Persons,SAL_INT,Domestic payroll employment,Q,Quarterly,_Z,Not applicable,M_N,"Professional, scientific, technical, administrative and support service activities",N,Neither seasonally adjusted nor calendar adjusted data,_Z,Not applicable,2020-Q2,,71830,,0,Units,,,0,Zero,,
DATAFLOW,LU1:DSD_EMPLOI_SAL@DF_B3000(1.0),Domestic payroll employment by economic activity,I,PERS,Persons,SAL_INT,Domestic payroll employment,Q,Quarterly,_Z,Not applicable,M_N,"Professional, scientific, technical, administrative and support service activities",N,Neither seasonally adjusted nor calendar adjusted data,_Z,Not applicable,2020-Q3,,73458,,0,Units,,,0,Zero,,
DATAFLOW,LU1:DSD_EMPLOI_SAL@DF_B3000(1.0),Domestic payroll employment by economic activity,I,PERS,Persons,SAL_INT,Domestic payroll employment,Q,Quarterly,_Z,Not applicable,M_N,"Professional, scientific, technical, administrative and support service activities",N,Neither seasonally adjusted nor calendar adjusted data,_Z,Not applicable,2020-Q4,,74531,,0,Units,,,0,Zero,,
DATAFLOW,LU1:DSD_EMPLOI_SAL@DF_B3000(1.0),Domestic payroll employment by economic activity,I,PERS,Persons,SAL_INT,Domestic payroll employment,Q,Quarterly,_Z,Not applicable,M_N,"Professional, scientific, technical, administrative and support service activities",N,Neither seasonally adjusted nor calendar adjusted data,_Z,Not applicable,2021-Q1,,76416,,0,Units,,,0,Zero,,
DATAFLOW,LU1:DSD_EMPLOI_SAL@DF_B3000(1.0),Domestic payroll employment by economic activity,I,PERS,Persons,SAL_INT,Domestic payroll employment,Q,Quarterly,_Z,Not applicable,M_N,"Professional, scientific, technical, administrative and support service activities",N,Neither seasonally adjusted nor calendar adjusted data,_Z,Not applicable,2021-Q2,,77629,,0,Units,,,0,Zero,,
DATAFLOW,LU1:DSD_EMPLOI_SAL@DF_B3000(1.0),Domestic payroll employment by economic activity,I,PERS,Persons,SAL_INT,Domestic payroll employment,Q,Quarterly,_Z,Not applicable,M_N,"Professional, scientific, technical, administrative and support service activities",N,Neither seasonally adjusted nor calendar adjusted data,_Z,Not applicable,2021-Q3,,76968,,0,Units,,,0,Zero,,
DATAFLOW,LU1:DSD_EMPLOI_SAL@DF_B3000(1.0),Domestic payroll employment by economic activity,I,PERS,Persons,SAL_INT,Domestic payroll employment,Q,Quarterly,_Z,Not applicable,M_N,"Professional, scientific, technical, administrative and support service activities",N,Neither seasonally adjusted nor calendar adjusted data,_Z,Not applicable,2021-Q4,,77570,,0,Units,,,0,Zero,,
DATAFLOW,LU1:DSD_EMPLOI_SAL@DF_B3000(1.0),Domestic payroll employment by economic activity,I,PERS,Persons,SAL_INT,Domestic payroll employment,Q,Quarterly,_Z,Not applicable,M_N,"Professional, scientific, technical, administrative and support service activities",N,Neither seasonally adjusted nor calendar adjusted data,_Z,Not applicable,2022-Q1,,79437,,0,Units,,,0,Zero,,
DATAFLOW,LU1:DSD_EMPLOI_SAL@DF_B3000(1.0),Domestic payroll employment by economic activity,I,PERS,Persons,SAL_INT,Domestic payroll employment,Q,Quarterly,_Z,Not applicable,M_N,"Professional, scientific, technical, administrative and support service activities",N,Neither seasonally adjusted nor calendar adjusted data,_Z,Not applicable,2022-Q2,,81187,,0,Units,,,0,Zero,,
DATAFLOW,LU1:DSD_EMPLOI_SAL@DF_B3000(1.0),Domestic payroll employment by economic activity,I,PERS,Persons,SAL_INT,Domestic payroll employment,Q,Quarterly,_Z,Not applicable,M_N,"Professional, scientific, technical, administrative and support service activities",N,Neither seasonally adjusted nor calendar adjusted data,_Z,Not applicable,2022-Q3,,80353,,0,Units,,,0,Zero,,
DATAFLOW,LU1:DSD_EMPLOI_SAL@DF_B3000(1.0),Domestic payroll employment by economic activity,I,PERS,Persons,SAL_INT,Domestic payroll employment,Q,Quarterly,_Z,Not applicable,M_N,"Professional, scientific, technical, administrative and support service activities",N,Neither seasonally adjusted nor calendar adjusted data,_Z,Not applicable,2022-Q4,,80541,,0,Units,,,0,Zero,,
DATAFLOW,LU1:DSD_EMPLOI_SAL@DF_B3000(1.0),Domestic payroll employment by economic activity,I,PERS,Persons,SAL_INT,Domestic payroll employment,Q,Quarterly,_Z,Not applicable,M_N,"Professional, scientific, technical, administrative and support service activities",N,Neither seasonally adjusted nor calendar adjusted data,_Z,Not applicable,2023-Q1,,81917,,0,Units,,,0,Zero,,
DATAFLOW,LU1:DSD_EMPLOI_SAL@DF_B3000(1.0),Domestic payroll employment by economic activity,I,PERS,Persons,SAL_INT,Domestic payroll employment,Q,Quarterly,_Z,Not applicable,M_N,"Professional, scientific, technical, administrative and support service activities",N,Neither seasonally adjusted nor calendar adjusted data,_Z,Not applicable,2023-Q2,,83231,,0,Units,,,0,Zero,,
DATAFLOW,LU1:DSD_EMPLOI_SAL@DF_B3000(1.0),Domestic payroll employment by economic activity,I,PERS,Persons,SAL_INT,Domestic payroll employment,Q,Quarterly,_Z,Not applicable,M_N,"Professional, scientific, technical, administrative and support service activities",N,Neither seasonally adjusted nor calendar adjusted data,_Z,Not applicable,2023-Q3,,81579,,0,Units,,,0,Zero,,
DATAFLOW,LU1:DSD_EMPLOI_SAL@DF_B3000(1.0),Domestic payroll employment by economic activity,I,PERS,Persons,SAL_INT,Domestic payroll employment,Q,Quarterly,_Z,Not applicable,M_N,"Professional, scientific, technical, administrative and support service activities",N,Neither seasonally adjusted nor calendar adjusted data,_Z,Not applicable,2023-Q4,,82137,,0,Units,,,0,Zero,,
DATAFLOW,LU1:DSD_EMPLOI_SAL@DF_B3000(1.0),Domestic payroll employment by economic activity,I,PERS,Persons,SAL_INT,Domestic payroll employment,Q,Quarterly,_Z,Not applicable,M_N,"Professional, scientific, technical, administrative and support service activities",N,Neither seasonally adjusted nor calendar adjusted data,_Z,Not applicable,2024-Q1,,83498,,0,Units,,,0,Zero,,
DATAFLOW,LU1:DSD_EMPLOI_SAL@DF_B3000(1.0),Domestic payroll employment by economic activity,I,PERS,Persons,SAL_INT,Domestic payroll employment,Q,Quarterly,_Z,Not applicable,M_N,"Professional, scientific, technical, administrative and support service activities",N,Neither seasonally adjusted nor calendar adjusted data,_Z,Not applicable,2024-Q2,,84432,,0,Units,,,0,Zero,,
DATAFLOW,LU1:DSD_EMPLOI_SAL@DF_B3000(1.0),Domestic payroll employment by economic activity,I,PERS,Persons,SAL_INT,Domestic payroll employment,Q,Quarterly,_Z,Not applicable,M_N,"Professional, scientific, technical, administrative and support service activities",N,Neither seasonally adjusted nor calendar adjusted data,_Z,Not applicable,2024-Q3,,83331,,0,Units,,,0,Zero,,
DATAFLOW,LU1:DSD_EMPLOI_SAL@DF_B3000(1.0),Domestic payroll employment by economic activity,I,PERS,Persons,SAL_INT,Domestic payroll employment,Q,Quarterly,_Z,Not applicable,M_N,"Professional, scientific, technical, administrative and support service activities",N,Neither seasonally adjusted nor calendar adjusted data,_Z,Not applicable,2024-Q4,,83817,,0,Units,,,0,Zero,,
DATAFLOW,LU1:DSD_EMPLOI_SAL@DF_B3000(1.0),Domestic payroll employment by economic activity,I,PERS,Persons,SAL_INT,Domestic payroll employment,Q,Quarterly,_Z,Not applicable,M_N,"Professional, scientific, technical, administrative and support service activities",N,Neither seasonally adjusted nor calendar adjusted data,_Z,Not applicable,2025-Q1,,84440,,0,Units,,,0,Zero,,
DATAFLOW,LU1:DSD_EMPLOI_SAL@DF_B3000(1.0),Domestic payroll employment by economic activity,I,PERS,Persons,SAL_INT,Domestic payroll employment,Q,Quarterly,_Z,Not applicable,M_N,"Professional, scientific, technical, administrative and support service activities",N,Neither seasonally adjusted nor calendar adjusted data,_Z,Not applicable,2025-Q2,,85065,,0,Units,,,0,Zero,,
DATAFLOW,LU1:DSD_EMPLOI_SAL@DF_B3000(1.0),Domestic payroll employment by economic activity,I,PERS,Persons,SAL_INT,Domestic payroll employment,Q,Quarterly,_Z,Not applicable,M_N,"Professional, scientific, technical, administrative and support service activities",N,Neither seasonally adjusted nor calendar adjusted data,_Z,Not applicable,2025-Q3,,84549,,0,Units,,,0,Zero,,
DATAFLOW,LU1:DSD_EMPLOI_SAL@DF_B3000(1.0),Domestic payroll employment by economic activity,I,PERS,Persons,SAL_INT,Domestic payroll employment,Q,Quarterly,_Z,Not applicable,M_N,"Professional, scientific, technical, administrative and support service activities",N,Neither seasonally adjusted nor calendar adjusted data,_Z,Not applicable,2025-Q4,,84749,,0,Units,,,0,Zero,,
DATAFLOW,LU1:DSD_EMPLOI_SAL@DF_B3000(1.0),Domestic payroll employment by economic activity,I,PERS,Persons,SAL_INT,Domestic payroll employment,Q,Quarterly,_Z,Not applicable,M_N,"Professional, scientific, technical, administrative and support service activities",N,Neither seasonally adjusted nor calendar adjusted data,_Z,Not applicable,2026-Q1,,85881,,0,Units,,,0,Zero,,
DATAFLOW,LU1:DSD_EMPLOI_SAL@DF_B3000(1.0),Domestic payroll employment by economic activity,I,PERS,Persons,SAL_INT,Domestic payroll employment,Q,Quarterly,_Z,Not applicable,O-Q,"Public administration, defence, education, human health and social work activities",Y,Calendar and seasonally adjusted data,_Z,Not applicable,1995-Q1,,34205.0098337725,,0,Units,,,0,Zero,,
DATAFLOW,LU1:DSD_EMPLOI_SAL@DF_B3000(1.0),Domestic payroll employment by economic activity,I,PERS,Persons,SAL_INT,Domestic payroll employment,Q,Quarterly,_Z,Not applicable,O-Q,"Public administration, defence, education, human health and social work activities",Y,Calendar and seasonally adjusted data,_Z,Not applicable,1995-Q2,,34445.3265452156,,0,Units,,,0,Zero,,
DATAFLOW,LU1:DSD_EMPLOI_SAL@DF_B3000(1.0),Domestic payroll employment by economic activity,I,PERS,Persons,SAL_INT,Domestic payroll employment,Q,Quarterly,_Z,Not applicable,O-Q,"Public administration, defence, education, human health and social work activities",Y,Calendar and seasonally adjusted data,_Z,Not applicable,1995-Q3,,34720.5695127455,,0,Units,,,0,Zero,,
DATAFLOW,LU1:DSD_EMPLOI_SAL@DF_B3000(1.0),Domestic payroll employment by economic activity,I,PERS,Persons,SAL_INT,Domestic payroll employment,Q,Quarterly,_Z,Not applicable,O-Q,"Public administration, defence, education, human health and social work activities",Y,Calendar and seasonally adjusted data,_Z,Not applicable,1995-Q4,,35012.0453414979,,0,Units,,,0,Zero,,
DATAFLOW,LU1:DSD_EMPLOI_SAL@DF_B3000(1.0),Domestic payroll employment by economic activity,I,PERS,Persons,SAL_INT,Domestic payroll employment,Q,Quarterly,_Z,Not applicable,O-Q,"Public administration, defence, education, human health and social work activities",Y,Calendar and seasonally adjusted data,_Z,Not applicable,1996-Q1,,35284.4847456517,,0,Units,,,0,Zero,,
DATAFLOW,LU1:DSD_EMPLOI_SAL@DF_B3000(1.0),Domestic payroll employment by economic activity,I,PERS,Persons,SAL_INT,Domestic payroll employment,Q,Quarterly,_Z,Not applicable,O-Q,"Public administration, defence, education, human health and social work activities",Y,Calendar and seasonally adjusted data,_Z,Not applicable,1996-Q2,,35650.2219311702,,0,Units,,,0,Zero,,
DATAFLOW,LU1:DSD_EMPLOI_SAL@DF_B3000(1.0),Domestic payroll employment by economic activity,I,PERS,Persons,SAL_INT,Domestic payroll employment,Q,Quarterly,_Z,Not applicable,O-Q,"Public administration, defence, education, human health and social work activities",Y,Calendar and seasonally adjusted data,_Z,Not applicable,1996-Q3,,35891.9110556494,,0,Units,,,0,Zero,,
DATAFLOW,LU1:DSD_EMPLOI_SAL@DF_B3000(1.0),Domestic payroll employment by economic activity,I,PERS,Persons,SAL_INT,Domestic payroll employment,Q,Quarterly,_Z,Not applicable,O-Q,"Public administration, defence, education, human health and social work activities",Y,Calendar and seasonally adjusted data,_Z,Not applicable,1996-Q4,,36148.0113894825,,0,Units,,,0,Zero,,
DATAFLOW,LU1:DSD_EMPLOI_SAL@DF_B3000(1.0),Domestic payroll employment by economic activity,I,PERS,Persons,SAL_INT,Domestic payroll employment,Q,Quarterly,_Z,Not applicable,O-Q,"Public administration, defence, education, human health and social work activities",Y,Calendar and seasonally adjusted data,_Z,Not applicable,1997-Q1,,36051.8160533896,,0,Units,,,0,Zero,,
DATAFLOW,LU1:DSD_EMPLOI_SAL@DF_B3000(1.0),Domestic payroll employment by economic activity,I,PERS,Persons,SAL_INT,Domestic payroll employment,Q,Quarterly,_Z,Not applicable,O-Q,"Public administration, defence, education, human health and social work activities",Y,Calendar and seasonally adjusted data,_Z,Not applicable,1997-Q2,,36765.4316822012,,0,Units,,,0,Zero,,
DATAFLOW,LU1:DSD_EMPLOI_SAL@DF_B3000(1.0),Domestic payroll employment by economic activity,I,PERS,Persons,SAL_INT,Domestic payroll employment,Q,Quarterly,_Z,Not applicable,O-Q,"Public administration, defence, education, human health and social work activities",Y,Calendar and seasonally adjusted data,_Z,Not applicable,1997-Q3,,37454.7884563422,,0,Units,,,0,Zero,,
DATAFLOW,LU1:DSD_EMPLOI_SAL@DF_B3000(1.0),Domestic payroll employment by economic activity,I,PERS,Persons,SAL_INT,Domestic payroll employment,Q,Quarterly,_Z,Not applicable,O-Q,"Public administration, defence, education, human health and social work activities",Y,Calendar and seasonally adjusted data,_Z,Not applicable,1997-Q4,,38122.5005884187,,0,Units,,,0,Zero,,
DATAFLOW,LU1:DSD_EMPLOI_SAL@DF_B3000(1.0),Domestic payroll employment by economic activity,I,PERS,Persons,SAL_INT,Domestic payroll employment,Q,Quarterly,_Z,Not applicable,O-Q,"Public administration, defence, education, human health and social work activities",Y,Calendar and seasonally adjusted data,_Z,Not applicable,1998-Q1,,38864.5640091433,,0,Units,,,0,Zero,,
DATAFLOW,LU1:DSD_EMPLOI_SAL@DF_B3000(1.0),Domestic payroll employment by economic activity,I,PERS,Persons,SAL_INT,Domestic payroll employment,Q,Quarterly,_Z,Not applicable,O-Q,"Public administration, defence, education, human health and social work activities",Y,Calendar and seasonally adjusted data,_Z,Not applicable,1998-Q2,,39162.6815929082,,0,Units,,,0,Zero,,
DATAFLOW,LU1:DSD_EMPLOI_SAL@DF_B3000(1.0),Domestic payroll employment by economic activity,I,PERS,Persons,SAL_INT,Domestic payroll employment,Q,Quarterly,_Z,Not applicable,O-Q,"Public administration, defence, education, human health and social work activities",Y,Calendar and seasonally adjusted data,_Z,Not applicable,1998-Q3,,39612.7512814822,,0,Units,,,0,Zero,,
DATAFLOW,LU1:DSD_EMPLOI_SAL@DF_B3000(1.0),Domestic payroll employment by economic activity,I,PERS,Persons,SAL_INT,Domestic payroll employment,Q,Quarterly,_Z,Not applicable,O-Q,"Public administration, defence, education, human health and social work activities",Y,Calendar and seasonally adjusted data,_Z,Not applicable,1998-Q4,,39976.646370212,,0,Units,,,0,Zero,,
DATAFLOW,LU1:DSD_EMPLOI_SAL@DF_B3000(1.0),Domestic payroll employment by economic activity,I,PERS,Persons,SAL_INT,Domestic payroll employment,Q,Quarterly,_Z,Not applicable,O-Q,"Public administration, defence, education, human health and social work activities",Y,Calendar and seasonally adjusted data,_Z,Not applicable,1999-Q1,,39232.9345253514,,0,Units,,,0,Zero,,
DATAFLOW,LU1:DSD_EMPLOI_SAL@DF_B3000(1.0),Domestic payroll employment by economic activity,I,PERS,Persons,SAL_INT,Domestic payroll employment,Q,Quarterly,_Z,Not applicable,O-Q,"Public administration, defence, education, human health and social work activities",Y,Calendar and seasonally adjusted data,_Z,Not applicable,1999-Q2,,39735.1306889692,,0,Units,,,0,Zero,,
DATAFLOW,LU1:DSD_EMPLOI_SAL@DF_B3000(1.0),Domestic payroll employment by economic activity,I,PERS,Persons,SAL_INT,Domestic payroll employment,Q,Quarterly,_Z,Not applicable,O-Q,"Public administration, defence, education, human health and social work activities",Y,Calendar and seasonally adjusted data,_Z,Not applicable,1999-Q3,,40257.9117671541,,0,Units,,,0,Zero,,
DATAFLOW,LU1:DSD_EMPLOI_SAL@DF_B3000(1.0),Domestic payroll employment by economic activity,I,PERS,Persons,SAL_INT,Domestic payroll employment,Q,Quarterly,_Z,Not applicable,O-Q,"Public administration, defence, education, human health and social work activities",Y,Calendar and seasonally adjusted data,_Z,Not applicable,1999-Q4,,40794.7264299364,,0,Units,,,0,Zero,,
DATAFLOW,LU1:DSD_EMPLOI_SAL@DF_B3000(1.0),Domestic payroll employment by economic activity,I,PERS,Persons,SAL_INT,Domestic payroll employment,Q,Quarterly,_Z,Not applicable,O-Q,"Public administration, defence, education, human health and social work activities",Y,Calendar and seasonally adjusted data,_Z,Not applicable,2000-Q1,,41237.9568339748,,0,Units,,,0,Zero,,
DATAFLOW,LU1:DSD_EMPLOI_SAL@DF_B3000(1.0),Domestic payroll employment by economic activity,I,PERS,Persons,SAL_INT,Domestic payroll employment,Q,Quarterly,_Z,Not applicable,O-Q,"Public administration, defence, education, human health and social work activities",Y,Calendar and seasonally adjusted data,_Z,Not applicable,2000-Q2,,42006.8079718019,,0,Units,,,0,Zero,,
DATAFLOW,LU1:DSD_EMPLOI_SAL@DF_B3000(1.0),Domestic payroll employment by economic activity,I,PERS,Persons,SAL_INT,Domestic payroll employment,Q,Quarterly,_Z,Not applicable,O-Q,"Public administration, defence, education, human health and social work activities",Y,Calendar and seasonally adjusted data,_Z,Not applicable,2000-Q3,,42696.2530235761,,0,Units,,,0,Zero,,
DATAFLOW,LU1:DSD_EMPLOI_SAL@DF_B3000(1.0),Domestic payroll employment by economic activity,I,PERS,Persons,SAL_INT,Domestic payroll employment,Q,Quarterly,_Z,Not applicable,O-Q,"Public administration, defence, education, human health and social work activities",Y,Calendar and seasonally adjusted data,_Z,Not applicable,2000-Q4,,43395.9331302548,,0,Units,,,0,Zero,,
DATAFLOW,LU1:DSD_EMPLOI_SAL@DF_B3000(1.0),Domestic payroll employment by economic activity,I,PERS,Persons,SAL_INT,Domestic payroll employment,Q,Quarterly,_Z,Not applicable,O-Q,"Public administration, defence, education, human health and social work activities",Y,Calendar and seasonally adjusted data,_Z,Not applicable,2001-Q1,,43832.6733095595,,0,Units,,,0,Zero,,
DATAFLOW,LU1:DSD_EMPLOI_SAL@DF_B3000(1.0),Domestic payroll employment by economic activity,I,PERS,Persons,SAL_INT,Domestic payroll employment,Q,Quarterly,_Z,Not applicable,O-Q,"Public administration, defence, education, human health and social work activities",Y,Calendar and seasonally adjusted data,_Z,Not applicable,2001-Q2,,44333.1997723431,,0,Units,,,0,Zero,,
DATAFLOW,LU1:DSD_EMPLOI_SAL@DF_B3000(1.0),Domestic payroll employment by economic activity,I,PERS,Persons,SAL_INT,Domestic payroll employment,Q,Quarterly,_Z,Not applicable,O-Q,"Public administration, defence, education, human health and social work activities",Y,Calendar and seasonally adjusted data,_Z,Not applicable,2001-Q3,,44970.4636938442,,0,Units,,,0,Zero,,
DATAFLOW,LU1:DSD_EMPLOI_SAL@DF_B3000(1.0),Domestic payroll employment by economic activity,I,PERS,Persons,SAL_INT,Domestic payroll employment,Q,Quarterly,_Z,Not applicable,O-Q,"Public administration, defence, education, human health and social work activities",Y,Calendar and seasonally adjusted data,_Z,Not applicable,2001-Q4,,45856.2662588647,,0,Units,,,0,Zero,,
DATAFLOW,LU1:DSD_EMPLOI_SAL@DF_B3000(1.0),Domestic payroll employment by economic activity,I,PERS,Persons,SAL_INT,Domestic payroll employment,Q,Quarterly,_Z,Not applicable,O-Q,"Public administration, defence, education, human health and social work activities",Y,Calendar and seasonally adjusted data,_Z,Not applicable,2002-Q1,,46848.3572903255,,0,Units,,,0,Zero,,
DATAFLOW,LU1:DSD_EMPLOI_SAL@DF_B3000(1.0),Domestic payroll employment by economic activity,I,PERS,Persons,SAL_INT,Domestic payroll employment,Q,Quarterly,_Z,Not applicable,O-Q,"Public administration, defence, education, human health and social work activities",Y,Calendar and seasonally adjusted data,_Z,Not applicable,2002-Q2,,46871.6372185752,,0,Units,,,0,Zero,,
DATAFLOW,LU1:DSD_EMPLOI_SAL@DF_B3000(1.0),Domestic payroll employment by economic activity,I,PERS,Persons,SAL_INT,Domestic payroll employment,Q,Quarterly,_Z,Not applicable,O-Q,"Public administration, defence, education, human health and social work activities",Y,Calendar and seasonally adjusted data,_Z,Not applicable,2002-Q3,,47346.2185256104,,0,Units,,,0,Zero,,
DATAFLOW,LU1:DSD_EMPLOI_SAL@DF_B3000(1.0),Domestic payroll employment by economic activity,I,PERS,Persons,SAL_INT,Domestic payroll employment,Q,Quarterly,_Z,Not applicable,O-Q,"Public administration, defence, education, human health and social work activities",Y,Calendar and seasonally adjusted data,_Z,Not applicable,2002-Q4,,47930.1152617574,,0,Units,,,0,Zero,,
DATAFLOW,LU1:DSD_EMPLOI_SAL@DF_B3000(1.0),Domestic payroll employment by economic activity,I,PERS,Persons,SAL_INT,Domestic payroll employment,Q,Quarterly,_Z,Not applicable,O-Q,"Public administration, defence, education, human health and social work activities",Y,Calendar and seasonally adjusted data,_Z,Not applicable,2003-Q1,,49117.4076556302,,0,Units,,,0,Zero,,
DATAFLOW,LU1:DSD_EMPLOI_SAL@DF_B3000(1.0),Domestic payroll employment by economic activity,I,PERS,Persons,SAL_INT,Domestic payroll employment,Q,Quarterly,_Z,Not applicable,O-Q,"Public administration, defence, education, human health and social work activities",Y,Calendar and seasonally adjusted data,_Z,Not applicable,2003-Q2,,49684.0299789272,,0,Units,,,0,Zero,,
DATAFLOW,LU1:DSD_EMPLOI_SAL@DF_B3000(1.0),Domestic payroll employment by economic activity,I,PERS,Persons,SAL_INT,Domestic payroll employment,Q,Quarterly,_Z,Not applicable,O-Q,"Public administration, defence, education, human health and social work activities",Y,Calendar and seasonally adjusted data,_Z,Not applicable,2003-Q3,,50250.4507600991,,0,Units,,,0,Zero,,
DATAFLOW,LU1:DSD_EMPLOI_SAL@DF_B3000(1.0),Domestic payroll employment by economic activity,I,PERS,Persons,SAL_INT,Domestic payroll employment,Q,Quarterly,_Z,Not applicable,O-Q,"Public administration, defence, education, human health and social work activities",Y,Calendar and seasonally adjusted data,_Z,Not applicable,2003-Q4,,50634.417145236,,0,Units,,,0,Zero,,
DATAFLOW,LU1:DSD_EMPLOI_SAL@DF_B3000(1.0),Domestic payroll employment by economic activity,I,PERS,Persons,SAL_INT,Domestic payroll employment,Q,Quarterly,_Z,Not applicable,O-Q,"Public administration, defence, education, human health and social work activities",Y,Calendar and seasonally adjusted data,_Z,Not applicable,2004-Q1,,51355.8005709598,,0,Units,,,0,Zero,,
DATAFLOW,LU1:DSD_EMPLOI_SAL@DF_B3000(1.0),Domestic payroll employment by economic activity,I,PERS,Persons,SAL_INT,Domestic payroll employment,Q,Quarterly,_Z,Not applicable,O-Q,"Public administration, defence, education, human health and social work activities",Y,Calendar and seasonally adjusted data,_Z,Not applicable,2004-Q2,,51956.2039537056,,0,Units,,,0,Zero,,
DATAFLOW,LU1:DSD_EMPLOI_SAL@DF_B3000(1.0),Domestic payroll employment by economic activity,I,PERS,Persons,SAL_INT,Domestic payroll employment,Q,Quarterly,_Z,Not applicable,O-Q,"Public administration, defence, education, human health and social work activities",Y,Calendar and seasonally adjusted data,_Z,Not applicable,2004-Q3,,52528.0390039975,,0,Units,,,0,Zero,,
DATAFLOW,LU1:DSD_EMPLOI_SAL@DF_B3000(1.0),Domestic payroll employment by economic activity,I,PERS,Persons,SAL_INT,Domestic payroll employment,Q,Quarterly,_Z,Not applicable,O-Q,"Public administration, defence, education, human health and social work activities",Y,Calendar and seasonally adjusted data,_Z,Not applicable,2004-Q4,,53157.8344039271,,0,Units,,,0,Zero,,
DATAFLOW,LU1:DSD_EMPLOI_SAL@DF_B3000(1.0),Domestic payroll employment by economic activity,I,PERS,Persons,SAL_INT,Domestic payroll employment,Q,Quarterly,_Z,Not applicable,O-Q,"Public administration, defence, education, human health and social work activities",Y,Calendar and seasonally adjusted data,_Z,Not applicable,2005-Q1,,53352.4383327211,,0,Units,,,0,Zero,,
DATAFLOW,LU1:DSD_EMPLOI_SAL@DF_B3000(1.0),Domestic payroll employment by economic activity,I,PERS,Persons,SAL_INT,Domestic payroll employment,Q,Quarterly,_Z,Not applicable,O-Q,"Public administration, defence, education, human health and social work activities",Y,Calendar and seasonally adjusted data,_Z,Not applicable,2005-Q2,,53786.8725631092,,0,Units,,,0,Zero,,
DATAFLOW,LU1:DSD_EMPLOI_SAL@DF_B3000(1.0),Domestic payroll employment by economic activity,I,PERS,Persons,SAL_INT,Domestic payroll employment,Q,Quarterly,_Z,Not applicable,O-Q,"Public administration, defence, education, human health and social work activities",Y,Calendar and seasonally adjusted data,_Z,Not applicable,2005-Q3,,54172.5774425721,,0,Units,,,0,Zero,,
DATAFLOW,LU1:DSD_EMPLOI_SAL@DF_B3000(1.0),Domestic payroll employment by economic activity,I,PERS,Persons,SAL_INT,Domestic payroll employment,Q,Quarterly,_Z,Not applicable,O-Q,"Public administration, defence, education, human health and social work activities",Y,Calendar and seasonally adjusted data,_Z,Not applicable,2005-Q4,,54656.7373712706,,0,Units,,,0,Zero,,
DATAFLOW,LU1:DSD_EMPLOI_SAL@DF_B3000(1.0),Domestic payroll employment by economic activity,I,PERS,Persons,SAL_INT,Domestic payroll employment,Q,Quarterly,_Z,Not applicable,O-Q,"Public administration, defence, education, human health and social work activities",Y,Calendar and seasonally adjusted data,_Z,Not applicable,2006-Q1,,55094.019716417,,0,Units,,,0,Zero,,
DATAFLOW,LU1:DSD_EMPLOI_SAL@DF_B3000(1.0),Domestic payroll employment by economic activity,I,PERS,Persons,SAL_INT,Domestic payroll employment,Q,Quarterly,_Z,Not applicable,O-Q,"Public administration, defence, education, human health and social work activities",Y,Calendar and seasonally adjusted data,_Z,Not applicable,2006-Q2,,55479.6373423091,,0,Units,,,0,Zero,,
DATAFLOW,LU1:DSD_EMPLOI_SAL@DF_B3000(1.0),Domestic payroll employment by economic activity,I,PERS,Persons,SAL_INT,Domestic payroll employment,Q,Quarterly,_Z,Not applicable,O-Q,"Public administration, defence, education, human health and social work activities",Y,Calendar and seasonally adjusted data,_Z,Not applicable,2006-Q3,,55765.1758686776,,0,Units,,,0,Zero,,
DATAFLOW,LU1:DSD_EMPLOI_SAL@DF_B3000(1.0),Domestic payroll employment by economic activity,I,PERS,Persons,SAL_INT,Domestic payroll employment,Q,Quarterly,_Z,Not applicable,O-Q,"Public administration, defence, education, human health and social work activities",Y,Calendar and seasonally adjusted data,_Z,Not applicable,2006-Q4,,56073.4777927306,,0,Units,,,0,Zero,,
DATAFLOW,LU1:DSD_EMPLOI_SAL@DF_B3000(1.0),Domestic payroll employment by economic activity,I,PERS,Persons,SAL_INT,Domestic payroll employment,Q,Quarterly,_Z,Not applicable,O-Q,"Public administration, defence, education, human health and social work activities",Y,Calendar and seasonally adjusted data,_Z,Not applicable,2007-Q1,,56481.0922846859,,0,Units,,,0,Zero,,
DATAFLOW,LU1:DSD_EMPLOI_SAL@DF_B3000(1.0),Domestic payroll employment by economic activity,I,PERS,Persons,SAL_INT,Domestic payroll employment,Q,Quarterly,_Z,Not applicable,O-Q,"Public administration, defence, education, human health and social work activities",Y,Calendar and seasonally adjusted data,_Z,Not applicable,2007-Q2,,56892.7666753954,,0,Units,,,0,Zero,,
DATAFLOW,LU1:DSD_EMPLOI_SAL@DF_B3000(1.0),Domestic payroll employment by economic activity,I,PERS,Persons,SAL_INT,Domestic payroll employment,Q,Quarterly,_Z,Not applicable,O-Q,"Public administration, defence, education, human health and social work activities",Y,Calendar and seasonally adjusted data,_Z,Not applicable,2007-Q3,,57320.6242549401,,0,Units,,,0,Zero,,
DATAFLOW,LU1:DSD_EMPLOI_SAL@DF_B3000(1.0),Domestic payroll employment by economic activity,I,PERS,Persons,SAL_INT,Domestic payroll employment,Q,Quarterly,_Z,Not applicable,O-Q,"Public administration, defence, education, human health and social work activities",Y,Calendar and seasonally adjusted data,_Z,Not applicable,2007-Q4,,57632.0063749196,,0,Units,,,0,Zero,,
DATAFLOW,LU1:DSD_EMPLOI_SAL@DF_B3000(1.0),Domestic payroll employment by economic activity,I,PERS,Persons,SAL_INT,Domestic payroll employment,Q,Quarterly,_Z,Not applicable,O-Q,"Public administration, defence, education, human health and social work activities",Y,Calendar and seasonally adjusted data,_Z,Not applicable,2008-Q1,,58289.1878477196,,0,Units,,,0,Zero,,
DATAFLOW,LU1:DSD_EMPLOI_SAL@DF_B3000(1.0),Domestic payroll employment by economic activity,I,PERS,Persons,SAL_INT,Domestic payroll employment,Q,Quarterly,_Z,Not applicable,O-Q,"Public administration, defence, education, human health and social work activities",Y,Calendar and seasonally adjusted data,_Z,Not applicable,2008-Q2,,58881.9189600811,,0,Units,,,0,Zero,,
DATAFLOW,LU1:DSD_EMPLOI_SAL@DF_B3000(1.0),Domestic payroll employment by economic activity,I,PERS,Persons,SAL_INT,Domestic payroll employment,Q,Quarterly,_Z,Not applicable,O-Q,"Public administration, defence, education, human health and social work activities",Y,Calendar and seasonally adjusted data,_Z,Not applicable,2008-Q3,,59567.8384091795,,0,Units,,,0,Zero,,
DATAFLOW,LU1:DSD_EMPLOI_SAL@DF_B3000(1.0),Domestic payroll employment by economic activity,I,PERS,Persons,SAL_INT,Domestic payroll employment,Q,Quarterly,_Z,Not applicable,O-Q,"Public administration, defence, education, human health and social work activities",Y,Calendar and seasonally adjusted data,_Z,Not applicable,2008-Q4,,60261.7894498379,,0,Units,,,0,Zero,,
DATAFLOW,LU1:DSD_EMPLOI_SAL@DF_B3000(1.0),Domestic payroll employment by economic activity,I,PERS,Persons,SAL_INT,Domestic payroll employment,Q,Quarterly,_Z,Not applicable,O-Q,"Public administration, defence, education, human health and social work activities",Y,Calendar and seasonally adjusted data,_Z,Not applicable,2009-Q1,,60658.8120341601,,0,Units,,,0,Zero,,
DATAFLOW,LU1:DSD_EMPLOI_SAL@DF_B3000(1.0),Domestic payroll employment by economic activity,I,PERS,Persons,SAL_INT,Domestic payroll employment,Q,Quarterly,_Z,Not applicable,O-Q,"Public administration, defence, education, human health and social work activities",Y,Calendar and seasonally adjusted data,_Z,Not applicable,2009-Q2,,61677.1811586176,,0,Units,,,0,Zero,,
DATAFLOW,LU1:DSD_EMPLOI_SAL@DF_B3000(1.0),Domestic payroll employment by economic activity,I,PERS,Persons,SAL_INT,Domestic payroll employment,Q,Quarterly,_Z,Not applicable,O-Q,"Public administration, defence, education, human health and social work activities",Y,Calendar and seasonally adjusted data,_Z,Not applicable,2009-Q3,,62123.4687238308,,0,Units,,,0,Zero,,
DATAFLOW,LU1:DSD_EMPLOI_SAL@DF_B3000(1.0),Domestic payroll employment by economic activity,I,PERS,Persons,SAL_INT,Domestic payroll employment,Q,Quarterly,_Z,Not applicable,O-Q,"Public administration, defence, education, human health and social work activities",Y,Calendar and seasonally adjusted data,_Z,Not applicable,2009-Q4,,63492.8083923706,,0,Units,,,0,Zero,,
DATAFLOW,LU1:DSD_EMPLOI_SAL@DF_B3000(1.0),Domestic payroll employment by economic activity,I,PERS,Persons,SAL_INT,Domestic payroll employment,Q,Quarterly,_Z,Not applicable,O-Q,"Public administration, defence, education, human health and social work activities",Y,Calendar and seasonally adjusted data,_Z,Not applicable,2010-Q1,,63564.0841218518,,0,Units,,,0,Zero,,
DATAFLOW,LU1:DSD_EMPLOI_SAL@DF_B3000(1.0),Domestic payroll employment by economic activity,I,PERS,Persons,SAL_INT,Domestic payroll employment,Q,Quarterly,_Z,Not applicable,O-Q,"Public administration, defence, education, human health and social work activities",Y,Calendar and seasonally adjusted data,_Z,Not applicable,2010-Q2,,63919.5405719393,,0,Units,,,0,Zero,,
DATAFLOW,LU1:DSD_EMPLOI_SAL@DF_B3000(1.0),Domestic payroll employment by economic activity,I,PERS,Persons,SAL_INT,Domestic payroll employment,Q,Quarterly,_Z,Not applicable,O-Q,"Public administration, defence, education, human health and social work activities",Y,Calendar and seasonally adjusted data,_Z,Not applicable,2010-Q3,,64546.454481237,,0,Units,,,0,Zero,,
DATAFLOW,LU1:DSD_EMPLOI_SAL@DF_B3000(1.0),Domestic payroll employment by economic activity,I,PERS,Persons,SAL_INT,Domestic payroll employment,Q,Quarterly,_Z,Not applicable,O-Q,"Public administration, defence, education, human health and social work activities",Y,Calendar and seasonally adjusted data,_Z,Not applicable,2010-Q4,,65183.2977136728,,0,Units,,,0,Zero,,
DATAFLOW,LU1:DSD_EMPLOI_SAL@DF_B3000(1.0),Domestic payroll employment by economic activity,I,PERS,Persons,SAL_INT,Domestic payroll employment,Q,Quarterly,_Z,Not applicable,O-Q,"Public administration, defence, education, human health and social work activities",Y,Calendar and seasonally adjusted data,_Z,Not applicable,2011-Q1,,66179.6623190832,,0,Units,,,0,Zero,,
DATAFLOW,LU1:DSD_EMPLOI_SAL@DF_B3000(1.0),Domestic payroll employment by economic activity,I,PERS,Persons,SAL_INT,Domestic payroll employment,Q,Quarterly,_Z,Not applicable,O-Q,"Public administration, defence, education, human health and social work activities",Y,Calendar and seasonally adjusted data,_Z,Not applicable,2011-Q2,,67051.9502134974,,0,Units,,,0,Zero,,
DATAFLOW,LU1:DSD_EMPLOI_SAL@DF_B3000(1.0),Domestic payroll employment by economic activity,I,PERS,Persons,SAL_INT,Domestic payroll employment,Q,Quarterly,_Z,Not applicable,O-Q,"Public administration, defence, education, human health and social work activities",Y,Calendar and seasonally adjusted data,_Z,Not applicable,2011-Q3,,67751.2594532095,,0,Units,,,0,Zero,,
DATAFLOW,LU1:DSD_EMPLOI_SAL@DF_B3000(1.0),Domestic payroll employment by economic activity,I,PERS,Persons,SAL_INT,Domestic payroll employment,Q,Quarterly,_Z,Not applicable,O-Q,"Public administration, defence, education, human health and social work activities",Y,Calendar and seasonally adjusted data,_Z,Not applicable,2011-Q4,,68581.8095805953,,0,Units,,,0,Zero,,
DATAFLOW,LU1:DSD_EMPLOI_SAL@DF_B3000(1.0),Domestic payroll employment by economic activity,I,PERS,Persons,SAL_INT,Domestic payroll employment,Q,Quarterly,_Z,Not applicable,O-Q,"Public administration, defence, education, human health and social work activities",Y,Calendar and seasonally adjusted data,_Z,Not applicable,2012-Q1,,69422.3568770453,,0,Units,,,0,Zero,,
DATAFLOW,LU1:DSD_EMPLOI_SAL@DF_B3000(1.0),Domestic payroll employment by economic activity,I,PERS,Persons,SAL_INT,Domestic payroll employment,Q,Quarterly,_Z,Not applicable,O-Q,"Public administration, defence, education, human health and social work activities",Y,Calendar and seasonally adjusted data,_Z,Not applicable,2012-Q2,,70270.0596740532,,0,Units,,,0,Zero,,
DATAFLOW,LU1:DSD_EMPLOI_SAL@DF_B3000(1.0),Domestic payroll employment by economic activity,I,PERS,Persons,SAL_INT,Domestic payroll employment,Q,Quarterly,_Z,Not applicable,O-Q,"Public administration, defence, education, human health and social work activities",Y,Calendar and seasonally adjusted data,_Z,Not applicable,2012-Q3,,71184.6463963105,,0,Units,,,0,Zero,,
DATAFLOW,LU1:DSD_EMPLOI_SAL@DF_B3000(1.0),Domestic payroll employment by economic activity,I,PERS,Persons,SAL_INT,Domestic payroll employment,Q,Quarterly,_Z,Not applicable,O-Q,"Public administration, defence, education, human health and social work activities",Y,Calendar and seasonally adjusted data,_Z,Not applicable,2012-Q4,,72059.7824486497,,0,Units,,,0,Zero,,
DATAFLOW,LU1:DSD_EMPLOI_SAL@DF_B3000(1.0),Domestic payroll employment by economic activity,I,PERS,Persons,SAL_INT,Domestic payroll employment,Q,Quarterly,_Z,Not applicable,O-Q,"Public administration, defence, education, human health and social work activities",Y,Calendar and seasonally adjusted data,_Z,Not applicable,2013-Q1,,72880.2987124107,,0,Units,,,0,Zero,,
DATAFLOW,LU1:DSD_EMPLOI_SAL@DF_B3000(1.0),Domestic payroll employment by economic activity,I,PERS,Persons,SAL_INT,Domestic payroll employment,Q,Quarterly,_Z,Not applicable,O-Q,"Public administration, defence, education, human health and social work activities",Y,Calendar and seasonally adjusted data,_Z,Not applicable,2013-Q2,,73268.5916824821,,0,Units,,,0,Zero,,
DATAFLOW,LU1:DSD_EMPLOI_SAL@DF_B3000(1.0),Domestic payroll employment by economic activity,I,PERS,Persons,SAL_INT,Domestic payroll employment,Q,Quarterly,_Z,Not applicable,O-Q,"Public administration, defence, education, human health and social work activities",Y,Calendar and seasonally adjusted data,_Z,Not applicable,2013-Q3,,73858.340324476,,0,Units,,,0,Zero,,
DATAFLOW,LU1:DSD_EMPLOI_SAL@DF_B3000(1.0),Domestic payroll employment by economic activity,I,PERS,Persons,SAL_INT,Domestic payroll employment,Q,Quarterly,_Z,Not applicable,O-Q,"Public administration, defence, education, human health and social work activities",Y,Calendar and seasonally adjusted data,_Z,Not applicable,2013-Q4,,74431.213552519,,0,Units,,,0,Zero,,
DATAFLOW,LU1:DSD_EMPLOI_SAL@DF_B3000(1.0),Domestic payroll employment by economic activity,I,PERS,Persons,SAL_INT,Domestic payroll employment,Q,Quarterly,_Z,Not applicable,O-Q,"Public administration, defence, education, human health and social work activities",Y,Calendar and seasonally adjusted data,_Z,Not applicable,2014-Q1,,75051.2606833702,,0,Units,,,0,Zero,,
DATAFLOW,LU1:DSD_EMPLOI_SAL@DF_B3000(1.0),Domestic payroll employment by economic activity,I,PERS,Persons,SAL_INT,Domestic payroll employment,Q,Quarterly,_Z,Not applicable,O-Q,"Public administration, defence, education, human health and social work activities",Y,Calendar and seasonally adjusted data,_Z,Not applicable,2014-Q2,,75853.197693402,,0,Units,,,0,Zero,,
DATAFLOW,LU1:DSD_EMPLOI_SAL@DF_B3000(1.0),Domestic payroll employment by economic activity,I,PERS,Persons,SAL_INT,Domestic payroll employment,Q,Quarterly,_Z,Not applicable,O-Q,"Public administration, defence, education, human health and social work activities",Y,Calendar and seasonally adjusted data,_Z,Not applicable,2014-Q3,,76403.3314726996,,0,Units,,,0,Zero,,
DATAFLOW,LU1:DSD_EMPLOI_SAL@DF_B3000(1.0),Domestic payroll employment by economic activity,I,PERS,Persons,SAL_INT,Domestic payroll employment,Q,Quarterly,_Z,Not applicable,O-Q,"Public administration, defence, education, human health and social work activities",Y,Calendar and seasonally adjusted data,_Z,Not applicable,2014-Q4,,76955.7655506291,,0,Units,,,0,Zero,,
DATAFLOW,LU1:DSD_EMPLOI_SAL@DF_B3000(1.0),Domestic payroll employment by economic activity,I,PERS,Persons,SAL_INT,Domestic payroll employment,Q,Quarterly,_Z,Not applicable,O-Q,"Public administration, defence, education, human health and social work activities",Y,Calendar and seasonally adjusted data,_Z,Not applicable,2015-Q1,,77494.4023554161,,0,Units,,,0,Zero,,
DATAFLOW,LU1:DSD_EMPLOI_SAL@DF_B3000(1.0),Domestic payroll employment by economic activity,I,PERS,Persons,SAL_INT,Domestic payroll employment,Q,Quarterly,_Z,Not applicable,O-Q,"Public administration, defence, education, human health and social work activities",Y,Calendar and seasonally adjusted data,_Z,Not applicable,2015-Q2,,77910.5731284358,,0,Units,,,0,Zero,,
DATAFLOW,LU1:DSD_EMPLOI_SAL@DF_B3000(1.0),Domestic payroll employment by economic activity,I,PERS,Persons,SAL_INT,Domestic payroll employment,Q,Quarterly,_Z,Not applicable,O-Q,"Public administration, defence, education, human health and social work activities",Y,Calendar and seasonally adjusted data,_Z,Not applicable,2015-Q3,,78408.7638932111,,0,Units,,,0,Zero,,
DATAFLOW,LU1:DSD_EMPLOI_SAL@DF_B3000(1.0),Domestic payroll employment by economic activity,I,PERS,Persons,SAL_INT,Domestic payroll employment,Q,Quarterly,_Z,Not applicable,O-Q,"Public administration, defence, education, human health and social work activities",Y,Calendar and seasonally adjusted data,_Z,Not applicable,2015-Q4,,78686.236329072,,0,Units,,,0,Zero,,
DATAFLOW,LU1:DSD_EMPLOI_SAL@DF_B3000(1.0),Domestic payroll employment by economic activity,I,PERS,Persons,SAL_INT,Domestic payroll employment,Q,Quarterly,_Z,Not applicable,O-Q,"Public administration, defence, education, human health and social work activities",Y,Calendar and seasonally adjusted data,_Z,Not applicable,2016-Q1,,78829.9064223272,,0,Units,,,0,Zero,,
DATAFLOW,LU1:DSD_EMPLOI_SAL@DF_B3000(1.0),Domestic payroll employment by economic activity,I,PERS,Persons,SAL_INT,Domestic payroll employment,Q,Quarterly,_Z,Not applicable,O-Q,"Public administration, defence, education, human health and social work activities",Y,Calendar and seasonally adjusted data,_Z,Not applicable,2016-Q2,,79544.0245396989,,0,Units,,,0,Zero,,
DATAFLOW,LU1:DSD_EMPLOI_SAL@DF_B3000(1.0),Domestic payroll employment by economic activity,I,PERS,Persons,SAL_INT,Domestic payroll employment,Q,Quarterly,_Z,Not applicable,O-Q,"Public administration, defence, education, human health and social work activities",Y,Calendar and seasonally adjusted data,_Z,Not applicable,2016-Q3,,80078.5017419362,,0,Units,,,0,Zero,,
DATAFLOW,LU1:DSD_EMPLOI_SAL@DF_B3000(1.0),Domestic payroll employment by economic activity,I,PERS,Persons,SAL_INT,Domestic payroll employment,Q,Quarterly,_Z,Not applicable,O-Q,"Public administration, defence, education, human health and social work activities",Y,Calendar and seasonally adjusted data,_Z,Not applicable,2016-Q4,,80647.0021185256,,0,Units,,,0,Zero,,
DATAFLOW,LU1:DSD_EMPLOI_SAL@DF_B3000(1.0),Domestic payroll employment by economic activity,I,PERS,Persons,SAL_INT,Domestic payroll employment,Q,Quarterly,_Z,Not applicable,O-Q,"Public administration, defence, education, human health and social work activities",Y,Calendar and seasonally adjusted data,_Z,Not applicable,2017-Q1,,81563.0241322654,,0,Units,,,0,Zero,,
DATAFLOW,LU1:DSD_EMPLOI_SAL@DF_B3000(1.0),Domestic payroll employment by economic activity,I,PERS,Persons,SAL_INT,Domestic payroll employment,Q,Quarterly,_Z,Not applicable,O-Q,"Public administration, defence, education, human health and social work activities",Y,Calendar and seasonally adjusted data,_Z,Not applicable,2017-Q2,,82364.1305243763,,0,Units,,,0,Zero,,
DATAFLOW,LU1:DSD_EMPLOI_SAL@DF_B3000(1.0),Domestic payroll employment by economic activity,I,PERS,Persons,SAL_INT,Domestic payroll employment,Q,Quarterly,_Z,Not applicable,O-Q,"Public administration, defence, education, human health and social work activities",Y,Calendar and seasonally adjusted data,_Z,Not applicable,2017-Q3,,83107.1068144371,,0,Units,,,0,Zero,,
DATAFLOW,LU1:DSD_EMPLOI_SAL@DF_B3000(1.0),Domestic payroll employment by economic activity,I,PERS,Persons,SAL_INT,Domestic payroll employment,Q,Quarterly,_Z,Not applicable,O-Q,"Public administration, defence, education, human health and social work activities",Y,Calendar and seasonally adjusted data,_Z,Not applicable,2017-Q4,,84042.3213975622,,0,Units,,,0,Zero,,
DATAFLOW,LU1:DSD_EMPLOI_SAL@DF_B3000(1.0),Domestic payroll employment by economic activity,I,PERS,Persons,SAL_INT,Domestic payroll employment,Q,Quarterly,_Z,Not applicable,O-Q,"Public administration, defence, education, human health and social work activities",Y,Calendar and seasonally adjusted data,_Z,Not applicable,2018-Q1,,84695.0189473467,,0,Units,,,0,Zero,,
DATAFLOW,LU1:DSD_EMPLOI_SAL@DF_B3000(1.0),Domestic payroll employment by economic activity,I,PERS,Persons,SAL_INT,Domestic payroll employment,Q,Quarterly,_Z,Not applicable,O-Q,"Public administration, defence, education, human health and social work activities",Y,Calendar and seasonally adjusted data,_Z,Not applicable,2018-Q2,,85092.1269198139,,0,Units,,,0,Zero,,
DATAFLOW,LU1:DSD_EMPLOI_SAL@DF_B3000(1.0),Domestic payroll employment by economic activity,I,PERS,Persons,SAL_INT,Domestic payroll employment,Q,Quarterly,_Z,Not applicable,O-Q,"Public administration, defence, education, human health and social work activities",Y,Calendar and seasonally adjusted data,_Z,Not applicable,2018-Q3,,85982.4319361206,,0,Units,,,0,Zero,,
DATAFLOW,LU1:DSD_EMPLOI_SAL@DF_B3000(1.0),Domestic payroll employment by economic activity,I,PERS,Persons,SAL_INT,Domestic payroll employment,Q,Quarterly,_Z,Not applicable,O-Q,"Public administration, defence, education, human health and social work activities",Y,Calendar and seasonally adjusted data,_Z,Not applicable,2018-Q4,,87062.0437631583,,0,Units,,,0,Zero,,
DATAFLOW,LU1:DSD_EMPLOI_SAL@DF_B3000(1.0),Domestic payroll employment by economic activity,I,PERS,Persons,SAL_INT,Domestic payroll employment,Q,Quarterly,_Z,Not applicable,O-Q,"Public administration, defence, education, human health and social work activities",Y,Calendar and seasonally adjusted data,_Z,Not applicable,2019-Q1,,87897.2386674015,,0,Units,,,0,Zero,,
DATAFLOW,LU1:DSD_EMPLOI_SAL@DF_B3000(1.0),Domestic payroll employment by economic activity,I,PERS,Persons,SAL_INT,Domestic payroll employment,Q,Quarterly,_Z,Not applicable,O-Q,"Public administration, defence, education, human health and social work activities",Y,Calendar and seasonally adjusted data,_Z,Not applicable,2019-Q2,,88801.8786100843,,0,Units,,,0,Zero,,
DATAFLOW,LU1:DSD_EMPLOI_SAL@DF_B3000(1.0),Domestic payroll employment by economic activity,I,PERS,Persons,SAL_INT,Domestic payroll employment,Q,Quarterly,_Z,Not applicable,O-Q,"Public administration, defence, education, human health and social work activities",Y,Calendar and seasonally adjusted data,_Z,Not applicable,2019-Q3,,90003.6769516933,,0,Units,,,0,Zero,,
DATAFLOW,LU1:DSD_EMPLOI_SAL@DF_B3000(1.0),Domestic payroll employment by economic activity,I,PERS,Persons,SAL_INT,Domestic payroll employment,Q,Quarterly,_Z,Not applicable,O-Q,"Public administration, defence, education, human health and social work activities",Y,Calendar and seasonally adjusted data,_Z,Not applicable,2019-Q4,,91055.3125124968,,0,Units,,,0,Zero,,
DATAFLOW,LU1:DSD_EMPLOI_SAL@DF_B3000(1.0),Domestic payroll employment by economic activity,I,PERS,Persons,SAL_INT,Domestic payroll employment,Q,Quarterly,_Z,Not applicable,O-Q,"Public administration, defence, education, human health and social work activities",Y,Calendar and seasonally adjusted data,_Z,Not applicable,2020-Q1,,91806.2485709128,,0,Units,,,0,Zero,,
DATAFLOW,LU1:DSD_EMPLOI_SAL@DF_B3000(1.0),Domestic payroll employment by economic activity,I,PERS,Persons,SAL_INT,Domestic payroll employment,Q,Quarterly,_Z,Not applicable,O-Q,"Public administration, defence, education, human health and social work activities",Y,Calendar and seasonally adjusted data,_Z,Not applicable,2020-Q2,,93554.1760873808,,0,Units,,,0,Zero,,
DATAFLOW,LU1:DSD_EMPLOI_SAL@DF_B3000(1.0),Domestic payroll employment by economic activity,I,PERS,Persons,SAL_INT,Domestic payroll employment,Q,Quarterly,_Z,Not applicable,O-Q,"Public administration, defence, education, human health and social work activities",Y,Calendar and seasonally adjusted data,_Z,Not applicable,2020-Q3,,94420.5419667288,,0,Units,,,0,Zero,,
DATAFLOW,LU1:DSD_EMPLOI_SAL@DF_B3000(1.0),Domestic payroll employment by economic activity,I,PERS,Persons,SAL_INT,Domestic payroll employment,Q,Quarterly,_Z,Not applicable,O-Q,"Public administration, defence, education, human health and social work activities",Y,Calendar and seasonally adjusted data,_Z,Not applicable,2020-Q4,,95304.0098132075,,0,Units,,,0,Zero,,
DATAFLOW,LU1:DSD_EMPLOI_SAL@DF_B3000(1.0),Domestic payroll employment by economic activity,I,PERS,Persons,SAL_INT,Domestic payroll employment,Q,Quarterly,_Z,Not applicable,O-Q,"Public administration, defence, education, human health and social work activities",Y,Calendar and seasonally adjusted data,_Z,Not applicable,2021-Q1,,96803.2815891786,,0,Units,,,0,Zero,,
DATAFLOW,LU1:DSD_EMPLOI_SAL@DF_B3000(1.0),Domestic payroll employment by economic activity,I,PERS,Persons,SAL_INT,Domestic payroll employment,Q,Quarterly,_Z,Not applicable,O-Q,"Public administration, defence, education, human health and social work activities",Y,Calendar and seasonally adjusted data,_Z,Not applicable,2021-Q2,,98415.9002088911,,0,Units,,,0,Zero,,
DATAFLOW,LU1:DSD_EMPLOI_SAL@DF_B3000(1.0),Domestic payroll employment by economic activity,I,PERS,Persons,SAL_INT,Domestic payroll employment,Q,Quarterly,_Z,Not applicable,O-Q,"Public administration, defence, education, human health and social work activities",Y,Calendar and seasonally adjusted data,_Z,Not applicable,2021-Q3,,98940.1534078233,,0,Units,,,0,Zero,,
DATAFLOW,LU1:DSD_EMPLOI_SAL@DF_B3000(1.0),Domestic payroll employment by economic activity,I,PERS,Persons,SAL_INT,Domestic payroll employment,Q,Quarterly,_Z,Not applicable,O-Q,"Public administration, defence, education, human health and social work activities",Y,Calendar and seasonally adjusted data,_Z,Not applicable,2021-Q4,,100139.598103683,,0,Units,,,0,Zero,,
DATAFLOW,LU1:DSD_EMPLOI_SAL@DF_B3000(1.0),Domestic payroll employment by economic activity,I,PERS,Persons,SAL_INT,Domestic payroll employment,Q,Quarterly,_Z,Not applicable,O-Q,"Public administration, defence, education, human health and social work activities",Y,Calendar and seasonally adjusted data,_Z,Not applicable,2022-Q1,,101446.297724477,,0,Units,,,0,Zero,,
DATAFLOW,LU1:DSD_EMPLOI_SAL@DF_B3000(1.0),Domestic payroll employment by economic activity,I,PERS,Persons,SAL_INT,Domestic payroll employment,Q,Quarterly,_Z,Not applicable,O-Q,"Public administration, defence, education, human health and social work activities",Y,Calendar and seasonally adjusted data,_Z,Not applicable,2022-Q2,,102335.632695963,,0,Units,,,0,Zero,,
DATAFLOW,LU1:DSD_EMPLOI_SAL@DF_B3000(1.0),Domestic payroll employment by economic activity,I,PERS,Persons,SAL_INT,Domestic payroll employment,Q,Quarterly,_Z,Not applicable,O-Q,"Public administration, defence, education, human health and social work activities",Y,Calendar and seasonally adjusted data,_Z,Not applicable,2022-Q3,,103611.323929343,,0,Units,,,0,Zero,,
DATAFLOW,LU1:DSD_EMPLOI_SAL@DF_B3000(1.0),Domestic payroll employment by economic activity,I,PERS,Persons,SAL_INT,Domestic payroll employment,Q,Quarterly,_Z,Not applicable,O-Q,"Public administration, defence, education, human health and social work activities",Y,Calendar and seasonally adjusted data,_Z,Not applicable,2022-Q4,,104326.215474611,,0,Units,,,0,Zero,,
DATAFLOW,LU1:DSD_EMPLOI_SAL@DF_B3000(1.0),Domestic payroll employment by economic activity,I,PERS,Persons,SAL_INT,Domestic payroll employment,Q,Quarterly,_Z,Not applicable,O-Q,"Public administration, defence, education, human health and social work activities",Y,Calendar and seasonally adjusted data,_Z,Not applicable,2023-Q1,,104988.53324693,,0,Units,,,0,Zero,,
DATAFLOW,LU1:DSD_EMPLOI_SAL@DF_B3000(1.0),Domestic payroll employment by economic activity,I,PERS,Persons,SAL_INT,Domestic payroll employment,Q,Quarterly,_Z,Not applicable,O-Q,"Public administration, defence, education, human health and social work activities",Y,Calendar and seasonally adjusted data,_Z,Not applicable,2023-Q2,,105902.95717899,,0,Units,,,0,Zero,,
DATAFLOW,LU1:DSD_EMPLOI_SAL@DF_B3000(1.0),Domestic payroll employment by economic activity,I,PERS,Persons,SAL_INT,Domestic payroll employment,Q,Quarterly,_Z,Not applicable,O-Q,"Public administration, defence, education, human health and social work activities",Y,Calendar and seasonally adjusted data,_Z,Not applicable,2023-Q3,,106696.542936365,,0,Units,,,0,Zero,,
DATAFLOW,LU1:DSD_EMPLOI_SAL@DF_B3000(1.0),Domestic payroll employment by economic activity,I,PERS,Persons,SAL_INT,Domestic payroll employment,Q,Quarterly,_Z,Not applicable,O-Q,"Public administration, defence, education, human health and social work activities",Y,Calendar and seasonally adjusted data,_Z,Not applicable,2023-Q4,,107882.036188483,,0,Units,,,0,Zero,,
DATAFLOW,LU1:DSD_EMPLOI_SAL@DF_B3000(1.0),Domestic payroll employment by economic activity,I,PERS,Persons,SAL_INT,Domestic payroll employment,Q,Quarterly,_Z,Not applicable,O-Q,"Public administration, defence, education, human health and social work activities",Y,Calendar and seasonally adjusted data,_Z,Not applicable,2024-Q1,,107444.955919351,,0,Units,,,0,Zero,,
DATAFLOW,LU1:DSD_EMPLOI_SAL@DF_B3000(1.0),Domestic payroll employment by economic activity,I,PERS,Persons,SAL_INT,Domestic payroll employment,Q,Quarterly,_Z,Not applicable,O-Q,"Public administration, defence, education, human health and social work activities",Y,Calendar and seasonally adjusted data,_Z,Not applicable,2024-Q2,,108632.685277549,,0,Units,,,0,Zero,,
DATAFLOW,LU1:DSD_EMPLOI_SAL@DF_B3000(1.0),Domestic payroll employment by economic activity,I,PERS,Persons,SAL_INT,Domestic payroll employment,Q,Quarterly,_Z,Not applicable,O-Q,"Public administration, defence, education, human health and social work activities",Y,Calendar and seasonally adjusted data,_Z,Not applicable,2024-Q3,,109491.509263442,,0,Units,,,0,Zero,,
DATAFLOW,LU1:DSD_EMPLOI_SAL@DF_B3000(1.0),Domestic payroll employment by economic activity,I,PERS,Persons,SAL_INT,Domestic payroll employment,Q,Quarterly,_Z,Not applicable,O-Q,"Public administration, defence, education, human health and social work activities",Y,Calendar and seasonally adjusted data,_Z,Not applicable,2024-Q4,,110560.079405025,,0,Units,,,0,Zero,,
DATAFLOW,LU1:DSD_EMPLOI_SAL@DF_B3000(1.0),Domestic payroll employment by economic activity,I,PERS,Persons,SAL_INT,Domestic payroll employment,Q,Quarterly,_Z,Not applicable,O-Q,"Public administration, defence, education, human health and social work activities",Y,Calendar and seasonally adjusted data,_Z,Not applicable,2025-Q1,,111683.575082523,,0,Units,,,0,Zero,,
DATAFLOW,LU1:DSD_EMPLOI_SAL@DF_B3000(1.0),Domestic payroll employment by economic activity,I,PERS,Persons,SAL_INT,Domestic payroll employment,Q,Quarterly,_Z,Not applicable,O-Q,"Public administration, defence, education, human health and social work activities",Y,Calendar and seasonally adjusted data,_Z,Not applicable,2025-Q2,,112637.552797746,,0,Units,,,0,Zero,,
DATAFLOW,LU1:DSD_EMPLOI_SAL@DF_B3000(1.0),Domestic payroll employment by economic activity,I,PERS,Persons,SAL_INT,Domestic payroll employment,Q,Quarterly,_Z,Not applicable,O-Q,"Public administration, defence, education, human health and social work activities",Y,Calendar and seasonally adjusted data,_Z,Not applicable,2025-Q3,,113937.825891895,,0,Units,,,0,Zero,,
DATAFLOW,LU1:DSD_EMPLOI_SAL@DF_B3000(1.0),Domestic payroll employment by economic activity,I,PERS,Persons,SAL_INT,Domestic payroll employment,Q,Quarterly,_Z,Not applicable,O-Q,"Public administration, defence, education, human health and social work activities",Y,Calendar and seasonally adjusted data,_Z,Not applicable,2025-Q4,,115376.77890753,,0,Units,,,0,Zero,,
DATAFLOW,LU1:DSD_EMPLOI_SAL@DF_B3000(1.0),Domestic payroll employment by economic activity,I,PERS,Persons,SAL_INT,Domestic payroll employment,Q,Quarterly,_Z,Not applicable,O-Q,"Public administration, defence, education, human health and social work activities",Y,Calendar and seasonally adjusted data,_Z,Not applicable,2026-Q1,,116538.472490159,,0,Units,,,0,Zero,,
